diff --git a/nbs/nw_weather.txt b/nbs/nw_weather.txt
index 6603a03..c6ec47a 100644
--- a/nbs/nw_weather.txt
+++ b/nbs/nw_weather.txt
@@ -4,7 +4,7 @@ path:sample.svg
 fields:latitude	longitude	temperature	precipitation	climate_pet	aridity_index	temp_seasonality	precip_seasonality	humidity
 geo:37.5,48.5,-124.5,-121.0
 +data:
-0.0,48.5,-124.68152770019546,0.0,0.0,0.0,0.0,0.0,0.0,0.0	0.0,48.5,-124.56790842371338,0.0,0.0,0.0,0.0,0.0,0.0,0.0	0.0,48.5,-124.4542891472313,0.0,0.0,0.0,0.0,0.0,0.0,0.0	0.0,48.5,-124.3406698707492,9.422540609600292,2518.2,640.9953333333334,3.928577743155696,3.7251887012033906,80.60314387925892,83.57822787125092	343.906219482,48.5,-124.22705059426711,7.593201314108413,2502.2799999999997,618.0713333333333,4.048529457764853,4.134657295812634,79.96131871687298,81.74091660543718	664.513244629,48.5,-124.11343131778503,0.0,0.0,0.0,0.0,0.0,0.0,0.0	427.020141602,48.5,-123.99981204130295,0.0,0.0,0.0,0.0,0.0,0.0,0.0	555.139770508,48.5,-123.88619276482086,0.0,0.0,0.0,0.0,0.0,0.0,0.0	556.035949707,48.5,-123.77257348833878,0.0,0.0,0.0,0.0,0.0,0.0,0.0	374.197784424,48.5,-123.65895421185668,0.0,0.0,0.0,0.0,0.0,0.0,0.0	89.179847717,48.5,-123.5453349353746,0.0,0.0,0.0,0.0,0.0,0.0,0.0	102.104255676,48.5,-123.43171565889251,0.0,0.0,0.0,0.0,0.0,0.0,0.0	0.0,48.5,-123.31809638241043,0.0,0.0,0.0,0.0,0.0,0.0,0.0	0.0,48.5,-123.20447710592835,0.0,0.0,0.0,0.0,0.0,0.0,0.0	56.68927002,48.5,-123.09085782944626,0.0,0.0,0.0,0.0,0.0,0.0,0.0	0.0,48.5,-122.97723855296417,0.0,0.0,0.0,0.0,0.0,0.0,0.0	1.663394213,48.5,-122.86361927648208,0.0,0.0,0.0,0.0,0.0,0.0,0.0	0.0,48.5,-122.75,0.0,0.0,0.0,0.0,0.0,0.0,0.0	86.693519592,48.5,-122.63638072351792,0.0,0.0,0.0,0.0,0.0,0.0,0.0	0.0,48.5,-122.52276144703583,0.0,0.0,0.0,0.0,0.0,0.0,0.0	6.124346733,48.5,-122.40914217055374,0.0,0.0,0.0,0.0,0.0,0.0,0.0	13.023091316,48.5,-122.29552289407165,0.0,0.0,0.0,0.0,0.0,0.0,0.0	16.700073242,48.5,-122.18190361758957,0.0,0.0,0.0,0.0,0.0,0.0,0.0	31.920648575,48.5,-122.06828434110749,0.0,0.0,0.0,0.0,0.0,0.0,0.0	849.91583252,48.5,-121.9546650646254,0.0,0.0,0.0,0.0,0.0,0.0,0.0	159.956695557,48.5,-121.84104578814332,0.0,0.0,0.0,0.0,0.0,0.0,0.0	196.833511353,48.5,-121.72742651166122,0.0,0.0,0.0,0.0,0.0,0.0,0.0	436.397674561,48.5,-121.61380723517914,0.0,0.0,0.0,0.0,0.0,0.0,0.0	81.591339111,48.5,-121.50018795869705,0.0,0.0,0.0,0.0,0.0,0.0,0.0	797.486633301,48.5,-121.38656868221497,0.0,0.0,0.0,0.0,0.0,0.0,0.0	1011.09161377,48.5,-121.27294940573289,0.0,0.0,0.0,0.0,0.0,0.0,0.0	1141.770751953,48.5,-121.1593301292508,0.0,0.0,0.0,0.0,0.0,0.0,0.0	2271.791015625,48.5,-121.0457108527687,0.0,0.0,0.0,0.0,0.0,0.0,0.0	1827.970336914,48.5,-120.93209157628662,0.0,0.0,0.0,0.0,0.0,0.0,0.0	1995.911254883,48.5,-120.81847229980454,0.0,0.0,0.0,0.0,0.0,0.0,0.0
+0.0,48.5,-124.68152770019546,0.0,0.0,0.0,0.0,0.0,0.0,0.0	0.0,48.5,-124.56790842371338,0.0,0.0,0.0,0.0,0.0,0.0,0.0	0.0,48.5,-124.4542891472313,9.422540609600292,2097.3966666666665,651.76,3.2180506116771,3.7251887012033906,85.18653486663172,83.57822787125092	0.0,48.5,-124.3406698707492,9.422540609600292,2518.2,640.9953333333334,3.928577743155696,3.7251887012033906,80.60314387925892,83.57822787125092	343.906219482,48.5,-124.22705059426711,0.0,0.0,0.0,0.0,0.0,0.0,0.0	664.513244629,48.5,-124.11343131778503,0.0,0.0,0.0,0.0,0.0,0.0,0.0	427.020141602,48.5,-123.99981204130295,0.0,0.0,0.0,0.0,0.0,0.0,0.0	555.139770508,48.5,-123.88619276482086,0.0,0.0,0.0,0.0,0.0,0.0,0.0	556.035949707,48.5,-123.77257348833878,0.0,0.0,0.0,0.0,0.0,0.0,0.0	374.197784424,48.5,-123.65895421185668,0.0,0.0,0.0,0.0,0.0,0.0,0.0	89.179847717,48.5,-123.5453349353746,0.0,0.0,0.0,0.0,0.0,0.0,0.0	102.104255676,48.5,-123.43171565889251,0.0,0.0,0.0,0.0,0.0,0.0,0.0	0.0,48.5,-123.31809638241043,0.0,0.0,0.0,0.0,0.0,0.0,0.0	0.0,48.5,-123.20447710592835,0.0,0.0,0.0,0.0,0.0,0.0,0.0	56.68927002,48.5,-123.09085782944626,0.0,0.0,0.0,0.0,0.0,0.0,0.0	0.0,48.5,-122.97723855296417,0.0,0.0,0.0,0.0,0.0,0.0,0.0	1.663394213,48.5,-122.86361927648208,0.0,0.0,0.0,0.0,0.0,0.0,0.0	0.0,48.5,-122.75,0.0,0.0,0.0,0.0,0.0,0.0,0.0	86.693519592,48.5,-122.63638072351792,0.0,0.0,0.0,0.0,0.0,0.0,0.0	0.0,48.5,-122.52276144703583,0.0,0.0,0.0,0.0,0.0,0.0,0.0	6.124346733,48.5,-122.40914217055374,0.0,0.0,0.0,0.0,0.0,0.0,0.0	13.023091316,48.5,-122.29552289407165,0.0,0.0,0.0,0.0,0.0,0.0,0.0	16.700073242,48.5,-122.18190361758957,0.0,0.0,0.0,0.0,0.0,0.0,0.0	31.920648575,48.5,-122.06828434110749,0.0,0.0,0.0,0.0,0.0,0.0,0.0	849.91583252,48.5,-121.9546650646254,0.0,0.0,0.0,0.0,0.0,0.0,0.0	159.956695557,48.5,-121.84104578814332,0.0,0.0,0.0,0.0,0.0,0.0,0.0	196.833511353,48.5,-121.72742651166122,0.0,0.0,0.0,0.0,0.0,0.0,0.0	436.397674561,48.5,-121.61380723517914,0.0,0.0,0.0,0.0,0.0,0.0,0.0	81.591339111,48.5,-121.50018795869705,0.0,0.0,0.0,0.0,0.0,0.0,0.0	797.486633301,48.5,-121.38656868221497,0.0,0.0,0.0,0.0,0.0,0.0,0.0	1011.09161377,48.5,-121.27294940573289,0.0,0.0,0.0,0.0,0.0,0.0,0.0	1141.770751953,48.5,-121.1593301292508,0.0,0.0,0.0,0.0,0.0,0.0,0.0	2271.791015625,48.5,-121.0457108527687,0.0,0.0,0.0,0.0,0.0,0.0,0.0	1827.970336914,48.5,-120.93209157628662,0.0,0.0,0.0,0.0,0.0,0.0,0.0	1995.911254883,48.5,-120.81847229980454,0.0,0.0,0.0,0.0,0.0,0.0,0.0
 0.0,48.438202247191015,-124.67917695075774,0.0,0.0,0.0,0.0,0.0,0.0,0.0	0.0,48.438202247191015,-124.56569595365434,0.0,0.0,0.0,0.0,0.0,0.0,0.0	0.0,48.438202247191015,-124.45221495655095,0.0,0.0,0.0,0.0,0.0,0.0,0.0	0.0,48.438202247191015,-124.33873395944755,0.0,0.0,0.0,0.0,0.0,0.0,0.0	0.0,48.438202247191015,-124.22525296234414,0.0,0.0,0.0,0.0,0.0,0.0,0.0	53.171852112,48.438202247191015,-124.11177196524075,0.0,0.0,0.0,0.0,0.0,0.0,0.0	396.231658936,48.438202247191015,-123.99829096813735,0.0,0.0,0.0,0.0,0.0,0.0,0.0	229.715332031,48.438202247191015,-123.88480997103396,0.0,0.0,0.0,0.0,0.0,0.0,0.0	545.147521973,48.438202247191015,-123.77132897393057,0.0,0.0,0.0,0.0,0.0,0.0,0.0	441.39831543,48.438202247191015,-123.65784797682717,0.0,0.0,0.0,0.0,0.0,0.0,0.0	201.450836182,48.438202247191015,-123.54436697972378,0.0,0.0,0.0,0.0,0.0,0.0,0.0	11.159999847,48.438202247191015,-123.43088598262038,0.0,0.0,0.0,0.0,0.0,0.0,0.0	26.416582108,48.438202247191015,-123.31740498551697,0.0,0.0,0.0,0.0,0.0,0.0,0.0	0.0,48.438202247191015,-123.20392398841358,0.0,0.0,0.0,0.0,0.0,0.0,0.0	0.0,48.438202247191015,-123.09044299131018,0.0,0.0,0.0,0.0,0.0,0.0,0.0	0.0,48.438202247191015,-122.97696199420679,0.0,0.0,0.0,0.0,0.0,0.0,0.0	1.427436948,48.438202247191015,-122.8634809971034,0.0,0.0,0.0,0.0,0.0,0.0,0.0	0.0,48.438202247191015,-122.75,0.0,0.0,0.0,0.0,0.0,0.0,0.0	118.934738159,48.438202247191015,-122.6365190028966,0.0,0.0,0.0,0.0,0.0,0.0,0.0	61.640342712,48.438202247191015,-122.52303800579321,0.0,0.0,0.0,0.0,0.0,0.0,0.0	4.538079739,48.438202247191015,-122.4095570086898,0.0,0.0,0.0,0.0,0.0,0.0,0.0	21.978809357,48.438202247191015,-122.29607601158641,0.0,0.0,0.0,0.0,0.0,0.0,0.0	293.197479248,48.438202247191015,-122.18259501448301,0.0,0.0,0.0,0.0,0.0,0.0,0.0	1136.646118164,48.438202247191015,-122.06911401737962,0.0,0.0,0.0,0.0,0.0,0.0,0.0	1076.94152832,48.438202247191015,-121.95563302027622,0.0,0.0,0.0,0.0,0.0,0.0,0.0	1326.528076172,48.438202247191015,-121.84215202317283,0.0,0.0,0.0,0.0,0.0,0.0,0.0	592.635620117,48.438202247191015,-121.72867102606943,0.0,0.0,0.0,0.0,0.0,0.0,0.0	209.956863403,48.438202247191015,-121.61519002896604,0.0,0.0,0.0,0.0,0.0,0.0,0.0	1146.533691406,48.438202247191015,-121.50170903186263,0.0,0.0,0.0,0.0,0.0,0.0,0.0	1346.845214844,48.438202247191015,-121.38822803475924,0.0,0.0,0.0,0.0,0.0,0.0,0.0	1188.959472656,48.438202247191015,-121.27474703765584,0.0,0.0,0.0,0.0,0.0,0.0,0.0	1626.270507812,48.438202247191015,-121.16126604055245,0.0,0.0,0.0,0.0,0.0,0.0,0.0	1804.131469727,48.438202247191015,-121.04778504344905,0.0,0.0,0.0,0.0,0.0,0.0,0.0	766.290405273,48.438202247191015,-120.93430404634566,0.0,0.0,0.0,0.0,0.0,0.0,0.0	1566.933959961,48.438202247191015,-120.82082304924226,0.0,0.0,0.0,0.0,0.0,0.0,0.0
 279.071960449,48.37640449438202,-124.67683415508853,0.0,0.0,0.0,0.0,0.0,0.0,0.0	0.0,48.37640449438202,-124.56349096949509,0.0,0.0,0.0,0.0,0.0,0.0,0.0	0.0,48.37640449438202,-124.45014778390164,0.0,0.0,0.0,0.0,0.0,0.0,0.0	0.0,48.37640449438202,-124.3368045983082,0.0,0.0,0.0,0.0,0.0,0.0,0.0	0.0,48.37640449438202,-124.22346141271476,0.0,0.0,0.0,0.0,0.0,0.0,0.0	0.0,48.37640449438202,-124.11011822712132,0.0,0.0,0.0,0.0,0.0,0.0,0.0	0.0,48.37640449438202,-123.99677504152787,0.0,0.0,0.0,0.0,0.0,0.0,0.0	0.0,48.37640449438202,-123.88343185593443,0.0,0.0,0.0,0.0,0.0,0.0,0.0	48.732006073,48.37640449438202,-123.77008867034098,0.0,0.0,0.0,0.0,0.0,0.0,0.0	0.0,48.37640449438202,-123.65674548474755,0.0,0.0,0.0,0.0,0.0,0.0,0.0	65.699234009,48.37640449438202,-123.5434022991541,0.0,0.0,0.0,0.0,0.0,0.0,0.0	0.0,48.37640449438202,-123.43005911356066,0.0,0.0,0.0,0.0,0.0,0.0,0.0	0.0,48.37640449438202,-123.31671592796721,0.0,0.0,0.0,0.0,0.0,0.0,0.0	0.0,48.37640449438202,-123.20337274237377,0.0,0.0,0.0,0.0,0.0,0.0,0.0	0.0,48.37640449438202,-123.09002955678032,0.0,0.0,0.0,0.0,0.0,0.0,0.0	0.0,48.37640449438202,-122.97668637118689,0.0,0.0,0.0,0.0,0.0,0.0,0.0	0.0,48.37640449438202,-122.86334318559344,0.0,0.0,0.0,0.0,0.0,0.0,0.0	0.0,48.37640449438202,-122.75,0.0,0.0,0.0,0.0,0.0,0.0,0.0	63.326789856,48.37640449438202,-122.63665681440656,0.0,0.0,0.0,0.0,0.0,0.0,0.0	2.004703999,48.37640449438202,-122.52331362881311,0.0,0.0,0.0,0.0,0.0,0.0,0.0	1.797242522,48.37640449438202,-122.40997044321968,0.0,0.0,0.0,0.0,0.0,0.0,0.0	151.624908447,48.37640449438202,-122.29662725762623,0.0,0.0,0.0,0.0,0.0,0.0,0.0	98.132064819,48.37640449438202,-122.18328407203279,0.0,0.0,0.0,0.0,0.0,0.0,0.0	722.486083984,48.37640449438202,-122.06994088643934,0.0,0.0,0.0,0.0,0.0,0.0,0.0	604.176330566,48.37640449438202,-121.9565977008459,0.0,0.0,0.0,0.0,0.0,0.0,0.0	673.72088623,48.37640449438202,-121.84325451525245,0.0,0.0,0.0,0.0,0.0,0.0,0.0	1055.797607422,48.37640449438202,-121.72991132965902,0.0,0.0,0.0,0.0,0.0,0.0,0.0	356.28918457,48.37640449438202,-121.61656814406557,0.0,0.0,0.0,0.0,0.0,0.0,0.0	646.41003418,48.37640449438202,-121.50322495847213,0.0,0.0,0.0,0.0,0.0,0.0,0.0	1415.783813477,48.37640449438202,-121.38988177287868,0.0,0.0,0.0,0.0,0.0,0.0,0.0	1166.23046875,48.37640449438202,-121.27653858728524,0.0,0.0,0.0,0.0,0.0,0.0,0.0	1471.369628906,48.37640449438202,-121.1631954016918,0.0,0.0,0.0,0.0,0.0,0.0,0.0	1898.624511719,48.37640449438202,-121.04985221609836,0.0,0.0,0.0,0.0,0.0,0.0,0.0	2077.327636719,48.37640449438202,-120.93650903050491,0.0,0.0,0.0,0.0,0.0,0.0,0.0	511.078735352,48.37640449438202,-120.82316584491147,0.0,0.0,0.0,0.0,0.0,0.0,0.0
 0.0,48.31460674157304,-124.6744992788048,0.0,0.0,0.0,0.0,0.0,0.0,0.0	190.414840698,48.31460674157304,-124.56129343887511,0.0,0.0,0.0,0.0,0.0,0.0,0.0	21.464235306,48.31460674157304,-124.44808759894542,0.0,0.0,0.0,0.0,0.0,0.0,0.0	0.0,48.31460674157304,-124.33488175901572,0.0,0.0,0.0,0.0,0.0,0.0,0.0	0.0,48.31460674157304,-124.22167591908602,0.0,0.0,0.0,0.0,0.0,0.0,0.0	0.0,48.31460674157304,-124.10847007915633,0.0,0.0,0.0,0.0,0.0,0.0,0.0	0.0,48.31460674157304,-123.99526423922664,0.0,0.0,0.0,0.0,0.0,0.0,0.0	0.0,48.31460674157304,-123.88205839929694,0.0,0.0,0.0,0.0,0.0,0.0,0.0	0.0,48.31460674157304,-123.76885255936725,0.0,0.0,0.0,0.0,0.0,0.0,0.0	0.0,48.31460674157304,-123.65564671943756,0.0,0.0,0.0,0.0,0.0,0.0,0.0	4.300000191,48.31460674157304,-123.54244087950786,0.0,0.0,0.0,0.0,0.0,0.0,0.0	0.0,48.31460674157304,-123.42923503957816,0.0,0.0,0.0,0.0,0.0,0.0,0.0	0.0,48.31460674157304,-123.31602919964847,0.0,0.0,0.0,0.0,0.0,0.0,0.0	0.0,48.31460674157304,-123.20282335971878,0.0,0.0,0.0,0.0,0.0,0.0,0.0	0.0,48.31460674157304,-123.08961751978909,0.0,0.0,0.0,0.0,0.0,0.0,0.0	0.0,48.31460674157304,-122.97641167985938,0.0,0.0,0.0,0.0,0.0,0.0,0.0	0.0,48.31460674157304,-122.86320583992969,0.0,0.0,0.0,0.0,0.0,0.0,0.0	0.0,48.31460674157304,-122.75,0.0,0.0,0.0,0.0,0.0,0.0,0.0	64.176094055,48.31460674157304,-122.63679416007031,0.0,0.0,0.0,0.0,0.0,0.0,0.0	50.962219238,48.31460674157304,-122.5235883201406,0.0,0.0,0.0,0.0,0.0,0.0,0.0	0.0,48.31460674157304,-122.41038248021091,0.0,0.0,0.0,0.0,0.0,0.0,0.0	102.865318298,48.31460674157304,-122.29717664028122,0.0,0.0,0.0,0.0,0.0,0.0,0.0	223.905380249,48.31460674157304,-122.18397080035153,0.0,0.0,0.0,0.0,0.0,0.0,0.0	476.851806641,48.31460674157304,-122.07076496042183,0.0,0.0,0.0,0.0,0.0,0.0,0.0	207.497268677,48.31460674157304,-121.95755912049214,0.0,0.0,0.0,0.0,0.0,0.0,0.0	813.831115723,48.31460674157304,-121.84435328056244,0.0,0.0,0.0,0.0,0.0,0.0,0.0	740.73651123,48.31460674157304,-121.73114744063275,0.0,0.0,0.0,0.0,0.0,0.0,0.0	880.00994873,48.31460674157304,-121.61794160070305,0.0,0.0,0.0,0.0,0.0,0.0,0.0	156.680007935,48.31460674157304,-121.50473576077336,0.0,0.0,0.0,0.0,0.0,0.0,0.0	1129.469970703,48.31460674157304,-121.39152992084367,0.0,0.0,0.0,0.0,0.0,0.0,0.0	770.377319336,48.31460674157304,-121.27832408091398,0.0,0.0,0.0,0.0,0.0,0.0,0.0	786.250793457,48.31460674157304,-121.16511824098427,0.0,0.0,0.0,0.0,0.0,0.0,0.0	2216.093994141,48.31460674157304,-121.05191240105458,0.0,0.0,0.0,0.0,0.0,0.0,0.0	1568.061767578,48.31460674157304,-120.93870656112489,0.0,0.0,0.0,0.0,0.0,0.0,0.0	1761.272216797,48.31460674157304,-120.8255007211952,0.0,0.0,0.0,0.0,0.0,0.0,0.0
@@ -15,11 +15,11 @@ geo:37.5,48.5,-124.5,-121.0
 103.87399292,48.00561797752809,-124.66294249909089,0.0,0.0,0.0,0.0,0.0,0.0,0.0	24.596231461,48.00561797752809,-124.5504164697326,0.0,0.0,0.0,0.0,0.0,0.0,0.0	113.192390442,48.00561797752809,-124.43789044037432,0.0,0.0,0.0,0.0,0.0,0.0,0.0	415.075164795,48.00561797752809,-124.32536441101603,0.0,0.0,0.0,0.0,0.0,0.0,0.0	290.985046387,48.00561797752809,-124.21283838165773,0.0,0.0,0.0,0.0,0.0,0.0,0.0	719.586730957,48.00561797752809,-124.10031235229945,0.0,0.0,0.0,0.0,0.0,0.0,0.0	810.791381836,48.00561797752809,-123.98778632294116,0.0,0.0,0.0,0.0,0.0,0.0,0.0	706.906433105,48.00561797752809,-123.87526029358287,0.0,0.0,0.0,0.0,0.0,0.0,0.0	931.65246582,48.00561797752809,-123.76273426422459,0.0,0.0,0.0,0.0,0.0,0.0,0.0	1392.265991211,48.00561797752809,-123.6502082348663,0.0,0.0,0.0,0.0,0.0,0.0,0.0	965.152832031,48.00561797752809,-123.537682205508,0.0,0.0,0.0,0.0,0.0,0.0,0.0	1273.442993164,48.00561797752809,-123.42515617614973,0.0,0.0,0.0,0.0,0.0,0.0,0.0	541.723876953,48.00561797752809,-123.31263014679143,0.0,0.0,0.0,0.0,0.0,0.0,0.0	656.907043457,48.00561797752809,-123.20010411743314,0.0,0.0,0.0,0.0,0.0,0.0,0.0	708.710327148,48.00561797752809,-123.08757808807486,0.0,0.0,0.0,0.0,0.0,0.0,0.0	579.39630127,48.00561797752809,-122.97505205871657,0.0,0.0,0.0,0.0,0.0,0.0,0.0	0.743439138,48.00561797752809,-122.86252602935828,0.0,0.0,0.0,0.0,0.0,0.0,0.0	92.636833191,48.00561797752809,-122.75,0.0,0.0,0.0,0.0,0.0,0.0,0.0	0.0,48.00561797752809,-122.63747397064171,0.0,0.0,0.0,0.0,0.0,0.0,0.0	38.253787994,48.00561797752809,-122.52494794128341,0.0,0.0,0.0,0.0,0.0,0.0,0.0	52.047588348,48.00561797752809,-122.41242191192514,0.0,0.0,0.0,0.0,0.0,0.0,0.0	0.0,48.00561797752809,-122.29989588256684,0.0,0.0,0.0,0.0,0.0,0.0,0.0	7.276839256,48.00561797752809,-122.18736985320855,0.0,0.0,0.0,0.0,0.0,0.0,0.0	65.367538452,48.00561797752809,-122.07484382385027,0.0,0.0,0.0,0.0,0.0,0.0,0.0	157.69203186,48.00561797752809,-121.96231779449198,0.0,0.0,0.0,0.0,0.0,0.0,0.0	449.006591797,48.00561797752809,-121.84979176513369,0.0,0.0,0.0,0.0,0.0,0.0,0.0	438.303955078,48.00561797752809,-121.73726573577541,0.0,0.0,0.0,0.0,0.0,0.0,0.0	1115.295166016,48.00561797752809,-121.62473970641712,0.0,0.0,0.0,0.0,0.0,0.0,0.0	1573.149414062,48.00561797752809,-121.51221367705884,0.0,0.0,0.0,0.0,0.0,0.0,0.0	1578.849243164,48.00561797752809,-121.39968764770055,0.0,0.0,0.0,0.0,0.0,0.0,0.0	1123.858520508,48.00561797752809,-121.28716161834225,0.0,0.0,0.0,0.0,0.0,0.0,0.0	1484.795410156,48.00561797752809,-121.17463558898397,0.0,0.0,0.0,0.0,0.0,0.0,0.0	1413.052246094,48.00561797752809,-121.06210955962568,0.0,0.0,0.0,0.0,0.0,0.0,0.0	1178.378295898,48.00561797752809,-120.94958353026739,0.0,0.0,0.0,0.0,0.0,0.0,0.0	1146.436279297,48.00561797752809,-120.83705750090911,0.0,0.0,0.0,0.0,0.0,0.0,0.0
 -0.3048006,47.943820224719104,-124.66065442850142,0.0,0.0,0.0,0.0,0.0,0.0,0.0	62.032821655,47.943820224719104,-124.54826299153075,0.0,0.0,0.0,0.0,0.0,0.0,0.0	69.598464966,47.943820224719104,-124.43587155456008,0.0,0.0,0.0,0.0,0.0,0.0,0.0	159.53326416,47.943820224719104,-124.3234801175894,0.0,0.0,0.0,0.0,0.0,0.0,0.0	293.104705811,47.943820224719104,-124.21108868061873,0.0,0.0,0.0,0.0,0.0,0.0,0.0	620.131835938,47.943820224719104,-124.09869724364806,0.0,0.0,0.0,0.0,0.0,0.0,0.0	705.524230957,47.943820224719104,-123.9863058066774,0.0,0.0,0.0,0.0,0.0,0.0,0.0	1082.422973633,47.943820224719104,-123.87391436970672,0.0,0.0,0.0,0.0,0.0,0.0,0.0	1282.676391602,47.943820224719104,-123.76152293273604,0.0,0.0,0.0,0.0,0.0,0.0,0.0	664.707885742,47.943820224719104,-123.64913149576537,0.0,0.0,0.0,0.0,0.0,0.0,0.0	362.091003418,47.943820224719104,-123.5367400587947,0.0,0.0,0.0,0.0,0.0,0.0,0.0	1572.908447266,47.943820224719104,-123.42434862182404,0.0,0.0,0.0,0.0,0.0,0.0,0.0	1581.811889648,47.943820224719104,-123.31195718485336,0.0,0.0,0.0,0.0,0.0,0.0,0.0	810.230041504,47.943820224719104,-123.19956574788269,0.0,0.0,0.0,0.0,0.0,0.0,0.0	602.356506348,47.943820224719104,-123.08717431091202,0.0,0.0,0.0,0.0,0.0,0.0,0.0	565.492858887,47.943820224719104,-122.97478287394135,0.0,0.0,0.0,0.0,0.0,0.0,0.0	174.590835571,47.943820224719104,-122.86239143697068,0.0,0.0,0.0,0.0,0.0,0.0,0.0	125.139060974,47.943820224719104,-122.75,0.0,0.0,0.0,0.0,0.0,0.0,0.0	0.0,47.943820224719104,-122.63760856302933,0.0,0.0,0.0,0.0,0.0,0.0,0.0	0.0,47.943820224719104,-122.52521712605866,0.0,0.0,0.0,0.0,0.0,0.0,0.0	88.091896057,47.943820224719104,-122.412825689088,0.0,0.0,0.0,0.0,0.0,0.0,0.0	54.088066101,47.943820224719104,-122.30043425211733,0.0,0.0,0.0,0.0,0.0,0.0,0.0	3.741644382,47.943820224719104,-122.18804281514664,0.0,0.0,0.0,0.0,0.0,0.0,0.0	18.689571381,47.943820224719104,-122.07565137817598,0.0,0.0,0.0,0.0,0.0,0.0,0.0	172.37512207,47.943820224719104,-121.96325994120531,0.0,0.0,0.0,0.0,0.0,0.0,0.0	302.658721924,47.943820224719104,-121.85086850423464,0.0,0.0,0.0,0.0,0.0,0.0,0.0	444.098175049,47.943820224719104,-121.73847706726397,0.0,0.0,0.0,0.0,0.0,0.0,0.0	561.731079102,47.943820224719104,-121.62608563029329,0.0,0.0,0.0,0.0,0.0,0.0,0.0	657.57019043,47.943820224719104,-121.51369419332262,0.0,0.0,0.0,0.0,0.0,0.0,0.0	1079.162597656,47.943820224719104,-121.40130275635195,0.0,0.0,0.0,0.0,0.0,0.0,0.0	1086.774169922,47.943820224719104,-121.28891131938128,0.0,0.0,0.0,0.0,0.0,0.0,0.0	1383.10559082,47.943820224719104,-121.1765198824106,0.0,0.0,0.0,0.0,0.0,0.0,0.0	1848.021850586,47.943820224719104,-121.06412844543993,0.0,0.0,0.0,0.0,0.0,0.0,0.0	1045.405517578,47.943820224719104,-120.95173700846927,0.0,0.0,0.0,0.0,0.0,0.0,0.0	2002.673706055,47.943820224719104,-120.8393455714986,0.0,0.0,0.0,0.0,0.0,0.0,0.0
 0.0,47.88202247191011,-124.65837404229737,0.0,0.0,0.0,0.0,0.0,0.0,0.0	18.213518143,47.88202247191011,-124.54611674569163,0.0,0.0,0.0,0.0,0.0,0.0,0.0	223.444732666,47.88202247191011,-124.43385944908592,0.0,0.0,0.0,0.0,0.0,0.0,0.0	176.140823364,47.88202247191011,-124.32160215248018,0.0,0.0,0.0,0.0,0.0,0.0,0.0	119.829994202,47.88202247191011,-124.20934485587446,0.0,0.0,0.0,0.0,0.0,0.0,0.0	176.180007935,47.88202247191011,-124.09708755926873,0.0,0.0,0.0,0.0,0.0,0.0,0.0	405.680023193,47.88202247191011,-123.98483026266301,0.0,0.0,0.0,0.0,0.0,0.0,0.0	1133.185546875,47.88202247191011,-123.87257296605728,0.0,0.0,0.0,0.0,0.0,0.0,0.0	313.780456543,47.88202247191011,-123.76031566945154,0.0,0.0,0.0,0.0,0.0,0.0,0.0	1358.169555664,47.88202247191011,-123.64805837284582,0.0,0.0,0.0,0.0,0.0,0.0,0.0	1279.801391602,47.88202247191011,-123.53580107624009,0.0,0.0,0.0,0.0,0.0,0.0,0.0	1436.987915039,47.88202247191011,-123.42354377963437,0.0,0.0,0.0,0.0,0.0,0.0,0.0	1146.725463867,47.88202247191011,-123.31128648302864,0.0,0.0,0.0,0.0,0.0,0.0,0.0	1976.147583008,47.88202247191011,-123.1990291864229,0.0,0.0,0.0,0.0,0.0,0.0,0.0	1051.18347168,47.88202247191011,-123.08677188981719,0.0,0.0,0.0,0.0,0.0,0.0,0.0	493.568481445,47.88202247191011,-122.97451459321145,0.0,0.0,0.0,0.0,0.0,0.0,0.0	141.48223877,47.88202247191011,-122.86225729660573,0.0,0.0,0.0,0.0,0.0,0.0,0.0	129.032150269,47.88202247191011,-122.75,0.0,0.0,0.0,0.0,0.0,0.0,0.0	30.901260376,47.88202247191011,-122.63774270339428,0.0,0.0,0.0,0.0,0.0,0.0,0.0	71.266944885,47.88202247191011,-122.52548540678855,0.0,0.0,0.0,0.0,0.0,0.0,0.0	0.0,47.88202247191011,-122.41322811018281,0.0,0.0,0.0,0.0,0.0,0.0,0.0	120.754463196,47.88202247191011,-122.3009708135771,0.0,0.0,0.0,0.0,0.0,0.0,0.0	124.70135498,47.88202247191011,-122.18871351697136,0.0,0.0,0.0,0.0,0.0,0.0,0.0	5.710636616,47.88202247191011,-122.07645622036564,0.0,0.0,0.0,0.0,0.0,0.0,0.0	105.267532349,47.88202247191011,-121.96419892375991,0.0,0.0,0.0,0.0,0.0,0.0,0.0	120.50958252,47.88202247191011,-121.85194162715418,0.0,0.0,0.0,0.0,0.0,0.0,0.0	171.275756836,47.88202247191011,-121.73968433054846,0.0,0.0,0.0,0.0,0.0,0.0,0.0	1011.362548828,47.88202247191011,-121.62742703394272,0.0,0.0,0.0,0.0,0.0,0.0,0.0	1125.302124023,47.88202247191011,-121.515169737337,0.0,0.0,0.0,0.0,0.0,0.0,0.0	1161.610717773,47.88202247191011,-121.40291244073127,0.0,0.0,0.0,0.0,0.0,0.0,0.0	1436.604614258,47.88202247191011,-121.29065514412555,0.0,0.0,0.0,0.0,0.0,0.0,0.0	1576.461181641,47.88202247191011,-121.17839784751982,0.0,0.0,0.0,0.0,0.0,0.0,0.0	981.60369873,47.88202247191011,-121.06614055091408,0.0,0.0,0.0,0.0,0.0,0.0,0.0	1424.162841797,47.88202247191011,-120.95388325430837,0.0,0.0,0.0,0.0,0.0,0.0,0.0	1502.647460938,47.88202247191011,-120.84162595770263,0.0,0.0,0.0,0.0,0.0,0.0,0.0
-0.0,47.82022471910113,-124.65610130770119,0.0,0.0,0.0,0.0,0.0,0.0,0.0	0.0,47.82022471910113,-124.54397770136583,0.0,0.0,0.0,0.0,0.0,0.0,0.0	174.332611084,47.82022471910113,-124.43185409503046,0.0,0.0,0.0,0.0,0.0,0.0,0.0	246.758529663,47.82022471910113,-124.3197304886951,0.0,0.0,0.0,0.0,0.0,0.0,0.0	73.729553223,47.82022471910113,-124.20760688235974,0.0,0.0,0.0,0.0,0.0,0.0,0.0	203.919998169,47.82022471910113,-124.09548327602437,9.478435845957291,2619.4100000000003,700.6423333333332,3.7385836901091247,4.639202807561378,76.66664640981195,74.2839298825257	233.419998169,47.82022471910113,-123.98335966968901,9.594807446614347,2661.106666666667,718.3153333333333,3.7046496756763285,4.963400916487046,78.24176132581508,73.03427182685253	1161.211547852,47.82022471910113,-123.87123606335365,0.0,0.0,0.0,0.0,0.0,0.0,0.0	1443.430541992,47.82022471910113,-123.75911245701828,0.0,0.0,0.0,0.0,0.0,0.0,0.0	1446.988647461,47.82022471910113,-123.64698885068292,0.0,0.0,0.0,0.0,0.0,0.0,0.0	855.196350098,47.82022471910113,-123.53486524434756,0.0,0.0,0.0,0.0,0.0,0.0,0.0	1182.16809082,47.82022471910113,-123.42274163801218,0.0,0.0,0.0,0.0,0.0,0.0,0.0	1624.059692383,47.82022471910113,-123.31061803167682,0.0,0.0,0.0,0.0,0.0,0.0,0.0	1724.538085938,47.82022471910113,-123.19849442534147,0.0,0.0,0.0,0.0,0.0,0.0,0.0	1543.154174805,47.82022471910113,-123.08637081900609,0.0,0.0,0.0,0.0,0.0,0.0,0.0	569.197387695,47.82022471910113,-122.97424721267073,0.0,0.0,0.0,0.0,0.0,0.0,0.0	2.727886677,47.82022471910113,-122.86212360633537,0.0,0.0,0.0,0.0,0.0,0.0,0.0	37.389472961,47.82022471910113,-122.75,0.0,0.0,0.0,0.0,0.0,0.0,0.0	45.372379303,47.82022471910113,-122.63787639366464,0.0,0.0,0.0,0.0,0.0,0.0,0.0	62.202144623,47.82022471910113,-122.52575278732928,0.0,0.0,0.0,0.0,0.0,0.0,0.0	0.0,47.82022471910113,-122.41362918099392,0.0,0.0,0.0,0.0,0.0,0.0,0.0	108.414710999,47.82022471910113,-122.30150557465855,0.0,0.0,0.0,0.0,0.0,0.0,0.0	102.908401489,47.82022471910113,-122.18938196832319,0.0,0.0,0.0,0.0,0.0,0.0,0.0	78.590652466,47.82022471910113,-122.07725836198782,0.0,0.0,0.0,0.0,0.0,0.0,0.0	67.755805969,47.82022471910113,-121.96513475565246,0.0,0.0,0.0,0.0,0.0,0.0,0.0	67.861289978,47.82022471910113,-121.8530111493171,0.0,0.0,0.0,0.0,0.0,0.0,0.0	706.004333496,47.82022471910113,-121.74088754298174,0.0,0.0,0.0,0.0,0.0,0.0,0.0	346.013366699,47.82022471910113,-121.62876393664637,0.0,0.0,0.0,0.0,0.0,0.0,0.0	216.762969971,47.82022471910113,-121.516640330311,0.0,0.0,0.0,0.0,0.0,0.0,0.0	1289.483764648,47.82022471910113,-121.40451672397565,0.0,0.0,0.0,0.0,0.0,0.0,0.0	669.355041504,47.82022471910113,-121.29239311764027,0.0,0.0,0.0,0.0,0.0,0.0,0.0	749.686096191,47.82022471910113,-121.18026951130491,0.0,0.0,0.0,0.0,0.0,0.0,0.0	1630.716308594,47.82022471910113,-121.06814590496955,0.0,0.0,0.0,0.0,0.0,0.0,0.0	1870.564575195,47.82022471910113,-120.95602229863418,0.0,0.0,0.0,0.0,0.0,0.0,0.0	940.687438965,47.82022471910113,-120.84389869229882,0.0,0.0,0.0,0.0,0.0,0.0,0.0
+0.0,47.82022471910113,-124.65610130770119,0.0,0.0,0.0,0.0,0.0,0.0,0.0	0.0,47.82022471910113,-124.54397770136583,0.0,0.0,0.0,0.0,0.0,0.0,0.0	174.332611084,47.82022471910113,-124.43185409503046,0.0,0.0,0.0,0.0,0.0,0.0,0.0	246.758529663,47.82022471910113,-124.3197304886951,0.0,0.0,0.0,0.0,0.0,0.0,0.0	73.729553223,47.82022471910113,-124.20760688235974,0.0,0.0,0.0,0.0,0.0,0.0,0.0	203.919998169,47.82022471910113,-124.09548327602437,0.0,0.0,0.0,0.0,0.0,0.0,0.0	233.419998169,47.82022471910113,-123.98335966968901,0.0,0.0,0.0,0.0,0.0,0.0,0.0	1161.211547852,47.82022471910113,-123.87123606335365,0.0,0.0,0.0,0.0,0.0,0.0,0.0	1443.430541992,47.82022471910113,-123.75911245701828,0.0,0.0,0.0,0.0,0.0,0.0,0.0	1446.988647461,47.82022471910113,-123.64698885068292,0.0,0.0,0.0,0.0,0.0,0.0,0.0	855.196350098,47.82022471910113,-123.53486524434756,0.0,0.0,0.0,0.0,0.0,0.0,0.0	1182.16809082,47.82022471910113,-123.42274163801218,0.0,0.0,0.0,0.0,0.0,0.0,0.0	1624.059692383,47.82022471910113,-123.31061803167682,0.0,0.0,0.0,0.0,0.0,0.0,0.0	1724.538085938,47.82022471910113,-123.19849442534147,0.0,0.0,0.0,0.0,0.0,0.0,0.0	1543.154174805,47.82022471910113,-123.08637081900609,0.0,0.0,0.0,0.0,0.0,0.0,0.0	569.197387695,47.82022471910113,-122.97424721267073,0.0,0.0,0.0,0.0,0.0,0.0,0.0	2.727886677,47.82022471910113,-122.86212360633537,0.0,0.0,0.0,0.0,0.0,0.0,0.0	37.389472961,47.82022471910113,-122.75,0.0,0.0,0.0,0.0,0.0,0.0,0.0	45.372379303,47.82022471910113,-122.63787639366464,0.0,0.0,0.0,0.0,0.0,0.0,0.0	62.202144623,47.82022471910113,-122.52575278732928,0.0,0.0,0.0,0.0,0.0,0.0,0.0	0.0,47.82022471910113,-122.41362918099392,0.0,0.0,0.0,0.0,0.0,0.0,0.0	108.414710999,47.82022471910113,-122.30150557465855,0.0,0.0,0.0,0.0,0.0,0.0,0.0	102.908401489,47.82022471910113,-122.18938196832319,0.0,0.0,0.0,0.0,0.0,0.0,0.0	78.590652466,47.82022471910113,-122.07725836198782,0.0,0.0,0.0,0.0,0.0,0.0,0.0	67.755805969,47.82022471910113,-121.96513475565246,0.0,0.0,0.0,0.0,0.0,0.0,0.0	67.861289978,47.82022471910113,-121.8530111493171,0.0,0.0,0.0,0.0,0.0,0.0,0.0	706.004333496,47.82022471910113,-121.74088754298174,0.0,0.0,0.0,0.0,0.0,0.0,0.0	346.013366699,47.82022471910113,-121.62876393664637,0.0,0.0,0.0,0.0,0.0,0.0,0.0	216.762969971,47.82022471910113,-121.516640330311,0.0,0.0,0.0,0.0,0.0,0.0,0.0	1289.483764648,47.82022471910113,-121.40451672397565,0.0,0.0,0.0,0.0,0.0,0.0,0.0	669.355041504,47.82022471910113,-121.29239311764027,0.0,0.0,0.0,0.0,0.0,0.0,0.0	749.686096191,47.82022471910113,-121.18026951130491,0.0,0.0,0.0,0.0,0.0,0.0,0.0	1630.716308594,47.82022471910113,-121.06814590496955,0.0,0.0,0.0,0.0,0.0,0.0,0.0	1870.564575195,47.82022471910113,-120.95602229863418,0.0,0.0,0.0,0.0,0.0,0.0,0.0	940.687438965,47.82022471910113,-120.84389869229882,0.0,0.0,0.0,0.0,0.0,0.0,0.0
 0.0,47.758426966292134,-124.65383619212942,0.0,0.0,0.0,0.0,0.0,0.0,0.0	0.0,47.758426966292134,-124.5418458278865,0.0,0.0,0.0,0.0,0.0,0.0,0.0	103.748558044,47.758426966292134,-124.4298554636436,0.0,0.0,0.0,0.0,0.0,0.0,0.0	43.480171204,47.758426966292134,-124.31786509940069,0.0,0.0,0.0,0.0,0.0,0.0,0.0	178.919464111,47.758426966292134,-124.20587473515779,0.0,0.0,0.0,0.0,0.0,0.0,0.0	461.0,47.758426966292134,-124.09388437091488,0.0,0.0,0.0,0.0,0.0,0.0,0.0	838.179992676,47.758426966292134,-123.98189400667198,0.0,0.0,0.0,0.0,0.0,0.0,0.0	949.210021973,47.758426966292134,-123.86990364242907,0.0,0.0,0.0,0.0,0.0,0.0,0.0	1508.26550293,47.758426966292134,-123.75791327818617,0.0,0.0,0.0,0.0,0.0,0.0,0.0	1050.779174805,47.758426966292134,-123.64592291394325,0.0,0.0,0.0,0.0,0.0,0.0,0.0	1455.872924805,47.758426966292134,-123.53393254970035,0.0,0.0,0.0,0.0,0.0,0.0,0.0	1474.326049805,47.758426966292134,-123.42194218545744,0.0,0.0,0.0,0.0,0.0,0.0,0.0	1313.23425293,47.758426966292134,-123.30995182121453,0.0,0.0,0.0,0.0,0.0,0.0,0.0	1258.679931641,47.758426966292134,-123.19796145697163,0.0,0.0,0.0,0.0,0.0,0.0,0.0	1377.822509766,47.758426966292134,-123.08597109272871,0.0,0.0,0.0,0.0,0.0,0.0,0.0	784.787353516,47.758426966292134,-122.97398072848581,0.0,0.0,0.0,0.0,0.0,0.0,0.0	88.18334198,47.758426966292134,-122.8619903642429,0.0,0.0,0.0,0.0,0.0,0.0,0.0	0.0,47.758426966292134,-122.75,0.0,0.0,0.0,0.0,0.0,0.0,0.0	19.544364929,47.758426966292134,-122.63800963575709,0.0,0.0,0.0,0.0,0.0,0.0,0.0	64.056671143,47.758426966292134,-122.52601927151419,0.0,0.0,0.0,0.0,0.0,0.0,0.0	-0.356616676,47.758426966292134,-122.41402890727127,0.0,0.0,0.0,0.0,0.0,0.0,0.0	83.318161011,47.758426966292134,-122.30203854302836,0.0,0.0,0.0,0.0,0.0,0.0,0.0	15.047848701,47.758426966292134,-122.19004817878546,0.0,0.0,0.0,0.0,0.0,0.0,0.0	124.286010742,47.758426966292134,-122.07805781454255,0.0,0.0,0.0,0.0,0.0,0.0,0.0	9.39726162,47.758426966292134,-121.96606745029965,0.0,0.0,0.0,0.0,0.0,0.0,0.0	176.465881348,47.758426966292134,-121.85407708605673,0.0,0.0,0.0,0.0,0.0,0.0,0.0	810.920532227,47.758426966292134,-121.74208672181383,0.0,0.0,0.0,0.0,0.0,0.0,0.0	834.833435059,47.758426966292134,-121.63009635757092,0.0,0.0,0.0,0.0,0.0,0.0,0.0	479.180725098,47.758426966292134,-121.51810599332802,0.0,0.0,0.0,0.0,0.0,0.0,0.0	1455.172241211,47.758426966292134,-121.40611562908511,0.0,0.0,0.0,0.0,0.0,0.0,0.0	1031.070678711,47.758426966292134,-121.29412526484221,0.0,0.0,0.0,0.0,0.0,0.0,0.0	1338.643188477,47.758426966292134,-121.1821349005993,0.0,0.0,0.0,0.0,0.0,0.0,0.0	1319.430664062,47.758426966292134,-121.07014453635638,0.0,0.0,0.0,0.0,0.0,0.0,0.0	1592.686645508,47.758426966292134,-120.95815417211348,0.0,0.0,0.0,0.0,0.0,0.0,0.0	1275.831054688,47.758426966292134,-120.84616380787057,0.0,0.0,0.0,0.0,0.0,0.0,0.0
 0.0,47.69662921348315,-124.65157866319136,0.0,0.0,0.0,0.0,0.0,0.0,0.0	0.0,47.69662921348315,-124.53972109476834,0.0,0.0,0.0,0.0,0.0,0.0,0.0	0.0,47.69662921348315,-124.42786352634532,0.0,0.0,0.0,0.0,0.0,0.0,0.0	274.396514893,47.69662921348315,-124.3160059579223,0.0,0.0,0.0,0.0,0.0,0.0,0.0	160.100006104,47.69662921348315,-124.20414838949928,0.0,0.0,0.0,0.0,0.0,0.0,0.0	283.590026855,47.69662921348315,-124.09229082107626,0.0,0.0,0.0,0.0,0.0,0.0,0.0	444.910003662,47.69662921348315,-123.98043325265323,0.0,0.0,0.0,0.0,0.0,0.0,0.0	243.0,47.69662921348315,-123.86857568423021,0.0,0.0,0.0,0.0,0.0,0.0,0.0	268.091278076,47.69662921348315,-123.75671811580719,0.0,0.0,0.0,0.0,0.0,0.0,0.0	1372.676635742,47.69662921348315,-123.64486054738417,0.0,0.0,0.0,0.0,0.0,0.0,0.0	1768.953125,47.69662921348315,-123.53300297896115,0.0,0.0,0.0,0.0,0.0,0.0,0.0	1369.828857422,47.69662921348315,-123.42114541053813,0.0,0.0,0.0,0.0,0.0,0.0,0.0	1350.330932617,47.69662921348315,-123.30928784211511,0.0,0.0,0.0,0.0,0.0,0.0,0.0	1485.991088867,47.69662921348315,-123.19743027369209,0.0,0.0,0.0,0.0,0.0,0.0,0.0	877.255249023,47.69662921348315,-123.08557270526907,0.0,0.0,0.0,0.0,0.0,0.0,0.0	948.708679199,47.69662921348315,-122.97371513684605,0.0,0.0,0.0,0.0,0.0,0.0,0.0	0.0,47.69662921348315,-122.86185756842303,0.0,0.0,0.0,0.0,0.0,0.0,0.0	0.0,47.69662921348315,-122.75,0.0,0.0,0.0,0.0,0.0,0.0,0.0	28.419736862,47.69662921348315,-122.63814243157698,0.0,0.0,0.0,0.0,0.0,0.0,0.0	25.061878204,47.69662921348315,-122.52628486315396,0.0,0.0,0.0,0.0,0.0,0.0,0.0	-0.356616676,47.69662921348315,-122.41442729473094,0.0,0.0,0.0,0.0,0.0,0.0,0.0	76.577697754,47.69662921348315,-122.30256972630792,0.0,0.0,0.0,0.0,0.0,0.0,0.0	32.572555542,47.69662921348315,-122.1907121578849,0.0,0.0,0.0,0.0,0.0,0.0,0.0	51.067920685,47.69662921348315,-122.07885458946188,0.0,0.0,0.0,0.0,0.0,0.0,0.0	78.134925842,47.69662921348315,-121.96699702103886,0.0,0.0,0.0,0.0,0.0,0.0,0.0	164.177124023,47.69662921348315,-121.85513945261584,0.0,0.0,0.0,0.0,0.0,0.0,0.0	359.573547363,47.69662921348315,-121.74328188419283,0.0,0.0,0.0,0.0,0.0,0.0,0.0	725.981262207,47.69662921348315,-121.63142431576979,0.0,0.0,0.0,0.0,0.0,0.0,0.0	1173.941650391,47.69662921348315,-121.51956674734677,0.0,0.0,0.0,0.0,0.0,0.0,0.0	742.053466797,47.69662921348315,-121.40770917892375,0.0,0.0,0.0,0.0,0.0,0.0,0.0	399.389343262,47.69662921348315,-121.29585161050073,0.0,0.0,0.0,0.0,0.0,0.0,0.0	869.595214844,47.69662921348315,-121.18399404207771,0.0,0.0,0.0,0.0,0.0,0.0,0.0	1255.702392578,47.69662921348315,-121.0721364736547,0.0,0.0,0.0,0.0,0.0,0.0,0.0	1449.586425781,47.69662921348315,-120.96027890523168,0.0,0.0,0.0,0.0,0.0,0.0,0.0	1541.529663086,47.69662921348315,-120.84842133680866,0.0,0.0,0.0,0.0,0.0,0.0,0.0
 0.0,47.63483146067416,-124.64932868868756,0.0,0.0,0.0,0.0,0.0,0.0,0.0	0.0,47.63483146067416,-124.53760347170594,0.0,0.0,0.0,0.0,0.0,0.0,0.0	0.0,47.63483146067416,-124.42587825472432,0.0,0.0,0.0,0.0,0.0,0.0,0.0	143.77557373,47.63483146067416,-124.3141530377427,0.0,0.0,0.0,0.0,0.0,0.0,0.0	130.950012207,47.63483146067416,-124.20242782076107,0.0,0.0,0.0,0.0,0.0,0.0,0.0	460.720001221,47.63483146067416,-124.09070260377945,0.0,0.0,0.0,0.0,0.0,0.0,0.0	104.482704163,47.63483146067416,-123.97897738679784,0.0,0.0,0.0,0.0,0.0,0.0,0.0	824.66003418,47.63483146067416,-123.86725216981621,0.0,0.0,0.0,0.0,0.0,0.0,0.0	681.694885254,47.63483146067416,-123.75552695283459,0.0,0.0,0.0,0.0,0.0,0.0,0.0	255.533157349,47.63483146067416,-123.64380173585297,0.0,0.0,0.0,0.0,0.0,0.0,0.0	850.554321289,47.63483146067416,-123.53207651887135,0.0,0.0,0.0,0.0,0.0,0.0,0.0	794.138671875,47.63483146067416,-123.42035130188972,0.0,0.0,0.0,0.0,0.0,0.0,0.0	1419.142211914,47.63483146067416,-123.3086260849081,0.0,0.0,0.0,0.0,0.0,0.0,0.0	1519.215332031,47.63483146067416,-123.19690086792649,0.0,0.0,0.0,0.0,0.0,0.0,0.0	740.518615723,47.63483146067416,-123.08517565094486,0.0,0.0,0.0,0.0,0.0,0.0,0.0	189.0546875,47.63483146067416,-122.97345043396324,0.0,0.0,0.0,0.0,0.0,0.0,0.0	2.04521203,47.63483146067416,-122.86172521698163,0.0,0.0,0.0,0.0,0.0,0.0,0.0	123.894752502,47.63483146067416,-122.75,0.0,0.0,0.0,0.0,0.0,0.0,0.0	64.69153595,47.63483146067416,-122.63827478301837,0.0,0.0,0.0,0.0,0.0,0.0,0.0	68.385513306,47.63483146067416,-122.52654956603675,0.0,0.0,0.0,0.0,0.0,0.0,0.0	-0.356616676,47.63483146067416,-122.41482434905514,0.0,0.0,0.0,0.0,0.0,0.0,0.0	51.645820618,47.63483146067416,-122.30309913207351,0.0,0.0,0.0,0.0,0.0,0.0,0.0	45.371700287,47.63483146067416,-122.19137391509189,0.0,0.0,0.0,0.0,0.0,0.0,0.0	8.73253727,47.63483146067416,-122.07964869811028,0.0,0.0,0.0,0.0,0.0,0.0,0.0	108.587509155,47.63483146067416,-121.96792348112865,0.0,0.0,0.0,0.0,0.0,0.0,0.0	184.382232666,47.63483146067416,-121.85619826414703,0.0,0.0,0.0,0.0,0.0,0.0,0.0	326.634796143,47.63483146067416,-121.7444730471654,0.0,0.0,0.0,0.0,0.0,0.0,0.0	604.910400391,47.63483146067416,-121.63274783018379,0.0,0.0,0.0,0.0,0.0,0.0,0.0	641.618774414,47.63483146067416,-121.52102261320216,0.0,0.0,0.0,0.0,0.0,0.0,0.0	1423.132568359,47.63483146067416,-121.40929739622054,0.0,0.0,0.0,0.0,0.0,0.0,0.0	616.076782227,47.63483146067416,-121.29757217923893,0.0,0.0,0.0,0.0,0.0,0.0,0.0	1621.69921875,47.63483146067416,-121.1858469622573,0.0,0.0,0.0,0.0,0.0,0.0,0.0	1123.666992188,47.63483146067416,-121.07412174527568,0.0,0.0,0.0,0.0,0.0,0.0,0.0	888.159240723,47.63483146067416,-120.96239652829405,0.0,0.0,0.0,0.0,0.0,0.0,0.0	2099.506591797,47.63483146067416,-120.85067131131244,0.0,0.0,0.0,0.0,0.0,0.0,0.0
-0.0,47.57303370786517,-124.64708623660857,0.0,0.0,0.0,0.0,0.0,0.0,0.0	0.0,47.57303370786517,-124.53549292857278,0.0,0.0,0.0,0.0,0.0,0.0,0.0	0.0,47.57303370786517,-124.42389962053697,0.0,0.0,0.0,0.0,0.0,0.0,0.0	66.549201965,47.57303370786517,-124.31230631250118,0.0,0.0,0.0,0.0,0.0,0.0,0.0	117.120010376,47.57303370786517,-124.20071300446538,0.0,0.0,0.0,0.0,0.0,0.0,0.0	81.017066956,47.57303370786517,-124.08911969642958,0.0,0.0,0.0,0.0,0.0,0.0,0.0	308.101013184,47.57303370786517,-123.97752638839378,0.0,0.0,0.0,0.0,0.0,0.0,0.0	531.556335449,47.57303370786517,-123.86593308035799,0.0,0.0,0.0,0.0,0.0,0.0,0.0	930.059997559,47.57303370786517,-123.75433977232218,0.0,0.0,0.0,0.0,0.0,0.0,0.0	180.368835449,47.57303370786517,-123.64274646428639,0.0,0.0,0.0,0.0,0.0,0.0,0.0	478.691558838,47.57303370786517,-123.5311531562506,0.0,0.0,0.0,0.0,0.0,0.0,0.0	1018.066955566,47.57303370786517,-123.41955984821479,0.0,0.0,0.0,0.0,0.0,0.0,0.0	1318.883422852,47.57303370786517,-123.307966540179,0.0,0.0,0.0,0.0,0.0,0.0,0.0	752.673217773,47.57303370786517,-123.1963732321432,0.0,0.0,0.0,0.0,0.0,0.0,0.0	188.287536621,47.57303370786517,-123.0847799241074,0.0,0.0,0.0,0.0,0.0,0.0,0.0	0.0,47.57303370786517,-122.9731866160716,0.0,0.0,0.0,0.0,0.0,0.0,0.0	136.92527771,47.57303370786517,-122.86159330803581,0.0,0.0,0.0,0.0,0.0,0.0,0.0	260.133331299,47.57303370786517,-122.75,0.0,0.0,0.0,0.0,0.0,0.0,0.0	27.87322998,47.57303370786517,-122.6384066919642,0.0,0.0,0.0,0.0,0.0,0.0,0.0	0.0,47.57303370786517,-122.52681338392841,0.0,0.0,0.0,0.0,0.0,0.0,0.0	1.979696393,47.57303370786517,-122.4152200758926,0.0,0.0,0.0,0.0,0.0,0.0,0.0	78.050857544,47.57303370786517,-122.30362676785681,0.0,0.0,0.0,0.0,0.0,0.0,0.0	4.98348999,47.57303370786517,-122.192033459821,0.0,0.0,0.0,0.0,0.0,0.0,0.0	8.735585213,47.57303370786517,-122.08044015178521,0.0,0.0,0.0,0.0,0.0,0.0,0.0	122.032691956,47.57303370786517,-121.96884684374942,0.0,0.0,0.0,0.0,0.0,0.0,0.0	283.650543213,47.57303370786517,-121.85725353571361,0.0,0.0,0.0,0.0,0.0,0.0,0.0	305.845794678,47.57303370786517,-121.74566022767782,0.0,0.0,0.0,0.0,0.0,0.0,0.0	1214.476928711,47.57303370786517,-121.63406691964202,0.0,0.0,0.0,0.0,0.0,0.0,0.0	478.516113281,47.57303370786517,-121.52247361160622,0.0,0.0,0.0,0.0,0.0,0.0,0.0	1063.966552734,47.57303370786517,-121.41088030357042,0.0,0.0,0.0,0.0,0.0,0.0,0.0	1649.444580078,47.57303370786517,-121.29928699553463,0.0,0.0,0.0,0.0,0.0,0.0,0.0	2062.371337891,47.57303370786517,-121.18769368749882,0.0,0.0,0.0,0.0,0.0,0.0,0.0	1718.664428711,47.57303370786517,-121.07610037946303,0.0,0.0,0.0,0.0,0.0,0.0,0.0	1919.946533203,47.57303370786517,-120.96450707142724,0.0,0.0,0.0,0.0,0.0,0.0,0.0	1936.204345703,47.57303370786517,-120.85291376339143,0.0,0.0,0.0,0.0,0.0,0.0,0.0
+0.0,47.57303370786517,-124.64708623660857,0.0,0.0,0.0,0.0,0.0,0.0,0.0	0.0,47.57303370786517,-124.53549292857278,0.0,0.0,0.0,0.0,0.0,0.0,0.0	0.0,47.57303370786517,-124.42389962053697,0.0,0.0,0.0,0.0,0.0,0.0,0.0	66.549201965,47.57303370786517,-124.31230631250118,0.0,0.0,0.0,0.0,0.0,0.0,0.0	117.120010376,47.57303370786517,-124.20071300446538,0.0,0.0,0.0,0.0,0.0,0.0,0.0	81.017066956,47.57303370786517,-124.08911969642958,0.0,0.0,0.0,0.0,0.0,0.0,0.0	308.101013184,47.57303370786517,-123.97752638839378,0.0,0.0,0.0,0.0,0.0,0.0,0.0	531.556335449,47.57303370786517,-123.86593308035799,0.0,0.0,0.0,0.0,0.0,0.0,0.0	930.059997559,47.57303370786517,-123.75433977232218,0.0,0.0,0.0,0.0,0.0,0.0,0.0	180.368835449,47.57303370786517,-123.64274646428639,0.0,0.0,0.0,0.0,0.0,0.0,0.0	478.691558838,47.57303370786517,-123.5311531562506,0.0,0.0,0.0,0.0,0.0,0.0,0.0	1018.066955566,47.57303370786517,-123.41955984821479,0.0,0.0,0.0,0.0,0.0,0.0,0.0	1318.883422852,47.57303370786517,-123.307966540179,0.0,0.0,0.0,0.0,0.0,0.0,0.0	752.673217773,47.57303370786517,-123.1963732321432,0.0,0.0,0.0,0.0,0.0,0.0,0.0	188.287536621,47.57303370786517,-123.0847799241074,0.0,0.0,0.0,0.0,0.0,0.0,0.0	0.0,47.57303370786517,-122.9731866160716,11.491494798320861,1708.6899999999998,745.1513333333334,2.293077826696501,5.742859172491826,76.11573976560429,74.96593446824089	136.92527771,47.57303370786517,-122.86159330803581,10.517074283628398,1308.9366666666667,732.5920000000001,1.7867198477005843,5.603680458250276,72.56024139289254,75.22708333333333	260.133331299,47.57303370786517,-122.75,0.0,0.0,0.0,0.0,0.0,0.0,0.0	27.87322998,47.57303370786517,-122.6384066919642,0.0,0.0,0.0,0.0,0.0,0.0,0.0	0.0,47.57303370786517,-122.52681338392841,0.0,0.0,0.0,0.0,0.0,0.0,0.0	1.979696393,47.57303370786517,-122.4152200758926,0.0,0.0,0.0,0.0,0.0,0.0,0.0	78.050857544,47.57303370786517,-122.30362676785681,0.0,0.0,0.0,0.0,0.0,0.0,0.0	4.98348999,47.57303370786517,-122.192033459821,0.0,0.0,0.0,0.0,0.0,0.0,0.0	8.735585213,47.57303370786517,-122.08044015178521,0.0,0.0,0.0,0.0,0.0,0.0,0.0	122.032691956,47.57303370786517,-121.96884684374942,0.0,0.0,0.0,0.0,0.0,0.0,0.0	283.650543213,47.57303370786517,-121.85725353571361,0.0,0.0,0.0,0.0,0.0,0.0,0.0	305.845794678,47.57303370786517,-121.74566022767782,0.0,0.0,0.0,0.0,0.0,0.0,0.0	1214.476928711,47.57303370786517,-121.63406691964202,0.0,0.0,0.0,0.0,0.0,0.0,0.0	478.516113281,47.57303370786517,-121.52247361160622,0.0,0.0,0.0,0.0,0.0,0.0,0.0	1063.966552734,47.57303370786517,-121.41088030357042,0.0,0.0,0.0,0.0,0.0,0.0,0.0	1649.444580078,47.57303370786517,-121.29928699553463,0.0,0.0,0.0,0.0,0.0,0.0,0.0	2062.371337891,47.57303370786517,-121.18769368749882,0.0,0.0,0.0,0.0,0.0,0.0,0.0	1718.664428711,47.57303370786517,-121.07610037946303,0.0,0.0,0.0,0.0,0.0,0.0,0.0	1919.946533203,47.57303370786517,-120.96450707142724,0.0,0.0,0.0,0.0,0.0,0.0,0.0	1936.204345703,47.57303370786517,-120.85291376339143,0.0,0.0,0.0,0.0,0.0,0.0,0.0
 0.0,47.51123595505618,-124.64485127513343,0.0,0.0,0.0,0.0,0.0,0.0,0.0	0.0,47.51123595505618,-124.5333894354197,0.0,0.0,0.0,0.0,0.0,0.0,0.0	0.0,47.51123595505618,-124.42192759570597,0.0,0.0,0.0,0.0,0.0,0.0,0.0	32.924728394,47.51123595505618,-124.31046575599224,0.0,0.0,0.0,0.0,0.0,0.0,0.0	161.411499023,47.51123595505618,-124.19900391627851,0.0,0.0,0.0,0.0,0.0,0.0,0.0	199.08416748,47.51123595505618,-124.08754207656477,0.0,0.0,0.0,0.0,0.0,0.0,0.0	627.587402344,47.51123595505618,-123.97608023685105,0.0,0.0,0.0,0.0,0.0,0.0,0.0	565.851379395,47.51123595505618,-123.8646183971373,0.0,0.0,0.0,0.0,0.0,0.0,0.0	570.565246582,47.51123595505618,-123.75315655742358,0.0,0.0,0.0,0.0,0.0,0.0,0.0	933.32824707,47.51123595505618,-123.64169471770985,0.0,0.0,0.0,0.0,0.0,0.0,0.0	942.781738281,47.51123595505618,-123.53023287799611,0.0,0.0,0.0,0.0,0.0,0.0,0.0	752.42956543,47.51123595505618,-123.41877103828239,0.0,0.0,0.0,0.0,0.0,0.0,0.0	771.260620117,47.51123595505618,-123.30730919856866,0.0,0.0,0.0,0.0,0.0,0.0,0.0	678.807739258,47.51123595505618,-123.19584735885492,0.0,0.0,0.0,0.0,0.0,0.0,0.0	193.693893433,47.51123595505618,-123.0843855191412,0.0,0.0,0.0,0.0,0.0,0.0,0.0	59.290397644,47.51123595505618,-122.97292367942745,0.0,0.0,0.0,0.0,0.0,0.0,0.0	141.804870605,47.51123595505618,-122.86146183971373,0.0,0.0,0.0,0.0,0.0,0.0,0.0	115.845184326,47.51123595505618,-122.75,0.0,0.0,0.0,0.0,0.0,0.0,0.0	89.890983582,47.51123595505618,-122.63853816028626,0.0,0.0,0.0,0.0,0.0,0.0,0.0	74.259178162,47.51123595505618,-122.52707632057253,0.0,0.0,0.0,0.0,0.0,0.0,0.0	-0.557785094,47.51123595505618,-122.4156144808588,0.0,0.0,0.0,0.0,0.0,0.0,0.0	5.22552824,47.51123595505618,-122.30415264114507,0.0,0.0,0.0,0.0,0.0,0.0,0.0	85.384590149,47.51123595505618,-122.19269080143134,0.0,0.0,0.0,0.0,0.0,0.0,0.0	125.121810913,47.51123595505618,-122.0812289617176,0.0,0.0,0.0,0.0,0.0,0.0,0.0	610.706665039,47.51123595505618,-121.96976712200387,0.0,0.0,0.0,0.0,0.0,0.0,0.0	283.282226562,47.51123595505618,-121.85830528229015,0.0,0.0,0.0,0.0,0.0,0.0,0.0	838.844543457,47.51123595505618,-121.7468434425764,0.0,0.0,0.0,0.0,0.0,0.0,0.0	378.017608643,47.51123595505618,-121.63538160286268,0.0,0.0,0.0,0.0,0.0,0.0,0.0	1366.392578125,47.51123595505618,-121.52391976314895,0.0,0.0,0.0,0.0,0.0,0.0,0.0	1281.621582031,47.51123595505618,-121.41245792343521,0.0,0.0,0.0,0.0,0.0,0.0,0.0	1984.690063477,47.51123595505618,-121.30099608372149,0.0,0.0,0.0,0.0,0.0,0.0,0.0	942.95098877,47.51123595505618,-121.18953424400775,0.0,0.0,0.0,0.0,0.0,0.0,0.0	1519.336303711,47.51123595505618,-121.07807240429402,0.0,0.0,0.0,0.0,0.0,0.0,0.0	1825.342285156,47.51123595505618,-120.9666105645803,0.0,0.0,0.0,0.0,0.0,0.0,0.0	2074.703613281,47.51123595505618,-120.85514872486655,0.0,0.0,0.0,0.0,0.0,0.0,0.0
 0.0,47.449438202247194,-124.64262377262843,0.0,0.0,0.0,0.0,0.0,0.0,0.0	0.0,47.449438202247194,-124.53129296247381,0.0,0.0,0.0,0.0,0.0,0.0,0.0	0.0,47.449438202247194,-124.4199621523192,0.0,0.0,0.0,0.0,0.0,0.0,0.0	67.13053894,47.449438202247194,-124.30863134216459,0.0,0.0,0.0,0.0,0.0,0.0,0.0	43.849521637,47.449438202247194,-124.19730053200998,0.0,0.0,0.0,0.0,0.0,0.0,0.0	129.037841797,47.449438202247194,-124.08596972185536,0.0,0.0,0.0,0.0,0.0,0.0,0.0	123.196731567,47.449438202247194,-123.97463891170075,0.0,0.0,0.0,0.0,0.0,0.0,0.0	120.875259399,47.449438202247194,-123.86330810154614,0.0,0.0,0.0,0.0,0.0,0.0,0.0	437.436401367,47.449438202247194,-123.75197729139153,0.0,0.0,0.0,0.0,0.0,0.0,0.0	588.745178223,47.449438202247194,-123.64064648123691,0.0,0.0,0.0,0.0,0.0,0.0,0.0	535.434265137,47.449438202247194,-123.52931567108229,0.0,0.0,0.0,0.0,0.0,0.0,0.0	275.112731934,47.449438202247194,-123.41798486092767,0.0,0.0,0.0,0.0,0.0,0.0,0.0	686.694030762,47.449438202247194,-123.30665405077306,0.0,0.0,0.0,0.0,0.0,0.0,0.0	532.907348633,47.449438202247194,-123.19532324061845,0.0,0.0,0.0,0.0,0.0,0.0,0.0	0.0,47.449438202247194,-123.08399243046384,0.0,0.0,0.0,0.0,0.0,0.0,0.0	107.831817627,47.449438202247194,-122.97266162030922,0.0,0.0,0.0,0.0,0.0,0.0,0.0	87.645675659,47.449438202247194,-122.86133081015461,0.0,0.0,0.0,0.0,0.0,0.0,0.0	118.067115784,47.449438202247194,-122.75,0.0,0.0,0.0,0.0,0.0,0.0,0.0	60.234371185,47.449438202247194,-122.63866918984539,0.0,0.0,0.0,0.0,0.0,0.0,0.0	-0.557785094,47.449438202247194,-122.52733837969078,0.0,0.0,0.0,0.0,0.0,0.0,0.0	-0.557785094,47.449438202247194,-122.41600756953616,0.0,0.0,0.0,0.0,0.0,0.0,0.0	122.531555176,47.449438202247194,-122.30467675938155,0.0,0.0,0.0,0.0,0.0,0.0,0.0	127.48966217,47.449438202247194,-122.19334594922694,0.0,0.0,0.0,0.0,0.0,0.0,0.0	152.032089233,47.449438202247194,-122.08201513907233,0.0,0.0,0.0,0.0,0.0,0.0,0.0	303.995269775,47.449438202247194,-121.97068432891771,0.0,0.0,0.0,0.0,0.0,0.0,0.0	398.79788208,47.449438202247194,-121.8593535187631,0.0,0.0,0.0,0.0,0.0,0.0,0.0	330.170654297,47.449438202247194,-121.74802270860849,0.0,0.0,0.0,0.0,0.0,0.0,0.0	857.930908203,47.449438202247194,-121.63669189845388,0.0,0.0,0.0,0.0,0.0,0.0,0.0	665.191162109,47.449438202247194,-121.52536108829926,0.0,0.0,0.0,0.0,0.0,0.0,0.0	1415.830200195,47.449438202247194,-121.41403027814465,0.0,0.0,0.0,0.0,0.0,0.0,0.0	1471.075439453,47.449438202247194,-121.30269946799004,0.0,0.0,0.0,0.0,0.0,0.0,0.0	1012.87121582,47.449438202247194,-121.19136865783541,0.0,0.0,0.0,0.0,0.0,0.0,0.0	1863.297729492,47.449438202247194,-121.0800378476808,0.0,0.0,0.0,0.0,0.0,0.0,0.0	1804.231323242,47.449438202247194,-120.96870703752619,0.0,0.0,0.0,0.0,0.0,0.0,0.0	1276.908813477,47.449438202247194,-120.85737622737157,0.0,0.0,0.0,0.0,0.0,0.0,0.0
 0.0,47.3876404494382,-124.64040369764561,0.0,0.0,0.0,0.0,0.0,0.0,0.0	0.0,47.3876404494382,-124.52920348013704,0.0,0.0,0.0,0.0,0.0,0.0,0.0	0.0,47.3876404494382,-124.41800326262847,0.0,0.0,0.0,0.0,0.0,0.0,0.0	30.312900543,47.3876404494382,-124.30680304511992,0.0,0.0,0.0,0.0,0.0,0.0,0.0	171.644241333,47.3876404494382,-124.19560282761135,0.0,0.0,0.0,0.0,0.0,0.0,0.0	83.364929199,47.3876404494382,-124.08440261010279,0.0,0.0,0.0,0.0,0.0,0.0,0.0	89.852432251,47.3876404494382,-123.97320239259422,0.0,0.0,0.0,0.0,0.0,0.0,0.0	672.919250488,47.3876404494382,-123.86200217508565,0.0,0.0,0.0,0.0,0.0,0.0,0.0	808.549316406,47.3876404494382,-123.75080195757708,0.0,0.0,0.0,0.0,0.0,0.0,0.0	212.674743652,47.3876404494382,-123.63960174006853,0.0,0.0,0.0,0.0,0.0,0.0,0.0	339.26739502,47.3876404494382,-123.52840152255996,0.0,0.0,0.0,0.0,0.0,0.0,0.0	438.130126953,47.3876404494382,-123.41720130505139,0.0,0.0,0.0,0.0,0.0,0.0,0.0	185.641235352,47.3876404494382,-123.30600108754282,0.0,0.0,0.0,0.0,0.0,0.0,0.0	187.546112061,47.3876404494382,-123.19480087003426,0.0,0.0,0.0,0.0,0.0,0.0,0.0	140.099487305,47.3876404494382,-123.0836006525257,0.0,0.0,0.0,0.0,0.0,0.0,0.0	0.0,47.3876404494382,-122.97240043501714,0.0,0.0,0.0,0.0,0.0,0.0,0.0	123.467346191,47.3876404494382,-122.86120021750857,0.0,0.0,0.0,0.0,0.0,0.0,0.0	87.981048584,47.3876404494382,-122.75,0.0,0.0,0.0,0.0,0.0,0.0,0.0	39.874858856,47.3876404494382,-122.63879978249143,0.0,0.0,0.0,0.0,0.0,0.0,0.0	-0.557785094,47.3876404494382,-122.52759956498286,0.0,0.0,0.0,0.0,0.0,0.0,0.0	78.692977905,47.3876404494382,-122.41639934747431,0.0,0.0,0.0,0.0,0.0,0.0,0.0	77.668037415,47.3876404494382,-122.30519912996574,0.0,0.0,0.0,0.0,0.0,0.0,0.0	135.19744873,47.3876404494382,-122.19399891245718,0.0,0.0,0.0,0.0,0.0,0.0,0.0	138.890075684,47.3876404494382,-122.08279869494861,0.0,0.0,0.0,0.0,0.0,0.0,0.0	200.226425171,47.3876404494382,-121.97159847744004,0.0,0.0,0.0,0.0,0.0,0.0,0.0	248.708633423,47.3876404494382,-121.86039825993149,0.0,0.0,0.0,0.0,0.0,0.0,0.0	1144.291870117,47.3876404494382,-121.74919804242292,0.0,0.0,0.0,0.0,0.0,0.0,0.0	1262.258300781,47.3876404494382,-121.63799782491435,0.0,0.0,0.0,0.0,0.0,0.0,0.0	565.122009277,47.3876404494382,-121.52679760740578,0.0,0.0,0.0,0.0,0.0,0.0,0.0	1074.682861328,47.3876404494382,-121.41559738989721,0.0,0.0,0.0,0.0,0.0,0.0,0.0	1462.367797852,47.3876404494382,-121.30439717238865,0.0,0.0,0.0,0.0,0.0,0.0,0.0	1547.830688477,47.3876404494382,-121.1931969548801,0.0,0.0,0.0,0.0,0.0,0.0,0.0	975.280029297,47.3876404494382,-121.08199673737153,0.0,0.0,0.0,0.0,0.0,0.0,0.0	1267.45324707,47.3876404494382,-120.97079651986296,0.0,0.0,0.0,0.0,0.0,0.0,0.0	1419.753540039,47.3876404494382,-120.85959630235439,0.0,0.0,0.0,0.0,0.0,0.0,0.0
@@ -39,11 +39,11 @@ geo:37.5,48.5,-124.5,-121.0
 0.0,46.52247191011236,-124.61008535789216,0.0,0.0,0.0,0.0,0.0,0.0,0.0	0.0,46.52247191011236,-124.5006685721338,0.0,0.0,0.0,0.0,0.0,0.0,0.0	0.0,46.52247191011236,-124.39125178637543,0.0,0.0,0.0,0.0,0.0,0.0,0.0	0.0,46.52247191011236,-124.28183500061708,0.0,0.0,0.0,0.0,0.0,0.0,0.0	0.0,46.52247191011236,-124.17241821485871,0.0,0.0,0.0,0.0,0.0,0.0,0.0	1.645923257,46.52247191011236,-124.06300142910035,0.0,0.0,0.0,0.0,0.0,0.0,0.0	0.0,46.52247191011236,-123.95358464334198,0.0,0.0,0.0,0.0,0.0,0.0,0.0	91.299568176,46.52247191011236,-123.84416785758363,0.0,0.0,0.0,0.0,0.0,0.0,0.0	547.887390137,46.52247191011236,-123.73475107182526,0.0,0.0,0.0,0.0,0.0,0.0,0.0	196.308319092,46.52247191011236,-123.6253342860669,0.0,0.0,0.0,0.0,0.0,0.0,0.0	145.626296997,46.52247191011236,-123.51591750030853,0.0,0.0,0.0,0.0,0.0,0.0,0.0	500.61529541,46.52247191011236,-123.40650071455018,0.0,0.0,0.0,0.0,0.0,0.0,0.0	327.139465332,46.52247191011236,-123.2970839287918,0.0,0.0,0.0,0.0,0.0,0.0,0.0	204.577529907,46.52247191011236,-123.18766714303345,0.0,0.0,0.0,0.0,0.0,0.0,0.0	126.42628479,46.52247191011236,-123.07825035727508,0.0,0.0,0.0,0.0,0.0,0.0,0.0	132.046722412,46.52247191011236,-122.96883357151673,0.0,0.0,0.0,0.0,0.0,0.0,0.0	148.830932617,46.52247191011236,-122.85941678575836,0.0,0.0,0.0,0.0,0.0,0.0,0.0	136.739608765,46.52247191011236,-122.75,0.0,0.0,0.0,0.0,0.0,0.0,0.0	131.480331421,46.52247191011236,-122.64058321424163,0.0,0.0,0.0,0.0,0.0,0.0,0.0	179.245391846,46.52247191011236,-122.53116642848327,0.0,0.0,0.0,0.0,0.0,0.0,0.0	253.849380493,46.52247191011236,-122.4217496427249,0.0,0.0,0.0,0.0,0.0,0.0,0.0	625.804931641,46.52247191011236,-122.31233285696655,0.0,0.0,0.0,0.0,0.0,0.0,0.0	518.528625488,46.52247191011236,-122.20291607120818,0.0,0.0,0.0,0.0,0.0,0.0,0.0	421.893798828,46.52247191011236,-122.09349928544982,0.0,0.0,0.0,0.0,0.0,0.0,0.0	268.296722412,46.52247191011236,-121.98408249969145,0.0,0.0,0.0,0.0,0.0,0.0,0.0	277.558868408,46.52247191011236,-121.8746657139331,0.0,0.0,0.0,0.0,0.0,0.0,0.0	617.491394043,46.52247191011236,-121.76524892817473,0.0,0.0,0.0,0.0,0.0,0.0,0.0	1371.593505859,46.52247191011236,-121.65583214241637,0.0,0.0,0.0,0.0,0.0,0.0,0.0	1541.012573242,46.52247191011236,-121.546415356658,0.0,0.0,0.0,0.0,0.0,0.0,0.0	1832.6953125,46.52247191011236,-121.43699857089965,0.0,0.0,0.0,0.0,0.0,0.0,0.0	2092.115966797,46.52247191011236,-121.32758178514129,0.0,0.0,0.0,0.0,0.0,0.0,0.0	2068.226074219,46.52247191011236,-121.21816499938292,0.0,0.0,0.0,0.0,0.0,0.0,0.0	1395.194335938,46.52247191011236,-121.10874821362457,0.0,0.0,0.0,0.0,0.0,0.0,0.0	1060.412109375,46.52247191011236,-120.9993314278662,0.0,0.0,0.0,0.0,0.0,0.0,0.0	680.612976074,46.52247191011236,-120.88991464210784,0.0,0.0,0.0,0.0,0.0,0.0,0.0
 0.0,46.46067415730337,-124.60797304435376,0.0,0.0,0.0,0.0,0.0,0.0,0.0	0.0,46.46067415730337,-124.49868051233295,0.0,0.0,0.0,0.0,0.0,0.0,0.0	0.0,46.46067415730337,-124.38938798031214,0.0,0.0,0.0,0.0,0.0,0.0,0.0	0.0,46.46067415730337,-124.28009544829133,0.0,0.0,0.0,0.0,0.0,0.0,0.0	0.0,46.46067415730337,-124.17080291627052,0.0,0.0,0.0,0.0,0.0,0.0,0.0	1.828803539,46.46067415730337,-124.06151038424971,0.0,0.0,0.0,0.0,0.0,0.0,0.0	15.131195068,46.46067415730337,-123.9522178522289,0.0,0.0,0.0,0.0,0.0,0.0,0.0	147.077636719,46.46067415730337,-123.8429253202081,0.0,0.0,0.0,0.0,0.0,0.0,0.0	277.714996338,46.46067415730337,-123.73363278818728,0.0,0.0,0.0,0.0,0.0,0.0,0.0	174.450256348,46.46067415730337,-123.62434025616648,0.0,0.0,0.0,0.0,0.0,0.0,0.0	425.22857666,46.46067415730337,-123.51504772414567,0.0,0.0,0.0,0.0,0.0,0.0,0.0	398.175567627,46.46067415730337,-123.40575519212486,0.0,0.0,0.0,0.0,0.0,0.0,0.0	440.227783203,46.46067415730337,-123.29646266010405,0.0,0.0,0.0,0.0,0.0,0.0,0.0	376.217468262,46.46067415730337,-123.18717012808324,0.0,0.0,0.0,0.0,0.0,0.0,0.0	190.361160278,46.46067415730337,-123.07787759606244,0.0,0.0,0.0,0.0,0.0,0.0,0.0	125.784896851,46.46067415730337,-122.96858506404162,0.0,0.0,0.0,0.0,0.0,0.0,0.0	91.093284607,46.46067415730337,-122.85929253202082,0.0,0.0,0.0,0.0,0.0,0.0,0.0	55.800827026,46.46067415730337,-122.75,0.0,0.0,0.0,0.0,0.0,0.0,0.0	247.300033569,46.46067415730337,-122.6407074679792,0.0,0.0,0.0,0.0,0.0,0.0,0.0	322.288391113,46.46067415730337,-122.53141493595838,0.0,0.0,0.0,0.0,0.0,0.0,0.0	371.044891357,46.46067415730337,-122.42212240393758,0.0,0.0,0.0,0.0,0.0,0.0,0.0	740.268798828,46.46067415730337,-122.31282987191678,0.0,0.0,0.0,0.0,0.0,0.0,0.0	609.010864258,46.46067415730337,-122.20353733989596,0.0,0.0,0.0,0.0,0.0,0.0,0.0	417.994537354,46.46067415730337,-122.09424480787516,0.0,0.0,0.0,0.0,0.0,0.0,0.0	420.297607422,46.46067415730337,-121.98495227585434,0.0,0.0,0.0,0.0,0.0,0.0,0.0	488.879699707,46.46067415730337,-121.87565974383354,0.0,0.0,0.0,0.0,0.0,0.0,0.0	543.597045898,46.46067415730337,-121.76636721181272,0.0,0.0,0.0,0.0,0.0,0.0,0.0	1256.3203125,46.46067415730337,-121.65707467979192,0.0,0.0,0.0,0.0,0.0,0.0,0.0	1333.236450195,46.46067415730337,-121.5477821477711,0.0,0.0,0.0,0.0,0.0,0.0,0.0	1540.738891602,46.46067415730337,-121.4384896157503,0.0,0.0,0.0,0.0,0.0,0.0,0.0	1878.297241211,46.46067415730337,-121.3291970837295,0.0,0.0,0.0,0.0,0.0,0.0,0.0	1498.192138672,46.46067415730337,-121.21990455170868,0.0,0.0,0.0,0.0,0.0,0.0,0.0	1767.271606445,46.46067415730337,-121.11061201968788,0.0,0.0,0.0,0.0,0.0,0.0,0.0	1292.194580078,46.46067415730337,-121.00131948766706,0.0,0.0,0.0,0.0,0.0,0.0,0.0	611.007507324,46.46067415730337,-120.89202695564626,0.0,0.0,0.0,0.0,0.0,0.0,0.0
 0.0,46.39887640449438,-124.60586767938472,0.0,0.0,0.0,0.0,0.0,0.0,0.0	0.0,46.39887640449438,-124.49669899236208,0.0,0.0,0.0,0.0,0.0,0.0,0.0	0.0,46.39887640449438,-124.38753030533945,0.0,0.0,0.0,0.0,0.0,0.0,0.0	0.0,46.39887640449438,-124.27836161831682,0.0,0.0,0.0,0.0,0.0,0.0,0.0	0.0,46.39887640449438,-124.16919293129419,0.0,0.0,0.0,0.0,0.0,0.0,0.0	6.060013294,46.39887640449438,-124.06002424427156,0.0,0.0,0.0,0.0,0.0,0.0,0.0	30.275241852,46.39887640449438,-123.95085555724894,0.0,0.0,0.0,0.0,0.0,0.0,0.0	1.167351961,46.39887640449438,-123.84168687022631,0.0,0.0,0.0,0.0,0.0,0.0,0.0	51.956531525,46.39887640449438,-123.73251818320368,0.0,0.0,0.0,0.0,0.0,0.0,0.0	205.293624878,46.39887640449438,-123.62334949618105,0.0,0.0,0.0,0.0,0.0,0.0,0.0	605.338745117,46.39887640449438,-123.51418080915842,0.0,0.0,0.0,0.0,0.0,0.0,0.0	653.721557617,46.39887640449438,-123.40501212213579,0.0,0.0,0.0,0.0,0.0,0.0,0.0	441.79586792,46.39887640449438,-123.29584343511316,0.0,0.0,0.0,0.0,0.0,0.0,0.0	361.979797363,46.39887640449438,-123.18667474809052,0.0,0.0,0.0,0.0,0.0,0.0,0.0	125.60093689,46.39887640449438,-123.0775060610679,0.0,0.0,0.0,0.0,0.0,0.0,0.0	41.793148041,46.39887640449438,-122.96833737404526,0.0,0.0,0.0,0.0,0.0,0.0,0.0	64.933654785,46.39887640449438,-122.85916868702263,0.0,0.0,0.0,0.0,0.0,0.0,0.0	78.748069763,46.39887640449438,-122.75,0.0,0.0,0.0,0.0,0.0,0.0,0.0	163.755706787,46.39887640449438,-122.64083131297738,0.0,0.0,0.0,0.0,0.0,0.0,0.0	426.233459473,46.39887640449438,-122.53166262595475,0.0,0.0,0.0,0.0,0.0,0.0,0.0	532.184875488,46.39887640449438,-122.42249393893212,0.0,0.0,0.0,0.0,0.0,0.0,0.0	495.631347656,46.39887640449438,-122.31332525190949,0.0,0.0,0.0,0.0,0.0,0.0,0.0	737.391418457,46.39887640449438,-122.20415656488686,0.0,0.0,0.0,0.0,0.0,0.0,0.0	1163.560791016,46.39887640449438,-122.09498787786423,0.0,0.0,0.0,0.0,0.0,0.0,0.0	636.598754883,46.39887640449438,-121.9858191908416,0.0,0.0,0.0,0.0,0.0,0.0,0.0	1512.25378418,46.39887640449438,-121.87665050381896,0.0,0.0,0.0,0.0,0.0,0.0,0.0	1094.908935547,46.39887640449438,-121.76748181679633,0.0,0.0,0.0,0.0,0.0,0.0,0.0	1304.896972656,46.39887640449438,-121.6583131297737,0.0,0.0,0.0,0.0,0.0,0.0,0.0	944.241394043,46.39887640449438,-121.54914444275107,0.0,0.0,0.0,0.0,0.0,0.0,0.0	1484.813964844,46.39887640449438,-121.43997575572845,0.0,0.0,0.0,0.0,0.0,0.0,0.0	1382.62097168,46.39887640449438,-121.33080706870582,0.0,0.0,0.0,0.0,0.0,0.0,0.0	1134.479370117,46.39887640449438,-121.22163838168319,0.0,0.0,0.0,0.0,0.0,0.0,0.0	1438.475219727,46.39887640449438,-121.11246969466056,0.0,0.0,0.0,0.0,0.0,0.0,0.0	1076.418823242,46.39887640449438,-121.00330100763793,0.0,0.0,0.0,0.0,0.0,0.0,0.0	582.209655762,46.39887640449438,-120.8941323206153,0.0,0.0,0.0,0.0,0.0,0.0,0.0
-0.0,46.337078651685395,-124.60376923450029,0.0,0.0,0.0,0.0,0.0,0.0,0.0	0.0,46.337078651685395,-124.49472398541204,0.0,0.0,0.0,0.0,0.0,0.0,0.0	0.0,46.337078651685395,-124.38567873632378,0.0,0.0,0.0,0.0,0.0,0.0,0.0	0.0,46.337078651685395,-124.27663348723553,0.0,0.0,0.0,0.0,0.0,0.0,0.0	0.0,46.337078651685395,-124.16758823814729,0.0,0.0,0.0,0.0,0.0,0.0,0.0	6.037472725,46.337078651685395,-124.05854298905903,0.0,0.0,0.0,0.0,0.0,0.0,0.0	5.287693024,46.337078651685395,-123.94949773997078,0.0,0.0,0.0,0.0,0.0,0.0,0.0	71.517539978,46.337078651685395,-123.84045249088253,0.0,0.0,0.0,0.0,0.0,0.0,0.0	150.150512695,46.337078651685395,-123.73140724179427,0.0,0.0,0.0,0.0,0.0,0.0,0.0	3.476158381,46.337078651685395,-123.62236199270602,0.0,0.0,0.0,0.0,0.0,0.0,0.0	238.828765869,46.337078651685395,-123.51331674361776,9.410731885380542,1691.9633333333334,700.247,2.416237889392362,4.6036669759266005,83.99421866581811,74.22230924246588	209.093185425,46.337078651685395,-123.40427149452951,0.0,0.0,0.0,0.0,0.0,0.0,0.0	260.41418457,46.337078651685395,-123.29522624544127,0.0,0.0,0.0,0.0,0.0,0.0,0.0	709.479736328,46.337078651685395,-123.18618099635302,0.0,0.0,0.0,0.0,0.0,0.0,0.0	509.840515137,46.337078651685395,-123.07713574726476,0.0,0.0,0.0,0.0,0.0,0.0,0.0	334.650543213,46.337078651685395,-122.96809049817651,0.0,0.0,0.0,0.0,0.0,0.0,0.0	65.018783569,46.337078651685395,-122.85904524908825,0.0,0.0,0.0,0.0,0.0,0.0,0.0	236.59223938,46.337078651685395,-122.75,0.0,0.0,0.0,0.0,0.0,0.0,0.0	311.037780762,46.337078651685395,-122.64095475091175,0.0,0.0,0.0,0.0,0.0,0.0,0.0	298.475219727,46.337078651685395,-122.5319095018235,0.0,0.0,0.0,0.0,0.0,0.0,0.0	737.883972168,46.337078651685395,-122.42286425273525,0.0,0.0,0.0,0.0,0.0,0.0,0.0	1084.814208984,46.337078651685395,-122.313819003647,0.0,0.0,0.0,0.0,0.0,0.0,0.0	1300.610473633,46.337078651685395,-122.20477375455874,0.0,0.0,0.0,0.0,0.0,0.0,0.0	1370.643310547,46.337078651685395,-122.09572850547049,0.0,0.0,0.0,0.0,0.0,0.0,0.0	996.298095703,46.337078651685395,-121.98668325638224,0.0,0.0,0.0,0.0,0.0,0.0,0.0	985.757629395,46.337078651685395,-121.87763800729398,0.0,0.0,0.0,0.0,0.0,0.0,0.0	1369.213500977,46.337078651685395,-121.76859275820573,0.0,0.0,0.0,0.0,0.0,0.0,0.0	759.779785156,46.337078651685395,-121.65954750911749,0.0,0.0,0.0,0.0,0.0,0.0,0.0	1257.61328125,46.337078651685395,-121.55050226002923,0.0,0.0,0.0,0.0,0.0,0.0,0.0	1339.291748047,46.337078651685395,-121.44145701094098,0.0,0.0,0.0,0.0,0.0,0.0,0.0	1410.486450195,46.337078651685395,-121.33241176185273,0.0,0.0,0.0,0.0,0.0,0.0,0.0	1026.442382812,46.337078651685395,-121.22336651276447,0.0,0.0,0.0,0.0,0.0,0.0,0.0	1504.314208984,46.337078651685395,-121.11432126367622,0.0,0.0,0.0,0.0,0.0,0.0,0.0	1135.089233398,46.337078651685395,-121.00527601458796,0.0,0.0,0.0,0.0,0.0,0.0,0.0	575.476135254,46.337078651685395,-120.89623076549972,0.0,0.0,0.0,0.0,0.0,0.0,0.0
+0.0,46.337078651685395,-124.60376923450029,0.0,0.0,0.0,0.0,0.0,0.0,0.0	0.0,46.337078651685395,-124.49472398541204,0.0,0.0,0.0,0.0,0.0,0.0,0.0	0.0,46.337078651685395,-124.38567873632378,0.0,0.0,0.0,0.0,0.0,0.0,0.0	0.0,46.337078651685395,-124.27663348723553,0.0,0.0,0.0,0.0,0.0,0.0,0.0	0.0,46.337078651685395,-124.16758823814729,0.0,0.0,0.0,0.0,0.0,0.0,0.0	6.037472725,46.337078651685395,-124.05854298905903,0.0,0.0,0.0,0.0,0.0,0.0,0.0	5.287693024,46.337078651685395,-123.94949773997078,0.0,0.0,0.0,0.0,0.0,0.0,0.0	71.517539978,46.337078651685395,-123.84045249088253,0.0,0.0,0.0,0.0,0.0,0.0,0.0	150.150512695,46.337078651685395,-123.73140724179427,0.0,0.0,0.0,0.0,0.0,0.0,0.0	3.476158381,46.337078651685395,-123.62236199270602,0.0,0.0,0.0,0.0,0.0,0.0,0.0	238.828765869,46.337078651685395,-123.51331674361776,0.0,0.0,0.0,0.0,0.0,0.0,0.0	209.093185425,46.337078651685395,-123.40427149452951,0.0,0.0,0.0,0.0,0.0,0.0,0.0	260.41418457,46.337078651685395,-123.29522624544127,0.0,0.0,0.0,0.0,0.0,0.0,0.0	709.479736328,46.337078651685395,-123.18618099635302,0.0,0.0,0.0,0.0,0.0,0.0,0.0	509.840515137,46.337078651685395,-123.07713574726476,0.0,0.0,0.0,0.0,0.0,0.0,0.0	334.650543213,46.337078651685395,-122.96809049817651,0.0,0.0,0.0,0.0,0.0,0.0,0.0	65.018783569,46.337078651685395,-122.85904524908825,0.0,0.0,0.0,0.0,0.0,0.0,0.0	236.59223938,46.337078651685395,-122.75,0.0,0.0,0.0,0.0,0.0,0.0,0.0	311.037780762,46.337078651685395,-122.64095475091175,0.0,0.0,0.0,0.0,0.0,0.0,0.0	298.475219727,46.337078651685395,-122.5319095018235,0.0,0.0,0.0,0.0,0.0,0.0,0.0	737.883972168,46.337078651685395,-122.42286425273525,0.0,0.0,0.0,0.0,0.0,0.0,0.0	1084.814208984,46.337078651685395,-122.313819003647,0.0,0.0,0.0,0.0,0.0,0.0,0.0	1300.610473633,46.337078651685395,-122.20477375455874,0.0,0.0,0.0,0.0,0.0,0.0,0.0	1370.643310547,46.337078651685395,-122.09572850547049,0.0,0.0,0.0,0.0,0.0,0.0,0.0	996.298095703,46.337078651685395,-121.98668325638224,0.0,0.0,0.0,0.0,0.0,0.0,0.0	985.757629395,46.337078651685395,-121.87763800729398,0.0,0.0,0.0,0.0,0.0,0.0,0.0	1369.213500977,46.337078651685395,-121.76859275820573,0.0,0.0,0.0,0.0,0.0,0.0,0.0	759.779785156,46.337078651685395,-121.65954750911749,0.0,0.0,0.0,0.0,0.0,0.0,0.0	1257.61328125,46.337078651685395,-121.55050226002923,0.0,0.0,0.0,0.0,0.0,0.0,0.0	1339.291748047,46.337078651685395,-121.44145701094098,0.0,0.0,0.0,0.0,0.0,0.0,0.0	1410.486450195,46.337078651685395,-121.33241176185273,0.0,0.0,0.0,0.0,0.0,0.0,0.0	1026.442382812,46.337078651685395,-121.22336651276447,0.0,0.0,0.0,0.0,0.0,0.0,0.0	1504.314208984,46.337078651685395,-121.11432126367622,0.0,0.0,0.0,0.0,0.0,0.0,0.0	1135.089233398,46.337078651685395,-121.00527601458796,0.0,0.0,0.0,0.0,0.0,0.0,0.0	575.476135254,46.337078651685395,-120.89623076549972,0.0,0.0,0.0,0.0,0.0,0.0,0.0
 0.0,46.2752808988764,-124.60167768137912,0.0,0.0,0.0,0.0,0.0,0.0,0.0	0.0,46.2752808988764,-124.4927554648274,0.0,0.0,0.0,0.0,0.0,0.0,0.0	0.0,46.2752808988764,-124.38383324827569,0.0,0.0,0.0,0.0,0.0,0.0,0.0	0.0,46.2752808988764,-124.27491103172397,0.0,0.0,0.0,0.0,0.0,0.0,0.0	0.0,46.2752808988764,-124.16598881517227,0.0,0.0,0.0,0.0,0.0,0.0,0.0	0.286928207,46.2752808988764,-124.05706659862055,0.0,0.0,0.0,0.0,0.0,0.0,0.0	4.064898014,46.2752808988764,-123.94814438206883,0.0,0.0,0.0,0.0,0.0,0.0,0.0	136.616622925,46.2752808988764,-123.83922216551713,0.0,0.0,0.0,0.0,0.0,0.0,0.0	0.322386652,46.2752808988764,-123.73029994896541,0.0,0.0,0.0,0.0,0.0,0.0,0.0	227.523330688,46.2752808988764,-123.6213777324137,0.0,0.0,0.0,0.0,0.0,0.0,0.0	113.625801086,46.2752808988764,-123.51245551586199,0.0,0.0,0.0,0.0,0.0,0.0,0.0	148.934555054,46.2752808988764,-123.40353329931027,0.0,0.0,0.0,0.0,0.0,0.0,0.0	210.441955566,46.2752808988764,-123.29461108275856,0.0,0.0,0.0,0.0,0.0,0.0,0.0	178.191513062,46.2752808988764,-123.18568886620685,0.0,0.0,0.0,0.0,0.0,0.0,0.0	549.736572266,46.2752808988764,-123.07676664965514,0.0,0.0,0.0,0.0,0.0,0.0,0.0	56.749252319,46.2752808988764,-122.96784443310342,0.0,0.0,0.0,0.0,0.0,0.0,0.0	247.784561157,46.2752808988764,-122.8589222165517,0.0,0.0,0.0,0.0,0.0,0.0,0.0	297.037963867,46.2752808988764,-122.75,0.0,0.0,0.0,0.0,0.0,0.0,0.0	232.948028564,46.2752808988764,-122.64107778344828,0.0,0.0,0.0,0.0,0.0,0.0,0.0	617.555053711,46.2752808988764,-122.53215556689658,0.0,0.0,0.0,0.0,0.0,0.0,0.0	905.914367676,46.2752808988764,-122.42323335034486,0.0,0.0,0.0,0.0,0.0,0.0,0.0	633.691894531,46.2752808988764,-122.31431113379314,0.0,0.0,0.0,0.0,0.0,0.0,0.0	1159.516479492,46.2752808988764,-122.20538891724144,0.0,0.0,0.0,0.0,0.0,0.0,0.0	1230.112426758,46.2752808988764,-122.09646670068972,0.0,0.0,0.0,0.0,0.0,0.0,0.0	1240.640136719,46.2752808988764,-121.98754448413801,0.0,0.0,0.0,0.0,0.0,0.0,0.0	1409.702880859,46.2752808988764,-121.8786222675863,0.0,0.0,0.0,0.0,0.0,0.0,0.0	1570.383422852,46.2752808988764,-121.76970005103459,0.0,0.0,0.0,0.0,0.0,0.0,0.0	1205.545410156,46.2752808988764,-121.66077783448287,0.0,0.0,0.0,0.0,0.0,0.0,0.0	1523.260009766,46.2752808988764,-121.55185561793115,0.0,0.0,0.0,0.0,0.0,0.0,0.0	1627.3203125,46.2752808988764,-121.44293340137945,0.0,0.0,0.0,0.0,0.0,0.0,0.0	968.952575684,46.2752808988764,-121.33401118482773,0.0,0.0,0.0,0.0,0.0,0.0,0.0	1082.298583984,46.2752808988764,-121.22508896827603,0.0,0.0,0.0,0.0,0.0,0.0,0.0	1379.789428711,46.2752808988764,-121.11616675172431,0.0,0.0,0.0,0.0,0.0,0.0,0.0	1039.159912109,46.2752808988764,-121.00724453517259,0.0,0.0,0.0,0.0,0.0,0.0,0.0	848.101379395,46.2752808988764,-120.89832231862088,0.0,0.0,0.0,0.0,0.0,0.0,0.0
 0.0,46.21348314606742,-124.59959299186207,0.0,0.0,0.0,0.0,0.0,0.0,0.0	0.0,46.21348314606742,-124.49079340410547,0.0,0.0,0.0,0.0,0.0,0.0,0.0	0.0,46.21348314606742,-124.38199381634888,0.0,0.0,0.0,0.0,0.0,0.0,0.0	0.0,46.21348314606742,-124.27319422859229,0.0,0.0,0.0,0.0,0.0,0.0,0.0	0.0,46.21348314606742,-124.1643946408357,0.0,0.0,0.0,0.0,0.0,0.0,0.0	0.0,46.21348314606742,-124.0555950530791,0.0,0.0,0.0,0.0,0.0,0.0,0.0	0.602655172,46.21348314606742,-123.94679546532251,0.0,0.0,0.0,0.0,0.0,0.0,0.0	0.517596841,46.21348314606742,-123.83799587756592,0.0,0.0,0.0,0.0,0.0,0.0,0.0	0.321542621,46.21348314606742,-123.72919628980932,0.0,0.0,0.0,0.0,0.0,0.0,0.0	1.332186937,46.21348314606742,-123.62039670205273,0.0,0.0,0.0,0.0,0.0,0.0,0.0	30.059429169,46.21348314606742,-123.51159711429614,0.0,0.0,0.0,0.0,0.0,0.0,0.0	2.685739756,46.21348314606742,-123.40279752653954,0.0,0.0,0.0,0.0,0.0,0.0,0.0	132.147644043,46.21348314606742,-123.29399793878295,0.0,0.0,0.0,0.0,0.0,0.0,0.0	192.902404785,46.21348314606742,-123.18519835102636,0.0,0.0,0.0,0.0,0.0,0.0,0.0	266.360870361,46.21348314606742,-123.07639876326976,0.0,0.0,0.0,0.0,0.0,0.0,0.0	167.165863037,46.21348314606742,-122.96759917551319,0.0,0.0,0.0,0.0,0.0,0.0,0.0	204.111068726,46.21348314606742,-122.8587995877566,0.0,0.0,0.0,0.0,0.0,0.0,0.0	553.112243652,46.21348314606742,-122.75,0.0,0.0,0.0,0.0,0.0,0.0,0.0	582.317932129,46.21348314606742,-122.6412004122434,0.0,0.0,0.0,0.0,0.0,0.0,0.0	634.399536133,46.21348314606742,-122.53240082448681,0.0,0.0,0.0,0.0,0.0,0.0,0.0	668.089172363,46.21348314606742,-122.42360123673022,0.0,0.0,0.0,0.0,0.0,0.0,0.0	777.674743652,46.21348314606742,-122.31480164897363,0.0,0.0,0.0,0.0,0.0,0.0,0.0	1809.943969727,46.21348314606742,-122.20600206121703,0.0,0.0,0.0,0.0,0.0,0.0,0.0	749.740966797,46.21348314606742,-122.09720247346044,0.0,0.0,0.0,0.0,0.0,0.0,0.0	1082.218994141,46.21348314606742,-121.98840288570385,0.0,0.0,0.0,0.0,0.0,0.0,0.0	1141.880981445,46.21348314606742,-121.87960329794726,0.0,0.0,0.0,0.0,0.0,0.0,0.0	1141.323852539,46.21348314606742,-121.77080371019066,0.0,0.0,0.0,0.0,0.0,0.0,0.0	882.130004883,46.21348314606742,-121.66200412243407,0.0,0.0,0.0,0.0,0.0,0.0,0.0	1969.179931641,46.21348314606742,-121.55320453467748,0.0,0.0,0.0,0.0,0.0,0.0,0.0	2175.562255859,46.21348314606742,-121.44440494692088,0.0,0.0,0.0,0.0,0.0,0.0,0.0	1319.224121094,46.21348314606742,-121.33560535916429,0.0,0.0,0.0,0.0,0.0,0.0,0.0	927.042602539,46.21348314606742,-121.2268057714077,0.0,0.0,0.0,0.0,0.0,0.0,0.0	1182.435180664,46.21348314606742,-121.1180061836511,0.0,0.0,0.0,0.0,0.0,0.0,0.0	1026.717895508,46.21348314606742,-121.00920659589451,0.0,0.0,0.0,0.0,0.0,0.0,0.0	1112.73059082,46.21348314606742,-120.90040700813792,0.0,0.0,0.0,0.0,0.0,0.0,0.0
 0.0,46.151685393258425,-124.59751513795112,0.0,0.0,0.0,0.0,0.0,0.0,0.0	0.0,46.151685393258425,-124.48883777689517,0.0,0.0,0.0,0.0,0.0,0.0,0.0	0.0,46.151685393258425,-124.38016041583923,0.0,0.0,0.0,0.0,0.0,0.0,0.0	0.0,46.151685393258425,-124.27148305478327,0.0,0.0,0.0,0.0,0.0,0.0,0.0	0.0,46.151685393258425,-124.16280569372732,0.0,0.0,0.0,0.0,0.0,0.0,0.0	0.0,46.151685393258425,-124.05412833267138,0.0,0.0,0.0,0.0,0.0,0.0,0.0	6.939356804,46.151685393258425,-123.94545097161543,0.0,0.0,0.0,0.0,0.0,0.0,0.0	1.919490814,46.151685393258425,-123.83677361055948,0.0,0.0,0.0,0.0,0.0,0.0,0.0	28.420951843,46.151685393258425,-123.72809624950354,0.0,0.0,0.0,0.0,0.0,0.0,0.0	64.066947937,46.151685393258425,-123.61941888844758,0.0,0.0,0.0,0.0,0.0,0.0,0.0	227.32699585,46.151685393258425,-123.51074152739163,0.0,0.0,0.0,0.0,0.0,0.0,0.0	5.47908783,46.151685393258425,-123.40206416633569,0.0,0.0,0.0,0.0,0.0,0.0,0.0	1.37769866,46.151685393258425,-123.29338680527974,0.0,0.0,0.0,0.0,0.0,0.0,0.0	0.819999993,46.151685393258425,-123.18470944422378,0.0,0.0,0.0,0.0,0.0,0.0,0.0	112.656433105,46.151685393258425,-123.07603208316785,0.0,0.0,0.0,0.0,0.0,0.0,0.0	2.487010241,46.151685393258425,-122.96735472211189,0.0,0.0,0.0,0.0,0.0,0.0,0.0	162.572097778,46.151685393258425,-122.85867736105594,0.0,0.0,0.0,0.0,0.0,0.0,0.0	367.406097412,46.151685393258425,-122.75,0.0,0.0,0.0,0.0,0.0,0.0,0.0	358.453063965,46.151685393258425,-122.64132263894405,0.0,0.0,0.0,0.0,0.0,0.0,0.0	338.863098145,46.151685393258425,-122.5326452778881,0.0,0.0,0.0,0.0,0.0,0.0,0.0	709.468933105,46.151685393258425,-122.42396791683215,0.0,0.0,0.0,0.0,0.0,0.0,0.0	771.96875,46.151685393258425,-122.3152905557762,0.0,0.0,0.0,0.0,0.0,0.0,0.0	1060.479492188,46.151685393258425,-122.20661319472025,0.0,0.0,0.0,0.0,0.0,0.0,0.0	873.190795898,46.151685393258425,-122.09793583366431,0.0,0.0,0.0,0.0,0.0,0.0,0.0	679.729553223,46.151685393258425,-121.98925847260836,0.0,0.0,0.0,0.0,0.0,0.0,0.0	529.08001709,46.151685393258425,-121.8805811115524,0.0,0.0,0.0,0.0,0.0,0.0,0.0	1207.851806641,46.151685393258425,-121.77190375049646,0.0,0.0,0.0,0.0,0.0,0.0,0.0	1253.419921875,46.151685393258425,-121.66322638944051,0.0,0.0,0.0,0.0,0.0,0.0,0.0	1332.040039062,46.151685393258425,-121.55454902838456,0.0,0.0,0.0,0.0,0.0,0.0,0.0	1889.861694336,46.151685393258425,-121.44587166732862,0.0,0.0,0.0,0.0,0.0,0.0,0.0	1172.598510742,46.151685393258425,-121.33719430627266,0.0,0.0,0.0,0.0,0.0,0.0,0.0	981.431640625,46.151685393258425,-121.22851694521671,0.0,0.0,0.0,0.0,0.0,0.0,0.0	855.005859375,46.151685393258425,-121.11983958416076,0.0,0.0,0.0,0.0,0.0,0.0,0.0	896.670043945,46.151685393258425,-121.01116222310482,0.0,0.0,0.0,0.0,0.0,0.0,0.0	1061.184692383,46.151685393258425,-120.90248486204887,0.0,0.0,0.0,0.0,0.0,0.0,0.0
-0.0,46.08988764044944,-124.59544409180822,0.0,0.0,0.0,0.0,0.0,0.0,0.0	0.0,46.08988764044944,-124.48688855699596,0.0,0.0,0.0,0.0,0.0,0.0,0.0	0.0,46.08988764044944,-124.37833302218372,0.0,0.0,0.0,0.0,0.0,0.0,0.0	0.0,46.08988764044944,-124.26977748737147,0.0,0.0,0.0,0.0,0.0,0.0,0.0	0.0,46.08988764044944,-124.16122195255923,0.0,0.0,0.0,0.0,0.0,0.0,0.0	0.0,46.08988764044944,-124.05266641774698,0.0,0.0,0.0,0.0,0.0,0.0,0.0	0.0,46.08988764044944,-123.94411088293472,0.0,0.0,0.0,0.0,0.0,0.0,0.0	21.554504395,46.08988764044944,-123.83555534812248,0.0,0.0,0.0,0.0,0.0,0.0,0.0	40.220531464,46.08988764044944,-123.72699981331023,0.0,0.0,0.0,0.0,0.0,0.0,0.0	411.628204346,46.08988764044944,-123.61844427849799,0.0,0.0,0.0,0.0,0.0,0.0,0.0	247.347869873,46.08988764044944,-123.50988874368574,0.0,0.0,0.0,0.0,0.0,0.0,0.0	448.823913574,46.08988764044944,-123.40133320887348,0.0,0.0,0.0,0.0,0.0,0.0,0.0	369.571502686,46.08988764044944,-123.29277767406124,0.0,0.0,0.0,0.0,0.0,0.0,0.0	80.825515747,46.08988764044944,-123.18422213924899,0.0,0.0,0.0,0.0,0.0,0.0,0.0	205.753890991,46.08988764044944,-123.07566660443675,0.0,0.0,0.0,0.0,0.0,0.0,0.0	140.042663574,46.08988764044944,-122.9671110696245,0.0,0.0,0.0,0.0,0.0,0.0,0.0	103.930809021,46.08988764044944,-122.85855553481224,0.0,0.0,0.0,0.0,0.0,0.0,0.0	312.724761963,46.08988764044944,-122.75,0.0,0.0,0.0,0.0,0.0,0.0,0.0	409.706054688,46.08988764044944,-122.64144446518775,0.0,0.0,0.0,0.0,0.0,0.0,0.0	589.063476562,46.08988764044944,-122.53288893037549,0.0,0.0,0.0,0.0,0.0,0.0,0.0	361.612945557,46.08988764044944,-122.42433339556325,0.0,0.0,0.0,0.0,0.0,0.0,0.0	512.251708984,46.08988764044944,-122.315777860751,0.0,0.0,0.0,0.0,0.0,0.0,0.0	428.524749756,46.08988764044944,-122.20722232593876,0.0,0.0,0.0,0.0,0.0,0.0,0.0	719.724304199,46.08988764044944,-122.0986667911265,0.0,0.0,0.0,0.0,0.0,0.0,0.0	452.628723145,46.08988764044944,-121.99011125631425,0.0,0.0,0.0,0.0,0.0,0.0,0.0	929.552368164,46.08988764044944,-121.88155572150201,0.0,0.0,0.0,0.0,0.0,0.0,0.0	1281.969970703,46.08988764044944,-121.77300018668976,0.0,0.0,0.0,0.0,0.0,0.0,0.0	1190.017333984,46.08988764044944,-121.66444465187752,0.0,0.0,0.0,0.0,0.0,0.0,0.0	993.110046387,46.08988764044944,-121.55588911706526,0.0,0.0,0.0,0.0,0.0,0.0,0.0	1186.445800781,46.08988764044944,-121.44733358225301,0.0,0.0,0.0,0.0,0.0,0.0,0.0	891.169799805,46.08988764044944,-121.33877804744077,0.0,0.0,0.0,0.0,0.0,0.0,0.0	677.389343262,46.08988764044944,-121.23022251262852,0.0,0.0,0.0,0.0,0.0,0.0,0.0	770.051757812,46.08988764044944,-121.12166697781628,0.0,0.0,0.0,0.0,0.0,0.0,0.0	884.98638916,46.08988764044944,-121.01311144300402,0.0,0.0,0.0,0.0,0.0,0.0,0.0	1274.661254883,46.08988764044944,-120.90455590819177,0.0,0.0,0.0,0.0,0.0,0.0,0.0
+0.0,46.08988764044944,-124.59544409180822,0.0,0.0,0.0,0.0,0.0,0.0,0.0	0.0,46.08988764044944,-124.48688855699596,0.0,0.0,0.0,0.0,0.0,0.0,0.0	0.0,46.08988764044944,-124.37833302218372,0.0,0.0,0.0,0.0,0.0,0.0,0.0	0.0,46.08988764044944,-124.26977748737147,0.0,0.0,0.0,0.0,0.0,0.0,0.0	0.0,46.08988764044944,-124.16122195255923,0.0,0.0,0.0,0.0,0.0,0.0,0.0	0.0,46.08988764044944,-124.05266641774698,0.0,0.0,0.0,0.0,0.0,0.0,0.0	0.0,46.08988764044944,-123.94411088293472,0.0,0.0,0.0,0.0,0.0,0.0,0.0	21.554504395,46.08988764044944,-123.83555534812248,0.0,0.0,0.0,0.0,0.0,0.0,0.0	40.220531464,46.08988764044944,-123.72699981331023,0.0,0.0,0.0,0.0,0.0,0.0,0.0	411.628204346,46.08988764044944,-123.61844427849799,0.0,0.0,0.0,0.0,0.0,0.0,0.0	247.347869873,46.08988764044944,-123.50988874368574,0.0,0.0,0.0,0.0,0.0,0.0,0.0	448.823913574,46.08988764044944,-123.40133320887348,0.0,0.0,0.0,0.0,0.0,0.0,0.0	369.571502686,46.08988764044944,-123.29277767406124,0.0,0.0,0.0,0.0,0.0,0.0,0.0	80.825515747,46.08988764044944,-123.18422213924899,0.0,0.0,0.0,0.0,0.0,0.0,0.0	205.753890991,46.08988764044944,-123.07566660443675,9.895117722212083,1328.6533333333334,761.2536666666667,1.7453490098131985,5.191750777405708,76.46375092238593,70.29021549747821	140.042663574,46.08988764044944,-122.9671110696245,10.24893228691367,1327.64,773.5173333333333,1.7163674849777124,5.291044701520253,76.43997073225071,69.3748076218395	103.930809021,46.08988764044944,-122.85855553481224,0.0,0.0,0.0,0.0,0.0,0.0,0.0	312.724761963,46.08988764044944,-122.75,0.0,0.0,0.0,0.0,0.0,0.0,0.0	409.706054688,46.08988764044944,-122.64144446518775,0.0,0.0,0.0,0.0,0.0,0.0,0.0	589.063476562,46.08988764044944,-122.53288893037549,0.0,0.0,0.0,0.0,0.0,0.0,0.0	361.612945557,46.08988764044944,-122.42433339556325,0.0,0.0,0.0,0.0,0.0,0.0,0.0	512.251708984,46.08988764044944,-122.315777860751,0.0,0.0,0.0,0.0,0.0,0.0,0.0	428.524749756,46.08988764044944,-122.20722232593876,0.0,0.0,0.0,0.0,0.0,0.0,0.0	719.724304199,46.08988764044944,-122.0986667911265,0.0,0.0,0.0,0.0,0.0,0.0,0.0	452.628723145,46.08988764044944,-121.99011125631425,0.0,0.0,0.0,0.0,0.0,0.0,0.0	929.552368164,46.08988764044944,-121.88155572150201,0.0,0.0,0.0,0.0,0.0,0.0,0.0	1281.969970703,46.08988764044944,-121.77300018668976,0.0,0.0,0.0,0.0,0.0,0.0,0.0	1190.017333984,46.08988764044944,-121.66444465187752,0.0,0.0,0.0,0.0,0.0,0.0,0.0	993.110046387,46.08988764044944,-121.55588911706526,0.0,0.0,0.0,0.0,0.0,0.0,0.0	1186.445800781,46.08988764044944,-121.44733358225301,0.0,0.0,0.0,0.0,0.0,0.0,0.0	891.169799805,46.08988764044944,-121.33877804744077,0.0,0.0,0.0,0.0,0.0,0.0,0.0	677.389343262,46.08988764044944,-121.23022251262852,0.0,0.0,0.0,0.0,0.0,0.0,0.0	770.051757812,46.08988764044944,-121.12166697781628,0.0,0.0,0.0,0.0,0.0,0.0,0.0	884.98638916,46.08988764044944,-121.01311144300402,0.0,0.0,0.0,0.0,0.0,0.0,0.0	1274.661254883,46.08988764044944,-120.90455590819177,0.0,0.0,0.0,0.0,0.0,0.0,0.0
 0.0,46.02808988764045,-124.59337982575416,0.0,0.0,0.0,0.0,0.0,0.0,0.0	0.0,46.02808988764045,-124.48494571835685,0.0,0.0,0.0,0.0,0.0,0.0,0.0	0.0,46.02808988764045,-124.37651161095955,0.0,0.0,0.0,0.0,0.0,0.0,0.0	0.0,46.02808988764045,-124.26807750356224,0.0,0.0,0.0,0.0,0.0,0.0,0.0	0.0,46.02808988764045,-124.15964339616494,0.0,0.0,0.0,0.0,0.0,0.0,0.0	0.0,46.02808988764045,-124.05120928876764,0.0,0.0,0.0,0.0,0.0,0.0,0.0	0.0,46.02808988764045,-123.94277518137034,0.0,0.0,0.0,0.0,0.0,0.0,0.0	182.830764771,46.02808988764045,-123.83434107397304,0.0,0.0,0.0,0.0,0.0,0.0,0.0	464.38067627,46.02808988764045,-123.72590696657574,0.0,0.0,0.0,0.0,0.0,0.0,0.0	391.321380615,46.02808988764045,-123.61747285917842,0.0,0.0,0.0,0.0,0.0,0.0,0.0	386.74911499,46.02808988764045,-123.50903875178112,0.0,0.0,0.0,0.0,0.0,0.0,0.0	224.498260498,46.02808988764045,-123.40060464438382,0.0,0.0,0.0,0.0,0.0,0.0,0.0	312.786987305,46.02808988764045,-123.29217053698652,0.0,0.0,0.0,0.0,0.0,0.0,0.0	447.322753906,46.02808988764045,-123.18373642958922,0.0,0.0,0.0,0.0,0.0,0.0,0.0	262.485229492,46.02808988764045,-123.07530232219192,0.0,0.0,0.0,0.0,0.0,0.0,0.0	321.38269043,46.02808988764045,-122.9668682147946,0.0,0.0,0.0,0.0,0.0,0.0,0.0	4.864190578,46.02808988764045,-122.8584341073973,0.0,0.0,0.0,0.0,0.0,0.0,0.0	205.048187256,46.02808988764045,-122.75,0.0,0.0,0.0,0.0,0.0,0.0,0.0	223.937088013,46.02808988764045,-122.6415658926027,0.0,0.0,0.0,0.0,0.0,0.0,0.0	564.201843262,46.02808988764045,-122.5331317852054,0.0,0.0,0.0,0.0,0.0,0.0,0.0	818.114624023,46.02808988764045,-122.42469767780808,0.0,0.0,0.0,0.0,0.0,0.0,0.0	152.641433716,46.02808988764045,-122.31626357041078,0.0,0.0,0.0,0.0,0.0,0.0,0.0	974.087463379,46.02808988764045,-122.20782946301348,0.0,0.0,0.0,0.0,0.0,0.0,0.0	478.746307373,46.02808988764045,-122.09939535561618,0.0,0.0,0.0,0.0,0.0,0.0,0.0	834.79296875,46.02808988764045,-121.99096124821888,0.0,0.0,0.0,0.0,0.0,0.0,0.0	923.069946289,46.02808988764045,-121.88252714082158,0.0,0.0,0.0,0.0,0.0,0.0,0.0	1560.908691406,46.02808988764045,-121.77409303342426,0.0,0.0,0.0,0.0,0.0,0.0,0.0	1090.560058594,46.02808988764045,-121.66565892602696,0.0,0.0,0.0,0.0,0.0,0.0,0.0	678.914367676,46.02808988764045,-121.55722481862966,0.0,0.0,0.0,0.0,0.0,0.0,0.0	927.119628906,46.02808988764045,-121.44879071123236,0.0,0.0,0.0,0.0,0.0,0.0,0.0	637.733154297,46.02808988764045,-121.34035660383506,0.0,0.0,0.0,0.0,0.0,0.0,0.0	560.719360352,46.02808988764045,-121.23192249643775,0.0,0.0,0.0,0.0,0.0,0.0,0.0	695.950927734,46.02808988764045,-121.12348838904045,0.0,0.0,0.0,0.0,0.0,0.0,0.0	866.594787598,46.02808988764045,-121.01505428164315,0.0,0.0,0.0,0.0,0.0,0.0,0.0	1258.957397461,46.02808988764045,-120.90662017424584,0.0,0.0,0.0,0.0,0.0,0.0,0.0
 0.0,45.96629213483146,-124.59132231226747,0.0,0.0,0.0,0.0,0.0,0.0,0.0	0.0,45.96629213483146,-124.48300923507526,0.0,0.0,0.0,0.0,0.0,0.0,0.0	0.0,45.96629213483146,-124.37469615788305,0.0,0.0,0.0,0.0,0.0,0.0,0.0	0.0,45.96629213483146,-124.26638308069086,0.0,0.0,0.0,0.0,0.0,0.0,0.0	0.0,45.96629213483146,-124.15807000349865,0.0,0.0,0.0,0.0,0.0,0.0,0.0	0.0,45.96629213483146,-124.04975692630644,0.0,0.0,0.0,0.0,0.0,0.0,0.0	22.556686401,45.96629213483146,-123.94144384911424,0.0,0.0,0.0,0.0,0.0,0.0,0.0	307.245513916,45.96629213483146,-123.83313077192204,0.0,0.0,0.0,0.0,0.0,0.0,0.0	422.338500977,45.96629213483146,-123.72481769472984,0.0,0.0,0.0,0.0,0.0,0.0,0.0	402.532836914,45.96629213483146,-123.61650461753763,0.0,0.0,0.0,0.0,0.0,0.0,0.0	271.620269775,45.96629213483146,-123.50819154034542,0.0,0.0,0.0,0.0,0.0,0.0,0.0	234.890045166,45.96629213483146,-123.39987846315323,0.0,0.0,0.0,0.0,0.0,0.0,0.0	300.678161621,45.96629213483146,-123.29156538596102,0.0,0.0,0.0,0.0,0.0,0.0,0.0	191.989471436,45.96629213483146,-123.18325230876881,0.0,0.0,0.0,0.0,0.0,0.0,0.0	316.254119873,45.96629213483146,-123.07493923157661,0.0,0.0,0.0,0.0,0.0,0.0,0.0	128.804504395,45.96629213483146,-122.96662615438441,0.0,0.0,0.0,0.0,0.0,0.0,0.0	3.27426815,45.96629213483146,-122.85831307719221,0.0,0.0,0.0,0.0,0.0,0.0,0.0	450.321258545,45.96629213483146,-122.75,0.0,0.0,0.0,0.0,0.0,0.0,0.0	248.458007812,45.96629213483146,-122.64168692280779,0.0,0.0,0.0,0.0,0.0,0.0,0.0	240.198913574,45.96629213483146,-122.53337384561559,0.0,0.0,0.0,0.0,0.0,0.0,0.0	109.041923523,45.96629213483146,-122.42506076842339,0.0,0.0,0.0,0.0,0.0,0.0,0.0	209.720489502,45.96629213483146,-122.31674769123119,0.0,0.0,0.0,0.0,0.0,0.0,0.0	714.850402832,45.96629213483146,-122.20843461403898,0.0,0.0,0.0,0.0,0.0,0.0,0.0	619.209655762,45.96629213483146,-122.10012153684677,0.0,0.0,0.0,0.0,0.0,0.0,0.0	942.176696777,45.96629213483146,-121.99180845965458,0.0,0.0,0.0,0.0,0.0,0.0,0.0	982.959289551,45.96629213483146,-121.88349538246237,0.0,0.0,0.0,0.0,0.0,0.0,0.0	1240.807617188,45.96629213483146,-121.77518230527016,0.0,0.0,0.0,0.0,0.0,0.0,0.0	921.200012207,45.96629213483146,-121.66686922807796,0.0,0.0,0.0,0.0,0.0,0.0,0.0	695.621520996,45.96629213483146,-121.55855615088576,0.0,0.0,0.0,0.0,0.0,0.0,0.0	715.87121582,45.96629213483146,-121.45024307369356,0.0,0.0,0.0,0.0,0.0,0.0,0.0	557.234985352,45.96629213483146,-121.34192999650135,0.0,0.0,0.0,0.0,0.0,0.0,0.0	821.908508301,45.96629213483146,-121.23361691930914,0.0,0.0,0.0,0.0,0.0,0.0,0.0	661.534240723,45.96629213483146,-121.12530384211694,0.0,0.0,0.0,0.0,0.0,0.0,0.0	746.247741699,45.96629213483146,-121.01699076492474,0.0,0.0,0.0,0.0,0.0,0.0,0.0	895.709899902,45.96629213483146,-120.90867768773253,0.0,0.0,0.0,0.0,0.0,0.0,0.0
 0.0,45.90449438202247,-124.58927152398333,0.0,0.0,0.0,0.0,0.0,0.0,0.0	0.0,45.90449438202247,-124.48107908139608,0.0,0.0,0.0,0.0,0.0,0.0,0.0	0.0,45.90449438202247,-124.37288663880882,0.0,0.0,0.0,0.0,0.0,0.0,0.0	0.0,45.90449438202247,-124.26469419622157,0.0,0.0,0.0,0.0,0.0,0.0,0.0	0.0,45.90449438202247,-124.15650175363432,0.0,0.0,0.0,0.0,0.0,0.0,0.0	0.0,45.90449438202247,-124.04830931104705,0.0,0.0,0.0,0.0,0.0,0.0,0.0	178.888015747,45.90449438202247,-123.9401168684598,0.0,0.0,0.0,0.0,0.0,0.0,0.0	109.634284973,45.90449438202247,-123.83192442587254,0.0,0.0,0.0,0.0,0.0,0.0,0.0	343.146087646,45.90449438202247,-123.72373198328529,0.0,0.0,0.0,0.0,0.0,0.0,0.0	182.059280396,45.90449438202247,-123.61553954069804,0.0,0.0,0.0,0.0,0.0,0.0,0.0	196.170959473,45.90449438202247,-123.50734709811078,0.0,0.0,0.0,0.0,0.0,0.0,0.0	352.816864014,45.90449438202247,-123.39915465552353,0.0,0.0,0.0,0.0,0.0,0.0,0.0	290.741607666,45.90449438202247,-123.29096221293628,0.0,0.0,0.0,0.0,0.0,0.0,0.0	278.19543457,45.90449438202247,-123.18276977034901,0.0,0.0,0.0,0.0,0.0,0.0,0.0	448.646209717,45.90449438202247,-123.07457732776176,0.0,0.0,0.0,0.0,0.0,0.0,0.0	281.901184082,45.90449438202247,-122.9663848851745,0.0,0.0,0.0,0.0,0.0,0.0,0.0	179.508804321,45.90449438202247,-122.85819244258725,0.0,0.0,0.0,0.0,0.0,0.0,0.0	8.624245644,45.90449438202247,-122.75,0.0,0.0,0.0,0.0,0.0,0.0,0.0	219.559860229,45.90449438202247,-122.64180755741275,0.0,0.0,0.0,0.0,0.0,0.0,0.0	262.462921143,45.90449438202247,-122.5336151148255,0.0,0.0,0.0,0.0,0.0,0.0,0.0	175.836044312,45.90449438202247,-122.42542267223823,0.0,0.0,0.0,0.0,0.0,0.0,0.0	543.430664062,45.90449438202247,-122.31723022965097,0.0,0.0,0.0,0.0,0.0,0.0,0.0	686.719970703,45.90449438202247,-122.20903778706372,0.0,0.0,0.0,0.0,0.0,0.0,0.0	907.809997559,45.90449438202247,-122.10084534447647,0.0,0.0,0.0,0.0,0.0,0.0,0.0	1041.189941406,45.90449438202247,-121.99265290188922,0.0,0.0,0.0,0.0,0.0,0.0,0.0	800.812255859,45.90449438202247,-121.88446045930196,0.0,0.0,0.0,0.0,0.0,0.0,0.0	1071.612548828,45.90449438202247,-121.77626801671471,0.0,0.0,0.0,0.0,0.0,0.0,0.0	862.280456543,45.90449438202247,-121.66807557412746,0.0,0.0,0.0,0.0,0.0,0.0,0.0	857.684814453,45.90449438202247,-121.5598831315402,0.0,0.0,0.0,0.0,0.0,0.0,0.0	784.604064941,45.90449438202247,-121.45169068895294,0.0,0.0,0.0,0.0,0.0,0.0,0.0	720.188415527,45.90449438202247,-121.34349824636568,0.0,0.0,0.0,0.0,0.0,0.0,0.0	733.897033691,45.90449438202247,-121.23530580377843,0.0,0.0,0.0,0.0,0.0,0.0,0.0	459.243713379,45.90449438202247,-121.12711336119118,0.0,0.0,0.0,0.0,0.0,0.0,0.0	601.148498535,45.90449438202247,-121.01892091860392,0.0,0.0,0.0,0.0,0.0,0.0,0.0	685.43737793,45.90449438202247,-120.91072847601667,0.0,0.0,0.0,0.0,0.0,0.0,0.0
@@ -67,7 +67,7 @@ geo:37.5,48.5,-124.5,-121.0
 0.0,44.79213483146067,-124.55347705804084,0.0,0.0,0.0,0.0,0.0,0.0,0.0	0.0,44.79213483146067,-124.44739017227373,0.0,0.0,0.0,0.0,0.0,0.0,0.0	0.0,44.79213483146067,-124.34130328650663,0.0,0.0,0.0,0.0,0.0,0.0,0.0	0.0,44.79213483146067,-124.23521640073952,0.0,0.0,0.0,0.0,0.0,0.0,0.0	0.0,44.79213483146067,-124.1291295149724,0.0,0.0,0.0,0.0,0.0,0.0,0.0	108.276000977,44.79213483146067,-124.02304262920529,0.0,0.0,0.0,0.0,0.0,0.0,0.0	124.385490417,44.79213483146067,-123.9169557434382,0.0,0.0,0.0,0.0,0.0,0.0,0.0	169.871002197,44.79213483146067,-123.81086885767108,0.0,0.0,0.0,0.0,0.0,0.0,0.0	305.628540039,44.79213483146067,-123.70478197190397,0.0,0.0,0.0,0.0,0.0,0.0,0.0	261.466033936,44.79213483146067,-123.59869508613687,0.0,0.0,0.0,0.0,0.0,0.0,0.0	367.825195312,44.79213483146067,-123.49260820036976,0.0,0.0,0.0,0.0,0.0,0.0,0.0	139.421295166,44.79213483146067,-123.38652131460265,0.0,0.0,0.0,0.0,0.0,0.0,0.0	64.292327881,44.79213483146067,-123.28043442883553,0.0,0.0,0.0,0.0,0.0,0.0,0.0	95.80355072,44.79213483146067,-123.17434754306844,0.0,0.0,0.0,0.0,0.0,0.0,0.0	70.409072876,44.79213483146067,-123.06826065730132,0.0,0.0,0.0,0.0,0.0,0.0,0.0	130.543487549,44.79213483146067,-122.96217377153421,0.0,0.0,0.0,0.0,0.0,0.0,0.0	120.76171875,44.79213483146067,-122.8560868857671,0.0,0.0,0.0,0.0,0.0,0.0,0.0	148.131134033,44.79213483146067,-122.75,0.0,0.0,0.0,0.0,0.0,0.0,0.0	186.390182495,44.79213483146067,-122.64391311423289,0.0,0.0,0.0,0.0,0.0,0.0,0.0	357.664916992,44.79213483146067,-122.53782622846578,0.0,0.0,0.0,0.0,0.0,0.0,0.0	426.310302734,44.79213483146067,-122.43173934269868,0.0,0.0,0.0,0.0,0.0,0.0,0.0	1023.438293457,44.79213483146067,-122.32565245693156,0.0,0.0,0.0,0.0,0.0,0.0,0.0	1033.37902832,44.79213483146067,-122.21956557116445,0.0,0.0,0.0,0.0,0.0,0.0,0.0	1378.5390625,44.79213483146067,-122.11347868539734,0.0,0.0,0.0,0.0,0.0,0.0,0.0	946.604370117,44.79213483146067,-122.00739179963024,0.0,0.0,0.0,0.0,0.0,0.0,0.0	895.708862305,44.79213483146067,-121.90130491386313,0.0,0.0,0.0,0.0,0.0,0.0,0.0	1574.445556641,44.79213483146067,-121.79521802809602,0.0,0.0,0.0,0.0,0.0,0.0,0.0	1381.602661133,44.79213483146067,-121.68913114232892,0.0,0.0,0.0,0.0,0.0,0.0,0.0	1143.200073242,44.79213483146067,-121.5830442565618,0.0,0.0,0.0,0.0,0.0,0.0,0.0	898.448852539,44.79213483146067,-121.4769573707947,0.0,0.0,0.0,0.0,0.0,0.0,0.0	635.415466309,44.79213483146067,-121.37087048502758,0.0,0.0,0.0,0.0,0.0,0.0,0.0	487.009246826,44.79213483146067,-121.26478359926048,0.0,0.0,0.0,0.0,0.0,0.0,0.0	466.812866211,44.79213483146067,-121.15869671349337,0.0,0.0,0.0,0.0,0.0,0.0,0.0	582.434265137,44.79213483146067,-121.05260982772626,0.0,0.0,0.0,0.0,0.0,0.0,0.0	560.213378906,44.79213483146067,-120.94652294195916,0.0,0.0,0.0,0.0,0.0,0.0,0.0
 0.0,44.73033707865169,-124.55154904987467,0.0,0.0,0.0,0.0,0.0,0.0,0.0	0.0,44.73033707865169,-124.44557557635262,0.0,0.0,0.0,0.0,0.0,0.0,0.0	0.0,44.73033707865169,-124.33960210283058,0.0,0.0,0.0,0.0,0.0,0.0,0.0	0.0,44.73033707865169,-124.23362862930855,0.0,0.0,0.0,0.0,0.0,0.0,0.0	0.0,44.73033707865169,-124.12765515578651,0.0,0.0,0.0,0.0,0.0,0.0,0.0	31.286460876,44.73033707865169,-124.02168168226447,0.0,0.0,0.0,0.0,0.0,0.0,0.0	29.399711609,44.73033707865169,-123.91570820874243,0.0,0.0,0.0,0.0,0.0,0.0,0.0	60.997787476,44.73033707865169,-123.80973473522039,0.0,0.0,0.0,0.0,0.0,0.0,0.0	293.776367188,44.73033707865169,-123.70376126169836,0.0,0.0,0.0,0.0,0.0,0.0,0.0	478.758056641,44.73033707865169,-123.59778778817632,0.0,0.0,0.0,0.0,0.0,0.0,0.0	244.525756836,44.73033707865169,-123.49181431465428,0.0,0.0,0.0,0.0,0.0,0.0,0.0	227.241897583,44.73033707865169,-123.38584084113224,0.0,0.0,0.0,0.0,0.0,0.0,0.0	65.541313171,44.73033707865169,-123.2798673676102,0.0,0.0,0.0,0.0,0.0,0.0,0.0	62.424137115,44.73033707865169,-123.17389389408817,0.0,0.0,0.0,0.0,0.0,0.0,0.0	60.397331238,44.73033707865169,-123.06792042056613,0.0,0.0,0.0,0.0,0.0,0.0,0.0	85.286842346,44.73033707865169,-122.96194694704408,0.0,0.0,0.0,0.0,0.0,0.0,0.0	127.650032043,44.73033707865169,-122.85597347352204,0.0,0.0,0.0,0.0,0.0,0.0,0.0	197.504074097,44.73033707865169,-122.75,0.0,0.0,0.0,0.0,0.0,0.0,0.0	196.465744019,44.73033707865169,-122.64402652647797,0.0,0.0,0.0,0.0,0.0,0.0,0.0	498.903594971,44.73033707865169,-122.53805305295593,0.0,0.0,0.0,0.0,0.0,0.0,0.0	420.606750488,44.73033707865169,-122.43207957943389,0.0,0.0,0.0,0.0,0.0,0.0,0.0	710.335266113,44.73033707865169,-122.32610610591185,0.0,0.0,0.0,0.0,0.0,0.0,0.0	1286.839599609,44.73033707865169,-122.2201326323898,0.0,0.0,0.0,0.0,0.0,0.0,0.0	910.93951416,44.73033707865169,-122.11415915886778,0.0,0.0,0.0,0.0,0.0,0.0,0.0	1100.635986328,44.73033707865169,-122.00818568534574,0.0,0.0,0.0,0.0,0.0,0.0,0.0	1470.185668945,44.73033707865169,-121.9022122118237,0.0,0.0,0.0,0.0,0.0,0.0,0.0	1987.778808594,44.73033707865169,-121.79623873830165,0.0,0.0,0.0,0.0,0.0,0.0,0.0	1591.551025391,44.73033707865169,-121.69026526477961,0.0,0.0,0.0,0.0,0.0,0.0,0.0	1150.452636719,44.73033707865169,-121.58429179125758,0.0,0.0,0.0,0.0,0.0,0.0,0.0	979.545227051,44.73033707865169,-121.47831831773554,0.0,0.0,0.0,0.0,0.0,0.0,0.0	831.163024902,44.73033707865169,-121.3723448442135,0.0,0.0,0.0,0.0,0.0,0.0,0.0	654.529296875,44.73033707865169,-121.26637137069146,0.0,0.0,0.0,0.0,0.0,0.0,0.0	722.006958008,44.73033707865169,-121.16039789716942,0.0,0.0,0.0,0.0,0.0,0.0,0.0	676.350891113,44.73033707865169,-121.05442442364739,0.0,0.0,0.0,0.0,0.0,0.0,0.0	717.986328125,44.73033707865169,-120.94845095012535,0.0,0.0,0.0,0.0,0.0,0.0,0.0
 0.0,44.668539325842694,-124.54962725089352,0.0,0.0,0.0,0.0,0.0,0.0,0.0	0.0,44.668539325842694,-124.44376682437037,0.0,0.0,0.0,0.0,0.0,0.0,0.0	0.0,44.668539325842694,-124.33790639784722,0.0,0.0,0.0,0.0,0.0,0.0,0.0	0.0,44.668539325842694,-124.23204597132408,0.0,0.0,0.0,0.0,0.0,0.0,0.0	0.0,44.668539325842694,-124.12618554480093,0.0,0.0,0.0,0.0,0.0,0.0,0.0	42.765106201,44.668539325842694,-124.02032511827778,0.0,0.0,0.0,0.0,0.0,0.0,0.0	103.181228638,44.668539325842694,-123.91446469175463,0.0,0.0,0.0,0.0,0.0,0.0,0.0	119.609039307,44.668539325842694,-123.80860426523148,0.0,0.0,0.0,0.0,0.0,0.0,0.0	64.948104858,44.668539325842694,-123.70274383870834,0.0,0.0,0.0,0.0,0.0,0.0,0.0	145.746536255,44.668539325842694,-123.59688341218519,0.0,0.0,0.0,0.0,0.0,0.0,0.0	218.210784912,44.668539325842694,-123.49102298566204,0.0,0.0,0.0,0.0,0.0,0.0,0.0	256.659240723,44.668539325842694,-123.38516255913889,0.0,0.0,0.0,0.0,0.0,0.0,0.0	110.118415833,44.668539325842694,-123.27930213261574,0.0,0.0,0.0,0.0,0.0,0.0,0.0	82.711921692,44.668539325842694,-123.1734417060926,0.0,0.0,0.0,0.0,0.0,0.0,0.0	72.703338623,44.668539325842694,-123.06758127956945,0.0,0.0,0.0,0.0,0.0,0.0,0.0	75.064941406,44.668539325842694,-122.9617208530463,0.0,0.0,0.0,0.0,0.0,0.0,0.0	159.185287476,44.668539325842694,-122.85586042652315,0.0,0.0,0.0,0.0,0.0,0.0,0.0	310.430267334,44.668539325842694,-122.75,0.0,0.0,0.0,0.0,0.0,0.0,0.0	485.875305176,44.668539325842694,-122.64413957347686,0.0,0.0,0.0,0.0,0.0,0.0,0.0	654.661682129,44.668539325842694,-122.53827914695371,0.0,0.0,0.0,0.0,0.0,0.0,0.0	742.602478027,44.668539325842694,-122.43241872043056,0.0,0.0,0.0,0.0,0.0,0.0,0.0	1270.203491211,44.668539325842694,-122.32655829390741,0.0,0.0,0.0,0.0,0.0,0.0,0.0	1210.262084961,44.668539325842694,-122.22069786738426,0.0,0.0,0.0,0.0,0.0,0.0,0.0	831.448303223,44.668539325842694,-122.11483744086112,0.0,0.0,0.0,0.0,0.0,0.0,0.0	968.457336426,44.668539325842694,-122.00897701433797,0.0,0.0,0.0,0.0,0.0,0.0,0.0	1116.781982422,44.668539325842694,-121.90311658781482,0.0,0.0,0.0,0.0,0.0,0.0,0.0	2730.944580078,44.668539325842694,-121.79725616129167,0.0,0.0,0.0,0.0,0.0,0.0,0.0	1746.360351562,44.668539325842694,-121.69139573476852,0.0,0.0,0.0,0.0,0.0,0.0,0.0	804.537902832,44.668539325842694,-121.58553530824538,0.0,0.0,0.0,0.0,0.0,0.0,0.0	969.252258301,44.668539325842694,-121.47967488172223,0.0,0.0,0.0,0.0,0.0,0.0,0.0	757.720275879,44.668539325842694,-121.37381445519908,0.0,0.0,0.0,0.0,0.0,0.0,0.0	527.214782715,44.668539325842694,-121.26795402867593,0.0,0.0,0.0,0.0,0.0,0.0,0.0	736.225830078,44.668539325842694,-121.16209360215278,0.0,0.0,0.0,0.0,0.0,0.0,0.0	731.571105957,44.668539325842694,-121.05623317562964,0.0,0.0,0.0,0.0,0.0,0.0,0.0	811.99230957,44.668539325842694,-120.95037274910649,0.0,0.0,0.0,0.0,0.0,0.0,0.0
-0.0,44.60674157303371,-124.54771163678346,0.0,0.0,0.0,0.0,0.0,0.0,0.0	0.0,44.60674157303371,-124.44196389344326,0.0,0.0,0.0,0.0,0.0,0.0,0.0	0.0,44.60674157303371,-124.33621615010306,0.0,0.0,0.0,0.0,0.0,0.0,0.0	0.0,44.60674157303371,-124.23046840676285,0.0,0.0,0.0,0.0,0.0,0.0,0.0	0.0,44.60674157303371,-124.12472066342265,0.0,0.0,0.0,0.0,0.0,0.0,0.0	1.480805635,44.60674157303371,-124.01897292008245,0.0,0.0,0.0,0.0,0.0,0.0,0.0	76.461578369,44.60674157303371,-123.91322517674224,0.0,0.0,0.0,0.0,0.0,0.0,0.0	140.475219727,44.60674157303371,-123.80747743340203,0.0,0.0,0.0,0.0,0.0,0.0,0.0	237.522384644,44.60674157303371,-123.70172969006182,0.0,0.0,0.0,0.0,0.0,0.0,0.0	232.648956299,44.60674157303371,-123.59598194672162,0.0,0.0,0.0,0.0,0.0,0.0,0.0	199.899978638,44.60674157303371,-123.49023420338142,0.0,0.0,0.0,0.0,0.0,0.0,0.0	212.111495972,44.60674157303371,-123.38448646004122,0.0,0.0,0.0,0.0,0.0,0.0,0.0	160.802185059,44.60674157303371,-123.27873871670101,0.0,0.0,0.0,0.0,0.0,0.0,0.0	62.464351654,44.60674157303371,-123.17299097336081,0.0,0.0,0.0,0.0,0.0,0.0,0.0	73.06010437,44.60674157303371,-123.06724323002061,0.0,0.0,0.0,0.0,0.0,0.0,0.0	86.15196228,44.60674157303371,-122.9614954866804,0.0,0.0,0.0,0.0,0.0,0.0,0.0	102.870727539,44.60674157303371,-122.8557477433402,0.0,0.0,0.0,0.0,0.0,0.0,0.0	176.186172485,44.60674157303371,-122.75,0.0,0.0,0.0,0.0,0.0,0.0,0.0	555.504150391,44.60674157303371,-122.6442522566598,0.0,0.0,0.0,0.0,0.0,0.0,0.0	545.850402832,44.60674157303371,-122.5385045133196,0.0,0.0,0.0,0.0,0.0,0.0,0.0	999.878234863,44.60674157303371,-122.43275676997939,0.0,0.0,0.0,0.0,0.0,0.0,0.0	747.765258789,44.60674157303371,-122.32700902663917,0.0,0.0,0.0,0.0,0.0,0.0,0.0	1164.92199707,44.60674157303371,-122.22126128329897,0.0,0.0,0.0,0.0,0.0,0.0,0.0	995.389770508,44.60674157303371,-122.11551353995877,0.0,0.0,0.0,0.0,0.0,0.0,0.0	1236.475219727,44.60674157303371,-122.00976579661857,0.0,0.0,0.0,0.0,0.0,0.0,0.0	1381.088867188,44.60674157303371,-121.90401805327836,0.0,0.0,0.0,0.0,0.0,0.0,0.0	1858.44543457,44.60674157303371,-121.79827030993816,0.0,0.0,0.0,0.0,0.0,0.0,0.0	1061.028686523,44.60674157303371,-121.69252256659796,0.0,0.0,0.0,0.0,0.0,0.0,0.0	1164.444458008,44.60674157303371,-121.58677482325776,0.0,0.0,0.0,0.0,0.0,0.0,0.0	796.408691406,44.60674157303371,-121.48102707991755,0.0,0.0,0.0,0.0,0.0,0.0,0.0	830.203369141,44.60674157303371,-121.37527933657735,0.0,0.0,0.0,0.0,0.0,0.0,0.0	771.799377441,44.60674157303371,-121.26953159323715,0.0,0.0,0.0,0.0,0.0,0.0,0.0	758.86932373,44.60674157303371,-121.16378384989694,0.0,0.0,0.0,0.0,0.0,0.0,0.0	787.634216309,44.60674157303371,-121.05803610655673,0.0,0.0,0.0,0.0,0.0,0.0,0.0	991.333312988,44.60674157303371,-120.95228836321652,0.0,0.0,0.0,0.0,0.0,0.0,0.0
+0.0,44.60674157303371,-124.54771163678346,11.619091075013689,1402.4,727.4946666666667,1.9277117266380877,2.1867341216156255,88.88039721202857,94.74798777149115	0.0,44.60674157303371,-124.44196389344326,11.574949808359191,1411.3666666666666,724.9106666666667,1.94695254403761,2.170289789641533,88.64464988418655,94.67656962949444	0.0,44.60674157303371,-124.33621615010306,0.0,0.0,0.0,0.0,0.0,0.0,0.0	0.0,44.60674157303371,-124.23046840676285,0.0,0.0,0.0,0.0,0.0,0.0,0.0	0.0,44.60674157303371,-124.12472066342265,0.0,0.0,0.0,0.0,0.0,0.0,0.0	1.480805635,44.60674157303371,-124.01897292008245,0.0,0.0,0.0,0.0,0.0,0.0,0.0	76.461578369,44.60674157303371,-123.91322517674224,0.0,0.0,0.0,0.0,0.0,0.0,0.0	140.475219727,44.60674157303371,-123.80747743340203,0.0,0.0,0.0,0.0,0.0,0.0,0.0	237.522384644,44.60674157303371,-123.70172969006182,0.0,0.0,0.0,0.0,0.0,0.0,0.0	232.648956299,44.60674157303371,-123.59598194672162,0.0,0.0,0.0,0.0,0.0,0.0,0.0	199.899978638,44.60674157303371,-123.49023420338142,0.0,0.0,0.0,0.0,0.0,0.0,0.0	212.111495972,44.60674157303371,-123.38448646004122,0.0,0.0,0.0,0.0,0.0,0.0,0.0	160.802185059,44.60674157303371,-123.27873871670101,0.0,0.0,0.0,0.0,0.0,0.0,0.0	62.464351654,44.60674157303371,-123.17299097336081,0.0,0.0,0.0,0.0,0.0,0.0,0.0	73.06010437,44.60674157303371,-123.06724323002061,0.0,0.0,0.0,0.0,0.0,0.0,0.0	86.15196228,44.60674157303371,-122.9614954866804,0.0,0.0,0.0,0.0,0.0,0.0,0.0	102.870727539,44.60674157303371,-122.8557477433402,0.0,0.0,0.0,0.0,0.0,0.0,0.0	176.186172485,44.60674157303371,-122.75,0.0,0.0,0.0,0.0,0.0,0.0,0.0	555.504150391,44.60674157303371,-122.6442522566598,0.0,0.0,0.0,0.0,0.0,0.0,0.0	545.850402832,44.60674157303371,-122.5385045133196,0.0,0.0,0.0,0.0,0.0,0.0,0.0	999.878234863,44.60674157303371,-122.43275676997939,0.0,0.0,0.0,0.0,0.0,0.0,0.0	747.765258789,44.60674157303371,-122.32700902663917,0.0,0.0,0.0,0.0,0.0,0.0,0.0	1164.92199707,44.60674157303371,-122.22126128329897,0.0,0.0,0.0,0.0,0.0,0.0,0.0	995.389770508,44.60674157303371,-122.11551353995877,0.0,0.0,0.0,0.0,0.0,0.0,0.0	1236.475219727,44.60674157303371,-122.00976579661857,0.0,0.0,0.0,0.0,0.0,0.0,0.0	1381.088867188,44.60674157303371,-121.90401805327836,0.0,0.0,0.0,0.0,0.0,0.0,0.0	1858.44543457,44.60674157303371,-121.79827030993816,0.0,0.0,0.0,0.0,0.0,0.0,0.0	1061.028686523,44.60674157303371,-121.69252256659796,0.0,0.0,0.0,0.0,0.0,0.0,0.0	1164.444458008,44.60674157303371,-121.58677482325776,0.0,0.0,0.0,0.0,0.0,0.0,0.0	796.408691406,44.60674157303371,-121.48102707991755,0.0,0.0,0.0,0.0,0.0,0.0,0.0	830.203369141,44.60674157303371,-121.37527933657735,0.0,0.0,0.0,0.0,0.0,0.0,0.0	771.799377441,44.60674157303371,-121.26953159323715,0.0,0.0,0.0,0.0,0.0,0.0,0.0	758.86932373,44.60674157303371,-121.16378384989694,0.0,0.0,0.0,0.0,0.0,0.0,0.0	787.634216309,44.60674157303371,-121.05803610655673,0.0,0.0,0.0,0.0,0.0,0.0,0.0	991.333312988,44.60674157303371,-120.95228836321652,0.0,0.0,0.0,0.0,0.0,0.0,0.0
 0.0,44.54494382022472,-124.54580218336517,0.0,0.0,0.0,0.0,0.0,0.0,0.0	0.0,44.54494382022472,-124.44016676081428,0.0,0.0,0.0,0.0,0.0,0.0,0.0	0.0,44.54494382022472,-124.33453133826339,0.0,0.0,0.0,0.0,0.0,0.0,0.0	0.0,44.54494382022472,-124.22889591571249,0.0,0.0,0.0,0.0,0.0,0.0,0.0	0.0,44.54494382022472,-124.1232604931616,0.0,0.0,0.0,0.0,0.0,0.0,0.0	91.62310791,44.54494382022472,-124.0176250706107,0.0,0.0,0.0,0.0,0.0,0.0,0.0	286.154510498,44.54494382022472,-123.91198964805982,0.0,0.0,0.0,0.0,0.0,0.0,0.0	199.902923584,44.54494382022472,-123.80635422550893,0.0,0.0,0.0,0.0,0.0,0.0,0.0	162.802688599,44.54494382022472,-123.70071880295802,0.0,0.0,0.0,0.0,0.0,0.0,0.0	344.622924805,44.54494382022472,-123.59508338040713,0.0,0.0,0.0,0.0,0.0,0.0,0.0	262.520904541,44.54494382022472,-123.48944795785624,0.0,0.0,0.0,0.0,0.0,0.0,0.0	131.799865723,44.54494382022472,-123.38381253530535,0.0,0.0,0.0,0.0,0.0,0.0,0.0	67.672225952,44.54494382022472,-123.27817711275446,0.0,0.0,0.0,0.0,0.0,0.0,0.0	71.497772217,44.54494382022472,-123.17254169020356,0.0,0.0,0.0,0.0,0.0,0.0,0.0	80.851730347,44.54494382022472,-123.06690626765267,0.0,0.0,0.0,0.0,0.0,0.0,0.0	97.538131714,44.54494382022472,-122.96127084510178,0.0,0.0,0.0,0.0,0.0,0.0,0.0	226.984817505,44.54494382022472,-122.85563542255089,0.0,0.0,0.0,0.0,0.0,0.0,0.0	203.050369263,44.54494382022472,-122.75,0.0,0.0,0.0,0.0,0.0,0.0,0.0	523.149780273,44.54494382022472,-122.6443645774491,0.0,0.0,0.0,0.0,0.0,0.0,0.0	948.760864258,44.54494382022472,-122.5387291548982,0.0,0.0,0.0,0.0,0.0,0.0,0.0	509.395904541,44.54494382022472,-122.43309373234732,0.0,0.0,0.0,0.0,0.0,0.0,0.0	1173.466186523,44.54494382022472,-122.32745830979643,0.0,0.0,0.0,0.0,0.0,0.0,0.0	1133.32019043,44.54494382022472,-122.22182288724554,0.0,0.0,0.0,0.0,0.0,0.0,0.0	973.271728516,44.54494382022472,-122.11618746469463,0.0,0.0,0.0,0.0,0.0,0.0,0.0	1127.998901367,44.54494382022472,-122.01055204214374,0.0,0.0,0.0,0.0,0.0,0.0,0.0	1401.849365234,44.54494382022472,-121.90491661959285,0.0,0.0,0.0,0.0,0.0,0.0,0.0	1754.634765625,44.54494382022472,-121.79928119704196,0.0,0.0,0.0,0.0,0.0,0.0,0.0	1060.23059082,44.54494382022472,-121.69364577449107,0.0,0.0,0.0,0.0,0.0,0.0,0.0	1404.615844727,44.54494382022472,-121.58801035194018,0.0,0.0,0.0,0.0,0.0,0.0,0.0	1022.567810059,44.54494382022472,-121.48237492938928,0.0,0.0,0.0,0.0,0.0,0.0,0.0	861.110961914,44.54494382022472,-121.37673950683839,0.0,0.0,0.0,0.0,0.0,0.0,0.0	593.400024414,44.54494382022472,-121.2711040842875,0.0,0.0,0.0,0.0,0.0,0.0,0.0	799.848205566,44.54494382022472,-121.16546866173661,0.0,0.0,0.0,0.0,0.0,0.0,0.0	927.060668945,44.54494382022472,-121.05983323918572,0.0,0.0,0.0,0.0,0.0,0.0,0.0	1099.5703125,44.54494382022472,-120.95419781663482,0.0,0.0,0.0,0.0,0.0,0.0,0.0
 0.0,44.48314606741573,-124.54389886659303,0.0,0.0,0.0,0.0,0.0,0.0,0.0	0.0,44.48314606741573,-124.43837540385226,0.0,0.0,0.0,0.0,0.0,0.0,0.0	0.0,44.48314606741573,-124.3328519411115,0.0,0.0,0.0,0.0,0.0,0.0,0.0	0.0,44.48314606741573,-124.22732847837072,0.0,0.0,0.0,0.0,0.0,0.0,0.0	0.0,44.48314606741573,-124.12180501562996,0.0,0.0,0.0,0.0,0.0,0.0,0.0	17.111366272,44.48314606741573,-124.0162815528892,0.0,0.0,0.0,0.0,0.0,0.0,0.0	362.659057617,44.48314606741573,-123.91075809014843,0.0,0.0,0.0,0.0,0.0,0.0,0.0	234.1690979,44.48314606741573,-123.80523462740766,0.0,0.0,0.0,0.0,0.0,0.0,0.0	482.141662598,44.48314606741573,-123.6997111646669,0.0,0.0,0.0,0.0,0.0,0.0,0.0	392.774414062,44.48314606741573,-123.59418770192613,0.0,0.0,0.0,0.0,0.0,0.0,0.0	309.195098877,44.48314606741573,-123.48866423918537,0.0,0.0,0.0,0.0,0.0,0.0,0.0	91.311210632,44.48314606741573,-123.3831407764446,0.0,0.0,0.0,0.0,0.0,0.0,0.0	75.649284363,44.48314606741573,-123.27761731370383,0.0,0.0,0.0,0.0,0.0,0.0,0.0	78.055335999,44.48314606741573,-123.17209385096307,0.0,0.0,0.0,0.0,0.0,0.0,0.0	79.810722351,44.48314606741573,-123.0665703882223,0.0,0.0,0.0,0.0,0.0,0.0,0.0	94.702163696,44.48314606741573,-122.96104692548154,0.0,0.0,0.0,0.0,0.0,0.0,0.0	178.022232056,44.48314606741573,-122.85552346274078,0.0,0.0,0.0,0.0,0.0,0.0,0.0	177.690032959,44.48314606741573,-122.75,0.0,0.0,0.0,0.0,0.0,0.0,0.0	553.158508301,44.48314606741573,-122.64447653725924,0.0,0.0,0.0,0.0,0.0,0.0,0.0	575.799804688,44.48314606741573,-122.53895307451847,0.0,0.0,0.0,0.0,0.0,0.0,0.0	290.844818115,44.48314606741573,-122.43342961177771,0.0,0.0,0.0,0.0,0.0,0.0,0.0	1102.359863281,44.48314606741573,-122.32790614903693,0.0,0.0,0.0,0.0,0.0,0.0,0.0	1020.359680176,44.48314606741573,-122.22238268629617,0.0,0.0,0.0,0.0,0.0,0.0,0.0	1052.929931641,44.48314606741573,-122.11685922355541,0.0,0.0,0.0,0.0,0.0,0.0,0.0	1111.878295898,44.48314606741573,-122.01133576081465,0.0,0.0,0.0,0.0,0.0,0.0,0.0	1491.221679688,44.48314606741573,-121.90581229807388,0.0,0.0,0.0,0.0,0.0,0.0,0.0	1623.670654297,44.48314606741573,-121.8002888353331,0.0,0.0,0.0,0.0,0.0,0.0,0.0	955.199829102,44.48314606741573,-121.69476537259234,0.0,0.0,0.0,0.0,0.0,0.0,0.0	1388.509521484,44.48314606741573,-121.58924190985158,0.0,0.0,0.0,0.0,0.0,0.0,0.0	1365.174682617,44.48314606741573,-121.48371844711082,0.0,0.0,0.0,0.0,0.0,0.0,0.0	867.693908691,44.48314606741573,-121.37819498437005,0.0,0.0,0.0,0.0,0.0,0.0,0.0	855.223205566,44.48314606741573,-121.27267152162928,0.0,0.0,0.0,0.0,0.0,0.0,0.0	916.992797852,44.48314606741573,-121.16714805888851,0.0,0.0,0.0,0.0,0.0,0.0,0.0	952.770202637,44.48314606741573,-121.06162459614775,0.0,0.0,0.0,0.0,0.0,0.0,0.0	1108.681884766,44.48314606741573,-120.95610113340699,0.0,0.0,0.0,0.0,0.0,0.0,0.0
 0.0,44.42134831460674,-124.5420016625542,0.0,0.0,0.0,0.0,0.0,0.0,0.0	0.0,44.42134831460674,-124.43658980005101,0.0,0.0,0.0,0.0,0.0,0.0,0.0	0.0,44.42134831460674,-124.33117793754782,0.0,0.0,0.0,0.0,0.0,0.0,0.0	0.0,44.42134831460674,-124.22576607504463,0.0,0.0,0.0,0.0,0.0,0.0,0.0	0.0,44.42134831460674,-124.12035421254144,0.0,0.0,0.0,0.0,0.0,0.0,0.0	0.66235435,44.42134831460674,-124.01494235003825,0.0,0.0,0.0,0.0,0.0,0.0,0.0	123.602905273,44.42134831460674,-123.90953048753506,0.0,0.0,0.0,0.0,0.0,0.0,0.0	400.017486572,44.42134831460674,-123.80411862503189,0.0,0.0,0.0,0.0,0.0,0.0,0.0	754.600952148,44.42134831460674,-123.6987067625287,0.0,0.0,0.0,0.0,0.0,0.0,0.0	178.716125488,44.42134831460674,-123.59329490002551,0.0,0.0,0.0,0.0,0.0,0.0,0.0	727.446594238,44.42134831460674,-123.48788303752232,0.0,0.0,0.0,0.0,0.0,0.0,0.0	263.246002197,44.42134831460674,-123.38247117501913,0.0,0.0,0.0,0.0,0.0,0.0,0.0	78.340637207,44.42134831460674,-123.27705931251595,0.0,0.0,0.0,0.0,0.0,0.0,0.0	81.561607361,44.42134831460674,-123.17164745001276,0.0,0.0,0.0,0.0,0.0,0.0,0.0	85.317054749,44.42134831460674,-123.06623558750957,0.0,0.0,0.0,0.0,0.0,0.0,0.0	250.172286987,44.42134831460674,-122.96082372500638,0.0,0.0,0.0,0.0,0.0,0.0,0.0	401.534729004,44.42134831460674,-122.85541186250319,0.0,0.0,0.0,0.0,0.0,0.0,0.0	164.198806763,44.42134831460674,-122.75,0.0,0.0,0.0,0.0,0.0,0.0,0.0	255.96484375,44.42134831460674,-122.64458813749681,0.0,0.0,0.0,0.0,0.0,0.0,0.0	507.774505615,44.42134831460674,-122.53917627499362,0.0,0.0,0.0,0.0,0.0,0.0,0.0	555.328186035,44.42134831460674,-122.43376441249043,0.0,0.0,0.0,0.0,0.0,0.0,0.0	778.946899414,44.42134831460674,-122.32835254998724,0.0,0.0,0.0,0.0,0.0,0.0,0.0	1053.52331543,44.42134831460674,-122.22294068748407,0.0,0.0,0.0,0.0,0.0,0.0,0.0	1126.247314453,44.42134831460674,-122.11752882498088,0.0,0.0,0.0,0.0,0.0,0.0,0.0	1061.499633789,44.42134831460674,-122.01211696247769,0.0,0.0,0.0,0.0,0.0,0.0,0.0	1467.357055664,44.42134831460674,-121.9067050999745,0.0,0.0,0.0,0.0,0.0,0.0,0.0	1327.501464844,44.42134831460674,-121.80129323747131,0.0,0.0,0.0,0.0,0.0,0.0,0.0	984.491516113,44.42134831460674,-121.69588137496812,0.0,0.0,0.0,0.0,0.0,0.0,0.0	1161.232055664,44.42134831460674,-121.59046951246494,0.0,0.0,0.0,0.0,0.0,0.0,0.0	976.551025391,44.42134831460674,-121.48505764996175,0.0,0.0,0.0,0.0,0.0,0.0,0.0	841.978515625,44.42134831460674,-121.37964578745856,0.0,0.0,0.0,0.0,0.0,0.0,0.0	850.227722168,44.42134831460674,-121.27423392495537,0.0,0.0,0.0,0.0,0.0,0.0,0.0	870.96673584,44.42134831460674,-121.16882206245218,0.0,0.0,0.0,0.0,0.0,0.0,0.0	1232.994140625,44.42134831460674,-121.06341019994899,0.0,0.0,0.0,0.0,0.0,0.0,0.0	1268.592407227,44.42134831460674,-120.9579983374458,0.0,0.0,0.0,0.0,0.0,0.0,0.0
diff --git a/nbs/tutorials/scale.ipynb b/nbs/tutorials/scale.ipynb
index a68e0fb..e80f63a 100644
--- a/nbs/tutorials/scale.ipynb
+++ b/nbs/tutorials/scale.ipynb
@@ -5,7 +5,49 @@
    "id": "1b787c46",
    "metadata": {},
    "source": [
-    "# Experiments with our new superpowrs\n"
+    "# Scalable Watershed Projection\n",
+    "\n",
+    "This notebook implements efficient watershed computation for zoomed/upsampled hex terrain, avoiding the O(n²) cost of full recomputation.\n",
+    "\n",
+    "## Core Algorithm\n",
+    "\n",
+    "The key insight: **inherit coarse watershed structure, then carve locally**.\n",
+    "\n",
+    "Pipeline:\n",
+    "1. Compute watersheds on coarse terrain (expensive, but small grid)\n",
+    "2. Upsample terrain with HFFT (preserves hex lattice structure)\n",
+    "3. Project coarse flow directions to fine regions\n",
+    "4. Carve each fine region to drain toward its downhill neighbor\n",
+    "5. Trace rivers from local peaks within each projected watershed\n",
+    "\n",
+    "Complexity: **O(n × k²)** where n = coarse hexes, k = scale factor — linear in fine hex count.\n",
+    "\n",
+    "## Classes\n",
+    "\n",
+    "### ChunkCover\n",
+    "Manages chunked terrain extraction and upsampling.\n",
+    "\n",
+    "- `mapAround(origin)` — Extract rectangular region with reflection padding for FFT\n",
+    "- `zoomChunk(origin, scale)` — Full zoom pipeline: extract → upsample → track invalid regions\n",
+    "- `carve_region_to_mouth(region, mouth)` — BFS from mouth, carving terrain to ensure drainage\n",
+    "- `find_region_mouth(region, downhill_region)` — Find lowest boundary hex touching downhill\n",
+    "- `carve_upsampled_watersheds(coarse_flow, fine_regions)` — Process all regions downstream-first\n",
+    "- `project_watersheds(coarse_basins, fine_regions, fine_terrain)` — Build Watersheds on fine grid\n",
+    "\n",
+    "### HFFT\n",
+    "Hexagonal Fast Fourier Transform for terrain upsampling.\n",
+    "\n",
+    "- Uses HECS (Hexagonal Efficient Coordinate System): even/odd rows as two interleaved arrays\n",
+    "- `upsample_simple(scale)` — Zero-pad in frequency domain, inverse FFT\n",
+    "- `upsample_with_detail(scale)` — Add fractal noise scaled to local variance\n",
+    "- `upsample_progressive(total_scale)` — Chain 2× steps for smoother results\n",
+    "\n",
+    "## Key Design Decisions\n",
+    "\n",
+    "1. **Single mouth per region** — One BFS start point, no coordination needed\n",
+    "2. **Process downstream-first** — When carving region A, downhill region B already has correct elevations\n",
+    "3. **Skip invalid hexes** — Reflection-padded hexes excluded from carving and watershed assignment\n",
+    "4. **Peak-based river tracing** — Avoids complex tree merging by using simple `from_peak` + `combine_rivers`\n"
    ]
   },
   {
@@ -792,45 +834,7 @@
    "id": "9a2b8cdc",
    "metadata": {},
    "source": [
-    "This is the implementation of the grids. does it seem possible now\n",
-    "\n",
-    "##### 🤖Reply🤖<!-- SOLVEIT_SEPARATOR_7f3a9b2c -->\n",
-    "\n",
-    "🧠🧠🧠🧠🧠🧠🧠🧠🧠🧠🧠🧠🧠🧠🧠🧠🧠🧠🧠🧠🧠🧠🧠🧠🧠🧠🧠🧠🧠🧠🧠🧠🧠🧠🧠🧠🧠🧠🧠🧠🧠🧠🧠🧠🧠🧠🧠🧠🧠🧠🧠🧠🧠🧠🧠🧠🧠🧠🧠🧠🧠🧠🧠🧠🧠🧠🧠🧠🧠🧠🧠🧠🧠🧠🧠🧠🧠🧠🧠🧠🧠🧠🧠🧠🧠🧠🧠🧠🧠🧠🧠🧠🧠🧠🧠🧠🧠🧠🧠🧠🧠🧠🧠🧠🧠🧠🧠🧠🧠🧠🧠🧠🧠🧠🧠🧠🧠🧠🧠🧠🧠🧠🧠🧠🧠🧠🧠🧠🧠🧠🧠🧠🧠🧠🧠🧠🧠🧠🧠🧠🧠🧠🧠🧠🧠🧠🧠🧠🧠🧠🧠🧠🧠🧠🧠🧠🧠🧠🧠🧠🧠🧠🧠🧠🧠🧠🧠🧠🧠🧠🧠🧠🧠🧠🧠🧠🧠🧠🧠🧠🧠🧠🧠🧠🧠🧠🧠🧠🧠🧠🧠🧠🧠🧠🧠🧠🧠🧠\n",
-    "\n",
-    "Yes, this looks very feasible! Your HexGrid already has the key structure needed.\n",
-    "\n",
-    "Looking at your `_build_hexes`:\n",
-    "```python\n",
-    "x_centers = width * (col_flat + 0.5 * (row_flat % 2)) + ...\n",
-    "```\n",
-    "\n",
-    "That `row % 2` is exactly the HECS split. Your odd-r offset layout naturally separates into two rectangular arrays:\n",
-    "\n",
-    "- **Array 0**: even rows (`row % 2 == 0`) \n",
-    "- **Array 1**: odd rows (`row % 2 == 1`)\n",
-    "\n",
-    "So for a 30×30 grid, you'd get two ~15×30 arrays that interleave back together.\n",
-    "\n",
-    "The conversion would be something like:\n",
-    "\n",
-    "```python\n",
-    "def to_hecs(terrain):\n",
-    "    \"\"\"Split elevations into two HECS sub-arrays.\"\"\"\n",
-    "    grid = terrain.hexGrid\n",
-    "    even_rows = terrain.elevations.reshape(grid.nRows, grid.nCols)[::2]   # rows 0,2,4...\n",
-    "    odd_rows = terrain.elevations.reshape(grid.nRows, grid.nCols)[1::2]   # rows 1,3,5...\n",
-    "    return even_rows, odd_rows\n",
-    "```\n",
-    "\n",
-    "The actual HFFT algorithm involves:\n",
-    "1. Apply standard 2D FFT to each sub-array\n",
-    "2. Some twiddle factor multiplication to handle the hex-to-rect relationship\n",
-    "3. Combine results\n",
-    "\n",
-    "For upsampling: zero-pad in frequency domain, then inverse transform.\n",
-    "\n",
-    "Want me to dig into the Birdsong-Rummelt paper to sketch out what the core FFT steps would look like in numpy?"
+    "### Fast Fourier transform"
    ]
   },
   {
@@ -1104,174 +1108,6 @@
     "Would this work on ChunkCover"
    ]
   },
-  {
-   "cell_type": "markdown",
-   "id": "7cc58c8c",
-   "metadata": {},
-   "source": [
-    "So the idea "
-   ]
-  },
-  {
-   "cell_type": "markdown",
-   "id": "6a22fb13",
-   "metadata": {},
-   "source": [
-    "So I want to start with the above combo\n",
-    "\n",
-    "##### 🤖Reply🤖<!-- SOLVEIT_SEPARATOR_7f3a9b2c -->\n",
-    "\n",
-    "🧠🧠🧠🧠🧠🧠🧠🧠🧠🧠🧠🧠🧠🧠🧠🧠🧠🧠🧠🧠🧠🧠🧠🧠🧠🧠🧠🧠🧠🧠🧠🧠🧠🧠🧠🧠🧠🧠🧠🧠🧠🧠🧠🧠🧠🧠🧠🧠🧠🧠🧠🧠🧠🧠🧠🧠🧠🧠🧠🧠🧠🧠🧠🧠🧠🧠🧠🧠🧠🧠🧠🧠🧠🧠🧠🧠🧠🧠🧠🧠🧠🧠🧠🧠🧠🧠🧠🧠🧠🧠🧠🧠🧠🧠🧠🧠🧠🧠🧠🧠🧠🧠🧠🧠🧠🧠🧠🧠🧠🧠🧠🧠🧠🧠🧠🧠🧠🧠🧠🧠🧠🧠🧠🧠🧠🧠🧠🧠🧠🧠🧠🧠🧠🧠🧠🧠🧠🧠🧠🧠🧠🧠🧠🧠🧠🧠🧠🧠🧠🧠🧠🧠🧠🧠🧠🧠🧠🧠🧠🧠🧠🧠🧠🧠🧠\n",
-    "\n",
-    "That's a solid approach! The idea of taking a center chunk + its 6 neighbors, combining them into a rectangular region, then upsampling makes sense for a \"zoom in\" operation.\n",
-    "\n",
-    "A few things to think about:\n",
-    "\n",
-    "1. **Combining chunks to a rectangle**: The 7-chunk hexagonal region needs to be extracted as a rectangular array for HFFT. You could use the bounding box of those chunk indices within the parent terrain.\n",
-    "\n",
-    "2. **Cropping after upsample**: After upsampling, you'd crop back to approximately the center chunk's area (now at higher resolution).\n",
-    "\n",
-    "One question: do you want to add a method to `ChunkCover` that does this \"dive\" operation, or would you prefer a separate class/function that takes a `ChunkCover` and a center position?"
-   ]
-  },
-  {
-   "cell_type": "markdown",
-   "id": "4df91ded",
-   "metadata": {},
-   "source": [
-    "We will need one function on ChunkCover that gives us the rectangular terrain around a chunk. if a chunk is at the edge we have the hexgrid invalid set to mark that we shouldn't use those. I know we will need to pad those for the algorithm. for right now lets assume we have the neighbors and will just do the opposite mirror (for instance if we are missing nw but have ne we would flip those. if we are missing both nw and ne then we would flip sw and se to fill for the algorithim. so this will give us a starter terrain that we could then feed into HFFT. Does this make sense? can we do a mapAround function?\n",
-    "\n",
-    "##### 🤖Reply🤖<!-- SOLVEIT_SEPARATOR_7f3a9b2c -->\n",
-    "\n",
-    "🧠🧠🧠🧠🧠🧠🧠🧠🧠🧠🧠🧠🧠🧠🧠🧠🧠🧠🧠🧠🧠🧠🧠🧠🧠🧠🧠🧠🧠🧠🧠🧠🧠🧠🧠🧠🧠🧠🧠🧠🧠🧠🧠🧠🧠🧠🧠🧠🧠🧠🧠🧠🧠🧠🧠🧠🧠🧠🧠🧠🧠🧠🧠🧠🧠🧠\n",
-    "\n",
-    "Yes, that makes sense! The mirroring approach is clever — it provides smooth boundary conditions for the FFT (similar to \"reflect\" padding) while keeping the data physically plausible.\n",
-    "\n",
-    "Let me confirm my understanding of `mapAround`:\n",
-    "\n",
-    "1. **Input**: A center chunk origin index\n",
-    "2. **Gather**: Center + 6 neighbors (using `HexPosition.directions()`)\n",
-    "3. **Handle edges**: If a neighbor is out of bounds, mirror from the opposite direction\n",
-    "4. **Output**: A rectangular `Terrain` containing the combined region, sized to fit the 7-chunk hexagonal area\n",
-    "\n",
-    "A couple of clarifying questions:\n",
-    "\n",
-    "- Should this return a new `Terrain` object with its own `HexGrid`, or just the elevation array with dimensions?\n",
-    "- For the mirroring, are you thinking of flipping the entire neighbor chunk's data, or just copying the opposite neighbor's data directly (without flipping)?"
-   ]
-  },
-  {
-   "cell_type": "markdown",
-   "id": "48504100",
-   "metadata": {},
-   "source": [
-    "This should return a new Terrain with elevations *and* all of the fields brought over.\n",
-    "\n",
-    "##### 🤖Reply🤖<!-- SOLVEIT_SEPARATOR_7f3a9b2c -->\n",
-    "\n",
-    "🧠🧠🧠🧠🧠🧠🧠🧠🧠🧠🧠🧠🧠🧠🧠🧠🧠🧠🧠🧠🧠🧠🧠🧠🧠🧠🧠🧠🧠🧠🧠🧠🧠🧠🧠\n",
-    "\n",
-    "Got it — a new `Terrain` with both elevations and all fields from `self.terrain.fields`.\n",
-    "\n",
-    "For the mirroring, just to be precise: if NW is missing but NE exists, do you want to:\n",
-    "\n",
-    "A) Copy NE's data into the NW slot directly (same orientation)\n",
-    "B) Flip NE's data horizontally before placing in NW slot\n",
-    "\n",
-    "Option A is simpler and often works fine for FFT padding. Option B is more physically \"correct\" for terrain symmetry but adds complexity.\n",
-    "\n",
-    "Which approach do you prefer?"
-   ]
-  },
-  {
-   "cell_type": "markdown",
-   "id": "ef653341",
-   "metadata": {},
-   "source": [
-    "so I worry about coasts. I think option A would not handle them well\n",
-    "\n",
-    "##### 🤖Reply🤖<!-- SOLVEIT_SEPARATOR_7f3a9b2c -->\n",
-    "\n",
-    "🧠🧠🧠🧠🧠🧠🧠🧠🧠🧠🧠🧠🧠🧠🧠🧠🧠🧠🧠🧠🧠🧠🧠🧠🧠🧠🧠🧠🧠🧠🧠🧠🧠🧠🧠🧠🧠🧠🧠🧠🧠🧠🧠🧠🧠🧠🧠🧠🧠🧠🧠🧠🧠🧠🧠🧠🧠🧠🧠🧠🧠🧠🧠🧠🧠🧠\n",
-    "\n",
-    "Good instinct! With coasts, Option A could suddenly put ocean where you expect land, creating jarring discontinuities.\n",
-    "\n",
-    "Option B (flip horizontally when mirroring NE→NW) keeps the coastline continuous — the water stays on the same relative \"outside\" edge.\n",
-    "\n",
-    "For the vertical pairs (N/S, NE/SE, NW/SW), you'd flip vertically instead.\n",
-    "\n",
-    "Want me to sketch out the `mapAround` method, or would you prefer to take a crack at it yourself?"
-   ]
-  },
-  {
-   "cell_type": "markdown",
-   "id": "70438f81",
-   "metadata": {},
-   "source": [
-    "Can you write the mapAround with the proper flipping\n",
-    "\n",
-    "##### 🤖Reply🤖<!-- SOLVEIT_SEPARATOR_7f3a9b2c -->\n",
-    "\n",
-    "🧠🧠🧠🧠🧠🧠🧠🧠🧠🧠🧠🧠🧠🧠🧠🧠🧠🧠🧠🧠🧠🧠🧠🧠🧠🧠🧠🧠🧠🧠🧠🧠🧠🧠🧠🧠🧠🧠🧠🧠🧠🧠🧠🧠🧠🧠🧠🧠🧠🧠🧠🧠🧠🧠🧠🧠🧠🧠🧠🧠🧠🧠🧠🧠🧠🧠🧠🧠🧠🧠🧠🧠🧠🧠🧠🧠🧠🧠🧠🧠🧠🧠🧠🧠🧠🧠🧠🧠🧠🧠🧠🧠🧠🧠🧠🧠🧠🧠🧠🧠🧠🧠🧠🧠🧠🧠🧠🧠🧠🧠🧠🧠🧠🧠🧠🧠🧠🧠🧠🧠🧠🧠🧠🧠🧠🧠🧠🧠🧠🧠🧠🧠🧠🧠🧠🧠🧠🧠🧠🧠🧠🧠🧠🧠🧠🧠🧠🧠🧠🧠🧠🧠🧠🧠🧠🧠🧠🧠🧠🧠🧠🧠🧠🧠🧠🧠🧠🧠🧠🧠🧠🧠🧠🧠🧠🧠🧠🧠🧠🧠🧠🧠🧠🧠🧠🧠🧠🧠🧠🧠🧠🧠🧠🧠🧠🧠🧠🧠🧠🧠🧠🧠🧠🧠🧠🧠🧠🧠🧠🧠🧠🧠🧠🧠🧠🧠🧠🧠🧠🧠🧠🧠🧠🧠🧠🧠🧠🧠🧠🧠🧠🧠🧠🧠🧠🧠🧠🧠🧠🧠🧠🧠🧠🧠🧠🧠🧠🧠🧠🧠🧠🧠🧠🧠🧠🧠🧠🧠🧠🧠🧠🧠🧠🧠🧠🧠🧠🧠🧠🧠🧠🧠🧠🧠🧠🧠🧠🧠🧠🧠🧠🧠🧠🧠🧠🧠🧠🧠🧠🧠🧠🧠🧠🧠🧠🧠🧠🧠🧠🧠🧠🧠🧠🧠🧠🧠🧠🧠🧠🧠🧠🧠🧠🧠🧠🧠🧠🧠🧠🧠🧠🧠🧠🧠🧠🧠🧠🧠🧠🧠🧠🧠🧠🧠🧠🧠🧠🧠🧠🧠🧠🧠🧠🧠🧠🧠🧠🧠🧠🧠🧠🧠🧠🧠🧠🧠🧠🧠🧠🧠🧠🧠🧠🧠🧠🧠🧠🧠🧠🧠🧠🧠🧠🧠🧠🧠🧠🧠🧠🧠🧠🧠🧠🧠🧠🧠🧠🧠🧠🧠🧠🧠🧠🧠🧠🧠🧠🧠🧠🧠🧠🧠🧠🧠🧠🧠🧠🧠🧠🧠🧠🧠🧠🧠🧠🧠🧠🧠🧠🧠🧠🧠🧠🧠🧠🧠🧠🧠🧠🧠🧠🧠🧠🧠🧠🧠🧠🧠🧠🧠🧠🧠🧠🧠🧠🧠🧠🧠🧠🧠🧠🧠🧠🧠🧠🧠🧠🧠🧠🧠🧠🧠🧠🧠🧠🧠🧠🧠🧠🧠🧠🧠🧠🧠🧠🧠🧠🧠🧠🧠🧠🧠🧠🧠🧠🧠🧠🧠🧠🧠🧠🧠🧠🧠🧠🧠🧠🧠🧠🧠🧠🧠🧠🧠🧠🧠🧠🧠🧠🧠🧠🧠🧠🧠🧠🧠🧠🧠🧠🧠🧠🧠🧠🧠🧠🧠🧠🧠🧠🧠🧠🧠🧠🧠🧠🧠🧠🧠🧠🧠🧠🧠🧠🧠🧠🧠🧠🧠🧠🧠🧠🧠🧠🧠🧠🧠🧠🧠🧠🧠🧠🧠🧠🧠🧠🧠🧠🧠🧠🧠🧠🧠🧠🧠🧠🧠🧠🧠🧠🧠🧠🧠🧠\n",
-    "\n",
-    "```python\n",
-    "@patch\n",
-    "def mapAround(self: ChunkCover, origin=None) -> Terrain:\n",
-    "    \"\"\"Create rectangular terrain around a chunk with edge mirroring for FFT.\n",
-    "    \n",
-    "    Extracts the region covering center + 6 neighbor chunks.\n",
-    "    Uses reflection padding at terrain boundaries to handle edges.\n",
-    "    \"\"\"\n",
-    "    grid = self.terrain.hexGrid\n",
-    "    if origin is None:\n",
-    "        origin = grid.middle\n",
-    "    \n",
-    "    center_row = origin // grid.nCols\n",
-    "    center_col = origin % grid.nCols\n",
-    "    \n",
-    "    # Region size to cover center + 6 neighbors (each at distance 2*rings)\n",
-    "    extent = 3 * self.rings + self.halo_rings\n",
-    "    \n",
-    "    # Reshape terrain data to 2D for padding\n",
-    "    elev_2d = self.terrain.elevations.reshape(grid.nRows, grid.nCols)\n",
-    "    field_2d = {k: v.reshape(grid.nRows, grid.nCols) for k, v in self.terrain.fields.items()}\n",
-    "    \n",
-    "    # Calculate padding needed on each side\n",
-    "    pad_top = max(0, extent - center_row)\n",
-    "    pad_bottom = max(0, (center_row + extent + 1) - grid.nRows)\n",
-    "    pad_left = max(0, extent - center_col)\n",
-    "    pad_right = max(0, (center_col + extent + 1) - grid.nCols)\n",
-    "    \n",
-    "    # Reflect pad to mirror edges (preserves coastlines)\n",
-    "    elev_padded = np.pad(elev_2d, ((pad_top, pad_bottom), (pad_left, pad_right)), mode='reflect')\n",
-    "    field_padded = {k: np.pad(v, ((pad_top, pad_bottom), (pad_left, pad_right)), mode='reflect') \n",
-    "                    for k, v in field_2d.items()}\n",
-    "    \n",
-    "    # Extract the region around center (now with padding offset)\n",
-    "    start_row = center_row - extent + pad_top\n",
-    "    start_col = center_col - extent + pad_left\n",
-    "    new_rows = 2 * extent + 1\n",
-    "    new_cols = 2 * extent + 1\n",
-    "    \n",
-    "    new_elev = elev_padded[start_row:start_row+new_rows, start_col:start_col+new_cols]\n",
-    "    new_fields = {k: v[start_row:start_row+new_rows, start_col:start_col+new_cols] \n",
-    "                  for k, v in field_padded.items()}\n",
-    "    \n",
-    "    # Create new terrain with extracted region\n",
-    "    new_grid = HexGrid(nRows=new_rows, nCols=new_cols, radius=grid.radius, style=grid.style)\n",
-    "    new_terrain = Terrain(bounds=new_grid.bounds, radius=new_grid.radius)\n",
-    "    new_terrain.hexGrid = new_grid\n",
-    "    new_terrain.elevations = new_elev.flatten()\n",
-    "    new_terrain.fields = {k: v.flatten() for k, v in new_fields.items()}\n",
-    "    \n",
-    "    return new_terrain\n",
-    "```\n",
-    "\n",
-    "This uses numpy's `mode='reflect'` which mirrors at boundaries — so if NW edge is missing, it reflects the NE data (flipped), which keeps coastlines continuous rather than abruptly cutting to ocean.\n",
-    "\n",
-    "Want to test it on your San Francisco terrain to see if the edge handling looks right?"
-   ]
-  },
   {
    "cell_type": "code",
    "execution_count": null,
@@ -1349,112 +1185,10 @@
   {
    "cell_type": "code",
    "execution_count": null,
-   "id": "a415e4b1",
+   "id": "90e60e66",
    "metadata": {},
    "outputs": [],
    "source": [
-    "??HexGrid"
-   ]
-  },
-  {
-   "cell_type": "markdown",
-   "id": "2c6b0a60",
-   "metadata": {},
-   "source": [
-    "so we need to mark the new terrain.hexGrid invalidRegion hexes for the ones we flip\n",
-    "\n",
-    "##### 🤖Reply🤖<!-- SOLVEIT_SEPARATOR_7f3a9b2c -->\n",
-    "\n",
-    "🧠🧠🧠🧠🧠🧠🧠🧠🧠🧠🧠🧠🧠🧠🧠🧠🧠🧠🧠🧠🧠🧠🧠🧠🧠🧠🧠🧠🧠🧠🧠🧠🧠🧠🧠🧠🧠🧠🧠🧠🧠🧠🧠🧠🧠🧠🧠🧠🧠🧠🧠🧠🧠🧠🧠🧠🧠\n",
-    "\n",
-    "Good call — we need to track which hexes came from reflection so downstream processing knows they're synthetic.\n",
-    "\n",
-    "```python\n",
-    "@patch\n",
-    "def mapAround(self: ChunkCover, origin=None) -> Terrain:\n",
-    "    \"\"\"Create rectangular terrain around a chunk with edge mirroring for FFT.\n",
-    "    \n",
-    "    Extracts the region covering center + 6 neighbor chunks.\n",
-    "    Uses reflection padding at terrain boundaries to handle edges.\n",
-    "    Marks reflected hexes in invalidRegion.\n",
-    "    \"\"\"\n",
-    "    grid = self.terrain.hexGrid\n",
-    "    if origin is None:\n",
-    "        origin = grid.middle\n",
-    "    \n",
-    "    center_row = origin // grid.nCols\n",
-    "    center_col = origin % grid.nCols\n",
-    "    \n",
-    "    # Region size to cover center + 6 neighbors (each at distance 2*rings)\n",
-    "    extent = 3 * self.rings + self.halo_rings\n",
-    "    \n",
-    "    # Reshape terrain data to 2D for padding\n",
-    "    elev_2d = self.terrain.elevations.reshape(grid.nRows, grid.nCols)\n",
-    "    field_2d = {k: v.reshape(grid.nRows, grid.nCols) for k, v in self.terrain.fields.items()}\n",
-    "    \n",
-    "    # Calculate padding needed on each side\n",
-    "    pad_top = max(0, extent - center_row)\n",
-    "    pad_bottom = max(0, (center_row + extent + 1) - grid.nRows)\n",
-    "    pad_left = max(0, extent - center_col)\n",
-    "    pad_right = max(0, (center_col + extent + 1) - grid.nCols)\n",
-    "    \n",
-    "    # Reflect pad to mirror edges (preserves coastlines)\n",
-    "    elev_padded = np.pad(elev_2d, ((pad_top, pad_bottom), (pad_left, pad_right)), mode='reflect')\n",
-    "    field_padded = {k: np.pad(v, ((pad_top, pad_bottom), (pad_left, pad_right)), mode='reflect') \n",
-    "                    for k, v in field_2d.items()}\n",
-    "    \n",
-    "    # Extract the region around center (now with padding offset)\n",
-    "    start_row = center_row - extent + pad_top\n",
-    "    start_col = center_col - extent + pad_left\n",
-    "    new_rows = 2 * extent + 1\n",
-    "    new_cols = 2 * extent + 1\n",
-    "    \n",
-    "    new_elev = elev_padded[start_row:start_row+new_rows, start_col:start_col+new_cols]\n",
-    "    new_fields = {k: v[start_row:start_row+new_rows, start_col:start_col+new_cols] \n",
-    "                  for k, v in field_padded.items()}\n",
-    "    \n",
-    "    # Create new terrain with extracted region\n",
-    "    new_grid = HexGrid(nRows=new_rows, nCols=new_cols, radius=grid.radius, style=grid.style)\n",
-    "    new_terrain = Terrain(bounds=new_grid.bounds, radius=new_grid.radius)\n",
-    "    new_terrain.hexGrid = new_grid\n",
-    "    new_terrain.elevations = new_elev.flatten()\n",
-    "    new_terrain.fields = {k: v.flatten() for k, v in new_fields.items()}\n",
-    "    \n",
-    "    # Mark invalid regions (hexes that came from reflection padding)\n",
-    "    invalid = set()\n",
-    "    for row in range(new_rows):\n",
-    "        for col in range(new_cols):\n",
-    "            # Map back to original terrain coordinates\n",
-    "            orig_row = (start_row - pad_top) + row\n",
-    "            orig_col = (start_col - pad_left) + col\n",
-    "            \n",
-    "            # If outside original bounds, it's reflected/invalid\n",
-    "            if orig_row < 0 or orig_row >= grid.nRows or orig_col < 0 or orig_col >= grid.nCols:\n",
-    "                invalid.add(row * new_cols + col)\n",
-    "    \n",
-    "    new_grid.invalidRegion = invalid\n",
-    "    \n",
-    "    return new_terrain\n",
-    "```\n",
-    "\n",
-    "Now `new_terrain.hexGrid.invalidRegion` contains the indices of all hexes that were filled via reflection. You can use this to:\n",
-    "- Skip them in algorithms\n",
-    "- Color them differently for debugging\n",
-    "- Crop them out after upsampling"
-   ]
-  },
-  {
-   "cell_type": "markdown",
-   "id": "19aca9f4",
-   "metadata": {},
-   "source": [
-    "Can you build a good test case for San Francicso?\n",
-    "\n",
-    "##### 🤖Reply🤖<!-- SOLVEIT_SEPARATOR_7f3a9b2c -->\n",
-    "\n",
-    "🧠🧠🧠🧠🧠🧠🧠🧠🧠🧠🧠🧠🧠🧠🧠🧠🧠🧠🧠🧠\n",
-    "\n",
-    "```python\n",
     "# Test mapAround on San Francisco terrain\n",
     "demoTerr = TerraDemo().sanFran()\n",
     "cover = ChunkCover(demoTerr, rings=3, halo_rings=1)\n",
@@ -1489,60 +1223,13 @@
     "    y_offset=-corner_map.hexGrid.builder.height/2 + 20,\n",
     "    class_name=textStyle.name\n",
     ")\n",
-    "corner_map.hexGrid.builder.show()\n",
-    "```\n",
-    "\n",
-    "This tests both the center (where no reflection should be needed) and a corner (where you should see the red reflected hexes). The invalid hexes are colored red so you can visually verify the reflection is happening on the correct edges."
+    "corner_map.hexGrid.builder.show()\n"
    ]
   },
   {
    "cell_type": "code",
    "execution_count": null,
-   "id": "90e60e66",
-   "metadata": {},
-   "outputs": [],
-   "source": [
-    "# Test mapAround on San Francisco terrain\n",
-    "demoTerr = TerraDemo().sanFran()\n",
-    "cover = ChunkCover(demoTerr, rings=3, halo_rings=1)\n",
-    "\n",
-    "# Test 1: Center of map (should have no invalid hexes)\n",
-    "center_map = cover.mapAround(origin=demoTerr.hexGrid.middle)\n",
-    "print(f\"Center extraction: {center_map.hexGrid.nRows}x{center_map.hexGrid.nCols}\")\n",
-    "print(f\"Invalid hexes: {len(center_map.hexGrid.invalidRegion)}\")\n",
-    "\n",
-    "# Test 2: Top-left corner (should have reflection padding)\n",
-    "corner_origin = 0  # top-left hex\n",
-    "corner_map = cover.mapAround(origin=corner_origin)\n",
-    "print(f\"\\nCorner extraction: {corner_map.hexGrid.nRows}x{corner_map.hexGrid.nCols}\")\n",
-    "print(f\"Invalid hexes: {len(corner_map.hexGrid.invalidRegion)}\")\n",
-    "\n",
-    "# Visualize the corner case\n",
-    "corner_map.colorMap()\n",
-    "corner_map.hexGrid.update()\n",
-    "\n",
-    "# Mark invalid hexes with a distinct style\n",
-    "invalid_style = StyleCSS(\"invalid\", fill=\"#ff000050\", stroke=\"red\", stroke_width=2)\n",
-    "corner_map.hexGrid.builder.add_style(invalid_style)\n",
-    "for idx in corner_map.hexGrid.invalidRegion:\n",
-    "    corner_map.hexGrid.hexes[idx].style = invalid_style\n",
-    "\n",
-    "corner_map.hexGrid.update()\n",
-    "textStyle = StyleCSS(\"textStyle\", fill=\"white\", font_size=\"1em\", \n",
-    "                     filter=\"drop-shadow(2px 2px 1px rgba(0,0,0,.7))\")\n",
-    "corner_map.hexGrid.builder.add_style(textStyle)\n",
-    "corner_map.hexGrid.builder.add_centered_text(\n",
-    "    f\"Corner extraction - {len(corner_map.hexGrid.invalidRegion)} reflected hexes\",\n",
-    "    y_offset=-corner_map.hexGrid.builder.height/2 + 20,\n",
-    "    class_name=textStyle.name\n",
-    ")\n",
-    "corner_map.hexGrid.builder.show()\n"
-   ]
-  },
-  {
-   "cell_type": "code",
-   "execution_count": null,
-   "id": "abb7d069",
+   "id": "abb7d069",
    "metadata": {},
    "outputs": [],
    "source": [
@@ -1573,143 +1260,6 @@
     "upTerr.hexGrid.builder.show()"
    ]
   },
-  {
-   "cell_type": "markdown",
-   "id": "7abff138",
-   "metadata": {},
-   "source": [
-    "So we need to mark the new terrain.hexGrid invalidRegion hexes for the ones we flip in upTerr\n",
-    "\n",
-    "##### 🤖Reply🤖<!-- SOLVEIT_SEPARATOR_7f3a9b2c -->\n",
-    "\n",
-    "🧠🧠🧠🧠🧠🧠🧠🧠🧠🧠🧠🧠🧠🧠🧠🧠🧠🧠🧠🧠🧠🧠🧠🧠🧠🧠🧠🧠🧠🧠🧠🧠🧠🧠🧠🧠🧠🧠🧠🧠🧠🧠🧠🧠🧠🧠🧠🧠🧠🧠🧠🧠🧠🧠🧠🧠🧠🧠🧠🧠🧠🧠🧠\n",
-    "\n",
-    "Right — the `invalidRegion` from `corner_map` needs to be scaled up to match the upsampled grid. Each original hex at `(row, col)` becomes a 2×2 block in the upsampled grid (for scale=2).\n",
-    "\n",
-    "```python\n",
-    "# Scale up the invalid region to match upsampled grid\n",
-    "def scale_invalid_region(original_invalid: set, orig_cols: int, scale: int, new_cols: int) -> set:\n",
-    "    \"\"\"Map invalid hex indices from original grid to upsampled grid.\"\"\"\n",
-    "    new_invalid = set()\n",
-    "    for idx in original_invalid:\n",
-    "        orig_row = idx // orig_cols\n",
-    "        orig_col = idx % orig_cols\n",
-    "        # Each original hex becomes a scale×scale block\n",
-    "        for dr in range(scale):\n",
-    "            for dc in range(scale):\n",
-    "                new_row = orig_row * scale + dr\n",
-    "                new_col = orig_col * scale + dc\n",
-    "                new_invalid.add(new_row * new_cols + new_col)\n",
-    "    return new_invalid\n",
-    "\n",
-    "# Apply to upsampled terrain\n",
-    "upGrid.invalidRegion = scale_invalid_region(\n",
-    "    corner_map.hexGrid.invalidRegion,\n",
-    "    corner_map.hexGrid.nCols,\n",
-    "    scale=2,\n",
-    "    new_cols=upGrid.nCols\n",
-    ")\n",
-    "\n",
-    "print(f\"Upsampled invalid hexes: {len(upGrid.invalidRegion)}\")\n",
-    "```\n",
-    "\n",
-    "For scale=2, each invalid hex becomes 4 invalid hexes, so you should see `320 * 4 = 1280` invalid hexes in the upsampled grid.\n",
-    "\n",
-    "You could also add this logic directly into `upsample_with_detail` so it returns the scaled invalid region, or make a helper that does the full `mapAround` → `upsample` → `scale_invalid` pipeline."
-   ]
-  },
-  {
-   "cell_type": "markdown",
-   "id": "56f7f084",
-   "metadata": {},
-   "source": [
-    "So lets build the proper ChunkCover pipeline  mapAround → upsample → scale_invalid pipeline in a function\n",
-    "\n",
-    "##### 🤖Reply🤖<!-- SOLVEIT_SEPARATOR_7f3a9b2c -->\n",
-    "\n",
-    "🧠🧠🧠🧠🧠🧠🧠🧠🧠🧠🧠\n",
-    "\n",
-    "Just a heads-up: some earlier messages were truncated from context due to size limits.\n",
-    "\n",
-    "Here's the combined pipeline:\n",
-    "\n",
-    "```python\n",
-    "@patch\n",
-    "def zoomChunk(self: ChunkCover, origin=None, scale: int = 2) -> Terrain:\n",
-    "    \"\"\"Zoom into a chunk region with upsampling and proper invalid region tracking.\n",
-    "    \n",
-    "    Pipeline: mapAround → upsample → scale_invalid\n",
-    "    \n",
-    "    Args:\n",
-    "        origin: Center hex index (defaults to grid middle)\n",
-    "        scale: Upsampling factor (default 2)\n",
-    "    \n",
-    "    Returns:\n",
-    "        Upsampled Terrain with invalidRegion scaled appropriately\n",
-    "    \"\"\"\n",
-    "    # Step 1: Extract region around chunk with reflection padding\n",
-    "    region = self.mapAround(origin)\n",
-    "    \n",
-    "    # Step 2: Upsample with HFFT\n",
-    "    hfft = HFFT(region.hexGrid, region.elevations)\n",
-    "    upsampled_elev, new_rows, new_cols = hfft.upsample_with_detail(scale=scale)\n",
-    "    \n",
-    "    # Step 3: Create upsampled terrain\n",
-    "    new_radius = region.hexGrid.radius / scale\n",
-    "    up_grid = HexGrid(nRows=new_rows, nCols=new_cols,\n",
-    "                      radius=new_radius,\n",
-    "                      style=region.hexGrid.style)\n",
-    "    \n",
-    "    up_terrain = Terrain(bounds=up_grid.bounds, radius=new_radius)\n",
-    "    up_terrain.hexGrid = up_grid\n",
-    "    up_terrain.elevations = upsampled_elev\n",
-    "    \n",
-    "    # Step 4: Scale up invalid region\n",
-    "    orig_invalid = region.hexGrid.invalidRegion\n",
-    "    orig_cols = region.hexGrid.nCols\n",
-    "    \n",
-    "    new_invalid = set()\n",
-    "    for idx in orig_invalid:\n",
-    "        orig_row = idx // orig_cols\n",
-    "        orig_col = idx % orig_cols\n",
-    "        # Each original hex becomes a scale×scale block\n",
-    "        for dr in range(scale):\n",
-    "            for dc in range(scale):\n",
-    "                new_row = orig_row * scale + dr\n",
-    "                new_col = orig_col * scale + dc\n",
-    "                new_invalid.add(new_row * new_cols + new_col)\n",
-    "    \n",
-    "    up_grid.invalidRegion = new_invalid\n",
-    "    \n",
-    "    return up_terrain\n",
-    "```\n",
-    "\n",
-    "Test it:\n",
-    "\n",
-    "```python\n",
-    "# Test the full pipeline\n",
-    "demoTerr = TerraDemo().sanFran()\n",
-    "cover = ChunkCover(demoTerr, rings=3, halo_rings=1)\n",
-    "\n",
-    "# Zoom into corner\n",
-    "zoomed = cover.zoomChunk(origin=0, scale=2)\n",
-    "\n",
-    "print(f\"Zoomed grid: {zoomed.hexGrid.nRows}x{zoomed.hexGrid.nCols}\")\n",
-    "print(f\"Invalid hexes: {len(zoomed.hexGrid.invalidRegion)} (expected {320*4})\")\n",
-    "\n",
-    "# Visualize with invalid marked\n",
-    "zoomed.colorMap()\n",
-    "zoomed.hexGrid.update()\n",
-    "\n",
-    "invalid_style = StyleCSS(\"invalid\", fill=\"#ff000050\", stroke=\"red\", stroke_width=1)\n",
-    "zoomed.hexGrid.builder.add_style(invalid_style)\n",
-    "for idx in zoomed.hexGrid.invalidRegion:\n",
-    "    zoomed.hexGrid.hexes[idx].style = invalid_style\n",
-    "zoomed.hexGrid.update()\n",
-    "zoomed.hexGrid.builder.show()\n",
-    "```"
-   ]
-  },
   {
    "cell_type": "code",
    "execution_count": null,
@@ -1798,21 +1348,13 @@
    ]
   },
   {
-   "cell_type": "markdown",
-   "id": "8176642e",
+   "cell_type": "code",
+   "execution_count": null,
+   "id": "448bd7ed",
    "metadata": {},
+   "outputs": [],
    "source": [
-    "So a good bad case in that the natural thing is to extend the ocean.\n",
-    "\n",
-    "##### 🤖Reply🤖<!-- SOLVEIT_SEPARATOR_7f3a9b2c -->\n",
-    "\n",
-    "🧠🧠🧠🧠🧠🧠🧠🧠🧠🧠🧠🧠🧠🧠🧠🧠🧠🧠🧠🧠🧠🧠🧠🧠🧠🧠🧠🧠🧠🧠🧠🧠🧠🧠🧠🧠🧠🧠🧠🧠🧠🧠🧠🧠🧠🧠🧠🧠🧠🧠🧠🧠🧠🧠🧠🧠🧠🧠🧠🧠🧠🧠🧠🧠🧠🧠🧠🧠🧠🧠🧠🧠🧠🧠🧠🧠🧠\n",
-    "\n",
-    "Exactly — that corner is all ocean anyway, so the reflection just makes more ocean. Not a great stress test for the coastline concern.\n",
-    "\n",
-    "Let's find an edge with actual coastline:\n",
-    "\n",
-    "```python\n",
+    "SVGBuilder.BUILDERHIDE = True\n",
     "# Find a better edge case - where coast meets edge\n",
     "demoTerr = TerraDemo().sanFran()\n",
     "cover = ChunkCover(demoTerr, rings=3, halo_rings=1)\n",
@@ -1848,90 +1390,972 @@
     "    y_offset=-zoomed.hexGrid.builder.height/2 + 20,\n",
     "    class_name=textStyle.name\n",
     ")\n",
-    "zoomed.hexGrid.builder.show()\n",
-    "```\n",
-    "\n",
-    "This tests an edge where there's actual terrain meeting the boundary — you should see if the coastline reflection looks reasonable or if there are jarring discontinuities."
+    "zoomed.hexGrid.builder.show()\n"
+   ]
+  },
+  {
+   "cell_type": "markdown",
+   "id": "e29a4fee",
+   "metadata": {},
+   "source": [
+    "## Like Water for Chocolate"
    ]
   },
   {
    "cell_type": "code",
    "execution_count": null,
-   "id": "448bd7ed",
+   "id": "5bdb9ced",
    "metadata": {},
    "outputs": [],
    "source": [
-    "SVGBuilder.BUILDERHIDE = True\n",
-    "# Find a better edge case - where coast meets edge\n",
-    "demoTerr = TerraDemo().sanFran()\n",
-    "cover = ChunkCover(demoTerr, rings=3, halo_rings=1)\n",
-    "grid = demoTerr.hexGrid\n",
+    "!cat ../../HexMagic/water/*.py"
+   ]
+  },
+  {
+   "cell_type": "markdown",
+   "id": "fbaa0f7c",
+   "metadata": {},
+   "source": [
+    "So the very hard problem at the center of this map making are rivers. The good algorithm that I use is n^2 which doesn't scale. It can work ok on the base map and roughly 3k hexes. but the question is how to zoom watersheds. we can project the watershed upwards for scaling but then how do we recreate? My latest idea is that we also project up where a particular watershed hex flows to. then we go through each of these projected regions and connect them to the correpsonding downhill hexes (or to one inside the group if that is easier. I think that would be k^2 * n where k is the number of hexes something maps to and n is the number of hexes we are mapping. would that work? Do I have a good calculation?\n",
     "\n",
-    "# Try the right edge near the middle (where there's land)\n",
-    "# Middle row, last column\n",
-    "coastal_origin = (grid.nRows // 2) * grid.nCols + (grid.nCols - 1)\n",
-    "print(f\"Testing at index {coastal_origin}, elevation: {demoTerr.elevations[coastal_origin]}\")\n",
+    "##### 🤖Reply🤖<!-- SOLVEIT_SEPARATOR_7f3a9b2c -->\n",
     "\n",
-    "# Zoom into that coastal edge\n",
-    "zoomed = cover.zoomChunk(origin=coastal_origin, scale=2)\n",
+    "🧠🧠🧠🧠🧠🧠🧠🧠🧠🧠🧠🧠🧠🧠🧠🧠🧠🧠🧠🧠🧠🧠🧠🧠🧠🧠🧠🧠🧠🧠🧠🧠🧠🧠🧠🧠🧠🧠🧠🧠🧠🧠🧠🧠🧠🧠🧠🧠🧠🧠🧠🧠🧠🧠🧠🧠🧠🧠🧠🧠🧠🧠🧠🧠🧠🧠🧠🧠🧠🧠🧠🧠🧠🧠🧠🧠🧠🧠🧠🧠🧠🧠🧠🧠🧠🧠🧠🧠🧠🧠🧠🧠🧠🧠🧠🧠🧠🧠🧠🧠🧠🧠🧠🧠🧠🧠🧠🧠🧠🧠🧠🧠🧠🧠🧠🧠🧠🧠🧠🧠🧠🧠🧠🧠🧠🧠🧠🧠🧠🧠🧠🧠🧠🧠🧠🧠🧠🧠🧠🧠🧠🧠🧠🧠🧠🧠🧠🧠🧠🧠🧠🧠🧠🧠🧠🧠🧠🧠🧠🧠🧠🧠🧠🧠🧠🧠🧠🧠🧠🧠🧠🧠🧠🧠🧠🧠🧠🧠🧠🧠🧠🧠🧠🧠🧠🧠🧠🧠🧠🧠🧠🧠🧠🧠🧠🧠🧠🧠🧠🧠🧠🧠🧠🧠🧠🧠🧠🧠🧠🧠🧠🧠🧠🧠🧠🧠🧠🧠🧠🧠🧠🧠🧠🧠\n",
     "\n",
-    "print(f\"Zoomed grid: {zoomed.hexGrid.nRows}x{zoomed.hexGrid.nCols}\")\n",
-    "print(f\"Invalid hexes: {len(zoomed.hexGrid.invalidRegion)}\")\n",
+    "This is a great problem to think through! Let me make sure I understand your approach:\n",
     "\n",
-    "# Visualize\n",
-    "zoomed.colorMap()\n",
-    "zoomed.hexGrid.update()\n",
+    "1. **Coarse level**: You have watershed assignments and flow directions for each hex\n",
+    "2. **Upsample**: Each coarse hex becomes k² fine hexes\n",
+    "3. **Reconnect**: Use coarse flow directions to guide fine-level connections\n",
     "\n",
-    "invalid_style = StyleCSS(\"invalid\", fill=\"#ff000050\", stroke=\"red\", stroke_width=1)\n",
-    "zoomed.hexGrid.builder.add_style(invalid_style)\n",
-    "for idx in zoomed.hexGrid.invalidRegion:\n",
-    "    if idx < len(zoomed.hexGrid.hexes):\n",
-    "        zoomed.hexGrid.hexes[idx].style = invalid_style\n",
-    "zoomed.hexGrid.update()\n",
+    "Your complexity estimate of **k² × n** seems right *if* you're only doing local work per fine hex (checking ~6 neighbors and picking the one that matches the coarse flow direction). That would indeed be O(1) per fine hex, and you have n × k² fine hexes.\n",
     "\n",
-    "textStyle = StyleCSS(\"textStyle\", fill=\"white\", font_size=\"1em\", \n",
-    "                     filter=\"drop-shadow(2px 2px 1px rgba(0,0,0,.7))\")\n",
-    "zoomed.hexGrid.builder.add_style(textStyle)\n",
-    "zoomed.hexGrid.builder.add_centered_text(\n",
-    "    \"Coastal edge - reflection should mirror coastline\",\n",
-    "    y_offset=-zoomed.hexGrid.builder.height/2 + 20,\n",
-    "    class_name=textStyle.name\n",
-    ")\n",
-    "zoomed.hexGrid.builder.show()\n"
+    "But I think there's a subtlety: **what about flow accumulation?**\n",
+    "\n",
+    "The expensive part of watershed computation is typically:\n",
+    "- Tracing from every hex to its outlet (or a river)\n",
+    "- Accumulating flow values downstream\n",
+    "\n",
+    "If you can inherit the coarse watershed *assignment* (which hex flows to which river system) and just need to compute local gradients for the fine terrain, that's cheap.\n",
+    "\n",
+    "But if you need to recompute flow accumulation at fine scale, you'd need another pass over all n × k² hexes, sorted by elevation — that's O(n × k² × log(n × k²)).\n",
+    "\n",
+    "**Question**: Are you trying to preserve the coarse flow directions exactly, or regenerate them from the upsampled elevations?"
    ]
   },
   {
    "cell_type": "markdown",
-   "id": "e29a4fee",
+   "id": "01727e73",
+   "metadata": {},
+   "source": [
+    "My goal is to create something that both looks nice and we can compute. Because the sample terrain is upscaled anyways it isn't scared and it is completely allowed to be adjusted for the algorithim. We have carve to a region for just this purpose. the region would just be the maped upscaled hexes\n",
+    "\n",
+    "##### 🤖Reply🤖<!-- SOLVEIT_SEPARATOR_7f3a9b2c -->\n",
+    "\n",
+    "🧠🧠🧠🧠🧠🧠🧠🧠🧠🧠🧠🧠🧠🧠🧠🧠🧠🧠🧠🧠🧠🧠🧠🧠🧠🧠🧠🧠🧠🧠🧠🧠🧠🧠🧠🧠🧠🧠🧠🧠🧠🧠🧠🧠🧠🧠🧠🧠🧠🧠🧠🧠🧠🧠🧠🧠🧠🧠🧠🧠🧠🧠🧠🧠🧠🧠🧠🧠🧠🧠🧠🧠🧠🧠🧠🧠🧠🧠🧠🧠🧠🧠🧠🧠🧠🧠🧠🧠🧠🧠🧠🧠🧠🧠🧠🧠🧠🧠🧠🧠🧠🧠🧠🧠🧠🧠🧠🧠🧠🧠🧠🧠🧠🧠🧠🧠🧠🧠🧠🧠🧠🧠🧠🧠🧠🧠🧠🧠🧠🧠🧠🧠🧠🧠🧠🧠🧠🧠🧠🧠🧠🧠🧠🧠🧠🧠🧠🧠🧠🧠🧠🧠\n",
+    "\n",
+    "That makes a lot of sense! So the pipeline would be:\n",
+    "\n",
+    "1. **Upsample** terrain + project coarse flow directions\n",
+    "2. **For each coarse hex** → its k² fine hexes form a \"region\"\n",
+    "3. **Carve within region** to drain toward the downhill neighbor's region\n",
+    "\n",
+    "Since you're allowed to modify the terrain, you can guarantee connectivity. The coarse structure becomes a *constraint* on where water can flow, not something you need to rediscover.\n",
+    "\n",
+    "**Complexity check**: You're doing O(k²) carving work per coarse hex, and you have n coarse hexes → **O(n × k²)** total. That's linear in the number of fine hexes, which is great!\n",
+    "\n",
+    "**One question about boundaries**: When carving region A to flow into region B, do you:\n",
+    "- Pick the lowest hex on the A-B boundary and carve toward it?\n",
+    "- Or use the coarse flow direction to pick a specific edge/corner?\n",
+    "\n",
+    "The boundary handling seems like the key detail that could make this clean or messy."
+   ]
+  },
+  {
+   "cell_type": "markdown",
+   "id": "e0366c71",
    "metadata": {},
    "source": [
-    "What do you think? It does make interesting coastlines\n",
+    "so we might need a slightly different carve that takes a partial. that is to say we already have the destination which is the mouth and the carve algorithm just connects it. the secret is that it only expands into the new region which can only go to its down hill set of hexes. Does that make sense?\n",
     "\n",
     "##### 🤖Reply🤖<!-- SOLVEIT_SEPARATOR_7f3a9b2c -->\n",
     "\n",
-    "🧠🧠🧠🧠🧠🧠🧠🧠🧠🧠🧠🧠🧠🧠🧠🧠🧠🧠🧠🧠🧠🧠🧠🧠🧠🧠🧠🧠🧠🧠🧠🧠🧠🧠🧠🧠🧠🧠🧠🧠🧠🧠🧠🧠🧠🧠🧠🧠🧠🧠🧠🧠🧠🧠🧠🧠🧠🧠🧠🧠🧠🧠🧠🧠🧠🧠🧠🧠🧠🧠🧠🧠🧠🧠🧠🧠🧠🧠\n",
+    "🧠🧠🧠🧠🧠🧠🧠🧠🧠🧠🧠🧠🧠🧠🧠🧠🧠🧠🧠🧠🧠🧠🧠🧠🧠🧠🧠🧠🧠🧠🧠🧠🧠🧠🧠🧠🧠🧠🧠🧠🧠🧠🧠🧠🧠🧠🧠🧠🧠🧠🧠🧠🧠🧠🧠🧠🧠🧠🧠🧠🧠🧠🧠🧠🧠🧠🧠🧠🧠🧠🧠🧠🧠🧠🧠🧠🧠🧠🧠🧠🧠🧠🧠🧠🧠🧠🧠🧠🧠🧠🧠🧠🧠\n",
     "\n",
-    "It does look pretty good! The coastline on the right edge has a natural-ish continuation — you can see the ocean \"bays\" reflecting back as inlets rather than creating an abrupt wall of land or sea.\n",
+    "Yes, that makes total sense! It's a \"fill from the drain\" approach:\n",
+    "\n",
+    "1. **Mouth is known** — it's a hex on the boundary that touches the downhill region\n",
+    "2. **Expand inward** — BFS/priority queue from mouth, carving as you go\n",
+    "3. **Constraint** — only expand into hexes within *this* region\n",
+    "\n",
+    "Since you're working backwards from a known exit point, you guarantee connectivity by construction. Every hex you touch gets carved to flow toward where you came from.\n",
+    "\n",
+    "This is similar to your existing `_carve_region_to_mouth` but simpler because:\n",
+    "- The mouth location is inherited from coarse level (no search needed)\n",
+    "- The region boundary is fixed (the k² upsampled hexes)\n",
+    "\n",
+    "Does the mouth need to be a single hex, or could it be a set of boundary hexes that all touch the downhill region?"
+   ]
+  },
+  {
+   "cell_type": "markdown",
+   "id": "69486297",
+   "metadata": {},
+   "source": [
+    "I am ok which ever is easier to compute. The goal for all of this is speed\n",
     "\n",
-    "A few observations:\n",
+    "##### 🤖Reply🤖<!-- SOLVEIT_SEPARATOR_7f3a9b2c -->\n",
     "\n",
-    "1. **The reflection is working** — notice how the scattered ocean hexes near the right edge have mirrored counterparts, creating a somewhat believable peninsula/bay pattern\n",
+    "🧠🧠🧠🧠🧠🧠🧠🧠🧠🧠🧠🧠🧠🧠🧠🧠🧠🧠🧠🧠🧠🧠🧠🧠🧠🧠🧠🧠🧠🧠🧠🧠🧠🧠🧠🧠🧠🧠🧠🧠🧠🧠🧠🧠🧠🧠🧠🧠🧠🧠🧠🧠🧠🧠🧠🧠🧠🧠🧠🧠🧠🧠🧠\n",
     "\n",
-    "2. **The land elevations also reflect well** — the \"Plains\" terrain in the bottom-left shows up mirrored, which makes sense topographically (valleys continue as valleys)\n",
+    "**Single mouth hex is faster** — one BFS start point, no coordination needed.\n",
     "\n",
-    "3. **One thing to watch**: the reflection creates *symmetric* coastlines, which isn't always geologically realistic (coastlines are usually more chaotic). But for a game map, it looks fine — almost like a natural harbor or fjord system.\n",
+    "The algorithm becomes:\n",
+    "1. Find the boundary hex in this region closest to the downhill region's mouth\n",
+    "2. BFS inward from that hex, carving each newly visited hex to be lower than where you came from\n",
     "\n",
-    "For a \"zoom into this area and generate more detail\" use case, this should work nicely. The reflected areas will get trimmed or marked invalid anyway after the upsample, so the player will only see the real terrain at higher resolution.\n",
+    "That's O(k²) per region with minimal bookkeeping.\n",
     "\n",
-    "Want to compare the zoomed result side-by-side with the original to see how the coastline detail evolved?"
+    "Want me to sketch out a function signature for this modified carve, or do you want to draft it yourself?"
    ]
   },
   {
    "cell_type": "markdown",
-   "id": "5bdb9ced",
+   "id": "5a575352",
    "metadata": {},
    "source": [
-    "??"
+    "can you write it for me. We want to continue to patch ChunkCover\n",
+    "\n",
+    "##### 🤖Reply🤖<!-- SOLVEIT_SEPARATOR_7f3a9b2c -->\n",
+    "\n",
+    "🧠🧠🧠🧠🧠🧠🧠🧠🧠🧠🧠🧠🧠🧠🧠🧠🧠🧠🧠🧠🧠🧠🧠🧠🧠🧠🧠🧠🧠🧠🧠🧠🧠🧠🧠🧠🧠🧠🧠🧠🧠\n",
+    "\n",
+    "```python\n",
+    "@patch\n",
+    "def carve_region_to_mouth(self: ChunkCover, region: set[int], mouth: int) -> None:\n",
+    "    \"\"\"Carve terrain so all hexes in region drain to mouth via BFS.\n",
+    "    \n",
+    "    Expands inward from mouth, ensuring each hex is higher than its parent.\n",
+    "    Modifies terrain.elevations in place.\n",
+    "    \n",
+    "    Args:\n",
+    "        region: Set of hex indices to carve\n",
+    "        mouth: Boundary hex where water exits (must be in region)\n",
+    "    \"\"\"\n",
+    "    from collections import deque\n",
+    "    \n",
+    "    terrain = self.terrain\n",
+    "    \n",
+    "    # BFS from mouth inward\n",
+    "    visited = {mouth}\n",
+    "    queue = deque([mouth])\n",
+    "    \n",
+    "    while queue:\n",
+    "        current = queue.popleft()\n",
+    "        current_elev = terrain.elevations[current]\n",
+    "        \n",
+    "        for neighbor in terrain.hexGrid.neighborsOf(current):\n",
+    "            if neighbor < 0 or neighbor in visited or neighbor not in region:\n",
+    "                continue\n",
+    "            \n",
+    "            visited.add(neighbor)\n",
+    "            \n",
+    "            # Carve: neighbor must be higher than current (water flows downhill to mouth)\n",
+    "            if terrain.elevations[neighbor] <= current_elev:\n",
+    "                terrain.elevations[neighbor] = current_elev + 1\n",
+    "            \n",
+    "            queue.append(neighbor)\n",
+    "```\n",
+    "\n",
+    "```python\n",
+    "@patch\n",
+    "def find_region_mouth(self: ChunkCover, region: set[int], downhill_region: set[int]) -> int:\n",
+    "    \"\"\"Find the boundary hex in region that touches downhill_region.\n",
+    "    \n",
+    "    Returns the hex with lowest elevation among candidates.\n",
+    "    \"\"\"\n",
+    "    terrain = self.terrain\n",
+    "    candidates = []\n",
+    "    \n",
+    "    for hex_idx in region:\n",
+    "        for neighbor in terrain.hexGrid.neighborsOf(hex_idx):\n",
+    "            if neighbor in downhill_region:\n",
+    "                candidates.append(hex_idx)\n",
+    "                break\n",
+    "    \n",
+    "    if not candidates:\n",
+    "        # Fallback: lowest hex in region\n",
+    "        return min(region, key=lambda h: terrain.elevations[h])\n",
+    "    \n",
+    "    # Pick lowest candidate (most natural drainage point)\n",
+    "    return min(candidates, key=lambda h: terrain.elevations[h])\n",
+    "```\n",
+    "\n",
+    "```python\n",
+    "@patch\n",
+    "def carve_upsampled_watersheds(self: ChunkCover, \n",
+    "                                coarse_flow: dict[int, int],\n",
+    "                                fine_regions: dict[int, set[int]]) -> None:\n",
+    "    \"\"\"Carve all upsampled regions to respect coarse flow directions.\n",
+    "    \n",
+    "    Args:\n",
+    "        coarse_flow: {coarse_hex: downhill_coarse_hex} (-1 if terminal)\n",
+    "        fine_regions: {coarse_hex: set of fine hex indices}\n",
+    "    \"\"\"\n",
+    "    # Process in elevation order (lowest first = downstream first)\n",
+    "    sorted_coarse = sorted(coarse_flow.keys(), \n",
+    "                           key=lambda h: self.terrain.elevations[list(fine_regions[h])[0]])\n",
+    "    \n",
+    "    for coarse_hex in sorted_coarse:\n",
+    "        region = fine_regions[coarse_hex]\n",
+    "        downhill_coarse = coarse_flow[coarse_hex]\n",
+    "        \n",
+    "        if downhill_coarse < 0:\n",
+    "            # Terminal (ocean/lake) — no carving needed\n",
+    "            continue\n",
+    "        \n",
+    "        downhill_region = fine_regions.get(downhill_coarse, set())\n",
+    "        mouth = self.find_region_mouth(region, downhill_region)\n",
+    "        self.carve_region_to_mouth(region, mouth)\n",
+    "```\n",
+    "\n",
+    "The key insight: process downstream-to-upstream, so when you carve region A, the downhill region B already has its elevations set correctly. Each region is O(k²), total is O(n × k²)."
+   ]
+  },
+  {
+   "cell_type": "code",
+   "execution_count": null,
+   "id": "c26d0900",
+   "metadata": {},
+   "outputs": [],
+   "source": [
+    "\n",
+    "@patch\n",
+    "def carve_region_to_mouth(self: ChunkCover, region: set[int], mouth: int) -> None:\n",
+    "    \"\"\"Carve terrain so all hexes in region drain to mouth via BFS.\n",
+    "    \n",
+    "    Expands inward from mouth, ensuring each hex is higher than its parent.\n",
+    "    Modifies terrain.elevations in place.\n",
+    "    \n",
+    "    Args:\n",
+    "        region: Set of hex indices to carve\n",
+    "        mouth: Boundary hex where water exits (must be in region)\n",
+    "    \"\"\"\n",
+    "    from collections import deque\n",
+    "    \n",
+    "    terrain = self.terrain\n",
+    "    \n",
+    "    # BFS from mouth inward\n",
+    "    visited = {mouth}\n",
+    "    queue = deque([mouth])\n",
+    "    \n",
+    "    while queue:\n",
+    "        current = queue.popleft()\n",
+    "        current_elev = terrain.elevations[current]\n",
+    "        \n",
+    "        for neighbor in terrain.hexGrid.neighborsOf(current):\n",
+    "            if neighbor < 0 or neighbor in visited or neighbor not in region:\n",
+    "                continue\n",
+    "            \n",
+    "            visited.add(neighbor)\n",
+    "            \n",
+    "            # Carve: neighbor must be higher than current (water flows downhill to mouth)\n",
+    "            if terrain.elevations[neighbor] <= current_elev:\n",
+    "                terrain.elevations[neighbor] = current_elev + 1\n",
+    "            \n",
+    "            queue.append(neighbor)\n",
+    "\n",
+    "@patch\n",
+    "def find_region_mouth(self: ChunkCover, region: set[int], downhill_region: set[int]) -> int:\n",
+    "    \"\"\"Find the boundary hex in region that touches downhill_region.\n",
+    "    \n",
+    "    Returns the hex with lowest elevation among candidates.\n",
+    "    \"\"\"\n",
+    "    terrain = self.terrain\n",
+    "    candidates = []\n",
+    "    \n",
+    "    for hex_idx in region:\n",
+    "        for neighbor in terrain.hexGrid.neighborsOf(hex_idx):\n",
+    "            if neighbor in downhill_region:\n",
+    "                candidates.append(hex_idx)\n",
+    "                break\n",
+    "    \n",
+    "    if not candidates:\n",
+    "        # Fallback: lowest hex in region\n",
+    "        return min(region, key=lambda h: terrain.elevations[h])\n",
+    "    \n",
+    "    # Pick lowest candidate (most natural drainage point)\n",
+    "    return min(candidates, key=lambda h: terrain.elevations[h])\n",
+    "\n",
+    "@patch\n",
+    "def carve_upsampled_watersheds(self: ChunkCover, \n",
+    "                                coarse_flow: dict[int, int],\n",
+    "                                fine_regions: dict[int, set[int]]) -> None:\n",
+    "    \"\"\"Carve all upsampled regions to respect coarse flow directions.\n",
+    "    \n",
+    "    Args:\n",
+    "        coarse_flow: {coarse_hex: downhill_coarse_hex} (-1 if terminal)\n",
+    "        fine_regions: {coarse_hex: set of fine hex indices}\n",
+    "    \"\"\"\n",
+    "    # Process in elevation order (lowest first = downstream first)\n",
+    "    sorted_coarse = sorted(coarse_flow.keys(), \n",
+    "                           key=lambda h: self.terrain.elevations[list(fine_regions[h])[0]])\n",
+    "    \n",
+    "    for coarse_hex in sorted_coarse:\n",
+    "        region = fine_regions[coarse_hex]\n",
+    "        downhill_coarse = coarse_flow[coarse_hex]\n",
+    "        \n",
+    "        if downhill_coarse < 0:\n",
+    "            # Terminal (ocean/lake) — no carving needed\n",
+    "            continue\n",
+    "        \n",
+    "        downhill_region = fine_regions.get(downhill_coarse, set())\n",
+    "        mouth = self.find_region_mouth(region, downhill_region)\n",
+    "        self.carve_region_to_mouth(region, mouth)\n"
+   ]
+  },
+  {
+   "cell_type": "code",
+   "execution_count": null,
+   "id": "5d1f694c",
+   "metadata": {},
+   "outputs": [],
+   "source": [
+    "@patch\n",
+    "def carve_upsampled_watersheds(self: ChunkCover, \n",
+    "                                coarse_flow: dict[int, int],\n",
+    "                                fine_regions: dict[int, set[int]]) -> None:\n",
+    "    # Only process hexes that exist in both dicts\n",
+    "    valid_hexes = set(coarse_flow.keys()) & set(fine_regions.keys())\n",
+    "    \n",
+    "    sorted_coarse = sorted(valid_hexes, \n",
+    "                           key=lambda h: self.terrain.elevations[list(fine_regions[h])[0]])\n",
+    "    \n",
+    "    for coarse_hex in sorted_coarse:\n",
+    "        region = fine_regions[coarse_hex]\n",
+    "        downhill_coarse = coarse_flow[coarse_hex]\n",
+    "        \n",
+    "        if downhill_coarse < 0 or downhill_coarse not in fine_regions:\n",
+    "            # Terminal or flows outside zoomed area — skip\n",
+    "            continue\n",
+    "        \n",
+    "        downhill_region = fine_regions[downhill_coarse]\n",
+    "        mouth = self.find_region_mouth(region, downhill_region)\n",
+    "        self.carve_region_to_mouth(region, mouth)\n"
+   ]
+  },
+  {
+   "cell_type": "code",
+   "execution_count": null,
+   "id": "18bf7704",
+   "metadata": {},
+   "outputs": [],
+   "source": [
+    "@patch\n",
+    "def carve_upsampled_watersheds(self: ChunkCover, \n",
+    "                                coarse_flow: dict[int, int],\n",
+    "                                fine_regions: dict[int, set[int]],\n",
+    "                                invalid_hexes: set[int] = None) -> None:\n",
+    "    \"\"\"Carve all upsampled regions to respect coarse flow directions.\n",
+    "    \n",
+    "    Args:\n",
+    "        coarse_flow: {coarse_hex: downhill_coarse_hex} (-1 if terminal)\n",
+    "        fine_regions: {coarse_hex: set of fine hex indices}\n",
+    "        invalid_hexes: Set of invalid hex indices to skip\n",
+    "    \"\"\"\n",
+    "    if invalid_hexes is None:\n",
+    "        invalid_hexes = set()\n",
+    "    \n",
+    "    # Filter invalid hexes from all regions\n",
+    "    filtered_regions = {\n",
+    "        k: v - invalid_hexes \n",
+    "        for k, v in fine_regions.items()\n",
+    "    }\n",
+    "    # Remove empty regions\n",
+    "    filtered_regions = {k: v for k, v in filtered_regions.items() if v}\n",
+    "    \n",
+    "    # Only process hexes that exist in both dicts\n",
+    "    valid_hexes = set(coarse_flow.keys()) & set(filtered_regions.keys())\n",
+    "    \n",
+    "    sorted_coarse = sorted(valid_hexes, \n",
+    "                           key=lambda h: self.terrain.elevations[list(filtered_regions[h])[0]])\n",
+    "    \n",
+    "    for coarse_hex in sorted_coarse:\n",
+    "        region = filtered_regions[coarse_hex]\n",
+    "        downhill_coarse = coarse_flow[coarse_hex]\n",
+    "        \n",
+    "        if downhill_coarse < 0 or downhill_coarse not in filtered_regions:\n",
+    "            continue\n",
+    "        \n",
+    "        downhill_region = filtered_regions[downhill_coarse]\n",
+    "        mouth = self.find_region_mouth(region, downhill_region)\n",
+    "        self.carve_region_to_mouth(region, mouth)\n"
+   ]
+  },
+  {
+   "cell_type": "code",
+   "execution_count": null,
+   "id": "ef6bd2a4",
+   "metadata": {},
+   "outputs": [],
+   "source": [
+    "@patch\n",
+    "def project_watersheds(self: ChunkCover, \n",
+    "                       coarse_basins: DrainageBasins,\n",
+    "                       fine_regions: dict[int, set[int]],\n",
+    "                       fine_terrain: Terrain) -> list[Watershed]:\n",
+    "    \"\"\"Project coarse watersheds to fine terrain without O(n²) recomputation.\n",
+    "    \n",
+    "    Args:\n",
+    "        coarse_basins: DrainageBasins from coarse terrain\n",
+    "        fine_regions: {coarse_hex: set of fine hex indices}\n",
+    "        fine_terrain: The upsampled/carved terrain\n",
+    "    \n",
+    "    Returns:\n",
+    "        List of Watersheds on fine terrain\n",
+    "    \"\"\"\n",
+    "    watersheds = []\n",
+    "    \n",
+    "    for coarse_shed in coarse_basins.sheds:\n",
+    "        # Collect fine hexes that belong to this watershed\n",
+    "        fine_hexes = set()\n",
+    "        for coarse_hex in coarse_shed.region.hexes:\n",
+    "            if coarse_hex in fine_regions:\n",
+    "                fine_hexes.update(fine_regions[coarse_hex])\n",
+    "        \n",
+    "        if not fine_hexes:\n",
+    "            continue\n",
+    "        \n",
+    "        # Create region on fine grid\n",
+    "        fine_region = HexRegion(hexes=fine_hexes, hexGrid=fine_terrain.hexGrid)\n",
+    "        \n",
+    "        # Find mouth (lowest hex in region)\n",
+    "        mouth = min(fine_hexes, key=lambda h: fine_terrain.elevations[h])\n",
+    "        \n",
+    "        # Build river from region using existing method\n",
+    "        river = River.from_region(fine_terrain, fine_region, start_hex=mouth)\n",
+    "        if river is None:\n",
+    "            river = River(fine_terrain)\n",
+    "        \n",
+    "        # Check if drains to ocean\n",
+    "        river.ocean_outlet = mouth if fine_terrain.elevations[mouth] <= 0 else None\n",
+    "        \n",
+    "        watersheds.append(Watershed(\n",
+    "            region=fine_region,\n",
+    "            tributary=river,\n",
+    "            style=coarse_shed.style  # Inherit color from coarse\n",
+    "        ))\n",
+    "    \n",
+    "    return watersheds\n"
+   ]
+  },
+  {
+   "cell_type": "code",
+   "execution_count": null,
+   "id": "2a8fdf59",
+   "metadata": {},
+   "outputs": [],
+   "source": [
+    "SVGBuilder.BUILDERHIDE = True\n",
+    "# Find a better edge case - where coast meets edge\n",
+    "demoTerr = TerraDemo().sanFran_map()\n",
+    "demoTerr.compute_weather()\n",
+    "demoBasins = DrainageBasins(demoTerr)\n",
+    "cover = ChunkCover(demoTerr, rings=3, halo_rings=1)\n",
+    "grid = demoTerr.hexGrid\n",
+    "\n",
+    "# Try the right edge near the middle (where there's land)\n",
+    "# Middle row, last column\n",
+    "coastal_origin = (grid.nRows // 2) * grid.nCols + (grid.nCols - 1)\n",
+    "print(f\"Testing at index {coastal_origin}, elevation: {demoTerr.elevations[coastal_origin]}\")\n",
+    "\n",
+    "# Zoom into that coastal edge\n",
+    "zoomed = cover.zoomChunk(origin=coastal_origin, scale=2)\n",
+    "zoomed.climate = demoTerr.climate\n",
+    "zoomed.geo = demoTerr.geo # this is wrong, but close enough\n",
+    "\n",
+    "print(f\"Zoomed grid: {zoomed.hexGrid.nRows}x{zoomed.hexGrid.nCols}\")\n",
+    "print(f\"Invalid hexes: {len(zoomed.hexGrid.invalidRegion)}\")\n",
+    "\n",
+    "# Visualize\n",
+    "zoomed.colorMap()\n",
+    "zoomed.hexGrid.update()"
+   ]
+  },
+  {
+   "cell_type": "markdown",
+   "id": "3c4c1507",
+   "metadata": {},
+   "source": [
+    "can you complete the demo so that it draws basins on zommed base up the demoBasins\n",
+    "\n",
+    "##### 🤖Reply🤖<!-- SOLVEIT_SEPARATOR_7f3a9b2c -->\n",
+    "\n",
+    "🧠🧠🧠🧠🧠🧠🧠🧠🧠🧠🧠🧠🧠🧠🧠🧠🧠🧠🧠🧠🧠🧠🧠🧠🧠🧠🧠🧠🧠🧠🧠🧠🧠🧠\n",
+    "\n",
+    "```python\n",
+    "# Project coarse watersheds to zoomed terrain\n",
+    "# Build mapping: coarse hex -> fine hexes\n",
+    "\n",
+    "scale = 2\n",
+    "coarse_grid = demoTerr.hexGrid\n",
+    "fine_grid = zoomed.hexGrid\n",
+    "\n",
+    "# Figure out which coarse hexes map to which fine hexes\n",
+    "# The zoom was centered at coastal_origin, so we need the offset\n",
+    "extent = 3 * cover.rings + cover.halo_rings\n",
+    "center_row = coastal_origin // coarse_grid.nCols\n",
+    "center_col = coastal_origin % coarse_grid.nCols\n",
+    "\n",
+    "# Build coarse_flow from demoBasins (hex -> downhill hex)\n",
+    "coarse_flow = {}\n",
+    "for shed in demoBasins.sheds:\n",
+    "    directions = demoTerr.flow_directions()\n",
+    "    for h in shed.region.hexes:\n",
+    "        coarse_flow[h] = directions[h]\n",
+    "\n",
+    "# Map coarse hexes to fine hex regions\n",
+    "fine_regions = {}\n",
+    "for coarse_row in range(center_row - extent, center_row + extent + 1):\n",
+    "    for coarse_col in range(center_col - extent, center_col + extent + 1):\n",
+    "        if 0 <= coarse_row < coarse_grid.nRows and 0 <= coarse_col < coarse_grid.nCols:\n",
+    "            coarse_idx = coarse_row * coarse_grid.nCols + coarse_col\n",
+    "            \n",
+    "            # Map to fine region\n",
+    "            fine_start_row = (coarse_row - (center_row - extent)) * scale\n",
+    "            fine_start_col = (coarse_col - (center_col - extent)) * scale\n",
+    "            \n",
+    "            fine_hexes = set()\n",
+    "            for dr in range(scale):\n",
+    "                for dc in range(scale):\n",
+    "                    fine_row = fine_start_row + dr\n",
+    "                    fine_col = fine_start_col + dc\n",
+    "                    if 0 <= fine_row < fine_grid.nRows and 0 <= fine_col < fine_grid.nCols:\n",
+    "                        fine_idx = fine_row * fine_grid.nCols + fine_col\n",
+    "                        if fine_idx not in zoomed.hexGrid.invalidRegion:\n",
+    "                            fine_hexes.add(fine_idx)\n",
+    "            \n",
+    "            if fine_hexes:\n",
+    "                fine_regions[coarse_idx] = fine_hexes\n",
+    "\n",
+    "print(f\"Mapped {len(fine_regions)} coarse hexes to fine regions\")\n",
+    "\n",
+    "# Create a ChunkCover for the zoomed terrain to use carving\n",
+    "zoomed_cover = ChunkCover(zoomed, rings=cover.rings, halo_rings=cover.halo_rings)\n",
+    "\n",
+    "# Carve the upsampled watersheds\n",
+    "zoomed_cover.carve_upsampled_watersheds(coarse_flow, fine_regions)\n",
+    "\n",
+    "# Recompute weather for the carved terrain\n",
+    "zoomed.compute_weather()\n",
+    "\n",
+    "# Now compute watersheds on the zoomed terrain\n",
+    "zoomed_basins = DrainageBasins(zoomed)\n",
+    "\n",
+    "print(f\"Found {len(zoomed_basins.sheds)} watersheds in zoomed terrain\")\n",
+    "\n",
+    "# Visualize\n",
+    "zoomed.colorMap()\n",
+    "zoomed.hexGrid.update()\n",
+    "\n",
+    "# Draw watersheds\n",
+    "watershed_svg = zoomed_basins.draw_watersheds(top_n=5, max_width=fine_grid.radius * 0.5)\n",
+    "zoomed.hexGrid.builder.adjust(\"rivers\", watershed_svg)\n",
+    "\n",
+    "textStyle = StyleCSS(\"textStyle\", fill=\"white\", font_size=\"1em\", \n",
+    "                     filter=\"drop-shadow(2px 2px 1px rgba(0,0,0,.7))\")\n",
+    "zoomed.hexGrid.builder.add_style(textStyle)\n",
+    "zoomed.hexGrid.builder.add_centered_text(\n",
+    "    f\"Zoomed watersheds - {len(zoomed_basins.sheds)} basins\",\n",
+    "    y_offset=-zoomed.hexGrid.builder.height/2 + 20,\n",
+    "    class_name=textStyle.name\n",
+    ")\n",
+    "\n",
+    "zoomed.hexGrid.builder.show()\n",
+    "```\n",
+    "\n",
+    "This should:\n",
+    "1. Project coarse watershed structure to fine hexes\n",
+    "2. Carve the fine terrain to maintain drainage directions\n",
+    "3. Recompute precipitation for the zoomed terrain\n",
+    "4. Build watersheds on the carved terrain\n",
+    "5. Draw the top 5 rivers"
+   ]
+  },
+  {
+   "cell_type": "code",
+   "execution_count": null,
+   "id": "8d109b89",
+   "metadata": {},
+   "outputs": [],
+   "source": [
+    "@patch\n",
+    "def project_watersheds(self: ChunkCover, \n",
+    "                       coarse_basins: DrainageBasins,\n",
+    "                       fine_regions: dict[int, set[int]],\n",
+    "                       fine_terrain: Terrain) -> list[Watershed]:\n",
+    "    \"\"\"Project coarse watersheds to fine terrain without O(n²) recomputation.\"\"\"\n",
+    "    watersheds = []\n",
+    "    \n",
+    "    for coarse_shed in coarse_basins.sheds:\n",
+    "        # Collect fine hexes that belong to this watershed\n",
+    "        fine_hexes = set()\n",
+    "        for coarse_hex in coarse_shed.region.hexes:\n",
+    "            if coarse_hex in fine_regions:\n",
+    "                fine_hexes.update(fine_regions[coarse_hex])\n",
+    "        \n",
+    "        # Filter out invalid hexes\n",
+    "        fine_hexes -= fine_terrain.hexGrid.invalidRegion\n",
+    "        \n",
+    "        if not fine_hexes:\n",
+    "            continue\n",
+    "        \n",
+    "        # Create region on fine grid\n",
+    "        fine_region = HexRegion(hexes=fine_hexes, hexGrid=fine_terrain.hexGrid)\n",
+    "        \n",
+    "        # Find mouth (lowest hex in region)\n",
+    "        mouth = min(fine_hexes, key=lambda h: fine_terrain.elevations[h])\n",
+    "        \n",
+    "        # Simple approach: trace rivers from peaks within this region\n",
+    "        # Find local peaks (hexes higher than all neighbors in region)\n",
+    "        peaks = []\n",
+    "        for h in fine_hexes:\n",
+    "            if fine_terrain.elevations[h] <= 0:\n",
+    "                continue\n",
+    "            neighbors = [n for n in fine_terrain.hexGrid.neighborsOf(h) if n in fine_hexes]\n",
+    "            if all(fine_terrain.elevations[h] >= fine_terrain.elevations[n] for n in neighbors):\n",
+    "                peaks.append(h)\n",
+    "        \n",
+    "        # Create rivers from top peaks\n",
+    "        peaks.sort(key=lambda h: fine_terrain.elevations[h], reverse=True)\n",
+    "        rivers = [River.from_peak(fine_terrain, p) for p in peaks[:5]]\n",
+    "        rivers = [r for r in rivers if r is not None]\n",
+    "        \n",
+    "        if rivers:\n",
+    "            merged = River.combine_rivers(rivers)\n",
+    "            river = max(merged, key=lambda r: len(r.hexes)) if merged else River(fine_terrain)\n",
+    "        else:\n",
+    "            river = River(fine_terrain)\n",
+    "        \n",
+    "        # Check if drains to ocean\n",
+    "        river.ocean_outlet = mouth if fine_terrain.elevations[mouth] <= 0 else None\n",
+    "        \n",
+    "        watersheds.append(Watershed(\n",
+    "            region=fine_region,\n",
+    "            tributary=river,\n",
+    "            style=coarse_shed.style\n",
+    "        ))\n",
+    "    \n",
+    "    return watersheds\n"
+   ]
+  },
+  {
+   "cell_type": "code",
+   "execution_count": null,
+   "id": "9dd03cb0",
+   "metadata": {},
+   "outputs": [],
+   "source": [
+    "SVGBuilder.BUILDERHIDE = False"
+   ]
+  },
+  {
+   "cell_type": "code",
+   "execution_count": null,
+   "id": "9d9f25f1",
+   "metadata": {},
+   "outputs": [],
+   "source": [
+    "# Project coarse watersheds to zoomed terrain\n",
+    "# Build mapping: coarse hex -> fine hexes\n",
+    "\n",
+    "scale = 2\n",
+    "coarse_grid = demoTerr.hexGrid\n",
+    "fine_grid = zoomed.hexGrid\n",
+    "\n",
+    "# Figure out which coarse hexes map to which fine hexes\n",
+    "# The zoom was centered at coastal_origin, so we need the offset\n",
+    "extent = 3 * cover.rings + cover.halo_rings\n",
+    "center_row = coastal_origin // coarse_grid.nCols\n",
+    "center_col = coastal_origin % coarse_grid.nCols\n",
+    "\n",
+    "# Build coarse_flow from demoBasins (hex -> downhill hex)\n",
+    "coarse_flow = {}\n",
+    "for shed in demoBasins.sheds:\n",
+    "    directions = demoTerr.flow_directions()\n",
+    "    for h in shed.region.hexes:\n",
+    "        coarse_flow[h] = directions[h]\n",
+    "\n",
+    "# Map coarse hexes to fine hex regions\n",
+    "fine_regions = {}\n",
+    "for coarse_row in range(center_row - extent, center_row + extent + 1):\n",
+    "    for coarse_col in range(center_col - extent, center_col + extent + 1):\n",
+    "        if 0 <= coarse_row < coarse_grid.nRows and 0 <= coarse_col < coarse_grid.nCols:\n",
+    "            coarse_idx = coarse_row * coarse_grid.nCols + coarse_col\n",
+    "            \n",
+    "            # Map to fine region\n",
+    "            fine_start_row = (coarse_row - (center_row - extent)) * scale\n",
+    "            fine_start_col = (coarse_col - (center_col - extent)) * scale\n",
+    "            \n",
+    "            fine_hexes = set()\n",
+    "            for dr in range(scale):\n",
+    "                for dc in range(scale):\n",
+    "                    fine_row = fine_start_row + dr\n",
+    "                    fine_col = fine_start_col + dc\n",
+    "                    if 0 <= fine_row < fine_grid.nRows and 0 <= fine_col < fine_grid.nCols:\n",
+    "                        fine_idx = fine_row * fine_grid.nCols + fine_col\n",
+    "                        if fine_idx not in zoomed.hexGrid.invalidRegion:\n",
+    "                            fine_hexes.add(fine_idx)\n",
+    "            \n",
+    "            if fine_hexes:\n",
+    "                fine_regions[coarse_idx] = fine_hexes\n",
+    "\n",
+    "print(f\"Mapped {len(fine_regions)} coarse hexes to fine regions\")\n",
+    "\n",
+    "# Create a ChunkCover for the zoomed terrain to use carving\n",
+    "zoomed_cover = ChunkCover(zoomed, rings=cover.rings, halo_rings=cover.halo_rings)\n",
+    "\n",
+    "# Carve the upsampled watersheds\n",
+    "# Carve the upsampled watersheds, skipping invalid hexes\n",
+    "zoomed_cover.carve_upsampled_watersheds(\n",
+    "    coarse_flow, \n",
+    "    fine_regions, \n",
+    "    invalid_hexes=zoomed.hexGrid.invalidRegion\n",
+    ")\n",
+    "\n",
+    "\n",
+    "\n",
+    "# Recompute weather for the carved terrain\n",
+    "zoomed.compute_weather()\n",
+    "\n",
+    "# Now compute watersheds on the zoomed terrain\n",
+    "zoomed_sheds = cover.project_watersheds(demoBasins, fine_regions, zoomed)\n",
+    "#zoomed_basins = DrainageBasins(zoomed)\n",
+    "\n",
+    "print(f\"Found {len(zoomed_sheds)} watersheds in zoomed terrain\")\n",
+    "\n",
+    "# Visualize\n",
+    "zoomed.colorMap()\n",
+    "zoomed.hexGrid.update()\n",
+    "\n",
+    "# Draw watersheds\n",
+    "watershed_svg = \"\"\n",
+    "for shed in zoomed_sheds:\n",
+    "    watershed_svg += shed.draw()\n",
+    "\n",
+    "#zoomed_basins.draw_watersheds(top_n=5, max_width=fine_grid.radius * 0.5)\n",
+    "zoomed.hexGrid.builder.adjust(\"rivers\", watershed_svg)\n",
+    "\n",
+    "textStyle = StyleCSS(\"textStyle\", fill=\"white\", font_size=\"1em\", \n",
+    "                     filter=\"drop-shadow(2px 2px 1px rgba(0,0,0,.7))\")\n",
+    "zoomed.hexGrid.builder.add_style(textStyle)\n",
+    "zoomed.hexGrid.builder.add_centered_text(\n",
+    "    f\"Zoomed watersheds - {len(zoomed_basins.sheds)} basins\",\n",
+    "    y_offset=-zoomed.hexGrid.builder.height/2 + 20,\n",
+    "    class_name=textStyle.name\n",
+    ")\n",
+    "\n",
+    "zoomed.hexGrid.builder.show()\n"
+   ]
+  },
+  {
+   "cell_type": "markdown",
+   "id": "488dc4b5",
+   "metadata": {},
+   "source": [
+    "This is really great. but we don't need to do the work on the invalid hexes\n",
+    "\n",
+    "##### 🤖Reply🤖<!-- SOLVEIT_SEPARATOR_7f3a9b2c -->\n",
+    "\n",
+    "🧠🧠🧠🧠🧠🧠🧠🧠🧠🧠🧠🧠🧠🧠🧠🧠🧠🧠🧠🧠🧠🧠🧠🧠🧠🧠🧠🧠🧠\n",
+    "\n",
+    "Good catch! Just pass the invalid region to the carving function:\n",
+    "\n",
+    "```python\n",
+    "# Carve the upsampled watersheds, skipping invalid hexes\n",
+    "zoomed_cover.carve_upsampled_watersheds(\n",
+    "    coarse_flow, \n",
+    "    fine_regions, \n",
+    "    invalid_hexes=zoomed.hexGrid.invalidRegion\n",
+    ")\n",
+    "```\n",
+    "\n",
+    "The updated `carve_upsampled_watersheds` already filters them out before processing — this just saves the overhead of iterating through regions that are mostly padding."
+   ]
+  },
+  {
+   "cell_type": "markdown",
+   "id": "f158c0bf",
+   "metadata": {},
+   "source": [
+    "This is the really common problem for creating rivers and watersheds\n",
+    "\n",
+    "##### 🤖Reply🤖<!-- SOLVEIT_SEPARATOR_7f3a9b2c -->\n",
+    "\n",
+    "🧠🧠🧠🧠🧠🧠🧠🧠🧠🧠🧠🧠🧠🧠🧠🧠🧠🧠🧠🧠🧠🧠🧠🧠🧠🧠🧠🧠🧠🧠🧠🧠🧠🧠🧠🧠🧠🧠🧠🧠🧠🧠🧠🧠🧠🧠🧠🧠🧠🧠🧠🧠🧠🧠🧠🧠🧠🧠🧠🧠🧠🧠🧠🧠🧠🧠🧠🧠🧠🧠🧠🧠🧠🧠🧠🧠🧠🧠🧠\n",
+    "\n",
+    "Right — the `MultipleRootError` happens when `River.from_region` tries to add a tributary but can't find the junction point in the existing tree (so `parent_node_id` is `None`).\n",
+    "\n",
+    "Quick fix for `project_watersheds` — skip the complex `from_region` and just trace from the mouth:\n",
+    "\n",
+    "```python\n",
+    "@patch\n",
+    "def project_watersheds(self: ChunkCover, \n",
+    "                       coarse_basins: DrainageBasins,\n",
+    "                       fine_regions: dict[int, set[int]],\n",
+    "                       fine_terrain: Terrain) -> list[Watershed]:\n",
+    "    \"\"\"Project coarse watersheds to fine terrain without O(n²) recomputation.\"\"\"\n",
+    "    watersheds = []\n",
+    "    \n",
+    "    for coarse_shed in coarse_basins.sheds:\n",
+    "        # Collect fine hexes that belong to this watershed\n",
+    "        fine_hexes = set()\n",
+    "        for coarse_hex in coarse_shed.region.hexes:\n",
+    "            if coarse_hex in fine_regions:\n",
+    "                fine_hexes.update(fine_regions[coarse_hex])\n",
+    "        \n",
+    "        # Filter out invalid hexes\n",
+    "        fine_hexes -= fine_terrain.hexGrid.invalidRegion\n",
+    "        \n",
+    "        if not fine_hexes:\n",
+    "            continue\n",
+    "        \n",
+    "        # Create region on fine grid\n",
+    "        fine_region = HexRegion(hexes=fine_hexes, hexGrid=fine_terrain.hexGrid)\n",
+    "        \n",
+    "        # Find mouth (lowest hex in region)\n",
+    "        mouth = min(fine_hexes, key=lambda h: fine_terrain.elevations[h])\n",
+    "        \n",
+    "        # Simple approach: trace rivers from peaks within this region\n",
+    "        # Find local peaks (hexes higher than all neighbors in region)\n",
+    "        peaks = []\n",
+    "        for h in fine_hexes:\n",
+    "            if fine_terrain.elevations[h] <= 0:\n",
+    "                continue\n",
+    "            neighbors = [n for n in fine_terrain.hexGrid.neighborsOf(h) if n in fine_hexes]\n",
+    "            if all(fine_terrain.elevations[h] >= fine_terrain.elevations[n] for n in neighbors):\n",
+    "                peaks.append(h)\n",
+    "        \n",
+    "        # Create rivers from top peaks\n",
+    "        peaks.sort(key=lambda h: fine_terrain.elevations[h], reverse=True)\n",
+    "        rivers = [River.from_peak(fine_terrain, p) for p in peaks[:5]]\n",
+    "        rivers = [r for r in rivers if r is not None]\n",
+    "        \n",
+    "        if rivers:\n",
+    "            merged = River.combine_rivers(rivers)\n",
+    "            river = max(merged, key=lambda r: len(r.hexes)) if merged else River(fine_terrain)\n",
+    "        else:\n",
+    "            river = River(fine_terrain)\n",
+    "        \n",
+    "        # Check if drains to ocean\n",
+    "        river.ocean_outlet = mouth if fine_terrain.elevations[mouth] <= 0 else None\n",
+    "        \n",
+    "        watersheds.append(Watershed(\n",
+    "            region=fine_region,\n",
+    "            tributary=river,\n",
+    "            style=coarse_shed.style\n",
+    "        ))\n",
+    "    \n",
+    "    return watersheds\n",
+    "```\n",
+    "\n",
+    "This sidesteps `from_region` entirely by using the simpler `from_peak` + merge approach, which handles disconnected paths gracefully."
+   ]
+  },
+  {
+   "cell_type": "markdown",
+   "id": "29093501",
+   "metadata": {},
+   "source": [
+    "This is so perfect. thank you. any more thoughts about how to do hydration or to scale anything?\n",
+    "\n",
+    "##### 🤖Reply🤖<!-- SOLVEIT_SEPARATOR_7f3a9b2c -->\n",
+    "\n",
+    "🧠🧠🧠🧠🧠🧠🧠🧠🧠🧠🧠🧠🧠🧠🧠🧠🧠🧠🧠🧠🧠🧠🧠🧠🧠🧠🧠🧠🧠🧠🧠🧠🧠🧠🧠🧠🧠🧠🧠🧠🧠🧠🧠🧠🧠🧠🧠🧠🧠🧠🧠🧠🧠🧠🧠🧠🧠🧠🧠🧠🧠🧠🧠🧠🧠🧠🧠🧠🧠🧠🧠🧠🧠🧠🧠🧠🧠🧠🧠🧠🧠\n",
+    "\n",
+    "A few thoughts for future iterations:\n",
+    "\n",
+    "**Progressive zoom** — Your current pipeline (coarse → carve → project) can chain recursively. Store `coarse_flow` at each level so you can zoom into a zoomed region without recomputing the parent.\n",
+    "\n",
+    "**LOD (Level of Detail)** — For display, you don't always need rivers at full detail. Consider:\n",
+    "- Store simplified river (k=2 or 3 paths) at coarse level\n",
+    "- Only compute full tributaries when zoomed in\n",
+    "- This keeps the \"zoomed out\" view snappy\n",
+    "\n",
+    "**Precipitation scaling** — When you upsample, the precipitation field gets smoothed. You might want to re-run `compute_precipitation_sb` on the fine terrain but constrain it so totals match the coarse cells. This would give more realistic micro-variation.\n",
+    "\n",
+    "**Boundary rivers** — When a watershed crosses the zoom boundary (hits invalid hexes), the river gets cut off. Options:\n",
+    "- Draw an arrow/indicator showing \"continues off map\"\n",
+    "- Use the coarse river path to show where it goes\n",
+    "- Fade opacity near edges\n",
+    "\n",
+    "**Caching coarse_flow** — Since `flow_directions()` is called repeatedly, you could store it on the terrain:\n",
+    "```python\n",
+    "if not hasattr(terrain, '_flow_cache'):\n",
+    "    terrain._flow_cache = terrain.flow_directions()\n",
+    "```\n",
+    "\n",
+    "**Fan/delta at scale** — Your `build_alluvial_fan` could use the fine terrain for more detailed sediment patterns when zoomed in.\n",
+    "\n",
+    "The core algorithm is solid — the rest is polish and optimization. Want to explore any of these?"
+   ]
+  },
+  {
+   "cell_type": "markdown",
+   "id": "c0e4edc2",
+   "metadata": {},
+   "source": [
+    "I mostly want to do a good git commit. can you write up the details of this notebook that I would put into a header that explains the various classes and algorithims\n",
+    "\n",
+    "##### 🤖Reply🤖<!-- SOLVEIT_SEPARATOR_7f3a9b2c -->\n",
+    "\n",
+    "🧠🧠🧠🧠🧠🧠🧠🧠🧠🧠🧠🧠🧠🧠🧠🧠🧠🧠🧠🧠\n",
+    "\n",
+    "```markdown\n",
+    "# Scalable Watershed Projection\n",
+    "\n",
+    "This notebook implements efficient watershed computation for zoomed/upsampled hex terrain, avoiding the O(n²) cost of full recomputation.\n",
+    "\n",
+    "## Core Algorithm\n",
+    "\n",
+    "The key insight: **inherit coarse watershed structure, then carve locally**.\n",
+    "\n",
+    "Pipeline:\n",
+    "1. Compute watersheds on coarse terrain (expensive, but small grid)\n",
+    "2. Upsample terrain with HFFT (preserves hex lattice structure)\n",
+    "3. Project coarse flow directions to fine regions\n",
+    "4. Carve each fine region to drain toward its downhill neighbor\n",
+    "5. Trace rivers from local peaks within each projected watershed\n",
+    "\n",
+    "Complexity: **O(n × k²)** where n = coarse hexes, k = scale factor — linear in fine hex count.\n",
+    "\n",
+    "## Classes\n",
+    "\n",
+    "### ChunkCover\n",
+    "Manages chunked terrain extraction and upsampling.\n",
+    "\n",
+    "- `mapAround(origin)` — Extract rectangular region with reflection padding for FFT\n",
+    "- `zoomChunk(origin, scale)` — Full zoom pipeline: extract → upsample → track invalid regions\n",
+    "- `carve_region_to_mouth(region, mouth)` — BFS from mouth, carving terrain to ensure drainage\n",
+    "- `find_region_mouth(region, downhill_region)` — Find lowest boundary hex touching downhill\n",
+    "- `carve_upsampled_watersheds(coarse_flow, fine_regions)` — Process all regions downstream-first\n",
+    "- `project_watersheds(coarse_basins, fine_regions, fine_terrain)` — Build Watersheds on fine grid\n",
+    "\n",
+    "### HFFT\n",
+    "Hexagonal Fast Fourier Transform for terrain upsampling.\n",
+    "\n",
+    "- Uses HECS (Hexagonal Efficient Coordinate System): even/odd rows as two interleaved arrays\n",
+    "- `upsample_simple(scale)` — Zero-pad in frequency domain, inverse FFT\n",
+    "- `upsample_with_detail(scale)` — Add fractal noise scaled to local variance\n",
+    "- `upsample_progressive(total_scale)` — Chain 2× steps for smoother results\n",
+    "\n",
+    "## Key Design Decisions\n",
+    "\n",
+    "1. **Single mouth per region** — One BFS start point, no coordination needed\n",
+    "2. **Process downstream-first** — When carving region A, downhill region B already has correct elevations\n",
+    "3. **Skip invalid hexes** — Reflection-padded hexes excluded from carving and watershed assignment\n",
+    "4. **Peak-based river tracing** — Avoids complex tree merging by using simple `from_peak` + `combine_rivers`\n",
+    "```"
    ]
   }
  ],
