radius:10
size:94^55
path:sample.svg
fields:latitude	longitude	temperature	precipitation	climate_pet	aridity_index	temp_seasonality	precip_seasonality	humidity
geo:37.68,37.88,-122.55,-122.38
+data:
96.777923584,37.88,-122.55011527698241,0.0,0.0,0.0,0.0,0.0,0.0,0.0	38.34834671,37.88,-122.5469628593164,0.0,0.0,0.0,0.0,0.0,0.0,0.0	25.751634598,37.88,-122.54381044165038,13.626966599744478,593.9100000000001,1089.174,0.5452847754353299,2.9528411449055256,141.49921535920004,70.29338262139467	13.975764275,37.88,-122.54065802398436,13.685663442233984,593.9100000000001,1091.003,0.5443706387608468,2.9527058625257654,141.49921535920004,70.29395363694442	9.558024406,37.88,-122.53750560631835,0.0,0.0,0.0,0.0,0.0,0.0,0.0	7.83169651,37.88,-122.53435318865233,0.0,0.0,0.0,0.0,0.0,0.0,0.0	14.513936043,37.88,-122.53120077098632,0.0,0.0,0.0,0.0,0.0,0.0,0.0	9.128165245,37.88,-122.5280483533203,0.0,0.0,0.0,0.0,0.0,0.0,0.0	2.155032396,37.88,-122.52489593565429,0.0,0.0,0.0,0.0,0.0,0.0,0.0	6.397540092,37.88,-122.52174351798827,0.0,0.0,0.0,0.0,0.0,0.0,0.0	4.162231922,37.88,-122.51859110032225,0.0,0.0,0.0,0.0,0.0,0.0,0.0	1.897056818,37.88,-122.51543868265624,0.0,0.0,0.0,0.0,0.0,0.0,0.0	0.257055223,37.88,-122.51228626499022,0.0,0.0,0.0,0.0,0.0,0.0,0.0	-0.300000012,37.88,-122.50913384732421,0.0,0.0,0.0,0.0,0.0,0.0,0.0	-0.300000012,37.88,-122.50598142965819,0.0,0.0,0.0,0.0,0.0,0.0,0.0	-0.300000012,37.88,-122.50282901199218,0.0,0.0,0.0,0.0,0.0,0.0,0.0	26.103467941,37.88,-122.49967659432616,0.0,0.0,0.0,0.0,0.0,0.0,0.0	0.318340361,37.88,-122.49652417666015,0.0,0.0,0.0,0.0,0.0,0.0,0.0	-0.300000012,37.88,-122.49337175899413,0.0,0.0,0.0,0.0,0.0,0.0,0.0	-0.300000012,37.88,-122.49021934132811,0.0,0.0,0.0,0.0,0.0,0.0,0.0	-0.300000012,37.88,-122.4870669236621,0.0,0.0,0.0,0.0,0.0,0.0,0.0	-0.300000012,37.88,-122.48391450599608,0.0,0.0,0.0,0.0,0.0,0.0,0.0	-0.300000012,37.88,-122.48076208833007,0.0,0.0,0.0,0.0,0.0,0.0,0.0	-0.300000012,37.88,-122.47760967066405,0.0,0.0,0.0,0.0,0.0,0.0,0.0	-0.300000012,37.88,-122.47445725299804,0.0,0.0,0.0,0.0,0.0,0.0,0.0	1.713012338,37.88,-122.47130483533202,0.0,0.0,0.0,0.0,0.0,0.0,0.0	0.419999987,37.88,-122.468152417666,0.0,0.0,0.0,0.0,0.0,0.0,0.0	3.326738596,37.88,-122.46499999999999,0.0,0.0,0.0,0.0,0.0,0.0,0.0	81.254364014,37.88,-122.46184758233397,0.0,0.0,0.0,0.0,0.0,0.0,0.0	10.543737411,37.88,-122.45869516466796,0.0,0.0,0.0,0.0,0.0,0.0,0.0	73.816398621,37.88,-122.45554274700194,0.0,0.0,0.0,0.0,0.0,0.0,0.0	130.781387329,37.88,-122.45239032933593,0.0,0.0,0.0,0.0,0.0,0.0,0.0	124.094261169,37.88,-122.44923791166991,0.0,0.0,0.0,0.0,0.0,0.0,0.0	80.538246155,37.88,-122.4460854940039,0.0,0.0,0.0,0.0,0.0,0.0,0.0	-0.300000012,37.88,-122.44293307633788,0.0,0.0,0.0,0.0,0.0,0.0,0.0	-0.300000012,37.88,-122.43978065867186,0.0,0.0,0.0,0.0,0.0,0.0,0.0	-0.300000012,37.88,-122.43662824100585,0.0,0.0,0.0,0.0,0.0,0.0,0.0	-0.300000012,37.88,-122.43347582333983,0.0,0.0,0.0,0.0,0.0,0.0,0.0	-0.300000012,37.88,-122.43032340567382,0.0,0.0,0.0,0.0,0.0,0.0,0.0	-21.246519089,37.88,-122.4271709880078,0.0,0.0,0.0,0.0,0.0,0.0,0.0	-14.91710186,37.88,-122.42401857034179,0.0,0.0,0.0,0.0,0.0,0.0,0.0	-12.892368317,37.88,-122.42086615267577,0.0,0.0,0.0,0.0,0.0,0.0,0.0	-14.156079292,37.88,-122.41771373500976,0.0,0.0,0.0,0.0,0.0,0.0,0.0	-13.612002373,37.88,-122.41456131734374,0.0,0.0,0.0,0.0,0.0,0.0,0.0	-11.821124077,37.88,-122.41140889967772,0.0,0.0,0.0,0.0,0.0,0.0,0.0	-11.378911018,37.88,-122.40825648201171,0.0,0.0,0.0,0.0,0.0,0.0,0.0	-10.089219093,37.88,-122.4051040643457,0.0,0.0,0.0,0.0,0.0,0.0,0.0	-6.734382629,37.88,-122.40195164667968,0.0,0.0,0.0,0.0,0.0,0.0,0.0	-6.215072155,37.88,-122.39879922901366,0.0,0.0,0.0,0.0,0.0,0.0,0.0	-6.270145893,37.88,-122.39564681134765,0.0,0.0,0.0,0.0,0.0,0.0,0.0	-5.035065651,37.88,-122.39249439368163,0.0,0.0,0.0,0.0,0.0,0.0,0.0	-3.294994354,37.88,-122.38934197601561,0.0,0.0,0.0,0.0,0.0,0.0,0.0	-2.725344181,37.88,-122.3861895583496,0.0,0.0,0.0,0.0,0.0,0.0,0.0	-2.30170393,37.88,-122.38303714068358,0.0,0.0,0.0,0.0,0.0,0.0,0.0	-2.279990673,37.88,-122.37988472301757,0.0,0.0,0.0,0.0,0.0,0.0,0.0
155.466629028,37.877849462365596,-122.55011279188874,0.0,0.0,0.0,0.0,0.0,0.0,0.0	42.825641632,37.877849462365596,-122.54696046626323,0.0,0.0,0.0,0.0,0.0,0.0,0.0	81.251609802,37.877849462365596,-122.54380814063772,0.0,0.0,0.0,0.0,0.0,0.0,0.0	60.411518097,37.877849462365596,-122.54065581501222,0.0,0.0,0.0,0.0,0.0,0.0,0.0	26.739871979,37.877849462365596,-122.5375034893867,0.0,0.0,0.0,0.0,0.0,0.0,0.0	4.532969475,37.877849462365596,-122.53435116376119,0.0,0.0,0.0,0.0,0.0,0.0,0.0	2.874296904,37.877849462365596,-122.53119883813568,0.0,0.0,0.0,0.0,0.0,0.0,0.0	2.452105761,37.877849462365596,-122.52804651251017,0.0,0.0,0.0,0.0,0.0,0.0,0.0	1.797191262,37.877849462365596,-122.52489418688467,0.0,0.0,0.0,0.0,0.0,0.0,0.0	20.87231636,37.877849462365596,-122.52174186125916,0.0,0.0,0.0,0.0,0.0,0.0,0.0	68.480422974,37.877849462365596,-122.51858953563365,0.0,0.0,0.0,0.0,0.0,0.0,0.0	29.679523468,37.877849462365596,-122.51543721000813,0.0,0.0,0.0,0.0,0.0,0.0,0.0	0.752832174,37.877849462365596,-122.51228488438262,0.0,0.0,0.0,0.0,0.0,0.0,0.0	-0.043263916,37.877849462365596,-122.50913255875712,0.0,0.0,0.0,0.0,0.0,0.0,0.0	-0.300000012,37.877849462365596,-122.50598023313161,0.0,0.0,0.0,0.0,0.0,0.0,0.0	-0.300000012,37.877849462365596,-122.5028279075061,0.0,0.0,0.0,0.0,0.0,0.0,0.0	-0.300000012,37.877849462365596,-122.4996755818806,0.0,0.0,0.0,0.0,0.0,0.0,0.0	2.387262344,37.877849462365596,-122.49652325625507,0.0,0.0,0.0,0.0,0.0,0.0,0.0	-0.300000012,37.877849462365596,-122.49337093062957,0.0,0.0,0.0,0.0,0.0,0.0,0.0	-0.300000012,37.877849462365596,-122.49021860500406,0.0,0.0,0.0,0.0,0.0,0.0,0.0	-0.300000012,37.877849462365596,-122.48706627937855,0.0,0.0,0.0,0.0,0.0,0.0,0.0	-0.300000012,37.877849462365596,-122.48391395375305,0.0,0.0,0.0,0.0,0.0,0.0,0.0	-0.300000012,37.877849462365596,-122.48076162812754,0.0,0.0,0.0,0.0,0.0,0.0,0.0	-0.300000012,37.877849462365596,-122.47760930250203,0.0,0.0,0.0,0.0,0.0,0.0,0.0	-0.300000012,37.877849462365596,-122.47445697687651,0.0,0.0,0.0,0.0,0.0,0.0,0.0	2.88634634,37.877849462365596,-122.471304651251,0.0,0.0,0.0,0.0,0.0,0.0,0.0	0.419999987,37.877849462365596,-122.4681523256255,0.0,0.0,0.0,0.0,0.0,0.0,0.0	0.419999987,37.877849462365596,-122.46499999999999,0.0,0.0,0.0,0.0,0.0,0.0,0.0	7.521430016,37.877849462365596,-122.46184767437448,0.0,0.0,0.0,0.0,0.0,0.0,0.0	3.226219177,37.877849462365596,-122.45869534874898,0.0,0.0,0.0,0.0,0.0,0.0,0.0	46.018489838,37.877849462365596,-122.45554302312347,0.0,0.0,0.0,0.0,0.0,0.0,0.0	95.364265442,37.877849462365596,-122.45239069749795,0.0,0.0,0.0,0.0,0.0,0.0,0.0	57.371074677,37.877849462365596,-122.44923837187244,0.0,0.0,0.0,0.0,0.0,0.0,0.0	53.734008789,37.877849462365596,-122.44608604624693,0.0,0.0,0.0,0.0,0.0,0.0,0.0	-0.300000012,37.877849462365596,-122.44293372062143,0.0,0.0,0.0,0.0,0.0,0.0,0.0	-0.300000012,37.877849462365596,-122.43978139499592,0.0,0.0,0.0,0.0,0.0,0.0,0.0	-0.300000012,37.877849462365596,-122.43662906937041,0.0,0.0,0.0,0.0,0.0,0.0,0.0	-0.300000012,37.877849462365596,-122.4334767437449,0.0,0.0,0.0,0.0,0.0,0.0,0.0	-0.300000012,37.877849462365596,-122.43032441811938,0.0,0.0,0.0,0.0,0.0,0.0,0.0	-0.300000012,37.877849462365596,-122.42717209249388,0.0,0.0,0.0,0.0,0.0,0.0,0.0	-14.251734734,37.877849462365596,-122.42401976686837,0.0,0.0,0.0,0.0,0.0,0.0,0.0	-0.300000012,37.877849462365596,-122.42086744124286,0.0,0.0,0.0,0.0,0.0,0.0,0.0	-0.300000012,37.877849462365596,-122.41771511561736,0.0,0.0,0.0,0.0,0.0,0.0,0.0	-14.381524086,37.877849462365596,-122.41456278999185,0.0,0.0,0.0,0.0,0.0,0.0,0.0	-12.604870796,37.877849462365596,-122.41141046436633,0.0,0.0,0.0,0.0,0.0,0.0,0.0	-12.108865738,37.877849462365596,-122.40825813874082,14.282223033400257,579.4200000000001,1179.8046666666667,0.49111519590531094,3.393931150357089,139.93682955225452,64.87740094942487	-11.575343132,37.877849462365596,-122.40510581311531,0.0,0.0,0.0,0.0,0.0,0.0,0.0	-8.77350235,37.877849462365596,-122.4019534874898,0.0,0.0,0.0,0.0,0.0,0.0,0.0	-7.054944992,37.877849462365596,-122.3988011618643,14.242325241832454,579.4200000000001,1177.2716666666665,0.49217187196951157,3.3894084136172693,139.93682955225452,64.87816779258719	-6.364305496,37.877849462365596,-122.39564883623879,0.0,0.0,0.0,0.0,0.0,0.0,0.0	-5.231469631,37.877849462365596,-122.39249651061328,0.0,0.0,0.0,0.0,0.0,0.0,0.0	-3.613984108,37.877849462365596,-122.38934418498776,0.0,0.0,0.0,0.0,0.0,0.0,0.0	-2.925914288,37.877849462365596,-122.38619185936226,0.0,0.0,0.0,0.0,0.0,0.0,0.0	-2.579676628,37.877849462365596,-122.38303953373675,0.0,0.0,0.0,0.0,0.0,0.0,0.0	-2.479244232,37.877849462365596,-122.37988720811124,0.0,0.0,0.0,0.0,0.0,0.0,0.0
158.522506714,37.87569892473118,-122.55011030706008,0.0,0.0,0.0,0.0,0.0,0.0,0.0	99.313331604,37.87569892473118,-122.54695807346526,0.0,0.0,0.0,0.0,0.0,0.0,0.0	124.672485352,37.87569892473118,-122.54380583987044,0.0,0.0,0.0,0.0,0.0,0.0,0.0	84.425697327,37.87569892473118,-122.54065360627563,0.0,0.0,0.0,0.0,0.0,0.0,0.0	49.478946686,37.87569892473118,-122.53750137268081,0.0,0.0,0.0,0.0,0.0,0.0,0.0	24.946653366,37.87569892473118,-122.53434913908599,0.0,0.0,0.0,0.0,0.0,0.0,0.0	42.852581024,37.87569892473118,-122.53119690549117,0.0,0.0,0.0,0.0,0.0,0.0,0.0	4.419835091,37.87569892473118,-122.52804467189635,0.0,0.0,0.0,0.0,0.0,0.0,0.0	31.958442688,37.87569892473118,-122.52489243830153,0.0,0.0,0.0,0.0,0.0,0.0,0.0	92.13874054,37.87569892473118,-122.52174020470672,0.0,0.0,0.0,0.0,0.0,0.0,0.0	77.872581482,37.87569892473118,-122.5185879711119,0.0,0.0,0.0,0.0,0.0,0.0,0.0	60.172012329,37.87569892473118,-122.51543573751708,0.0,0.0,0.0,0.0,0.0,0.0,0.0	33.523288727,37.87569892473118,-122.51228350392226,0.0,0.0,0.0,0.0,0.0,0.0,0.0	0.881477594,37.87569892473118,-122.50913127032744,0.0,0.0,0.0,0.0,0.0,0.0,0.0	2.341855526,37.87569892473118,-122.50597903673263,0.0,0.0,0.0,0.0,0.0,0.0,0.0	-0.300000012,37.87569892473118,-122.50282680313781,0.0,0.0,0.0,0.0,0.0,0.0,0.0	-0.300000012,37.87569892473118,-122.49967456954299,0.0,0.0,0.0,0.0,0.0,0.0,0.0	-0.300000012,37.87569892473118,-122.49652233594817,0.0,0.0,0.0,0.0,0.0,0.0,0.0	-0.300000012,37.87569892473118,-122.49337010235335,0.0,0.0,0.0,0.0,0.0,0.0,0.0	-0.300000012,37.87569892473118,-122.49021786875853,0.0,0.0,0.0,0.0,0.0,0.0,0.0	-0.300000012,37.87569892473118,-122.48706563516372,0.0,0.0,0.0,0.0,0.0,0.0,0.0	-0.300000012,37.87569892473118,-122.4839134015689,0.0,0.0,0.0,0.0,0.0,0.0,0.0	-0.300000012,37.87569892473118,-122.48076116797408,0.0,0.0,0.0,0.0,0.0,0.0,0.0	-0.300000012,37.87569892473118,-122.47760893437926,0.0,0.0,0.0,0.0,0.0,0.0,0.0	-0.300000012,37.87569892473118,-122.47445670078444,0.0,0.0,0.0,0.0,0.0,0.0,0.0	42.838863373,37.87569892473118,-122.47130446718963,0.0,0.0,0.0,0.0,0.0,0.0,0.0	2.761152506,37.87569892473118,-122.46815223359481,0.0,0.0,0.0,0.0,0.0,0.0,0.0	1.120000005,37.87569892473118,-122.46499999999999,0.0,0.0,0.0,0.0,0.0,0.0,0.0	1.582171917,37.87569892473118,-122.46184776640519,0.0,0.0,0.0,0.0,0.0,0.0,0.0	2.356622219,37.87569892473118,-122.45869553281037,0.0,0.0,0.0,0.0,0.0,0.0,0.0	3.72347641,37.87569892473118,-122.45554329921555,0.0,0.0,0.0,0.0,0.0,0.0,0.0	64.692520142,37.87569892473118,-122.45239106562073,0.0,0.0,0.0,0.0,0.0,0.0,0.0	27.96697998,37.87569892473118,-122.44923883202591,0.0,0.0,0.0,0.0,0.0,0.0,0.0	10.625664711,37.87569892473118,-122.4460865984311,0.0,0.0,0.0,0.0,0.0,0.0,0.0	-0.300000012,37.87569892473118,-122.44293436483628,0.0,0.0,0.0,0.0,0.0,0.0,0.0	-0.300000012,37.87569892473118,-122.43978213124146,0.0,0.0,0.0,0.0,0.0,0.0,0.0	-0.300000012,37.87569892473118,-122.43662989764664,0.0,0.0,0.0,0.0,0.0,0.0,0.0	-0.300000012,37.87569892473118,-122.43347766405182,0.0,0.0,0.0,0.0,0.0,0.0,0.0	-0.300000012,37.87569892473118,-122.430325430457,0.0,0.0,0.0,0.0,0.0,0.0,0.0	-0.300000012,37.87569892473118,-122.42717319686219,0.0,0.0,0.0,0.0,0.0,0.0,0.0	-0.300000012,37.87569892473118,-122.42402096326737,0.0,0.0,0.0,0.0,0.0,0.0,0.0	-0.300000012,37.87569892473118,-122.42086872967255,0.0,0.0,0.0,0.0,0.0,0.0,0.0	-0.300000012,37.87569892473118,-122.41771649607773,0.0,0.0,0.0,0.0,0.0,0.0,0.0	-0.300000012,37.87569892473118,-122.41456426248291,0.0,0.0,0.0,0.0,0.0,0.0,0.0	-13.675442696,37.87569892473118,-122.4114120288881,0.0,0.0,0.0,0.0,0.0,0.0,0.0	-12.963768959,37.87569892473118,-122.40825979529328,0.0,0.0,0.0,0.0,0.0,0.0,0.0	-12.94063282,37.87569892473118,-122.40510756169846,0.0,0.0,0.0,0.0,0.0,0.0,0.0	-10.121166229,37.87569892473118,-122.40195532810364,0.0,0.0,0.0,0.0,0.0,0.0,0.0	-8.29656601,37.87569892473118,-122.39880309450882,0.0,0.0,0.0,0.0,0.0,0.0,0.0	-6.793054581,37.87569892473118,-122.395650860914,0.0,0.0,0.0,0.0,0.0,0.0,0.0	-5.448317528,37.87569892473118,-122.39249862731918,0.0,0.0,0.0,0.0,0.0,0.0,0.0	-3.942120075,37.87569892473118,-122.38934639372437,0.0,0.0,0.0,0.0,0.0,0.0,0.0	-3.257387638,37.87569892473118,-122.38619416012955,0.0,0.0,0.0,0.0,0.0,0.0,0.0	-2.81248045,37.87569892473118,-122.38304192653473,0.0,0.0,0.0,0.0,0.0,0.0,0.0	-2.801435947,37.87569892473118,-122.37988969293991,0.0,0.0,0.0,0.0,0.0,0.0,0.0
176.000015259,37.873548387096776,-122.5501078224964,0.0,0.0,0.0,0.0,0.0,0.0,0.0	107.454620361,37.873548387096776,-122.54695568092247,0.0,0.0,0.0,0.0,0.0,0.0,0.0	178.77142334,37.873548387096776,-122.54380353934852,0.0,0.0,0.0,0.0,0.0,0.0,0.0	154.534423828,37.873548387096776,-122.54065139777458,0.0,0.0,0.0,0.0,0.0,0.0,0.0	148.723236084,37.873548387096776,-122.53749925620063,0.0,0.0,0.0,0.0,0.0,0.0,0.0	126.182167053,37.873548387096776,-122.5343471146267,0.0,0.0,0.0,0.0,0.0,0.0,0.0	57.469154358,37.873548387096776,-122.53119497305275,0.0,0.0,0.0,0.0,0.0,0.0,0.0	6.365133286,37.873548387096776,-122.52804283147881,0.0,0.0,0.0,0.0,0.0,0.0,0.0	16.842521667,37.873548387096776,-122.52489068990488,0.0,0.0,0.0,0.0,0.0,0.0,0.0	87.072891235,37.873548387096776,-122.52173854833093,0.0,0.0,0.0,0.0,0.0,0.0,0.0	95.104026794,37.873548387096776,-122.518586406757,0.0,0.0,0.0,0.0,0.0,0.0,0.0	28.159448624,37.873548387096776,-122.51543426518305,0.0,0.0,0.0,0.0,0.0,0.0,0.0	3.596885204,37.873548387096776,-122.51228212360911,0.0,0.0,0.0,0.0,0.0,0.0,0.0	3.568512201,37.873548387096776,-122.50912998203518,0.0,0.0,0.0,0.0,0.0,0.0,0.0	2.290949345,37.873548387096776,-122.50597784046123,0.0,0.0,0.0,0.0,0.0,0.0,0.0	-0.149172723,37.873548387096776,-122.50282569888729,0.0,0.0,0.0,0.0,0.0,0.0,0.0	-0.300000012,37.873548387096776,-122.49967355731334,0.0,0.0,0.0,0.0,0.0,0.0,0.0	-0.300000012,37.873548387096776,-122.49652141573941,0.0,0.0,0.0,0.0,0.0,0.0,0.0	-0.300000012,37.873548387096776,-122.49336927416546,0.0,0.0,0.0,0.0,0.0,0.0,0.0	-0.300000012,37.873548387096776,-122.49021713259152,0.0,0.0,0.0,0.0,0.0,0.0,0.0	-0.300000012,37.873548387096776,-122.48706499101759,0.0,0.0,0.0,0.0,0.0,0.0,0.0	-0.300000012,37.873548387096776,-122.48391284944364,0.0,0.0,0.0,0.0,0.0,0.0,0.0	-0.300000012,37.873548387096776,-122.4807607078697,0.0,0.0,0.0,0.0,0.0,0.0,0.0	-0.300000012,37.873548387096776,-122.47760856629576,0.0,0.0,0.0,0.0,0.0,0.0,0.0	-0.300000012,37.873548387096776,-122.47445642472182,0.0,0.0,0.0,0.0,0.0,0.0,0.0	39.967601776,37.873548387096776,-122.47130428314789,0.0,0.0,0.0,0.0,0.0,0.0,0.0	39.177429199,37.873548387096776,-122.46815214157394,0.0,0.0,0.0,0.0,0.0,0.0,0.0	5.701406956,37.873548387096776,-122.465,0.0,0.0,0.0,0.0,0.0,0.0,0.0	0.440810293,37.873548387096776,-122.46184785842605,0.0,0.0,0.0,0.0,0.0,0.0,0.0	21.473340988,37.873548387096776,-122.45869571685212,0.0,0.0,0.0,0.0,0.0,0.0,0.0	3.25998807,37.873548387096776,-122.45554357527817,0.0,0.0,0.0,0.0,0.0,0.0,0.0	5.064333916,37.873548387096776,-122.45239143370424,0.0,0.0,0.0,0.0,0.0,0.0,0.0	14.727872849,37.873548387096776,-122.4492392921303,0.0,0.0,0.0,0.0,0.0,0.0,0.0	-0.300000012,37.873548387096776,-122.44608715055635,0.0,0.0,0.0,0.0,0.0,0.0,0.0	-0.300000012,37.873548387096776,-122.44293500898242,0.0,0.0,0.0,0.0,0.0,0.0,0.0	-0.300000012,37.873548387096776,-122.43978286740847,0.0,0.0,0.0,0.0,0.0,0.0,0.0	-0.300000012,37.873548387096776,-122.43663072583453,0.0,0.0,0.0,0.0,0.0,0.0,0.0	-0.300000012,37.873548387096776,-122.4334785842606,0.0,0.0,0.0,0.0,0.0,0.0,0.0	-0.300000012,37.873548387096776,-122.43032644268665,0.0,0.0,0.0,0.0,0.0,0.0,0.0	-0.300000012,37.873548387096776,-122.42717430111271,0.0,0.0,0.0,0.0,0.0,0.0,0.0	-0.300000012,37.873548387096776,-122.42402215953877,0.0,0.0,0.0,0.0,0.0,0.0,0.0	-0.300000012,37.873548387096776,-122.42087001796483,0.0,0.0,0.0,0.0,0.0,0.0,0.0	-0.300000012,37.873548387096776,-122.41771787639088,0.0,0.0,0.0,0.0,0.0,0.0,0.0	-0.300000012,37.873548387096776,-122.41456573481695,0.0,0.0,0.0,0.0,0.0,0.0,0.0	-14.09346199,37.873548387096776,-122.41141359324301,0.0,0.0,0.0,0.0,0.0,0.0,0.0	-14.119187355,37.873548387096776,-122.40826145166906,0.0,0.0,0.0,0.0,0.0,0.0,0.0	-14.176165581,37.873548387096776,-122.40510931009513,0.0,0.0,0.0,0.0,0.0,0.0,0.0	-11.673977852,37.873548387096776,-122.40195716852118,0.0,0.0,0.0,0.0,0.0,0.0,0.0	-9.687294006,37.873548387096776,-122.39880502694724,0.0,0.0,0.0,0.0,0.0,0.0,0.0	-7.70965004,37.873548387096776,-122.39565288537331,0.0,0.0,0.0,0.0,0.0,0.0,0.0	-5.664563656,37.873548387096776,-122.39250074379936,0.0,0.0,0.0,0.0,0.0,0.0,0.0	-4.36457634,37.873548387096776,-122.38934860222543,0.0,0.0,0.0,0.0,0.0,0.0,0.0	-3.577050686,37.873548387096776,-122.38619646065148,0.0,0.0,0.0,0.0,0.0,0.0,0.0	-3.093198538,37.873548387096776,-122.38304431907754,0.0,0.0,0.0,0.0,0.0,0.0,0.0	-2.835208893,37.873548387096776,-122.37989217750359,0.0,0.0,0.0,0.0,0.0,0.0,0.0
200.684143066,37.87139784946237,-122.55010533819767,0.0,0.0,0.0,0.0,0.0,0.0,0.0	147.686569214,37.87139784946237,-122.5469532886348,0.0,0.0,0.0,0.0,0.0,0.0,0.0	230.870605469,37.87139784946237,-122.54380123907191,0.0,0.0,0.0,0.0,0.0,0.0,0.0	196.615570068,37.87139784946237,-122.54064918950904,0.0,0.0,0.0,0.0,0.0,0.0,0.0	172.42779541,37.87139784946237,-122.53749713994615,0.0,0.0,0.0,0.0,0.0,0.0,0.0	114.194976807,37.87139784946237,-122.53434509038328,0.0,0.0,0.0,0.0,0.0,0.0,0.0	95.031997681,37.87139784946237,-122.53119304082041,0.0,0.0,0.0,0.0,0.0,0.0,0.0	25.105588913,37.87139784946237,-122.52804099125753,0.0,0.0,0.0,0.0,0.0,0.0,0.0	40.352531433,37.87139784946237,-122.52488894169466,0.0,0.0,0.0,0.0,0.0,0.0,0.0	101.796310425,37.87139784946237,-122.52173689213178,0.0,0.0,0.0,0.0,0.0,0.0,0.0	100.914253235,37.87139784946237,-122.5185848425689,0.0,0.0,0.0,0.0,0.0,0.0,0.0	24.571855545,37.87139784946237,-122.51543279300603,0.0,0.0,0.0,0.0,0.0,0.0,0.0	3.732091188,37.87139784946237,-122.51228074344314,0.0,0.0,0.0,0.0,0.0,0.0,0.0	2.3564713,37.87139784946237,-122.50912869388027,0.0,0.0,0.0,0.0,0.0,0.0,0.0	35.314704895,37.87139784946237,-122.5059766443174,0.0,0.0,0.0,0.0,0.0,0.0,0.0	3.229147911,37.87139784946237,-122.50282459475451,0.0,0.0,0.0,0.0,0.0,0.0,0.0	0.054586679,37.87139784946237,-122.49967254519164,0.0,0.0,0.0,0.0,0.0,0.0,0.0	-0.300000012,37.87139784946237,-122.49652049562877,0.0,0.0,0.0,0.0,0.0,0.0,0.0	-0.300000012,37.87139784946237,-122.49336844606589,0.0,0.0,0.0,0.0,0.0,0.0,0.0	-0.300000012,37.87139784946237,-122.49021639650302,0.0,0.0,0.0,0.0,0.0,0.0,0.0	-0.300000012,37.87139784946237,-122.48706434694013,0.0,0.0,0.0,0.0,0.0,0.0,0.0	-0.300000012,37.87139784946237,-122.48391229737726,0.0,0.0,0.0,0.0,0.0,0.0,0.0	-0.300000012,37.87139784946237,-122.48076024781439,0.0,0.0,0.0,0.0,0.0,0.0,0.0	-0.300000012,37.87139784946237,-122.4776081982515,0.0,0.0,0.0,0.0,0.0,0.0,0.0	-0.300000012,37.87139784946237,-122.47445614868863,0.0,0.0,0.0,0.0,0.0,0.0,0.0	-0.300000012,37.87139784946237,-122.47130409912576,0.0,0.0,0.0,0.0,0.0,0.0,0.0	95.425231934,37.87139784946237,-122.46815204956287,0.0,0.0,0.0,0.0,0.0,0.0,0.0	69.253959656,37.87139784946237,-122.465,0.0,0.0,0.0,0.0,0.0,0.0,0.0	-0.300000012,37.87139784946237,-122.46184795043712,0.0,0.0,0.0,0.0,0.0,0.0,0.0	-0.300000012,37.87139784946237,-122.45869590087425,0.0,0.0,0.0,0.0,0.0,0.0,0.0	-0.300000012,37.87139784946237,-122.45554385131138,0.0,0.0,0.0,0.0,0.0,0.0,0.0	-0.300000012,37.87139784946237,-122.45239180174849,0.0,0.0,0.0,0.0,0.0,0.0,0.0	-0.300000012,37.87139784946237,-122.44923975218562,0.0,0.0,0.0,0.0,0.0,0.0,0.0	-0.300000012,37.87139784946237,-122.44608770262275,0.0,0.0,0.0,0.0,0.0,0.0,0.0	-0.300000012,37.87139784946237,-122.44293565305986,0.0,0.0,0.0,0.0,0.0,0.0,0.0	-0.300000012,37.87139784946237,-122.43978360349699,0.0,0.0,0.0,0.0,0.0,0.0,0.0	-0.300000012,37.87139784946237,-122.4366315539341,0.0,0.0,0.0,0.0,0.0,0.0,0.0	-0.300000012,37.87139784946237,-122.43347950437123,0.0,0.0,0.0,0.0,0.0,0.0,0.0	65.084373474,37.87139784946237,-122.43032745480836,0.0,0.0,0.0,0.0,0.0,0.0,0.0	-0.300000012,37.87139784946237,-122.42717540524548,0.0,0.0,0.0,0.0,0.0,0.0,0.0	-0.300000012,37.87139784946237,-122.4240233556826,0.0,0.0,0.0,0.0,0.0,0.0,0.0	-0.300000012,37.87139784946237,-122.42087130611974,0.0,0.0,0.0,0.0,0.0,0.0,0.0	-0.300000012,37.87139784946237,-122.41771925655685,0.0,0.0,0.0,0.0,0.0,0.0,0.0	-0.300000012,37.87139784946237,-122.41456720699398,0.0,0.0,0.0,0.0,0.0,0.0,0.0	-15.822967529,37.87139784946237,-122.4114151574311,0.0,0.0,0.0,0.0,0.0,0.0,0.0	-15.253495216,37.87139784946237,-122.40826310786822,0.0,0.0,0.0,0.0,0.0,0.0,0.0	-15.405977249,37.87139784946237,-122.40511105830535,0.0,0.0,0.0,0.0,0.0,0.0,0.0	-13.471737862,37.87139784946237,-122.40195900874247,0.0,0.0,0.0,0.0,0.0,0.0,0.0	-10.915304184,37.87139784946237,-122.3988069591796,0.0,0.0,0.0,0.0,0.0,0.0,0.0	-9.156558037,37.87139784946237,-122.39565490961672,0.0,0.0,0.0,0.0,0.0,0.0,0.0	-6.063253403,37.87139784946237,-122.39250286005384,0.0,0.0,0.0,0.0,0.0,0.0,0.0	-4.620822906,37.87139784946237,-122.38935081049097,0.0,0.0,0.0,0.0,0.0,0.0,0.0	-3.838905573,37.87139784946237,-122.38619876092808,0.0,0.0,0.0,0.0,0.0,0.0,0.0	-3.444670677,37.87139784946237,-122.38304671136521,0.0,0.0,0.0,0.0,0.0,0.0,0.0	-3.053573847,37.87139784946237,-122.37989466180234,0.0,0.0,0.0,0.0,0.0,0.0,0.0
271.803222656,37.86924731182796,-122.55010285416384,0.0,0.0,0.0,0.0,0.0,0.0,0.0	184.524917603,37.86924731182796,-122.54695089660221,0.0,0.0,0.0,0.0,0.0,0.0,0.0	201.25617981,37.86924731182796,-122.54379893904058,0.0,0.0,0.0,0.0,0.0,0.0,0.0	185.034744263,37.86924731182796,-122.54064698147897,0.0,0.0,0.0,0.0,0.0,0.0,0.0	205.803451538,37.86924731182796,-122.53749502391734,0.0,0.0,0.0,0.0,0.0,0.0,0.0	112.579185486,37.86924731182796,-122.53434306635572,0.0,0.0,0.0,0.0,0.0,0.0,0.0	71.530021667,37.86924731182796,-122.53119110879409,0.0,0.0,0.0,0.0,0.0,0.0,0.0	11.032840729,37.86924731182796,-122.52803915123248,0.0,0.0,0.0,0.0,0.0,0.0,0.0	50.013744354,37.86924731182796,-122.52488719367085,0.0,0.0,0.0,0.0,0.0,0.0,0.0	101.680992126,37.86924731182796,-122.52173523610922,0.0,0.0,0.0,0.0,0.0,0.0,0.0	108.090103149,37.86924731182796,-122.5185832785476,0.0,0.0,0.0,0.0,0.0,0.0,0.0	37.555362701,37.86924731182796,-122.51543132098597,0.0,0.0,0.0,0.0,0.0,0.0,0.0	17.794031143,37.86924731182796,-122.51227936342435,0.0,0.0,0.0,0.0,0.0,0.0,0.0	4.552191734,37.86924731182796,-122.50912740586273,0.0,0.0,0.0,0.0,0.0,0.0,0.0	10.815901756,37.86924731182796,-122.5059754483011,0.0,0.0,0.0,0.0,0.0,0.0,0.0	3.649092913,37.86924731182796,-122.50282349073947,0.0,0.0,0.0,0.0,0.0,0.0,0.0	1.606820464,37.86924731182796,-122.49967153317786,0.0,0.0,0.0,0.0,0.0,0.0,0.0	-0.300000012,37.86924731182796,-122.49651957561623,0.0,0.0,0.0,0.0,0.0,0.0,0.0	-0.300000012,37.86924731182796,-122.4933676180546,0.0,0.0,0.0,0.0,0.0,0.0,0.0	-0.300000012,37.86924731182796,-122.49021566049298,0.0,0.0,0.0,0.0,0.0,0.0,0.0	-0.300000012,37.86924731182796,-122.48706370293135,0.0,0.0,0.0,0.0,0.0,0.0,0.0	-0.300000012,37.86924731182796,-122.48391174536974,0.0,0.0,0.0,0.0,0.0,0.0,0.0	-0.300000012,37.86924731182796,-122.48075978780811,0.0,0.0,0.0,0.0,0.0,0.0,0.0	-0.300000012,37.86924731182796,-122.47760783024648,0.0,0.0,0.0,0.0,0.0,0.0,0.0	-0.300000012,37.86924731182796,-122.47445587268486,0.0,0.0,0.0,0.0,0.0,0.0,0.0	-0.300000012,37.86924731182796,-122.47130391512324,0.0,0.0,0.0,0.0,0.0,0.0,0.0	36.420536041,37.86924731182796,-122.46815195756162,0.0,0.0,0.0,0.0,0.0,0.0,0.0	97.04548645,37.86924731182796,-122.46499999999999,0.0,0.0,0.0,0.0,0.0,0.0,0.0	-0.300000012,37.86924731182796,-122.46184804243836,0.0,0.0,0.0,0.0,0.0,0.0,0.0	-0.300000012,37.86924731182796,-122.45869608487673,0.0,0.0,0.0,0.0,0.0,0.0,0.0	-0.300000012,37.86924731182796,-122.45554412731512,0.0,0.0,0.0,0.0,0.0,0.0,0.0	-0.300000012,37.86924731182796,-122.4523921697535,0.0,0.0,0.0,0.0,0.0,0.0,0.0	-0.300000012,37.86924731182796,-122.44924021219187,0.0,0.0,0.0,0.0,0.0,0.0,0.0	-0.300000012,37.86924731182796,-122.44608825463024,0.0,0.0,0.0,0.0,0.0,0.0,0.0	-0.300000012,37.86924731182796,-122.44293629706863,0.0,0.0,0.0,0.0,0.0,0.0,0.0	-0.300000012,37.86924731182796,-122.439784339507,0.0,0.0,0.0,0.0,0.0,0.0,0.0	-0.300000012,37.86924731182796,-122.43663238194537,0.0,0.0,0.0,0.0,0.0,0.0,0.0	39.681350708,37.86924731182796,-122.43348042438375,0.0,0.0,0.0,0.0,0.0,0.0,0.0	67.801521301,37.86924731182796,-122.43032846682212,0.0,0.0,0.0,0.0,0.0,0.0,0.0	34.674583435,37.86924731182796,-122.4271765092605,0.0,0.0,0.0,0.0,0.0,0.0,0.0	38.611095428,37.86924731182796,-122.42402455169888,0.0,0.0,0.0,0.0,0.0,0.0,0.0	-0.300000012,37.86924731182796,-122.42087259413725,0.0,0.0,0.0,0.0,0.0,0.0,0.0	-0.300000012,37.86924731182796,-122.41772063657562,0.0,0.0,0.0,0.0,0.0,0.0,0.0	-0.300000012,37.86924731182796,-122.41456867901401,0.0,0.0,0.0,0.0,0.0,0.0,0.0	-21.173078537,37.86924731182796,-122.41141672145238,0.0,0.0,0.0,0.0,0.0,0.0,0.0	-16.846511841,37.86924731182796,-122.40826476389076,0.0,0.0,0.0,0.0,0.0,0.0,0.0	-17.114200592,37.86924731182796,-122.40511280632913,0.0,0.0,0.0,0.0,0.0,0.0,0.0	-15.588815689,37.86924731182796,-122.4019608487675,0.0,0.0,0.0,0.0,0.0,0.0,0.0	-12.380260468,37.86924731182796,-122.39880889120589,0.0,0.0,0.0,0.0,0.0,0.0,0.0	-9.764940262,37.86924731182796,-122.39565693364426,0.0,0.0,0.0,0.0,0.0,0.0,0.0	-6.420864105,37.86924731182796,-122.39250497608263,0.0,0.0,0.0,0.0,0.0,0.0,0.0	-5.112024784,37.86924731182796,-122.389353018521,0.0,0.0,0.0,0.0,0.0,0.0,0.0	-4.261583805,37.86924731182796,-122.3862010609594,0.0,0.0,0.0,0.0,0.0,0.0,0.0	-3.656449556,37.86924731182796,-122.38304910339777,0.0,0.0,0.0,0.0,0.0,0.0,0.0	-3.326812506,37.86924731182796,-122.37989714583614,0.0,0.0,0.0,0.0,0.0,0.0,0.0
282.991546631,37.86709677419355,-122.55010037039492,0.0,0.0,0.0,0.0,0.0,0.0,0.0	253.2159729,37.86709677419355,-122.54694850482473,0.0,0.0,0.0,0.0,0.0,0.0,0.0	193.96194458,37.86709677419355,-122.54379663925455,0.0,0.0,0.0,0.0,0.0,0.0,0.0	145.900695801,37.86709677419355,-122.54064477368436,0.0,0.0,0.0,0.0,0.0,0.0,0.0	161.579177856,37.86709677419355,-122.53749290811419,0.0,0.0,0.0,0.0,0.0,0.0,0.0	108.445053101,37.86709677419355,-122.534341042544,0.0,0.0,0.0,0.0,0.0,0.0,0.0	28.022163391,37.86709677419355,-122.53118917697383,0.0,0.0,0.0,0.0,0.0,0.0,0.0	82.864837646,37.86709677419355,-122.52803731140364,0.0,0.0,0.0,0.0,0.0,0.0,0.0	25.797374725,37.86709677419355,-122.52488544583346,0.0,0.0,0.0,0.0,0.0,0.0,0.0	47.627677917,37.86709677419355,-122.52173358026327,0.0,0.0,0.0,0.0,0.0,0.0,0.0	107.601531982,37.86709677419355,-122.5185817146931,0.0,0.0,0.0,0.0,0.0,0.0,0.0	91.761749268,37.86709677419355,-122.51542984912291,0.0,0.0,0.0,0.0,0.0,0.0,0.0	78.121192932,37.86709677419355,-122.51227798355272,0.0,0.0,0.0,0.0,0.0,0.0,0.0	38.313777924,37.86709677419355,-122.50912611798255,0.0,0.0,0.0,0.0,0.0,0.0,0.0	13.360206604,37.86709677419355,-122.50597425241236,0.0,0.0,0.0,0.0,0.0,0.0,0.0	4.876560211,37.86709677419355,-122.50282238684218,0.0,0.0,0.0,0.0,0.0,0.0,0.0	4.24549675,37.86709677419355,-122.499670521272,0.0,0.0,0.0,0.0,0.0,0.0,0.0	-0.07289505,37.86709677419355,-122.49651865570182,0.0,0.0,0.0,0.0,0.0,0.0,0.0	-0.300000012,37.86709677419355,-122.49336679013163,0.0,0.0,0.0,0.0,0.0,0.0,0.0	-0.300000012,37.86709677419355,-122.49021492456146,0.0,0.0,0.0,0.0,0.0,0.0,0.0	-0.300000012,37.86709677419355,-122.48706305899127,0.0,0.0,0.0,0.0,0.0,0.0,0.0	-0.300000012,37.86709677419355,-122.4839111934211,0.0,0.0,0.0,0.0,0.0,0.0,0.0	-0.300000012,37.86709677419355,-122.4807593278509,0.0,0.0,0.0,0.0,0.0,0.0,0.0	-0.300000012,37.86709677419355,-122.47760746228072,0.0,0.0,0.0,0.0,0.0,0.0,0.0	-0.300000012,37.86709677419355,-122.47445559671054,0.0,0.0,0.0,0.0,0.0,0.0,0.0	-0.300000012,37.86709677419355,-122.47130373114035,0.0,0.0,0.0,0.0,0.0,0.0,0.0	-0.300000012,37.86709677419355,-122.46815186557018,0.0,0.0,0.0,0.0,0.0,0.0,0.0	31.229146957,37.86709677419355,-122.46499999999999,0.0,0.0,0.0,0.0,0.0,0.0,0.0	60.111724854,37.86709677419355,-122.46184813442981,0.0,0.0,0.0,0.0,0.0,0.0,0.0	-0.300000012,37.86709677419355,-122.45869626885963,0.0,0.0,0.0,0.0,0.0,0.0,0.0	-0.300000012,37.86709677419355,-122.45554440328945,0.0,0.0,0.0,0.0,0.0,0.0,0.0	-0.300000012,37.86709677419355,-122.45239253771926,0.0,0.0,0.0,0.0,0.0,0.0,0.0	-0.300000012,37.86709677419355,-122.44924067214909,0.0,0.0,0.0,0.0,0.0,0.0,0.0	-0.300000012,37.86709677419355,-122.4460888065789,0.0,0.0,0.0,0.0,0.0,0.0,0.0	-0.300000012,37.86709677419355,-122.44293694100872,0.0,0.0,0.0,0.0,0.0,0.0,0.0	-0.300000012,37.86709677419355,-122.43978507543854,0.0,0.0,0.0,0.0,0.0,0.0,0.0	-0.300000012,37.86709677419355,-122.43663320986835,0.0,0.0,0.0,0.0,0.0,0.0,0.0	24.099477768,37.86709677419355,-122.43348134429817,0.0,0.0,0.0,0.0,0.0,0.0,0.0	106.989891052,37.86709677419355,-122.43032947872798,0.0,0.0,0.0,0.0,0.0,0.0,0.0	107.418067932,37.86709677419355,-122.42717761315781,0.0,0.0,0.0,0.0,0.0,0.0,0.0	54.381233215,37.86709677419355,-122.42402574758762,0.0,0.0,0.0,0.0,0.0,0.0,0.0	-0.300000012,37.86709677419355,-122.42087388201745,0.0,0.0,0.0,0.0,0.0,0.0,0.0	-0.300000012,37.86709677419355,-122.41772201644726,0.0,0.0,0.0,0.0,0.0,0.0,0.0	-0.300000012,37.86709677419355,-122.41457015087708,0.0,0.0,0.0,0.0,0.0,0.0,0.0	-0.288073689,37.86709677419355,-122.4114182853069,0.0,0.0,0.0,0.0,0.0,0.0,0.0	-21.253852844,37.86709677419355,-122.40826641973672,0.0,0.0,0.0,0.0,0.0,0.0,0.0	-19.722803116,37.86709677419355,-122.40511455416653,0.0,0.0,0.0,0.0,0.0,0.0,0.0	-17.759052277,37.86709677419355,-122.40196268859634,0.0,0.0,0.0,0.0,0.0,0.0,0.0	-13.634554863,37.86709677419355,-122.39881082302617,0.0,0.0,0.0,0.0,0.0,0.0,0.0	-10.870426178,37.86709677419355,-122.39565895745598,0.0,0.0,0.0,0.0,0.0,0.0,0.0	-6.892760277,37.86709677419355,-122.3925070918858,0.0,0.0,0.0,0.0,0.0,0.0,0.0	-5.372894287,37.86709677419355,-122.38935522631562,0.0,0.0,0.0,0.0,0.0,0.0,0.0	-4.671844006,37.86709677419355,-122.38620336074544,0.0,0.0,0.0,0.0,0.0,0.0,0.0	-4.163944721,37.86709677419355,-122.38305149517525,0.0,0.0,0.0,0.0,0.0,0.0,0.0	-3.814356565,37.86709677419355,-122.37989962960508,0.0,0.0,0.0,0.0,0.0,0.0,0.0
217.783401489,37.86494623655914,-122.55009788689085,0.0,0.0,0.0,0.0,0.0,0.0,0.0	203.151504517,37.86494623655914,-122.5469461133023,0.0,0.0,0.0,0.0,0.0,0.0,0.0	189.319946289,37.86494623655914,-122.54379433971376,0.0,0.0,0.0,0.0,0.0,0.0,0.0	149.378799438,37.86494623655914,-122.5406425661252,0.0,0.0,0.0,0.0,0.0,0.0,0.0	127.588768005,37.86494623655914,-122.53749079253666,0.0,0.0,0.0,0.0,0.0,0.0,0.0	69.869766235,37.86494623655914,-122.5343390189481,0.0,0.0,0.0,0.0,0.0,0.0,0.0	91.839729309,37.86494623655914,-122.53118724535955,0.0,0.0,0.0,0.0,0.0,0.0,0.0	147.883804321,37.86494623655914,-122.528035471771,0.0,0.0,0.0,0.0,0.0,0.0,0.0	109.326927185,37.86494623655914,-122.52488369818245,0.0,0.0,0.0,0.0,0.0,0.0,0.0	68.876365662,37.86494623655914,-122.52173192459391,0.0,0.0,0.0,0.0,0.0,0.0,0.0	51.380264282,37.86494623655914,-122.51858015100535,0.0,0.0,0.0,0.0,0.0,0.0,0.0	126.273597717,37.86494623655914,-122.5154283774168,0.0,0.0,0.0,0.0,0.0,0.0,0.0	125.566757202,37.86494623655914,-122.51227660382825,0.0,0.0,0.0,0.0,0.0,0.0,0.0	94.386222839,37.86494623655914,-122.5091248302397,0.0,0.0,0.0,0.0,0.0,0.0,0.0	28.897029877,37.86494623655914,-122.50597305665116,0.0,0.0,0.0,0.0,0.0,0.0,0.0	25.661941528,37.86494623655914,-122.5028212830626,0.0,0.0,0.0,0.0,0.0,0.0,0.0	8.137001038,37.86494623655914,-122.49966950947405,0.0,0.0,0.0,0.0,0.0,0.0,0.0	3.65184617,37.86494623655914,-122.4965177358855,0.0,0.0,0.0,0.0,0.0,0.0,0.0	-0.300000012,37.86494623655914,-122.49336596229695,0.0,0.0,0.0,0.0,0.0,0.0,0.0	-0.300000012,37.86494623655914,-122.4902141887084,0.0,0.0,0.0,0.0,0.0,0.0,0.0	-0.300000012,37.86494623655914,-122.48706241511985,0.0,0.0,0.0,0.0,0.0,0.0,0.0	-0.300000012,37.86494623655914,-122.4839106415313,0.0,0.0,0.0,0.0,0.0,0.0,0.0	-0.300000012,37.86494623655914,-122.48075886794275,0.0,0.0,0.0,0.0,0.0,0.0,0.0	-0.300000012,37.86494623655914,-122.4776070943542,0.0,0.0,0.0,0.0,0.0,0.0,0.0	-0.300000012,37.86494623655914,-122.47445532076566,0.0,0.0,0.0,0.0,0.0,0.0,0.0	-0.300000012,37.86494623655914,-122.4713035471771,0.0,0.0,0.0,0.0,0.0,0.0,0.0	-0.300000012,37.86494623655914,-122.46815177358854,0.0,0.0,0.0,0.0,0.0,0.0,0.0	-0.300000012,37.86494623655914,-122.465,0.0,0.0,0.0,0.0,0.0,0.0,0.0	43.384124756,37.86494623655914,-122.46184822641145,0.0,0.0,0.0,0.0,0.0,0.0,0.0	35.229755402,37.86494623655914,-122.4586964528229,0.0,0.0,0.0,0.0,0.0,0.0,0.0	-0.300000012,37.86494623655914,-122.45554467923435,0.0,0.0,0.0,0.0,0.0,0.0,0.0	-0.300000012,37.86494623655914,-122.45239290564581,0.0,0.0,0.0,0.0,0.0,0.0,0.0	-0.300000012,37.86494623655914,-122.44924113205725,0.0,0.0,0.0,0.0,0.0,0.0,0.0	-0.300000012,37.86494623655914,-122.4460893584687,0.0,0.0,0.0,0.0,0.0,0.0,0.0	-0.300000012,37.86494623655914,-122.44293758488016,0.0,0.0,0.0,0.0,0.0,0.0,0.0	36.878662109,37.86494623655914,-122.4397858112916,0.0,0.0,0.0,0.0,0.0,0.0,0.0	46.928253174,37.86494623655914,-122.43663403770306,0.0,0.0,0.0,0.0,0.0,0.0,0.0	26.355014801,37.86494623655914,-122.4334822641145,0.0,0.0,0.0,0.0,0.0,0.0,0.0	125.12562561,37.86494623655914,-122.43033049052595,0.0,0.0,0.0,0.0,0.0,0.0,0.0	156.933502197,37.86494623655914,-122.4271787169374,0.0,0.0,0.0,0.0,0.0,0.0,0.0	72.017845154,37.86494623655914,-122.42402694334885,0.0,0.0,0.0,0.0,0.0,0.0,0.0	-0.300000012,37.86494623655914,-122.42087516976031,0.0,0.0,0.0,0.0,0.0,0.0,0.0	-0.300000012,37.86494623655914,-122.41772339617175,0.0,0.0,0.0,0.0,0.0,0.0,0.0	-0.292138726,37.86494623655914,-122.4145716225832,0.0,0.0,0.0,0.0,0.0,0.0,0.0	-0.281653643,37.86494623655914,-122.41141984899465,0.0,0.0,0.0,0.0,0.0,0.0,0.0	-22.104911804,37.86494623655914,-122.4082680754061,0.0,0.0,0.0,0.0,0.0,0.0,0.0	-22.53861618,37.86494623655914,-122.40511630181756,0.0,0.0,0.0,0.0,0.0,0.0,0.0	-19.920948029,37.86494623655914,-122.401964528229,0.0,0.0,0.0,0.0,0.0,0.0,0.0	-14.879911423,37.86494623655914,-122.39881275464045,0.0,0.0,0.0,0.0,0.0,0.0,0.0	-11.54400444,37.86494623655914,-122.3956609810519,0.0,0.0,0.0,0.0,0.0,0.0,0.0	-7.400177479,37.86494623655914,-122.39250920746335,0.0,0.0,0.0,0.0,0.0,0.0,0.0	-5.76403904,37.86494623655914,-122.3893574338748,0.0,0.0,0.0,0.0,0.0,0.0,0.0	-5.120512486,37.86494623655914,-122.38620566028625,0.0,0.0,0.0,0.0,0.0,0.0,0.0	-4.756953239,37.86494623655914,-122.3830538866977,0.0,0.0,0.0,0.0,0.0,0.0,0.0	-4.381936073,37.86494623655914,-122.37990211310915,0.0,0.0,0.0,0.0,0.0,0.0,0.0
198.69430542,37.862795698924735,-122.55009540365161,0.0,0.0,0.0,0.0,0.0,0.0,0.0	128.034835815,37.862795698924735,-122.54694372203488,0.0,0.0,0.0,0.0,0.0,0.0,0.0	104.934204102,37.862795698924735,-122.54379204041815,0.0,0.0,0.0,0.0,0.0,0.0,0.0	151.963546753,37.862795698924735,-122.54064035880143,0.0,0.0,0.0,0.0,0.0,0.0,0.0	77.812103271,37.862795698924735,-122.53748867718471,0.0,0.0,0.0,0.0,0.0,0.0,0.0	48.352581024,37.862795698924735,-122.53433699556798,0.0,0.0,0.0,0.0,0.0,0.0,0.0	120.429122925,37.862795698924735,-122.53118531395126,0.0,0.0,0.0,0.0,0.0,0.0,0.0	191.787872314,37.862795698924735,-122.52803363233453,0.0,0.0,0.0,0.0,0.0,0.0,0.0	170.750595093,37.862795698924735,-122.5248819507178,0.0,0.0,0.0,0.0,0.0,0.0,0.0	157.061523438,37.862795698924735,-122.52173026910107,0.0,0.0,0.0,0.0,0.0,0.0,0.0	113.716537476,37.862795698924735,-122.51857858748434,0.0,0.0,0.0,0.0,0.0,0.0,0.0	95.101226807,37.862795698924735,-122.51542690586763,0.0,0.0,0.0,0.0,0.0,0.0,0.0	145.263519287,37.862795698924735,-122.5122752242509,0.0,0.0,0.0,0.0,0.0,0.0,0.0	119.197319031,37.862795698924735,-122.50912354263417,0.0,0.0,0.0,0.0,0.0,0.0,0.0	68.72052002,37.862795698924735,-122.50597186101744,0.0,0.0,0.0,0.0,0.0,0.0,0.0	31.580192566,37.862795698924735,-122.50282017940071,0.0,0.0,0.0,0.0,0.0,0.0,0.0	59.464065552,37.862795698924735,-122.49966849778399,0.0,0.0,0.0,0.0,0.0,0.0,0.0	25.309551239,37.862795698924735,-122.49651681616726,0.0,0.0,0.0,0.0,0.0,0.0,0.0	3.786462545,37.862795698924735,-122.49336513455054,0.0,0.0,0.0,0.0,0.0,0.0,0.0	3.614948988,37.862795698924735,-122.49021345293382,0.0,0.0,0.0,0.0,0.0,0.0,0.0	-0.300000012,37.862795698924735,-122.48706177131709,0.0,0.0,0.0,0.0,0.0,0.0,0.0	-0.300000012,37.862795698924735,-122.48391008970036,0.0,0.0,0.0,0.0,0.0,0.0,0.0	-0.300000012,37.862795698924735,-122.48075840808363,0.0,0.0,0.0,0.0,0.0,0.0,0.0	-0.300000012,37.862795698924735,-122.4776067264669,0.0,0.0,0.0,0.0,0.0,0.0,0.0	-0.300000012,37.862795698924735,-122.47445504485017,0.0,0.0,0.0,0.0,0.0,0.0,0.0	-0.300000012,37.862795698924735,-122.47130336323346,0.0,0.0,0.0,0.0,0.0,0.0,0.0	-0.300000012,37.862795698924735,-122.46815168161673,0.0,0.0,0.0,0.0,0.0,0.0,0.0	-0.300000012,37.862795698924735,-122.465,0.0,0.0,0.0,0.0,0.0,0.0,0.0	-0.300000012,37.862795698924735,-122.46184831838328,0.0,0.0,0.0,0.0,0.0,0.0,0.0	33.66135025,37.862795698924735,-122.45869663676655,0.0,0.0,0.0,0.0,0.0,0.0,0.0	-0.300000012,37.862795698924735,-122.45554495514982,0.0,0.0,0.0,0.0,0.0,0.0,0.0	-0.300000012,37.862795698924735,-122.45239327353309,0.0,0.0,0.0,0.0,0.0,0.0,0.0	-0.300000012,37.862795698924735,-122.44924159191638,0.0,0.0,0.0,0.0,0.0,0.0,0.0	-0.300000012,37.862795698924735,-122.44608991029965,0.0,0.0,0.0,0.0,0.0,0.0,0.0	-0.300000012,37.862795698924735,-122.44293822868292,0.0,0.0,0.0,0.0,0.0,0.0,0.0	55.176822662,37.862795698924735,-122.43978654706619,0.0,0.0,0.0,0.0,0.0,0.0,0.0	170.847122192,37.862795698924735,-122.43663486544946,0.0,0.0,0.0,0.0,0.0,0.0,0.0	119.623626709,37.862795698924735,-122.43348318383273,0.0,0.0,0.0,0.0,0.0,0.0,0.0	178.699768066,37.862795698924735,-122.430331502216,0.0,0.0,0.0,0.0,0.0,0.0,0.0	160.379806519,37.862795698924735,-122.42717982059929,0.0,0.0,0.0,0.0,0.0,0.0,0.0	67.839408875,37.862795698924735,-122.42402813898256,0.0,0.0,0.0,0.0,0.0,0.0,0.0	9.972486496,37.862795698924735,-122.42087645736584,0.0,0.0,0.0,0.0,0.0,0.0,0.0	-0.297693223,37.862795698924735,-122.41772477574911,0.0,0.0,0.0,0.0,0.0,0.0,0.0	-0.289315462,37.862795698924735,-122.41457309413238,0.0,0.0,0.0,0.0,0.0,0.0,0.0	-0.28014645,37.862795698924735,-122.41142141251565,0.0,0.0,0.0,0.0,0.0,0.0,0.0	-23.220071793,37.862795698924735,-122.40826973089892,0.0,0.0,0.0,0.0,0.0,0.0,0.0	-24.082317352,37.862795698924735,-122.40511804928221,0.0,0.0,0.0,0.0,0.0,0.0,0.0	-21.904268265,37.862795698924735,-122.40196636766548,0.0,0.0,0.0,0.0,0.0,0.0,0.0	-15.956849098,37.862795698924735,-122.39881468604875,0.0,0.0,0.0,0.0,0.0,0.0,0.0	-11.855251312,37.862795698924735,-122.39566300443202,0.0,0.0,0.0,0.0,0.0,0.0,0.0	-7.979012489,37.862795698924735,-122.3925113228153,0.0,0.0,0.0,0.0,0.0,0.0,0.0	-6.263509274,37.862795698924735,-122.38935964119857,0.0,0.0,0.0,0.0,0.0,0.0,0.0	-5.965890408,37.862795698924735,-122.38620795958184,0.0,0.0,0.0,0.0,0.0,0.0,0.0	-5.213799953,37.862795698924735,-122.38305627796512,0.0,0.0,0.0,0.0,0.0,0.0,0.0	-4.787229538,37.862795698924735,-122.3799045963484,0.0,0.0,0.0,0.0,0.0,0.0,0.0
138.263534546,37.86064516129032,-122.55009292067716,0.0,0.0,0.0,0.0,0.0,0.0,0.0	90.876815796,37.86064516129032,-122.54694133102245,0.0,0.0,0.0,0.0,0.0,0.0,0.0	81.423240662,37.86064516129032,-122.54378974136775,0.0,0.0,0.0,0.0,0.0,0.0,0.0	133.983474731,37.86064516129032,-122.54063815171303,0.0,0.0,0.0,0.0,0.0,0.0,0.0	91.952606201,37.86064516129032,-122.53748656205832,0.0,0.0,0.0,0.0,0.0,0.0,0.0	82.498664856,37.86064516129032,-122.53433497240361,0.0,0.0,0.0,0.0,0.0,0.0,0.0	112.955345154,37.86064516129032,-122.5311833827489,0.0,0.0,0.0,0.0,0.0,0.0,0.0	167.52041626,37.86064516129032,-122.52803179309419,0.0,0.0,0.0,0.0,0.0,0.0,0.0	219.637512207,37.86064516129032,-122.52488020343948,0.0,0.0,0.0,0.0,0.0,0.0,0.0	223.878982544,37.86064516129032,-122.52172861378477,0.0,0.0,0.0,0.0,0.0,0.0,0.0	160.096069336,37.86064516129032,-122.51857702413007,0.0,0.0,0.0,0.0,0.0,0.0,0.0	142.316665649,37.86064516129032,-122.51542543447535,0.0,0.0,0.0,0.0,0.0,0.0,0.0	154.723999023,37.86064516129032,-122.51227384482064,0.0,0.0,0.0,0.0,0.0,0.0,0.0	177.980606079,37.86064516129032,-122.50912225516593,0.0,0.0,0.0,0.0,0.0,0.0,0.0	95.385726929,37.86064516129032,-122.50597066551123,0.0,0.0,0.0,0.0,0.0,0.0,0.0	91.182495117,37.86064516129032,-122.50281907585651,0.0,0.0,0.0,0.0,0.0,0.0,0.0	100.296211243,37.86064516129032,-122.4996674862018,0.0,0.0,0.0,0.0,0.0,0.0,0.0	30.135253906,37.86064516129032,-122.4965158965471,0.0,0.0,0.0,0.0,0.0,0.0,0.0	30.720975876,37.86064516129032,-122.49336430689239,0.0,0.0,0.0,0.0,0.0,0.0,0.0	17.464960098,37.86064516129032,-122.49021271723767,0.0,0.0,0.0,0.0,0.0,0.0,0.0	3.563237429,37.86064516129032,-122.48706112758296,0.0,0.0,0.0,0.0,0.0,0.0,0.0	-0.300000012,37.86064516129032,-122.48390953792826,0.0,0.0,0.0,0.0,0.0,0.0,0.0	-0.300000012,37.86064516129032,-122.48075794827355,0.0,0.0,0.0,0.0,0.0,0.0,0.0	-0.300000012,37.86064516129032,-122.47760635861883,0.0,0.0,0.0,0.0,0.0,0.0,0.0	-0.300000012,37.86064516129032,-122.47445476896412,0.0,0.0,0.0,0.0,0.0,0.0,0.0	-0.300000012,37.86064516129032,-122.47130317930942,0.0,0.0,0.0,0.0,0.0,0.0,0.0	-0.300000012,37.86064516129032,-122.46815158965471,0.0,0.0,0.0,0.0,0.0,0.0,0.0	-0.300000012,37.86064516129032,-122.46499999999999,0.0,0.0,0.0,0.0,0.0,0.0,0.0	-0.300000012,37.86064516129032,-122.46184841034528,0.0,0.0,0.0,0.0,0.0,0.0,0.0	-0.300000012,37.86064516129032,-122.45869682069058,0.0,0.0,0.0,0.0,0.0,0.0,0.0	-0.300000012,37.86064516129032,-122.45554523103587,0.0,0.0,0.0,0.0,0.0,0.0,0.0	-0.300000012,37.86064516129032,-122.45239364138115,0.0,0.0,0.0,0.0,0.0,0.0,0.0	-0.300000012,37.86064516129032,-122.44924205172644,0.0,0.0,0.0,0.0,0.0,0.0,0.0	-0.300000012,37.86064516129032,-122.44609046207174,0.0,0.0,0.0,0.0,0.0,0.0,0.0	48.262050629,37.86064516129032,-122.44293887241703,0.0,0.0,0.0,0.0,0.0,0.0,0.0	48.195472717,37.86064516129032,-122.43978728276231,0.0,0.0,0.0,0.0,0.0,0.0,0.0	140.495422363,37.86064516129032,-122.4366356931076,0.0,0.0,0.0,0.0,0.0,0.0,0.0	171.807769775,37.86064516129032,-122.4334841034529,0.0,0.0,0.0,0.0,0.0,0.0,0.0	193.912368774,37.86064516129032,-122.43033251379819,0.0,0.0,0.0,0.0,0.0,0.0,0.0	168.126678467,37.86064516129032,-122.42718092414347,0.0,0.0,0.0,0.0,0.0,0.0,0.0	65.931015015,37.86064516129032,-122.42402933448876,0.0,0.0,0.0,0.0,0.0,0.0,0.0	19.305240631,37.86064516129032,-122.42087774483406,0.0,0.0,0.0,0.0,0.0,0.0,0.0	-0.297179401,37.86064516129032,-122.41772615517935,0.0,0.0,0.0,0.0,0.0,0.0,0.0	-0.287810475,37.86064516129032,-122.41457456552463,0.0,0.0,0.0,0.0,0.0,0.0,0.0	-0.278641522,37.86064516129032,-122.41142297586993,0.0,0.0,0.0,0.0,0.0,0.0,0.0	-24.500463486,37.86064516129032,-122.40827138621522,0.0,0.0,0.0,0.0,0.0,0.0,0.0	-26.260988235,37.86064516129032,-122.40511979656051,0.0,0.0,0.0,0.0,0.0,0.0,0.0	-23.538274765,37.86064516129032,-122.40196820690579,0.0,0.0,0.0,0.0,0.0,0.0,0.0	-17.26322937,37.86064516129032,-122.39881661725109,0.0,0.0,0.0,0.0,0.0,0.0,0.0	-12.21596241,37.86064516129032,-122.39566502759638,0.0,0.0,0.0,0.0,0.0,0.0,0.0	-8.33197403,37.86064516129032,-122.39251343794167,0.0,0.0,0.0,0.0,0.0,0.0,0.0	-6.802310944,37.86064516129032,-122.38936184828695,0.0,0.0,0.0,0.0,0.0,0.0,0.0	-6.171565056,37.86064516129032,-122.38621025863225,0.0,0.0,0.0,0.0,0.0,0.0,0.0	-5.512442112,37.86064516129032,-122.38305866897754,0.0,0.0,0.0,0.0,0.0,0.0,0.0	-4.907043457,37.86064516129032,-122.37990707932283,0.0,0.0,0.0,0.0,0.0,0.0,0.0
199.083618164,37.858494623655915,-122.55009043796748,0.0,0.0,0.0,0.0,0.0,0.0,0.0	167.0650177,37.858494623655915,-122.54693894026498,0.0,0.0,0.0,0.0,0.0,0.0,0.0	91.312774658,37.858494623655915,-122.54378744256249,0.0,0.0,0.0,0.0,0.0,0.0,0.0	69.440704346,37.858494623655915,-122.54063594485999,0.0,0.0,0.0,0.0,0.0,0.0,0.0	52.573368073,37.858494623655915,-122.53748444715748,0.0,0.0,0.0,0.0,0.0,0.0,0.0	75.305992126,37.858494623655915,-122.53433294945499,0.0,0.0,0.0,0.0,0.0,0.0,0.0	126.286682129,37.858494623655915,-122.53118145175249,0.0,0.0,0.0,0.0,0.0,0.0,0.0	149.953048706,37.858494623655915,-122.52802995404998,0.0,0.0,0.0,0.0,0.0,0.0,0.0	214.209136963,37.858494623655915,-122.5248784563475,0.0,0.0,0.0,0.0,0.0,0.0,0.0	256.423522949,37.858494623655915,-122.52172695864499,0.0,0.0,0.0,0.0,0.0,0.0,0.0	198.711456299,37.858494623655915,-122.51857546094249,0.0,0.0,0.0,0.0,0.0,0.0,0.0	220.555450439,37.858494623655915,-122.51542396323998,0.0,0.0,0.0,0.0,0.0,0.0,0.0	226.491027832,37.858494623655915,-122.51227246553749,0.0,0.0,0.0,0.0,0.0,0.0,0.0	234.25453186,37.858494623655915,-122.50912096783499,0.0,0.0,0.0,0.0,0.0,0.0,0.0	115.956169128,37.858494623655915,-122.50596947013248,0.0,0.0,0.0,0.0,0.0,0.0,0.0	156.078903198,37.858494623655915,-122.50281797243,0.0,0.0,0.0,0.0,0.0,0.0,0.0	113.38671875,37.858494623655915,-122.49966647472749,0.0,0.0,0.0,0.0,0.0,0.0,0.0	89.022232056,37.858494623655915,-122.49651497702499,0.0,0.0,0.0,0.0,0.0,0.0,0.0	68.308456421,37.858494623655915,-122.4933634793225,0.0,0.0,0.0,0.0,0.0,0.0,0.0	47.392585754,37.858494623655915,-122.49021198161999,0.0,0.0,0.0,0.0,0.0,0.0,0.0	9.950000763,37.858494623655915,-122.48706048391749,0.0,0.0,0.0,0.0,0.0,0.0,0.0	2.963058949,37.858494623655915,-122.483908986215,0.0,0.0,0.0,0.0,0.0,0.0,0.0	-0.300000012,37.858494623655915,-122.4807574885125,0.0,0.0,0.0,0.0,0.0,0.0,0.0	-0.300000012,37.858494623655915,-122.47760599080999,0.0,0.0,0.0,0.0,0.0,0.0,0.0	-0.300000012,37.858494623655915,-122.4744544931075,0.0,0.0,0.0,0.0,0.0,0.0,0.0	-0.300000012,37.858494623655915,-122.471302995405,0.0,0.0,0.0,0.0,0.0,0.0,0.0	-0.300000012,37.858494623655915,-122.4681514977025,0.0,0.0,0.0,0.0,0.0,0.0,0.0	-0.300000012,37.858494623655915,-122.46499999999999,0.0,0.0,0.0,0.0,0.0,0.0,0.0	-0.300000012,37.858494623655915,-122.4618485022975,0.0,0.0,0.0,0.0,0.0,0.0,0.0	-47.135055542,37.858494623655915,-122.458697004595,0.0,0.0,0.0,0.0,0.0,0.0,0.0	-0.300000012,37.858494623655915,-122.45554550689249,0.0,0.0,0.0,0.0,0.0,0.0,0.0	-0.300000012,37.858494623655915,-122.45239400919,0.0,0.0,0.0,0.0,0.0,0.0,0.0	-0.300000012,37.858494623655915,-122.4492425114875,0.0,0.0,0.0,0.0,0.0,0.0,0.0	-0.300000012,37.858494623655915,-122.446091013785,0.0,0.0,0.0,0.0,0.0,0.0,0.0	-0.300000012,37.858494623655915,-122.4429395160825,0.0,0.0,0.0,0.0,0.0,0.0,0.0	67.373352051,37.858494623655915,-122.43978801838,0.0,0.0,0.0,0.0,0.0,0.0,0.0	112.376457214,37.858494623655915,-122.4366365206775,0.0,0.0,0.0,0.0,0.0,0.0,0.0	129.335174561,37.858494623655915,-122.433485022975,0.0,0.0,0.0,0.0,0.0,0.0,0.0	130.292404175,37.858494623655915,-122.4303335252725,0.0,0.0,0.0,0.0,0.0,0.0,0.0	77.288276672,37.858494623655915,-122.42718202757,0.0,0.0,0.0,0.0,0.0,0.0,0.0	109.561813354,37.858494623655915,-122.42403052986751,0.0,0.0,0.0,0.0,0.0,0.0,0.0	0.501921356,37.858494623655915,-122.420879032165,0.0,0.0,0.0,0.0,0.0,0.0,0.0	-0.297673494,37.858494623655915,-122.4177275344625,0.0,0.0,0.0,0.0,0.0,0.0,0.0	-0.286638349,37.858494623655915,-122.41457603676,0.0,0.0,0.0,0.0,0.0,0.0,0.0	-0.277136505,37.858494623655915,-122.4114245390575,0.0,0.0,0.0,0.0,0.0,0.0,0.0	-0.26857695,37.858494623655915,-122.408273041355,0.0,0.0,0.0,0.0,0.0,0.0,0.0	-28.116352081,37.858494623655915,-122.4051215436525,0.0,0.0,0.0,0.0,0.0,0.0,0.0	-25.882278442,37.858494623655915,-122.40197004595001,0.0,0.0,0.0,0.0,0.0,0.0,0.0	-18.658584595,37.858494623655915,-122.3988185482475,0.0,0.0,0.0,0.0,0.0,0.0,0.0	-12.464688301,37.858494623655915,-122.395667050545,0.0,0.0,0.0,0.0,0.0,0.0,0.0	-8.884453773,37.858494623655915,-122.39251555284251,0.0,0.0,0.0,0.0,0.0,0.0,0.0	-7.25687933,37.858494623655915,-122.38936405514,0.0,0.0,0.0,0.0,0.0,0.0,0.0	-6.51433754,37.858494623655915,-122.3862125574375,0.0,0.0,0.0,0.0,0.0,0.0,0.0	-5.870125294,37.858494623655915,-122.38306105973501,0.0,0.0,0.0,0.0,0.0,0.0,0.0	-5.221809864,37.858494623655915,-122.37990956203251,0.0,0.0,0.0,0.0,0.0,0.0,0.0
151.445068359,37.85634408602151,-122.55008795552254,0.0,0.0,0.0,0.0,0.0,0.0,0.0	150.488265991,37.85634408602151,-122.54693654976245,0.0,0.0,0.0,0.0,0.0,0.0,0.0	116.401794434,37.85634408602151,-122.54378514400236,0.0,0.0,0.0,0.0,0.0,0.0,0.0	67.618507385,37.85634408602151,-122.54063373824226,0.0,0.0,0.0,0.0,0.0,0.0,0.0	65.244087219,37.85634408602151,-122.53748233248217,0.0,0.0,0.0,0.0,0.0,0.0,0.0	130.793624878,37.85634408602151,-122.53433092672208,0.0,0.0,0.0,0.0,0.0,0.0,0.0	193.271896362,37.85634408602151,-122.53117952096197,0.0,0.0,0.0,0.0,0.0,0.0,0.0	216.967819214,37.85634408602151,-122.52802811520188,0.0,0.0,0.0,0.0,0.0,0.0,0.0	258.442871094,37.85634408602151,-122.52487670944178,0.0,0.0,0.0,0.0,0.0,0.0,0.0	312.175354004,37.85634408602151,-122.52172530368169,0.0,0.0,0.0,0.0,0.0,0.0,0.0	289.783416748,37.85634408602151,-122.5185738979216,0.0,0.0,0.0,0.0,0.0,0.0,0.0	259.792175293,37.85634408602151,-122.5154224921615,0.0,0.0,0.0,0.0,0.0,0.0,0.0	271.028808594,37.85634408602151,-122.51227108640141,0.0,0.0,0.0,0.0,0.0,0.0,0.0	242.258285522,37.85634408602151,-122.50911968064132,0.0,0.0,0.0,0.0,0.0,0.0,0.0	204.245864868,37.85634408602151,-122.50596827488123,0.0,0.0,0.0,0.0,0.0,0.0,0.0	236.010299683,37.85634408602151,-122.50281686912113,0.0,0.0,0.0,0.0,0.0,0.0,0.0	163.239562988,37.85634408602151,-122.49966546336103,0.0,0.0,0.0,0.0,0.0,0.0,0.0	149.679992676,37.85634408602151,-122.49651405760093,0.0,0.0,0.0,0.0,0.0,0.0,0.0	145.699996948,37.85634408602151,-122.49336265184084,0.0,0.0,0.0,0.0,0.0,0.0,0.0	106.801239014,37.85634408602151,-122.49021124608075,0.0,0.0,0.0,0.0,0.0,0.0,0.0	32.248062134,37.85634408602151,-122.48705984032065,0.0,0.0,0.0,0.0,0.0,0.0,0.0	48.490524292,37.85634408602151,-122.48390843456056,0.0,0.0,0.0,0.0,0.0,0.0,0.0	24.864030838,37.85634408602151,-122.48075702880047,0.0,0.0,0.0,0.0,0.0,0.0,0.0	-0.300000012,37.85634408602151,-122.47760562304038,0.0,0.0,0.0,0.0,0.0,0.0,0.0	-0.300000012,37.85634408602151,-122.47445421728028,0.0,0.0,0.0,0.0,0.0,0.0,0.0	-0.300000012,37.85634408602151,-122.47130281152019,0.0,0.0,0.0,0.0,0.0,0.0,0.0	-0.300000012,37.85634408602151,-122.46815140576008,0.0,0.0,0.0,0.0,0.0,0.0,0.0	-19.246301651,37.85634408602151,-122.46499999999999,0.0,0.0,0.0,0.0,0.0,0.0,0.0	-38.494735718,37.85634408602151,-122.4618485942399,0.0,0.0,0.0,0.0,0.0,0.0,0.0	-35.955387115,37.85634408602151,-122.4586971884798,0.0,0.0,0.0,0.0,0.0,0.0,0.0	-0.300000012,37.85634408602151,-122.45554578271971,0.0,0.0,0.0,0.0,0.0,0.0,0.0	-0.300000012,37.85634408602151,-122.45239437695962,0.0,0.0,0.0,0.0,0.0,0.0,0.0	-0.300000012,37.85634408602151,-122.44924297119952,0.0,0.0,0.0,0.0,0.0,0.0,0.0	-0.300000012,37.85634408602151,-122.44609156543943,0.0,0.0,0.0,0.0,0.0,0.0,0.0	-0.300000012,37.85634408602151,-122.44294015967934,0.0,0.0,0.0,0.0,0.0,0.0,0.0	36.792919159,37.85634408602151,-122.43978875391925,0.0,0.0,0.0,0.0,0.0,0.0,0.0	28.115516663,37.85634408602151,-122.43663734815914,0.0,0.0,0.0,0.0,0.0,0.0,0.0	93.622535706,37.85634408602151,-122.43348594239905,0.0,0.0,0.0,0.0,0.0,0.0,0.0	43.984027863,37.85634408602151,-122.43033453663895,0.0,0.0,0.0,0.0,0.0,0.0,0.0	53.52596283,37.85634408602151,-122.42718313087886,0.0,0.0,0.0,0.0,0.0,0.0,0.0	99.908660889,37.85634408602151,-122.42403172511877,0.0,0.0,0.0,0.0,0.0,0.0,0.0	49.163085938,37.85634408602151,-122.42088031935867,0.0,0.0,0.0,0.0,0.0,0.0,0.0	-0.298167408,37.85634408602151,-122.41772891359858,0.0,0.0,0.0,0.0,0.0,0.0,0.0	-0.287132859,37.85634408602151,-122.41457750783849,0.0,0.0,0.0,0.0,0.0,0.0,0.0	-0.276675403,37.85634408602151,-122.4114261020784,0.0,0.0,0.0,0.0,0.0,0.0,0.0	-0.267005146,37.85634408602151,-122.4082746963183,0.0,0.0,0.0,0.0,0.0,0.0,0.0	-30.493942261,37.85634408602151,-122.4051232905582,0.0,0.0,0.0,0.0,0.0,0.0,0.0	-26.500608444,37.85634408602151,-122.4019718847981,0.0,0.0,0.0,0.0,0.0,0.0,0.0	-19.351011276,37.85634408602151,-122.39882047903801,0.0,0.0,0.0,0.0,0.0,0.0,0.0	-12.229450226,37.85634408602151,-122.39566907327792,0.0,0.0,0.0,0.0,0.0,0.0,0.0	-9.20128727,37.85634408602151,-122.39251766751782,0.0,0.0,0.0,0.0,0.0,0.0,0.0	-7.735407352,37.85634408602151,-122.38936626175773,0.0,0.0,0.0,0.0,0.0,0.0,0.0	-6.599928856,37.85634408602151,-122.38621485599764,0.0,0.0,0.0,0.0,0.0,0.0,0.0	-5.76859045,37.85634408602151,-122.38306345023754,0.0,0.0,0.0,0.0,0.0,0.0,0.0	-5.233508587,37.85634408602151,-122.37991204447745,0.0,0.0,0.0,0.0,0.0,0.0,0.0
135.548156738,37.8541935483871,-122.5500854733423,0.0,0.0,0.0,0.0,0.0,0.0,0.0	79.690940857,37.8541935483871,-122.54693415951482,0.0,0.0,0.0,0.0,0.0,0.0,0.0	123.47077179,37.8541935483871,-122.54378284568732,0.0,0.0,0.0,0.0,0.0,0.0,0.0	68.872612,37.8541935483871,-122.54063153185983,0.0,0.0,0.0,0.0,0.0,0.0,0.0	65.226501465,37.8541935483871,-122.53748021803233,0.0,0.0,0.0,0.0,0.0,0.0,0.0	142.539291382,37.8541935483871,-122.53432890420484,0.0,0.0,0.0,0.0,0.0,0.0,0.0	204.226135254,37.8541935483871,-122.53117759037735,0.0,0.0,0.0,0.0,0.0,0.0,0.0	276.004058838,37.8541935483871,-122.52802627654985,0.0,0.0,0.0,0.0,0.0,0.0,0.0	299.457427979,37.8541935483871,-122.52487496272236,0.0,0.0,0.0,0.0,0.0,0.0,0.0	291.492980957,37.8541935483871,-122.52172364889486,0.0,0.0,0.0,0.0,0.0,0.0,0.0	219.877532959,37.8541935483871,-122.51857233506738,0.0,0.0,0.0,0.0,0.0,0.0,0.0	192.719329834,37.8541935483871,-122.51542102123989,0.0,0.0,0.0,0.0,0.0,0.0,0.0	219.903579712,37.8541935483871,-122.51226970741239,0.0,0.0,0.0,0.0,0.0,0.0,0.0	191.087921143,37.8541935483871,-122.5091183935849,0.0,0.0,0.0,0.0,0.0,0.0,0.0	216.435256958,37.8541935483871,-122.5059670797574,0.0,0.0,0.0,0.0,0.0,0.0,0.0	234.072067261,37.8541935483871,-122.50281576592991,0.0,0.0,0.0,0.0,0.0,0.0,0.0	228.100982666,37.8541935483871,-122.49966445210242,0.0,0.0,0.0,0.0,0.0,0.0,0.0	234.69960022,37.8541935483871,-122.49651313827492,0.0,0.0,0.0,0.0,0.0,0.0,0.0	160.267272949,37.8541935483871,-122.49336182444743,0.0,0.0,0.0,0.0,0.0,0.0,0.0	71.296211243,37.8541935483871,-122.49021051061993,0.0,0.0,0.0,0.0,0.0,0.0,0.0	101.515464783,37.8541935483871,-122.48705919679244,0.0,0.0,0.0,0.0,0.0,0.0,0.0	97.2213974,37.8541935483871,-122.48390788296496,0.0,0.0,0.0,0.0,0.0,0.0,0.0	41.27709198,37.8541935483871,-122.48075656913745,0.0,0.0,0.0,0.0,0.0,0.0,0.0	-0.300000012,37.8541935483871,-122.47760525530997,0.0,0.0,0.0,0.0,0.0,0.0,0.0	-0.300000012,37.8541935483871,-122.47445394148247,0.0,0.0,0.0,0.0,0.0,0.0,0.0	-0.300000012,37.8541935483871,-122.47130262765498,0.0,0.0,0.0,0.0,0.0,0.0,0.0	-0.300000012,37.8541935483871,-122.46815131382749,0.0,0.0,0.0,0.0,0.0,0.0,0.0	-26.121131897,37.8541935483871,-122.46499999999999,0.0,0.0,0.0,0.0,0.0,0.0,0.0	-31.28991127,37.8541935483871,-122.4618486861725,0.0,0.0,0.0,0.0,0.0,0.0,0.0	-27.407905579,37.8541935483871,-122.458697372345,0.0,0.0,0.0,0.0,0.0,0.0,0.0	-0.300000012,37.8541935483871,-122.45554605851751,0.0,0.0,0.0,0.0,0.0,0.0,0.0	-0.300000012,37.8541935483871,-122.45239474469003,0.0,0.0,0.0,0.0,0.0,0.0,0.0	-0.300000012,37.8541935483871,-122.44924343086252,0.0,0.0,0.0,0.0,0.0,0.0,0.0	-0.300000012,37.8541935483871,-122.44609211703504,0.0,0.0,0.0,0.0,0.0,0.0,0.0	-0.300000012,37.8541935483871,-122.44294080320753,0.0,0.0,0.0,0.0,0.0,0.0,0.0	-0.300000012,37.8541935483871,-122.43978948938005,0.0,0.0,0.0,0.0,0.0,0.0,0.0	2.012459278,37.8541935483871,-122.43663817555255,0.0,0.0,0.0,0.0,0.0,0.0,0.0	17.788639069,37.8541935483871,-122.43348686172506,0.0,0.0,0.0,0.0,0.0,0.0,0.0	-0.300000012,37.8541935483871,-122.43033554789757,0.0,0.0,0.0,0.0,0.0,0.0,0.0	-0.300000012,37.8541935483871,-122.42718423407007,0.0,0.0,0.0,0.0,0.0,0.0,0.0	-0.300000012,37.8541935483871,-122.42403292024258,0.0,0.0,0.0,0.0,0.0,0.0,0.0	19.395940781,37.8541935483871,-122.42088160641508,0.0,0.0,0.0,0.0,0.0,0.0,0.0	-0.29866156,37.8541935483871,-122.41773029258759,0.0,0.0,0.0,0.0,0.0,0.0,0.0	-0.287593693,37.8541935483871,-122.4145789787601,0.0,0.0,0.0,0.0,0.0,0.0,0.0	-0.277170748,37.8541935483871,-122.4114276649326,0.0,0.0,0.0,0.0,0.0,0.0,0.0	-0.266747773,37.8541935483871,-122.40827635110512,0.0,0.0,0.0,0.0,0.0,0.0,0.0	-32.438770294,37.8541935483871,-122.40512503727761,0.0,0.0,0.0,0.0,0.0,0.0,0.0	-28.05474472,37.8541935483871,-122.40197372345013,0.0,0.0,0.0,0.0,0.0,0.0,0.0	-19.626401901,37.8541935483871,-122.39882240962264,0.0,0.0,0.0,0.0,0.0,0.0,0.0	-11.958639145,37.8541935483871,-122.39567109579514,0.0,0.0,0.0,0.0,0.0,0.0,0.0	-9.818149567,37.8541935483871,-122.39251978196765,0.0,0.0,0.0,0.0,0.0,0.0,0.0	-7.807110786,37.8541935483871,-122.38936846814015,0.0,0.0,0.0,0.0,0.0,0.0,0.0	-6.509223461,37.8541935483871,-122.38621715431266,0.0,0.0,0.0,0.0,0.0,0.0,0.0	-6.007880211,37.8541935483871,-122.38306584048517,0.0,0.0,0.0,0.0,0.0,0.0,0.0	-5.413021564,37.8541935483871,-122.37991452665767,0.0,0.0,0.0,0.0,0.0,0.0,0.0
155.993545532,37.85204301075269,-122.55008299142676,0.0,0.0,0.0,0.0,0.0,0.0,0.0	65.918838501,37.85204301075269,-122.54693176952206,0.0,0.0,0.0,0.0,0.0,0.0,0.0	120.351173401,37.85204301075269,-122.54378054761737,0.0,0.0,0.0,0.0,0.0,0.0,0.0	108.620948792,37.85204301075269,-122.54062932571267,0.0,0.0,0.0,0.0,0.0,0.0,0.0	44.995975494,37.85204301075269,-122.53747810380798,0.0,0.0,0.0,0.0,0.0,0.0,0.0	129.533889771,37.85204301075269,-122.53432688190328,0.0,0.0,0.0,0.0,0.0,0.0,0.0	172.800170898,37.85204301075269,-122.5311756599986,0.0,0.0,0.0,0.0,0.0,0.0,0.0	217.756881714,37.85204301075269,-122.5280244380939,0.0,0.0,0.0,0.0,0.0,0.0,0.0	253.525726318,37.85204301075269,-122.5248732161892,0.0,0.0,0.0,0.0,0.0,0.0,0.0	232.623397827,37.85204301075269,-122.5217219942845,0.0,0.0,0.0,0.0,0.0,0.0,0.0	192.164169312,37.85204301075269,-122.51857077237982,0.0,0.0,0.0,0.0,0.0,0.0,0.0	139.694641113,37.85204301075269,-122.51541955047512,0.0,0.0,0.0,0.0,0.0,0.0,0.0	103.54624939,37.85204301075269,-122.51226832857043,0.0,0.0,0.0,0.0,0.0,0.0,0.0	144.772064209,37.85204301075269,-122.50911710666573,0.0,0.0,0.0,0.0,0.0,0.0,0.0	170.683731079,37.85204301075269,-122.50596588476104,0.0,0.0,0.0,0.0,0.0,0.0,0.0	240.82901001,37.85204301075269,-122.50281466285634,0.0,0.0,0.0,0.0,0.0,0.0,0.0	291.430389404,37.85204301075269,-122.49966344095165,0.0,0.0,0.0,0.0,0.0,0.0,0.0	268.401580811,37.85204301075269,-122.49651221904695,0.0,0.0,0.0,0.0,0.0,0.0,0.0	216.657073975,37.85204301075269,-122.49336099714226,0.0,0.0,0.0,0.0,0.0,0.0,0.0	176.578781128,37.85204301075269,-122.49020977523756,0.0,0.0,0.0,0.0,0.0,0.0,0.0	170.803451538,37.85204301075269,-122.48705855333287,0.0,0.0,0.0,0.0,0.0,0.0,0.0	112.651618958,37.85204301075269,-122.48390733142817,0.0,0.0,0.0,0.0,0.0,0.0,0.0	68.743766785,37.85204301075269,-122.48075610952348,0.0,0.0,0.0,0.0,0.0,0.0,0.0	-0.300000012,37.85204301075269,-122.47760488761878,0.0,0.0,0.0,0.0,0.0,0.0,0.0	-0.300000012,37.85204301075269,-122.47445366571408,0.0,0.0,0.0,0.0,0.0,0.0,0.0	-0.300000012,37.85204301075269,-122.47130244380939,0.0,0.0,0.0,0.0,0.0,0.0,0.0	-0.300000012,37.85204301075269,-122.46815122190469,0.0,0.0,0.0,0.0,0.0,0.0,0.0	-24.373775482,37.85204301075269,-122.465,0.0,0.0,0.0,0.0,0.0,0.0,0.0	-26.665758133,37.85204301075269,-122.4618487780953,0.0,0.0,0.0,0.0,0.0,0.0,0.0	-23.653268814,37.85204301075269,-122.45869755619061,0.0,0.0,0.0,0.0,0.0,0.0,0.0	-0.300000012,37.85204301075269,-122.45554633428591,0.0,0.0,0.0,0.0,0.0,0.0,0.0	-0.300000012,37.85204301075269,-122.45239511238123,0.0,0.0,0.0,0.0,0.0,0.0,0.0	-0.300000012,37.85204301075269,-122.44924389047652,0.0,0.0,0.0,0.0,0.0,0.0,0.0	-14.699221611,37.85204301075269,-122.44609266857184,0.0,0.0,0.0,0.0,0.0,0.0,0.0	-0.300000012,37.85204301075269,-122.44294144666713,0.0,0.0,0.0,0.0,0.0,0.0,0.0	-0.300000012,37.85204301075269,-122.43979022476245,0.0,0.0,0.0,0.0,0.0,0.0,0.0	-0.300000012,37.85204301075269,-122.43663900285775,0.0,0.0,0.0,0.0,0.0,0.0,0.0	-0.300000012,37.85204301075269,-122.43348778095306,0.0,0.0,0.0,0.0,0.0,0.0,0.0	-0.300000012,37.85204301075269,-122.43033655904836,0.0,0.0,0.0,0.0,0.0,0.0,0.0	-0.300000012,37.85204301075269,-122.42718533714367,0.0,0.0,0.0,0.0,0.0,0.0,0.0	-0.300000012,37.85204301075269,-122.42403411523897,0.0,0.0,0.0,0.0,0.0,0.0,0.0	-0.300000012,37.85204301075269,-122.42088289333428,0.0,0.0,0.0,0.0,0.0,0.0,0.0	-0.299018264,37.85204301075269,-122.41773167142958,0.0,0.0,0.0,0.0,0.0,0.0,0.0	-0.288087785,37.85204301075269,-122.41458044952489,0.0,0.0,0.0,0.0,0.0,0.0,0.0	-0.277664989,37.85204301075269,-122.41142922762019,0.0,0.0,0.0,0.0,0.0,0.0,0.0	-0.267242312,37.85204301075269,-122.40827800571549,0.0,0.0,0.0,0.0,0.0,0.0,0.0	-33.67326355,37.85204301075269,-122.4051267838108,0.0,0.0,0.0,0.0,0.0,0.0,0.0	-28.945444107,37.85204301075269,-122.4019755619061,0.0,0.0,0.0,0.0,0.0,0.0,0.0	-17.671297073,37.85204301075269,-122.39882434000141,0.0,0.0,0.0,0.0,0.0,0.0,0.0	-11.962218285,37.85204301075269,-122.39567311809671,0.0,0.0,0.0,0.0,0.0,0.0,0.0	-10.158056259,37.85204301075269,-122.39252189619202,0.0,0.0,0.0,0.0,0.0,0.0,0.0	-7.830534935,37.85204301075269,-122.38937067428732,0.0,0.0,0.0,0.0,0.0,0.0,0.0	-8.282831192,37.85204301075269,-122.38621945238263,0.0,0.0,0.0,0.0,0.0,0.0,0.0	-7.837655067,37.85204301075269,-122.38306823047793,0.0,0.0,0.0,0.0,0.0,0.0,0.0	-6.975232601,37.85204301075269,-122.37991700857324,0.0,0.0,0.0,0.0,0.0,0.0,0.0
152.351074219,37.84989247311828,-122.55008050977585,0.0,0.0,0.0,0.0,0.0,0.0,0.0	84.269142151,37.84989247311828,-122.54692937978416,0.0,0.0,0.0,0.0,0.0,0.0,0.0	54.955284119,37.84989247311828,-122.54377824979245,0.0,0.0,0.0,0.0,0.0,0.0,0.0	53.249008179,37.84989247311828,-122.54062711980076,0.0,0.0,0.0,0.0,0.0,0.0,0.0	37.03817749,37.84989247311828,-122.53747598980905,0.0,0.0,0.0,0.0,0.0,0.0,0.0	65.607078552,37.84989247311828,-122.53432485981736,0.0,0.0,0.0,0.0,0.0,0.0,0.0	119.019706726,37.84989247311828,-122.53117372982567,0.0,0.0,0.0,0.0,0.0,0.0,0.0	187.265426636,37.84989247311828,-122.52802259983396,0.0,0.0,0.0,0.0,0.0,0.0,0.0	211.468154907,37.84989247311828,-122.52487146984227,0.0,0.0,0.0,0.0,0.0,0.0,0.0	150.640808105,37.84989247311828,-122.52172033985057,0.0,0.0,0.0,0.0,0.0,0.0,0.0	189.263824463,37.84989247311828,-122.51856920985887,0.0,0.0,0.0,0.0,0.0,0.0,0.0	92.458808899,37.84989247311828,-122.51541807986717,0.0,0.0,0.0,0.0,0.0,0.0,0.0	76.581970215,37.84989247311828,-122.51226694987547,0.0,0.0,0.0,0.0,0.0,0.0,0.0	85.837852478,37.84989247311828,-122.50911581988377,0.0,0.0,0.0,0.0,0.0,0.0,0.0	167.579666138,37.84989247311828,-122.50596468989208,0.0,0.0,0.0,0.0,0.0,0.0,0.0	259.382232666,37.84989247311828,-122.50281355990037,0.0,0.0,0.0,0.0,0.0,0.0,0.0	316.764434814,37.84989247311828,-122.49966242990868,0.0,0.0,0.0,0.0,0.0,0.0,0.0	277.302337646,37.84989247311828,-122.49651129991699,0.0,0.0,0.0,0.0,0.0,0.0,0.0	276.881164551,37.84989247311828,-122.49336016992528,0.0,0.0,0.0,0.0,0.0,0.0,0.0	199.788253784,37.84989247311828,-122.49020903993359,0.0,0.0,0.0,0.0,0.0,0.0,0.0	115.17427063,37.84989247311828,-122.48705790994188,0.0,0.0,0.0,0.0,0.0,0.0,0.0	57.920909882,37.84989247311828,-122.48390677995019,0.0,0.0,0.0,0.0,0.0,0.0,0.0	9.697372437,37.84989247311828,-122.4807556499585,0.0,0.0,0.0,0.0,0.0,0.0,0.0	-0.300000012,37.84989247311828,-122.47760451996679,0.0,0.0,0.0,0.0,0.0,0.0,0.0	-0.300000012,37.84989247311828,-122.4744533899751,0.0,0.0,0.0,0.0,0.0,0.0,0.0	-0.300000012,37.84989247311828,-122.4713022599834,0.0,0.0,0.0,0.0,0.0,0.0,0.0	-0.300000012,37.84989247311828,-122.4681511299917,0.0,0.0,0.0,0.0,0.0,0.0,0.0	-0.300000012,37.84989247311828,-122.465,0.0,0.0,0.0,0.0,0.0,0.0,0.0	-24.58972168,37.84989247311828,-122.4618488700083,0.0,0.0,0.0,0.0,0.0,0.0,0.0	-21.299423218,37.84989247311828,-122.4586977400166,0.0,0.0,0.0,0.0,0.0,0.0,0.0	-17.773862839,37.84989247311828,-122.45554661002491,0.0,0.0,0.0,0.0,0.0,0.0,0.0	-17.839250565,37.84989247311828,-122.4523954800332,0.0,0.0,0.0,0.0,0.0,0.0,0.0	-17.65877533,37.84989247311828,-122.44924435004151,0.0,0.0,0.0,0.0,0.0,0.0,0.0	-13.913579941,37.84989247311828,-122.44609322004982,0.0,0.0,0.0,0.0,0.0,0.0,0.0	-0.300000012,37.84989247311828,-122.44294209005811,0.0,0.0,0.0,0.0,0.0,0.0,0.0	-0.300000012,37.84989247311828,-122.43979096006642,0.0,0.0,0.0,0.0,0.0,0.0,0.0	-0.300000012,37.84989247311828,-122.43663983007471,0.0,0.0,0.0,0.0,0.0,0.0,0.0	-0.300000012,37.84989247311828,-122.43348870008302,0.0,0.0,0.0,0.0,0.0,0.0,0.0	-0.300000012,37.84989247311828,-122.43033757009133,0.0,0.0,0.0,0.0,0.0,0.0,0.0	-0.300000012,37.84989247311828,-122.42718644009962,0.0,0.0,0.0,0.0,0.0,0.0,0.0	-0.300000012,37.84989247311828,-122.42403531010793,0.0,0.0,0.0,0.0,0.0,0.0,0.0	-0.300000012,37.84989247311828,-122.42088418011623,0.0,0.0,0.0,0.0,0.0,0.0,0.0	-0.29760462,37.84989247311828,-122.41773305012453,0.0,0.0,0.0,0.0,0.0,0.0,0.0	-0.286757916,37.84989247311828,-122.41458192013283,0.0,0.0,0.0,0.0,0.0,0.0,0.0	-43.484630585,37.84989247311828,-122.41143079014113,0.0,0.0,0.0,0.0,0.0,0.0,0.0	-38.926464081,37.84989247311828,-122.40827966014943,0.0,0.0,0.0,0.0,0.0,0.0,0.0	-34.402992249,37.84989247311828,-122.40512853015774,0.0,0.0,0.0,0.0,0.0,0.0,0.0	-27.691123962,37.84989247311828,-122.40197740016603,0.0,0.0,0.0,0.0,0.0,0.0,0.0	-15.780767441,37.84989247311828,-122.39882627017434,0.0,0.0,0.0,0.0,0.0,0.0,0.0	-11.572756767,37.84989247311828,-122.39567514018265,0.0,0.0,0.0,0.0,0.0,0.0,0.0	-9.980070114,37.84989247311828,-122.39252401019094,0.0,0.0,0.0,0.0,0.0,0.0,0.0	-8.337262154,37.84989247311828,-122.38937288019925,0.0,0.0,0.0,0.0,0.0,0.0,0.0	-8.49349308,37.84989247311828,-122.38622175020754,0.0,0.0,0.0,0.0,0.0,0.0,0.0	-9.216834068,37.84989247311828,-122.38307062021585,0.0,0.0,0.0,0.0,0.0,0.0,0.0	-8.986680031,37.84989247311828,-122.37991949022415,0.0,0.0,0.0,0.0,0.0,0.0,0.0
72.620063782,37.847741935483874,-122.55007802838956,0.0,0.0,0.0,0.0,0.0,0.0,0.0	23.492547989,37.847741935483874,-122.54692699030106,0.0,0.0,0.0,0.0,0.0,0.0,0.0	18.517225266,37.847741935483874,-122.54377595221256,0.0,0.0,0.0,0.0,0.0,0.0,0.0	49.484752655,37.847741935483874,-122.54062491412405,0.0,0.0,0.0,0.0,0.0,0.0,0.0	60.34777832,37.847741935483874,-122.53747387603555,0.0,0.0,0.0,0.0,0.0,0.0,0.0	72.166679382,37.847741935483874,-122.53432283794706,0.0,0.0,0.0,0.0,0.0,0.0,0.0	122.221076965,37.847741935483874,-122.53117179985856,0.0,0.0,0.0,0.0,0.0,0.0,0.0	160.062438965,37.847741935483874,-122.52802076177005,0.0,0.0,0.0,0.0,0.0,0.0,0.0	200.752868652,37.847741935483874,-122.52486972368155,0.0,0.0,0.0,0.0,0.0,0.0,0.0	181.722976685,37.847741935483874,-122.52171868559304,0.0,0.0,0.0,0.0,0.0,0.0,0.0	80.757926941,37.847741935483874,-122.51856764750454,0.0,0.0,0.0,0.0,0.0,0.0,0.0	110.535774231,37.847741935483874,-122.51541660941604,0.0,0.0,0.0,0.0,0.0,0.0,0.0	54.808860779,37.847741935483874,-122.51226557132753,0.0,0.0,0.0,0.0,0.0,0.0,0.0	94.802742004,37.847741935483874,-122.50911453323903,0.0,0.0,0.0,0.0,0.0,0.0,0.0	173.170898438,37.847741935483874,-122.50596349515054,0.0,0.0,0.0,0.0,0.0,0.0,0.0	223.594543457,37.847741935483874,-122.50281245706203,0.0,0.0,0.0,0.0,0.0,0.0,0.0	245.856185913,37.847741935483874,-122.49966141897353,0.0,0.0,0.0,0.0,0.0,0.0,0.0	221.411514282,37.847741935483874,-122.49651038088503,0.0,0.0,0.0,0.0,0.0,0.0,0.0	206.310256958,37.847741935483874,-122.49335934279652,0.0,0.0,0.0,0.0,0.0,0.0,0.0	257.58392334,37.847741935483874,-122.49020830470802,0.0,0.0,0.0,0.0,0.0,0.0,0.0	133.97819519,37.847741935483874,-122.48705726661952,0.0,0.0,0.0,0.0,0.0,0.0,0.0	73.37311554,37.847741935483874,-122.48390622853101,0.0,0.0,0.0,0.0,0.0,0.0,0.0	15.22843647,37.847741935483874,-122.48075519044251,0.0,0.0,0.0,0.0,0.0,0.0,0.0	-0.300000012,37.847741935483874,-122.47760415235402,0.0,0.0,0.0,0.0,0.0,0.0,0.0	-0.300000012,37.847741935483874,-122.47445311426551,0.0,0.0,0.0,0.0,0.0,0.0,0.0	-0.300000012,37.847741935483874,-122.47130207617701,0.0,0.0,0.0,0.0,0.0,0.0,0.0	-0.300000012,37.847741935483874,-122.46815103808851,0.0,0.0,0.0,0.0,0.0,0.0,0.0	-0.300000012,37.847741935483874,-122.465,0.0,0.0,0.0,0.0,0.0,0.0,0.0	-22.625041962,37.847741935483874,-122.4618489619115,0.0,0.0,0.0,0.0,0.0,0.0,0.0	-19.072593689,37.847741935483874,-122.458697923823,0.0,0.0,0.0,0.0,0.0,0.0,0.0	-18.434907913,37.847741935483874,-122.45554688573449,0.0,0.0,0.0,0.0,0.0,0.0,0.0	-19.007347107,37.847741935483874,-122.45239584764599,0.0,0.0,0.0,0.0,0.0,0.0,0.0	-18.217811584,37.847741935483874,-122.4492448095575,0.0,0.0,0.0,0.0,0.0,0.0,0.0	-14.72574234,37.847741935483874,-122.446093771469,0.0,0.0,0.0,0.0,0.0,0.0,0.0	-15.193926811,37.847741935483874,-122.44294273338049,0.0,0.0,0.0,0.0,0.0,0.0,0.0	-0.300000012,37.847741935483874,-122.43979169529199,0.0,0.0,0.0,0.0,0.0,0.0,0.0	-0.300000012,37.847741935483874,-122.43664065720348,0.0,0.0,0.0,0.0,0.0,0.0,0.0	-0.300000012,37.847741935483874,-122.43348961911498,0.0,0.0,0.0,0.0,0.0,0.0,0.0	-0.300000012,37.847741935483874,-122.43033858102648,0.0,0.0,0.0,0.0,0.0,0.0,0.0	-0.300000012,37.847741935483874,-122.42718754293797,0.0,0.0,0.0,0.0,0.0,0.0,0.0	-29.07932663,37.847741935483874,-122.42403650484947,0.0,0.0,0.0,0.0,0.0,0.0,0.0	-45.334003448,37.847741935483874,-122.42088546676098,0.0,0.0,0.0,0.0,0.0,0.0,0.0	-56.505741119,37.847741935483874,-122.41773442867247,0.0,0.0,0.0,0.0,0.0,0.0,0.0	-46.7772789,37.847741935483874,-122.41458339058397,0.0,0.0,0.0,0.0,0.0,0.0,0.0	-43.243293762,37.847741935483874,-122.41143235249547,0.0,0.0,0.0,0.0,0.0,0.0,0.0	-37.357055664,37.847741935483874,-122.40828131440696,0.0,0.0,0.0,0.0,0.0,0.0,0.0	-35.007644653,37.847741935483874,-122.40513027631846,0.0,0.0,0.0,0.0,0.0,0.0,0.0	-24.545759201,37.847741935483874,-122.40197923822996,0.0,0.0,0.0,0.0,0.0,0.0,0.0	-14.401769638,37.847741935483874,-122.39882820014145,0.0,0.0,0.0,0.0,0.0,0.0,0.0	-11.196816444,37.847741935483874,-122.39567716205295,0.0,0.0,0.0,0.0,0.0,0.0,0.0	-9.806847572,37.847741935483874,-122.39252612396446,0.0,0.0,0.0,0.0,0.0,0.0,0.0	-8.926901817,37.847741935483874,-122.38937508587595,0.0,0.0,0.0,0.0,0.0,0.0,0.0	-8.327936172,37.847741935483874,-122.38622404778745,0.0,0.0,0.0,0.0,0.0,0.0,0.0	-8.841153145,37.847741935483874,-122.38307300969895,0.0,0.0,0.0,0.0,0.0,0.0,0.0	-9.19572258,37.847741935483874,-122.37992197161044,0.0,0.0,0.0,0.0,0.0,0.0,0.0
15.506617546,37.84559139784947,-122.55007554726785,0.0,0.0,0.0,0.0,0.0,0.0,0.0	29.947359085,37.84559139784947,-122.54692460107275,0.0,0.0,0.0,0.0,0.0,0.0,0.0	102.24269104,37.84559139784947,-122.54377365487764,0.0,0.0,0.0,0.0,0.0,0.0,0.0	176.571563721,37.84559139784947,-122.54062270868253,0.0,0.0,0.0,0.0,0.0,0.0,0.0	124.130935669,37.84559139784947,-122.53747176248743,0.0,0.0,0.0,0.0,0.0,0.0,0.0	146.78326416,37.84559139784947,-122.53432081629232,0.0,0.0,0.0,0.0,0.0,0.0,0.0	140.782821655,37.84559139784947,-122.53116987009722,0.0,0.0,0.0,0.0,0.0,0.0,0.0	168.54624939,37.84559139784947,-122.52801892390211,0.0,0.0,0.0,0.0,0.0,0.0,0.0	186.243484497,37.84559139784947,-122.524867977707,0.0,0.0,0.0,0.0,0.0,0.0,0.0	130.238754272,37.84559139784947,-122.5217170315119,0.0,0.0,0.0,0.0,0.0,0.0,0.0	95.626213074,37.84559139784947,-122.51856608531679,0.0,0.0,0.0,0.0,0.0,0.0,0.0	47.318622589,37.84559139784947,-122.51541513912169,0.0,0.0,0.0,0.0,0.0,0.0,0.0	48.705589294,37.84559139784947,-122.51226419292658,0.0,0.0,0.0,0.0,0.0,0.0,0.0	112.288101196,37.84559139784947,-122.50911324673147,0.0,0.0,0.0,0.0,0.0,0.0,0.0	141.827651978,37.84559139784947,-122.50596230053637,0.0,0.0,0.0,0.0,0.0,0.0,0.0	185.258300781,37.84559139784947,-122.50281135434126,0.0,0.0,0.0,0.0,0.0,0.0,0.0	196.613876343,37.84559139784947,-122.49966040814616,0.0,0.0,0.0,0.0,0.0,0.0,0.0	148.334777832,37.84559139784947,-122.49650946195105,0.0,0.0,0.0,0.0,0.0,0.0,0.0	152.644393921,37.84559139784947,-122.49335851575594,0.0,0.0,0.0,0.0,0.0,0.0,0.0	210.090408325,37.84559139784947,-122.49020756956084,0.0,0.0,0.0,0.0,0.0,0.0,0.0	205.391525269,37.84559139784947,-122.48705662336573,0.0,0.0,0.0,0.0,0.0,0.0,0.0	137.405456543,37.84559139784947,-122.48390567717063,0.0,0.0,0.0,0.0,0.0,0.0,0.0	79.609939575,37.84559139784947,-122.48075473097552,0.0,0.0,0.0,0.0,0.0,0.0,0.0	17.096139908,37.84559139784947,-122.47760378478041,0.0,0.0,0.0,0.0,0.0,0.0,0.0	-0.300000012,37.84559139784947,-122.47445283858531,0.0,0.0,0.0,0.0,0.0,0.0,0.0	-0.300000012,37.84559139784947,-122.4713018923902,0.0,0.0,0.0,0.0,0.0,0.0,0.0	-0.300000012,37.84559139784947,-122.4681509461951,0.0,0.0,0.0,0.0,0.0,0.0,0.0	-0.300000012,37.84559139784947,-122.465,0.0,0.0,0.0,0.0,0.0,0.0,0.0	-22.256977081,37.84559139784947,-122.4618490538049,0.0,0.0,0.0,0.0,0.0,0.0,0.0	-18.538379669,37.84559139784947,-122.45869810760979,0.0,0.0,0.0,0.0,0.0,0.0,0.0	-21.877332687,37.84559139784947,-122.45554716141469,0.0,0.0,0.0,0.0,0.0,0.0,0.0	-19.280792236,37.84559139784947,-122.45239621521958,0.0,0.0,0.0,0.0,0.0,0.0,0.0	-18.273040771,37.84559139784947,-122.44924526902447,0.0,0.0,0.0,0.0,0.0,0.0,0.0	-17.290081024,37.84559139784947,-122.44609432282937,0.0,0.0,0.0,0.0,0.0,0.0,0.0	-18.25022316,37.84559139784947,-122.44294337663426,0.0,0.0,0.0,0.0,0.0,0.0,0.0	-0.300000012,37.84559139784947,-122.43979243043916,0.0,0.0,0.0,0.0,0.0,0.0,0.0	-0.300000012,37.84559139784947,-122.43664148424405,0.0,0.0,0.0,0.0,0.0,0.0,0.0	-18.535308838,37.84559139784947,-122.43349053804894,0.0,0.0,0.0,0.0,0.0,0.0,0.0	-22.095899582,37.84559139784947,-122.43033959185384,0.0,0.0,0.0,0.0,0.0,0.0,0.0	-28.089735031,37.84559139784947,-122.42718864565873,0.0,0.0,0.0,0.0,0.0,0.0,0.0	-36.908542633,37.84559139784947,-122.42403769946363,0.0,0.0,0.0,0.0,0.0,0.0,0.0	-45.600273132,37.84559139784947,-122.42088675326852,0.0,0.0,0.0,0.0,0.0,0.0,0.0	-46.886962891,37.84559139784947,-122.41773580707341,0.0,0.0,0.0,0.0,0.0,0.0,0.0	-43.699417114,37.84559139784947,-122.4145848608783,0.0,0.0,0.0,0.0,0.0,0.0,0.0	-39.760757446,37.84559139784947,-122.4114339146832,0.0,0.0,0.0,0.0,0.0,0.0,0.0	-36.282966614,37.84559139784947,-122.4082829684881,0.0,0.0,0.0,0.0,0.0,0.0,0.0	-32.038135529,37.84559139784947,-122.40513202229299,0.0,0.0,0.0,0.0,0.0,0.0,0.0	-17.70996666,37.84559139784947,-122.40198107609788,0.0,0.0,0.0,0.0,0.0,0.0,0.0	-12.949493408,37.84559139784947,-122.39883012990278,0.0,0.0,0.0,0.0,0.0,0.0,0.0	-10.775512695,37.84559139784947,-122.39567918370767,0.0,0.0,0.0,0.0,0.0,0.0,0.0	-9.676614761,37.84559139784947,-122.39252823751256,0.0,0.0,0.0,0.0,0.0,0.0,0.0	-8.98469162,37.84559139784947,-122.38937729131746,0.0,0.0,0.0,0.0,0.0,0.0,0.0	-8.127047539,37.84559139784947,-122.38622634512235,0.0,0.0,0.0,0.0,0.0,0.0,0.0	-8.090267181,37.84559139784947,-122.38307539892725,0.0,0.0,0.0,0.0,0.0,0.0,0.0	-8.680083275,37.84559139784947,-122.37992445273214,0.0,0.0,0.0,0.0,0.0,0.0,0.0
14.273400307,37.843440860215054,-122.5500730664107,0.0,0.0,0.0,0.0,0.0,0.0,0.0	103.645210266,37.843440860215054,-122.54692221209919,0.0,0.0,0.0,0.0,0.0,0.0,0.0	166.906051636,37.843440860215054,-122.54377135778769,0.0,0.0,0.0,0.0,0.0,0.0,0.0	227.266723633,37.843440860215054,-122.54062050347618,0.0,0.0,0.0,0.0,0.0,0.0,0.0	233.36138916,37.843440860215054,-122.53746964916468,0.0,0.0,0.0,0.0,0.0,0.0,0.0	228.565139771,37.843440860215054,-122.53431879485316,0.0,0.0,0.0,0.0,0.0,0.0,0.0	233.359634399,37.843440860215054,-122.53116794054166,0.0,0.0,0.0,0.0,0.0,0.0,0.0	243.850021362,37.843440860215054,-122.52801708623015,0.0,0.0,0.0,0.0,0.0,0.0,0.0	184.225738525,37.843440860215054,-122.52486623191864,0.0,0.0,0.0,0.0,0.0,0.0,0.0	87.489356995,37.843440860215054,-122.52171537760714,0.0,0.0,0.0,0.0,0.0,0.0,0.0	50.668827057,37.843440860215054,-122.51856452329562,0.0,0.0,0.0,0.0,0.0,0.0,0.0	36.165313721,37.843440860215054,-122.51541366898412,0.0,0.0,0.0,0.0,0.0,0.0,0.0	47.9621315,37.843440860215054,-122.51226281467261,0.0,0.0,0.0,0.0,0.0,0.0,0.0	75.978622437,37.843440860215054,-122.50911196036111,13.294670560321226,593.9100000000001,1078.789,0.5505339783776069,2.9522653180432785,141.49921535920004,70.29595088103716	144.834655762,37.843440860215054,-122.5059611060496,13.100775688994341,593.9100000000001,1072.6816666666666,0.5536684539837076,2.952364276000924,141.49921535920004,70.29433290746486	118.347358704,37.843440860215054,-122.50281025173808,0.0,0.0,0.0,0.0,0.0,0.0,0.0	164.997695923,37.843440860215054,-122.49965939742658,0.0,0.0,0.0,0.0,0.0,0.0,0.0	110.422309875,37.843440860215054,-122.49650854311507,0.0,0.0,0.0,0.0,0.0,0.0,0.0	107.382675171,37.843440860215054,-122.49335768880357,0.0,0.0,0.0,0.0,0.0,0.0,0.0	179.300613403,37.843440860215054,-122.49020683449206,0.0,0.0,0.0,0.0,0.0,0.0,0.0	229.203353882,37.843440860215054,-122.48705598018056,0.0,0.0,0.0,0.0,0.0,0.0,0.0	172.861541748,37.843440860215054,-122.48390512586904,0.0,0.0,0.0,0.0,0.0,0.0,0.0	115.310112,37.843440860215054,-122.48075427155753,0.0,0.0,0.0,0.0,0.0,0.0,0.0	15.231488228,37.843440860215054,-122.47760341724603,0.0,0.0,0.0,0.0,0.0,0.0,0.0	-0.300000012,37.843440860215054,-122.47445256293452,0.0,0.0,0.0,0.0,0.0,0.0,0.0	-0.300000012,37.843440860215054,-122.47130170862302,0.0,0.0,0.0,0.0,0.0,0.0,0.0	-0.300000012,37.843440860215054,-122.4681508543115,0.0,0.0,0.0,0.0,0.0,0.0,0.0	-0.300000012,37.843440860215054,-122.465,0.0,0.0,0.0,0.0,0.0,0.0,0.0	-21.366559982,37.843440860215054,-122.46184914568849,0.0,0.0,0.0,0.0,0.0,0.0,0.0	-20.804632187,37.843440860215054,-122.45869829137698,0.0,0.0,0.0,0.0,0.0,0.0,0.0	-22.426689148,37.843440860215054,-122.45554743706548,0.0,0.0,0.0,0.0,0.0,0.0,0.0	-22.336345673,37.843440860215054,-122.45239658275396,0.0,0.0,0.0,0.0,0.0,0.0,0.0	-23.289722443,37.843440860215054,-122.44924572844246,0.0,0.0,0.0,0.0,0.0,0.0,0.0	-22.229877472,37.843440860215054,-122.44609487413095,0.0,0.0,0.0,0.0,0.0,0.0,0.0	-21.674077988,37.843440860215054,-122.44294401981945,0.0,0.0,0.0,0.0,0.0,0.0,0.0	-21.30824852,37.843440860215054,-122.43979316550794,0.0,0.0,0.0,0.0,0.0,0.0,0.0	-20.890594482,37.843440860215054,-122.43664231119642,0.0,0.0,0.0,0.0,0.0,0.0,0.0	-24.148622513,37.843440860215054,-122.43349145688492,0.0,0.0,0.0,0.0,0.0,0.0,0.0	-27.112224579,37.843440860215054,-122.43034060257341,0.0,0.0,0.0,0.0,0.0,0.0,0.0	-31.433700562,37.843440860215054,-122.42718974826191,0.0,0.0,0.0,0.0,0.0,0.0,0.0	-38.459358215,37.843440860215054,-122.4240388939504,0.0,0.0,0.0,0.0,0.0,0.0,0.0	-42.110908508,37.843440860215054,-122.4208880396389,0.0,0.0,0.0,0.0,0.0,0.0,0.0	-41.436534882,37.843440860215054,-122.41773718532738,0.0,0.0,0.0,0.0,0.0,0.0,0.0	-39.852603912,37.843440860215054,-122.41458633101587,0.0,0.0,0.0,0.0,0.0,0.0,0.0	-37.418216705,37.843440860215054,-122.41143547670437,0.0,0.0,0.0,0.0,0.0,0.0,0.0	-34.809268951,37.843440860215054,-122.40828462239286,0.0,0.0,0.0,0.0,0.0,0.0,0.0	-22.900846481,37.843440860215054,-122.40513376808136,0.0,0.0,0.0,0.0,0.0,0.0,0.0	-15.641714096,37.843440860215054,-122.40198291376984,0.0,0.0,0.0,0.0,0.0,0.0,0.0	-12.331037521,37.843440860215054,-122.39883205945834,0.0,0.0,0.0,0.0,0.0,0.0,0.0	-10.785956383,37.843440860215054,-122.39568120514683,0.0,0.0,0.0,0.0,0.0,0.0,0.0	-9.478725433,37.843440860215054,-122.39253035083532,0.0,0.0,0.0,0.0,0.0,0.0,0.0	-8.655018806,37.843440860215054,-122.38937949652382,0.0,0.0,0.0,0.0,0.0,0.0,0.0	-7.901630402,37.843440860215054,-122.3862286422123,0.0,0.0,0.0,0.0,0.0,0.0,0.0	-7.638883114,37.843440860215054,-122.3830777879008,0.0,0.0,0.0,0.0,0.0,0.0,0.0	-8.212109566,37.843440860215054,-122.37992693358929,0.0,0.0,0.0,0.0,0.0,0.0,0.0
65.039428711,37.84129032258065,-122.55007058581808,0.0,0.0,0.0,0.0,0.0,0.0,0.0	173.900054932,37.84129032258065,-122.54691982338036,0.0,0.0,0.0,0.0,0.0,0.0,0.0	205.47315979,37.84129032258065,-122.54376906094267,0.0,0.0,0.0,0.0,0.0,0.0,0.0	205.632995605,37.84129032258065,-122.54061829850495,0.0,0.0,0.0,0.0,0.0,0.0,0.0	217.141067505,37.84129032258065,-122.53746753606725,0.0,0.0,0.0,0.0,0.0,0.0,0.0	209.793899536,37.84129032258065,-122.53431677362954,0.0,0.0,0.0,0.0,0.0,0.0,0.0	243.593276978,37.84129032258065,-122.53116601119183,0.0,0.0,0.0,0.0,0.0,0.0,0.0	192.933654785,37.84129032258065,-122.52801524875413,0.0,0.0,0.0,0.0,0.0,0.0,0.0	158.640991211,37.84129032258065,-122.52486448631642,0.0,0.0,0.0,0.0,0.0,0.0,0.0	144.643722534,37.84129032258065,-122.52171372387872,0.0,0.0,0.0,0.0,0.0,0.0,0.0	54.583351135,37.84129032258065,-122.518562961441,0.0,0.0,0.0,0.0,0.0,0.0,0.0	26.28046608,37.84129032258065,-122.51541219900331,0.0,0.0,0.0,0.0,0.0,0.0,0.0	70.962348938,37.84129032258065,-122.5122614365656,0.0,0.0,0.0,0.0,0.0,0.0,0.0	131.305831909,37.84129032258065,-122.50911067412788,0.0,0.0,0.0,0.0,0.0,0.0,0.0	149.421478271,37.84129032258065,-122.50595991169018,0.0,0.0,0.0,0.0,0.0,0.0,0.0	83.209388733,37.84129032258065,-122.50280914925247,0.0,0.0,0.0,0.0,0.0,0.0,0.0	109.404441833,37.84129032258065,-122.49965838681477,0.0,0.0,0.0,0.0,0.0,0.0,0.0	83.216285706,37.84129032258065,-122.49650762437706,0.0,0.0,0.0,0.0,0.0,0.0,0.0	121.048683167,37.84129032258065,-122.49335686193935,0.0,0.0,0.0,0.0,0.0,0.0,0.0	171.863372803,37.84129032258065,-122.49020609950165,0.0,0.0,0.0,0.0,0.0,0.0,0.0	168.639480591,37.84129032258065,-122.48705533706394,0.0,0.0,0.0,0.0,0.0,0.0,0.0	85.489967346,37.84129032258065,-122.48390457462624,0.0,0.0,0.0,0.0,0.0,0.0,0.0	123.014907837,37.84129032258065,-122.48075381218852,0.0,0.0,0.0,0.0,0.0,0.0,0.0	55.904647827,37.84129032258065,-122.47760304975083,0.0,0.0,0.0,0.0,0.0,0.0,0.0	-0.300000012,37.84129032258065,-122.47445228731311,0.0,0.0,0.0,0.0,0.0,0.0,0.0	-0.300000012,37.84129032258065,-122.4713015248754,0.0,0.0,0.0,0.0,0.0,0.0,0.0	-0.300000012,37.84129032258065,-122.4681507624377,0.0,0.0,0.0,0.0,0.0,0.0,0.0	-0.300000012,37.84129032258065,-122.46499999999999,0.0,0.0,0.0,0.0,0.0,0.0,0.0	-0.300000012,37.84129032258065,-122.46184923756229,0.0,0.0,0.0,0.0,0.0,0.0,0.0	-25.650661469,37.84129032258065,-122.45869847512458,0.0,0.0,0.0,0.0,0.0,0.0,0.0	-24.047185898,37.84129032258065,-122.45554771268687,0.0,0.0,0.0,0.0,0.0,0.0,0.0	-23.421010971,37.84129032258065,-122.45239695024917,0.0,0.0,0.0,0.0,0.0,0.0,0.0	-23.320423126,37.84129032258065,-122.44924618781145,0.0,0.0,0.0,0.0,0.0,0.0,0.0	-23.502372742,37.84129032258065,-122.44609542537376,0.0,0.0,0.0,0.0,0.0,0.0,0.0	-23.806488037,37.84129032258065,-122.44294466293604,0.0,0.0,0.0,0.0,0.0,0.0,0.0	-23.838645935,37.84129032258065,-122.43979390049833,0.0,0.0,0.0,0.0,0.0,0.0,0.0	-25.77186203,37.84129032258065,-122.43664313806063,0.0,0.0,0.0,0.0,0.0,0.0,0.0	-27.517744064,37.84129032258065,-122.43349237562292,0.0,0.0,0.0,0.0,0.0,0.0,0.0	-31.623916626,37.84129032258065,-122.43034161318522,0.0,0.0,0.0,0.0,0.0,0.0,0.0	-34.749790192,37.84129032258065,-122.42719085074751,0.0,0.0,0.0,0.0,0.0,0.0,0.0	-38.215579987,37.84129032258065,-122.42404008830981,0.0,0.0,0.0,0.0,0.0,0.0,0.0	-39.268444061,37.84129032258065,-122.4208893258721,0.0,0.0,0.0,0.0,0.0,0.0,0.0	-38.018947601,37.84129032258065,-122.41773856343438,0.0,0.0,0.0,0.0,0.0,0.0,0.0	-35.91374588,37.84129032258065,-122.41458780099669,0.0,0.0,0.0,0.0,0.0,0.0,0.0	-35.831985474,37.84129032258065,-122.41143703855897,0.0,0.0,0.0,0.0,0.0,0.0,0.0	-27.166526794,37.84129032258065,-122.40828627612127,0.0,0.0,0.0,0.0,0.0,0.0,0.0	-18.685222626,37.84129032258065,-122.40513551368356,0.0,0.0,0.0,0.0,0.0,0.0,0.0	-15.144008636,37.84129032258065,-122.40198475124585,0.0,0.0,0.0,0.0,0.0,0.0,0.0	-12.373478889,37.84129032258065,-122.39883398880815,0.0,0.0,0.0,0.0,0.0,0.0,0.0	-10.674545288,37.84129032258065,-122.39568322637044,0.0,0.0,0.0,0.0,0.0,0.0,0.0	-9.161977768,37.84129032258065,-122.39253246393274,0.0,0.0,0.0,0.0,0.0,0.0,0.0	-8.421953201,37.84129032258065,-122.38938170149503,0.0,0.0,0.0,0.0,0.0,0.0,0.0	-7.606327057,37.84129032258065,-122.38623093905733,0.0,0.0,0.0,0.0,0.0,0.0,0.0	-7.269469261,37.84129032258065,-122.38308017661961,0.0,0.0,0.0,0.0,0.0,0.0,0.0	-7.602237225,37.84129032258065,-122.3799294141819,0.0,0.0,0.0,0.0,0.0,0.0,0.0
57.742656708,37.83913978494624,-122.55006810548996,0.0,0.0,0.0,0.0,0.0,0.0,0.0	133.423110962,37.83913978494624,-122.54691743491625,0.0,0.0,0.0,0.0,0.0,0.0,0.0	153.982940674,37.83913978494624,-122.54376676434255,0.0,0.0,0.0,0.0,0.0,0.0,0.0	138.384963989,37.83913978494624,-122.54061609376885,0.0,0.0,0.0,0.0,0.0,0.0,0.0	150.132156372,37.83913978494624,-122.53746542319514,0.0,0.0,0.0,0.0,0.0,0.0,0.0	152.849441528,37.83913978494624,-122.53431475262144,0.0,0.0,0.0,0.0,0.0,0.0,0.0	185.840057373,37.83913978494624,-122.53116408204774,0.0,0.0,0.0,0.0,0.0,0.0,0.0	166.78125,37.83913978494624,-122.52801341147403,0.0,0.0,0.0,0.0,0.0,0.0,0.0	89.767356873,37.83913978494624,-122.52486274090033,0.0,0.0,0.0,0.0,0.0,0.0,0.0	66.601799011,37.83913978494624,-122.52171207032664,0.0,0.0,0.0,0.0,0.0,0.0,0.0	65.008766174,37.83913978494624,-122.51856139975294,0.0,0.0,0.0,0.0,0.0,0.0,0.0	34.055175781,37.83913978494624,-122.51541072917924,0.0,0.0,0.0,0.0,0.0,0.0,0.0	88.479377747,37.83913978494624,-122.51226005860553,0.0,0.0,0.0,0.0,0.0,0.0,0.0	177.24710083,37.83913978494624,-122.50910938803183,0.0,0.0,0.0,0.0,0.0,0.0,0.0	99.885635376,37.83913978494624,-122.50595871745813,0.0,0.0,0.0,0.0,0.0,0.0,0.0	66.857551575,37.83913978494624,-122.50280804688443,0.0,0.0,0.0,0.0,0.0,0.0,0.0	64.147659302,37.83913978494624,-122.49965737631072,0.0,0.0,0.0,0.0,0.0,0.0,0.0	152.564590454,37.83913978494624,-122.49650670573702,0.0,0.0,0.0,0.0,0.0,0.0,0.0	233.270355225,37.83913978494624,-122.49335603516332,0.0,0.0,0.0,0.0,0.0,0.0,0.0	200.751586914,37.83913978494624,-122.49020536458961,0.0,0.0,0.0,0.0,0.0,0.0,0.0	119.2472229,37.83913978494624,-122.48705469401591,0.0,0.0,0.0,0.0,0.0,0.0,0.0	50.412548065,37.83913978494624,-122.48390402344221,0.0,0.0,0.0,0.0,0.0,0.0,0.0	36.36095047,37.83913978494624,-122.4807533528685,0.0,0.0,0.0,0.0,0.0,0.0,0.0	61.475940704,37.83913978494624,-122.4776026822948,0.0,0.0,0.0,0.0,0.0,0.0,0.0	18.505933762,37.83913978494624,-122.4744520117211,0.0,0.0,0.0,0.0,0.0,0.0,0.0	-0.300000012,37.83913978494624,-122.4713013411474,0.0,0.0,0.0,0.0,0.0,0.0,0.0	-0.300000012,37.83913978494624,-122.46815067057369,0.0,0.0,0.0,0.0,0.0,0.0,0.0	-0.300000012,37.83913978494624,-122.465,0.0,0.0,0.0,0.0,0.0,0.0,0.0	-0.300000012,37.83913978494624,-122.4618493294263,0.0,0.0,0.0,0.0,0.0,0.0,0.0	-25.272285461,37.83913978494624,-122.4586986588526,0.0,0.0,0.0,0.0,0.0,0.0,0.0	-24.742193222,37.83913978494624,-122.4555479882789,0.0,0.0,0.0,0.0,0.0,0.0,0.0	-22.435317993,37.83913978494624,-122.45239731770519,0.0,0.0,0.0,0.0,0.0,0.0,0.0	-25.633390427,37.83913978494624,-122.44924664713149,0.0,0.0,0.0,0.0,0.0,0.0,0.0	-24.118082047,37.83913978494624,-122.44609597655779,0.0,0.0,0.0,0.0,0.0,0.0,0.0	-25.898778915,37.83913978494624,-122.44294530598408,0.0,0.0,0.0,0.0,0.0,0.0,0.0	-26.547571182,37.83913978494624,-122.43979463541038,0.0,0.0,0.0,0.0,0.0,0.0,0.0	-29.095125198,37.83913978494624,-122.43664396483668,0.0,0.0,0.0,0.0,0.0,0.0,0.0	-30.954332352,37.83913978494624,-122.43349329426297,0.0,0.0,0.0,0.0,0.0,0.0,0.0	-34.044250488,37.83913978494624,-122.43034262368927,0.0,0.0,0.0,0.0,0.0,0.0,0.0	-35.451389313,37.83913978494624,-122.42719195311557,0.0,0.0,0.0,0.0,0.0,0.0,0.0	-37.577934265,37.83913978494624,-122.42404128254186,0.0,0.0,0.0,0.0,0.0,0.0,0.0	-37.4021492,37.83913978494624,-122.42089061196816,0.0,0.0,0.0,0.0,0.0,0.0,0.0	-35.641384125,37.83913978494624,-122.41773994139446,0.0,0.0,0.0,0.0,0.0,0.0,0.0	-34.721630096,37.83913978494624,-122.41458927082076,0.0,0.0,0.0,0.0,0.0,0.0,0.0	-28.663160324,37.83913978494624,-122.41143860024707,0.0,0.0,0.0,0.0,0.0,0.0,0.0	-21.247550964,37.83913978494624,-122.40828792967336,0.0,0.0,0.0,0.0,0.0,0.0,0.0	-17.387413025,37.83913978494624,-122.40513725909966,0.0,0.0,0.0,0.0,0.0,0.0,0.0	-14.870045662,37.83913978494624,-122.40198658852596,0.0,0.0,0.0,0.0,0.0,0.0,0.0	-12.552358627,37.83913978494624,-122.39883591795225,0.0,0.0,0.0,0.0,0.0,0.0,0.0	-10.638531685,37.83913978494624,-122.39568524737855,0.0,0.0,0.0,0.0,0.0,0.0,0.0	-9.440524101,37.83913978494624,-122.39253457680485,0.0,0.0,0.0,0.0,0.0,0.0,0.0	-8.175619125,37.83913978494624,-122.38938390623115,0.0,0.0,0.0,0.0,0.0,0.0,0.0	-7.600753307,37.83913978494624,-122.38623323565744,0.0,0.0,0.0,0.0,0.0,0.0,0.0	-7.162865639,37.83913978494624,-122.38308256508374,0.0,0.0,0.0,0.0,0.0,0.0,0.0	-7.495887756,37.83913978494624,-122.37993189451004,0.0,0.0,0.0,0.0,0.0,0.0,0.0
-1.600000024,37.83698924731183,-122.5500656254263,0.0,0.0,0.0,0.0,0.0,0.0,0.0	102.160919189,37.83698924731183,-122.5469150467068,0.0,0.0,0.0,0.0,0.0,0.0,0.0	113.5104599,37.83698924731183,-122.54376446798732,0.0,0.0,0.0,0.0,0.0,0.0,0.0	66.75629425,37.83698924731183,-122.54061388926782,0.0,0.0,0.0,0.0,0.0,0.0,0.0	93.884643555,37.83698924731183,-122.53746331054833,0.0,0.0,0.0,0.0,0.0,0.0,0.0	88.187034607,37.83698924731183,-122.53431273182883,0.0,0.0,0.0,0.0,0.0,0.0,0.0	114.203971863,37.83698924731183,-122.53116215310935,0.0,0.0,0.0,0.0,0.0,0.0,0.0	123.25213623,37.83698924731183,-122.52801157438985,0.0,0.0,0.0,0.0,0.0,0.0,0.0	130.109832764,37.83698924731183,-122.52486099567035,0.0,0.0,0.0,0.0,0.0,0.0,0.0	42.055358887,37.83698924731183,-122.52171041695087,0.0,0.0,0.0,0.0,0.0,0.0,0.0	20.634641647,37.83698924731183,-122.51855983823137,0.0,0.0,0.0,0.0,0.0,0.0,0.0	42.297691345,37.83698924731183,-122.51540925951188,0.0,0.0,0.0,0.0,0.0,0.0,0.0	121.41897583,37.83698924731183,-122.51225868079239,0.0,0.0,0.0,0.0,0.0,0.0,0.0	87.022331238,37.83698924731183,-122.5091081020729,0.0,0.0,0.0,0.0,0.0,0.0,0.0	85.303634644,37.83698924731183,-122.5059575233534,0.0,0.0,0.0,0.0,0.0,0.0,0.0	56.498382568,37.83698924731183,-122.50280694463392,0.0,0.0,0.0,0.0,0.0,0.0,0.0	72.256942749,37.83698924731183,-122.49965636591442,0.0,0.0,0.0,0.0,0.0,0.0,0.0	129.926101685,37.83698924731183,-122.49650578719492,0.0,0.0,0.0,0.0,0.0,0.0,0.0	212.410202026,37.83698924731183,-122.49335520847544,0.0,0.0,0.0,0.0,0.0,0.0,0.0	283.900848389,37.83698924731183,-122.49020462975594,0.0,0.0,0.0,0.0,0.0,0.0,0.0	177.761245728,37.83698924731183,-122.48705405103645,0.0,0.0,0.0,0.0,0.0,0.0,0.0	129.481842041,37.83698924731183,-122.48390347231695,0.0,0.0,0.0,0.0,0.0,0.0,0.0	20.922935486,37.83698924731183,-122.48075289359747,0.0,0.0,0.0,0.0,0.0,0.0,0.0	11.382318497,37.83698924731183,-122.47760231487797,0.0,0.0,0.0,0.0,0.0,0.0,0.0	43.671894073,37.83698924731183,-122.47445173615847,0.0,0.0,0.0,0.0,0.0,0.0,0.0	-0.300000012,37.83698924731183,-122.47130115743899,0.0,0.0,0.0,0.0,0.0,0.0,0.0	-0.300000012,37.83698924731183,-122.46815057871949,0.0,0.0,0.0,0.0,0.0,0.0,0.0	-0.300000012,37.83698924731183,-122.465,0.0,0.0,0.0,0.0,0.0,0.0,0.0	-0.300000012,37.83698924731183,-122.4618494212805,0.0,0.0,0.0,0.0,0.0,0.0,0.0	-26.788431168,37.83698924731183,-122.45869884256102,0.0,0.0,0.0,0.0,0.0,0.0,0.0	-27.759550095,37.83698924731183,-122.45554826384152,0.0,0.0,0.0,0.0,0.0,0.0,0.0	-24.98059082,37.83698924731183,-122.45239768512204,0.0,0.0,0.0,0.0,0.0,0.0,0.0	-28.973649979,37.83698924731183,-122.44924710640254,0.0,0.0,0.0,0.0,0.0,0.0,0.0	-16.769435883,37.83698924731183,-122.44609652768304,0.0,0.0,0.0,0.0,0.0,0.0,0.0	-26.48005867,37.83698924731183,-122.44294594896355,0.0,0.0,0.0,0.0,0.0,0.0,0.0	-27.469305038,37.83698924731183,-122.43979537024406,0.0,0.0,0.0,0.0,0.0,0.0,0.0	-28.078948975,37.83698924731183,-122.43664479152457,0.0,0.0,0.0,0.0,0.0,0.0,0.0	-32.458034515,37.83698924731183,-122.43349421280507,0.0,0.0,0.0,0.0,0.0,0.0,0.0	-31.066324234,37.83698924731183,-122.43034363408559,0.0,0.0,0.0,0.0,0.0,0.0,0.0	-33.79088974,37.83698924731183,-122.42719305536609,0.0,0.0,0.0,0.0,0.0,0.0,0.0	-34.478118896,37.83698924731183,-122.42404247664659,0.0,0.0,0.0,0.0,0.0,0.0,0.0	-34.688468933,37.83698924731183,-122.4208918979271,0.0,0.0,0.0,0.0,0.0,0.0,0.0	-33.024341583,37.83698924731183,-122.41774131920761,0.0,0.0,0.0,0.0,0.0,0.0,0.0	-29.407110214,37.83698924731183,-122.41459074048812,0.0,0.0,0.0,0.0,0.0,0.0,0.0	-22.625982285,37.83698924731183,-122.41144016176862,0.0,0.0,0.0,0.0,0.0,0.0,0.0	-19.719991684,37.83698924731183,-122.40828958304914,0.0,0.0,0.0,0.0,0.0,0.0,0.0	-16.517490387,37.83698924731183,-122.40513900432964,0.0,0.0,0.0,0.0,0.0,0.0,0.0	-14.213413239,37.83698924731183,-122.40198842561016,0.0,0.0,0.0,0.0,0.0,0.0,0.0	-11.889573097,37.83698924731183,-122.39883784689066,0.0,0.0,0.0,0.0,0.0,0.0,0.0	-10.588276863,37.83698924731183,-122.39568726817116,0.0,0.0,0.0,0.0,0.0,0.0,0.0	-9.550087929,37.83698924731183,-122.39253668945167,0.0,0.0,0.0,0.0,0.0,0.0,0.0	-8.534298897,37.83698924731183,-122.38938611073218,0.0,0.0,0.0,0.0,0.0,0.0,0.0	-7.550040722,37.83698924731183,-122.38623553201269,0.0,0.0,0.0,0.0,0.0,0.0,0.0	-6.896575451,37.83698924731183,-122.38308495329319,0.0,0.0,0.0,0.0,0.0,0.0,0.0	-7.631502628,37.83698924731183,-122.37993437457371,0.0,0.0,0.0,0.0,0.0,0.0,0.0
-1.600000024,37.83483870967742,-122.55006314562708,0.0,0.0,0.0,0.0,0.0,0.0,0.0	37.678760529,37.83483870967742,-122.546912658752,0.0,0.0,0.0,0.0,0.0,0.0,0.0	70.578117371,37.83483870967742,-122.54376217187692,0.0,0.0,0.0,0.0,0.0,0.0,0.0	28.859958649,37.83483870967742,-122.54061168500185,0.0,0.0,0.0,0.0,0.0,0.0,0.0	110.335754395,37.83483870967742,-122.53746119812678,0.0,0.0,0.0,0.0,0.0,0.0,0.0	52.065174103,37.83483870967742,-122.53431071125169,0.0,0.0,0.0,0.0,0.0,0.0,0.0	53.528793335,37.83483870967742,-122.53116022437662,0.0,0.0,0.0,0.0,0.0,0.0,0.0	47.124080658,37.83483870967742,-122.52800973750153,0.0,0.0,0.0,0.0,0.0,0.0,0.0	56.539985657,37.83483870967742,-122.52485925062646,0.0,0.0,0.0,0.0,0.0,0.0,0.0	15.470692635,37.83483870967742,-122.52170876375139,0.0,0.0,0.0,0.0,0.0,0.0,0.0	10.399147987,37.83483870967742,-122.5185582768763,0.0,0.0,0.0,0.0,0.0,0.0,0.0	55.745368958,37.83483870967742,-122.51540779000123,0.0,0.0,0.0,0.0,0.0,0.0,0.0	45.337879181,37.83483870967742,-122.51225730312616,0.0,0.0,0.0,0.0,0.0,0.0,0.0	40.561683655,37.83483870967742,-122.50910681625108,0.0,0.0,0.0,0.0,0.0,0.0,0.0	41.220848083,37.83483870967742,-122.505956329376,0.0,0.0,0.0,0.0,0.0,0.0,0.0	105.975296021,37.83483870967742,-122.50280584250092,0.0,0.0,0.0,0.0,0.0,0.0,0.0	101.135543823,37.83483870967742,-122.49965535562585,0.0,0.0,0.0,0.0,0.0,0.0,0.0	132.117706299,37.83483870967742,-122.49650486875078,0.0,0.0,0.0,0.0,0.0,0.0,0.0	208.899093628,37.83483870967742,-122.49335438187569,0.0,0.0,0.0,0.0,0.0,0.0,0.0	274.645172119,37.83483870967742,-122.49020389500062,0.0,0.0,0.0,0.0,0.0,0.0,0.0	162.485107422,37.83483870967742,-122.48705340812555,0.0,0.0,0.0,0.0,0.0,0.0,0.0	84.370315552,37.83483870967742,-122.48390292125046,0.0,0.0,0.0,0.0,0.0,0.0,0.0	19.249511719,37.83483870967742,-122.48075243437539,0.0,0.0,0.0,0.0,0.0,0.0,0.0	4.422219753,37.83483870967742,-122.4776019475003,0.0,0.0,0.0,0.0,0.0,0.0,0.0	19.387460709,37.83483870967742,-122.47445146062523,0.0,0.0,0.0,0.0,0.0,0.0,0.0	-0.374021411,37.83483870967742,-122.47130097375016,0.0,0.0,0.0,0.0,0.0,0.0,0.0	-0.337042093,37.83483870967742,-122.46815048687507,0.0,0.0,0.0,0.0,0.0,0.0,0.0	-0.31926164,37.83483870967742,-122.465,0.0,0.0,0.0,0.0,0.0,0.0,0.0	-0.300439,37.83483870967742,-122.46184951312493,0.0,0.0,0.0,0.0,0.0,0.0,0.0	-31.651010513,37.83483870967742,-122.45869902624985,0.0,0.0,0.0,0.0,0.0,0.0,0.0	-31.750679016,37.83483870967742,-122.45554853937477,0.0,0.0,0.0,0.0,0.0,0.0,0.0	-26.425483704,37.83483870967742,-122.4523980524997,0.0,0.0,0.0,0.0,0.0,0.0,0.0	-28.959753036,37.83483870967742,-122.44924756562462,0.0,0.0,0.0,0.0,0.0,0.0,0.0	-27.238687515,37.83483870967742,-122.44609707874955,0.0,0.0,0.0,0.0,0.0,0.0,0.0	-21.517194748,37.83483870967742,-122.44294659187446,0.0,0.0,0.0,0.0,0.0,0.0,0.0	-16.993507385,37.83483870967742,-122.43979610499939,0.0,0.0,0.0,0.0,0.0,0.0,0.0	-27.085884094,37.83483870967742,-122.43664561812432,0.0,0.0,0.0,0.0,0.0,0.0,0.0	-29.636520386,37.83483870967742,-122.43349513124923,0.0,0.0,0.0,0.0,0.0,0.0,0.0	-30.124637604,37.83483870967742,-122.43034464437416,0.0,0.0,0.0,0.0,0.0,0.0,0.0	-30.57926178,37.83483870967742,-122.42719415749909,0.0,0.0,0.0,0.0,0.0,0.0,0.0	-31.129678726,37.83483870967742,-122.424043670624,0.0,0.0,0.0,0.0,0.0,0.0,0.0	-30.058828354,37.83483870967742,-122.42089318374893,0.0,0.0,0.0,0.0,0.0,0.0,0.0	-27.367095947,37.83483870967742,-122.41774269687384,0.0,0.0,0.0,0.0,0.0,0.0,0.0	-23.700807571,37.83483870967742,-122.41459220999877,0.0,0.0,0.0,0.0,0.0,0.0,0.0	-20.397956848,37.83483870967742,-122.4114417231237,0.0,0.0,0.0,0.0,0.0,0.0,0.0	-18.405441284,37.83483870967742,-122.40829123624862,0.0,0.0,0.0,0.0,0.0,0.0,0.0	-16.554849625,37.83483870967742,-122.40514074937354,0.0,0.0,0.0,0.0,0.0,0.0,0.0	-15.011347771,37.83483870967742,-122.40199026249847,0.0,0.0,0.0,0.0,0.0,0.0,0.0	-13.490543365,37.83483870967742,-122.39883977562339,0.0,0.0,0.0,0.0,0.0,0.0,0.0	-11.242875099,37.83483870967742,-122.39568928874831,0.0,0.0,0.0,0.0,0.0,0.0,0.0	-9.948783875,37.83483870967742,-122.39253880187323,0.0,0.0,0.0,0.0,0.0,0.0,0.0	-8.773786545,37.83483870967742,-122.38938831499816,0.0,0.0,0.0,0.0,0.0,0.0,0.0	-7.25548315,37.83483870967742,-122.38623782812309,0.0,0.0,0.0,0.0,0.0,0.0,0.0	-6.904989243,37.83483870967742,-122.383087341248,0.0,0.0,0.0,0.0,0.0,0.0,0.0	-6.871559143,37.83483870967742,-122.37993685437293,0.0,0.0,0.0,0.0,0.0,0.0,0.0
-1.600000024,37.832688172043014,-122.55006066609225,0.0,0.0,0.0,0.0,0.0,0.0,0.0	-1.600000024,37.832688172043014,-122.5469102710518,0.0,0.0,0.0,0.0,0.0,0.0,0.0	-1.600000024,37.832688172043014,-122.54375987601134,0.0,0.0,0.0,0.0,0.0,0.0,0.0	17.157304764,37.832688172043014,-122.54060948097089,0.0,0.0,0.0,0.0,0.0,0.0,0.0	14.301239014,37.832688172043014,-122.53745908593044,0.0,0.0,0.0,0.0,0.0,0.0,0.0	15.627967834,37.832688172043014,-122.53430869088999,0.0,0.0,0.0,0.0,0.0,0.0,0.0	35.389175415,37.832688172043014,-122.53115829584952,0.0,0.0,0.0,0.0,0.0,0.0,0.0	10.069349289,37.832688172043014,-122.52800790080907,0.0,0.0,0.0,0.0,0.0,0.0,0.0	3.937827349,37.832688172043014,-122.52485750576862,0.0,0.0,0.0,0.0,0.0,0.0,0.0	44.093357086,37.832688172043014,-122.52170711072816,0.0,0.0,0.0,0.0,0.0,0.0,0.0	20.845056534,37.832688172043014,-122.51855671568771,0.0,0.0,0.0,0.0,0.0,0.0,0.0	15.778886795,37.832688172043014,-122.51540632064726,0.0,0.0,0.0,0.0,0.0,0.0,0.0	26.812511444,37.832688172043014,-122.51225592560681,0.0,0.0,0.0,0.0,0.0,0.0,0.0	37.489864349,37.832688172043014,-122.50910553056634,0.0,0.0,0.0,0.0,0.0,0.0,0.0	98.746803284,37.832688172043014,-122.5059551355259,0.0,0.0,0.0,0.0,0.0,0.0,0.0	124.663047791,37.832688172043014,-122.50280474048544,0.0,0.0,0.0,0.0,0.0,0.0,0.0	160.659988403,37.832688172043014,-122.49965434544498,0.0,0.0,0.0,0.0,0.0,0.0,0.0	245.68069458,37.832688172043014,-122.49650395040453,0.0,0.0,0.0,0.0,0.0,0.0,0.0	143.32434082,37.832688172043014,-122.49335355536408,0.0,0.0,0.0,0.0,0.0,0.0,0.0	160.966949463,37.832688172043014,-122.49020316032363,0.0,0.0,0.0,0.0,0.0,0.0,0.0	216.279525757,37.832688172043014,-122.48705276528317,0.0,0.0,0.0,0.0,0.0,0.0,0.0	113.459823608,37.832688172043014,-122.48390237024272,0.0,0.0,0.0,0.0,0.0,0.0,0.0	75.999984741,37.832688172043014,-122.48075197520227,0.0,0.0,0.0,0.0,0.0,0.0,0.0	-0.400000006,37.832688172043014,-122.4776015801618,0.0,0.0,0.0,0.0,0.0,0.0,0.0	-0.400000006,37.832688172043014,-122.47445118512135,0.0,0.0,0.0,0.0,0.0,0.0,0.0	-0.397518307,37.832688172043014,-122.4713007900809,0.0,0.0,0.0,0.0,0.0,0.0,0.0	-0.391052127,37.832688172043014,-122.46815039504045,0.0,0.0,0.0,0.0,0.0,0.0,0.0	-0.384585977,37.832688172043014,-122.46499999999999,0.0,0.0,0.0,0.0,0.0,0.0,0.0	-0.37773928,37.832688172043014,-122.46184960495954,0.0,0.0,0.0,0.0,0.0,0.0,0.0	-0.371272892,37.832688172043014,-122.45869920991909,0.0,0.0,0.0,0.0,0.0,0.0,0.0	-34.867351532,37.832688172043014,-122.45554881487863,0.0,0.0,0.0,0.0,0.0,0.0,0.0	-26.10092926,37.832688172043014,-122.45239841983818,0.0,0.0,0.0,0.0,0.0,0.0,0.0	-28.136297226,37.832688172043014,-122.44924802479773,0.0,0.0,0.0,0.0,0.0,0.0,0.0	-28.357995987,37.832688172043014,-122.44609762975728,0.0,0.0,0.0,0.0,0.0,0.0,0.0	-27.882572174,37.832688172043014,-122.44294723471681,0.0,0.0,0.0,0.0,0.0,0.0,0.0	-30.547046661,37.832688172043014,-122.43979683967636,0.0,0.0,0.0,0.0,0.0,0.0,0.0	-25.69732666,37.832688172043014,-122.43664644463591,0.0,0.0,0.0,0.0,0.0,0.0,0.0	-23.785362244,37.832688172043014,-122.43349604959545,0.0,0.0,0.0,0.0,0.0,0.0,0.0	-24.528932571,37.832688172043014,-122.430345654555,0.0,0.0,0.0,0.0,0.0,0.0,0.0	-27.275455475,37.832688172043014,-122.42719525951455,0.0,0.0,0.0,0.0,0.0,0.0,0.0	-30.603574753,37.832688172043014,-122.4240448644741,0.0,0.0,0.0,0.0,0.0,0.0,0.0	-27.300779343,37.832688172043014,-122.42089446943363,0.0,0.0,0.0,0.0,0.0,0.0,0.0	-23.036798477,37.832688172043014,-122.41774407439318,0.0,0.0,0.0,0.0,0.0,0.0,0.0	-0.279927135,37.832688172043014,-122.41459367935273,0.0,0.0,0.0,0.0,0.0,0.0,0.0	-0.269131392,37.832688172043014,-122.41144328431227,0.0,0.0,0.0,0.0,0.0,0.0,0.0	-17.132463455,37.832688172043014,-122.40829288927182,0.0,0.0,0.0,0.0,0.0,0.0,0.0	-15.92100811,37.832688172043014,-122.40514249423137,0.0,0.0,0.0,0.0,0.0,0.0,0.0	-15.815856934,37.832688172043014,-122.40199209919092,0.0,0.0,0.0,0.0,0.0,0.0,0.0	-14.73431778,37.832688172043014,-122.39884170415046,0.0,0.0,0.0,0.0,0.0,0.0,0.0	-13.414598465,37.832688172043014,-122.39569130911,0.0,0.0,0.0,0.0,0.0,0.0,0.0	-11.571650505,37.832688172043014,-122.39254091406956,0.0,0.0,0.0,0.0,0.0,0.0,0.0	-10.110244751,37.832688172043014,-122.38939051902909,0.0,0.0,0.0,0.0,0.0,0.0,0.0	-7.446514606,37.832688172043014,-122.38624012398864,0.0,0.0,0.0,0.0,0.0,0.0,0.0	-6.761245728,37.832688172043014,-122.38308972894819,0.0,0.0,0.0,0.0,0.0,0.0,0.0	-6.18673563,37.832688172043014,-122.37993933390774,0.0,0.0,0.0,0.0,0.0,0.0,0.0
-1.600000024,37.83053763440861,-122.55005818682181,0.0,0.0,0.0,0.0,0.0,0.0,0.0	-1.600000024,37.83053763440861,-122.5469078836062,0.0,0.0,0.0,0.0,0.0,0.0,0.0	-1.600000024,37.83053763440861,-122.54375758039058,0.0,0.0,0.0,0.0,0.0,0.0,0.0	-1.600000024,37.83053763440861,-122.54060727717494,0.0,0.0,0.0,0.0,0.0,0.0,0.0	3.292153597,37.83053763440861,-122.53745697395932,0.0,0.0,0.0,0.0,0.0,0.0,0.0	3.019999981,37.83053763440861,-122.5343066707437,0.0,0.0,0.0,0.0,0.0,0.0,0.0	3.019999981,37.83053763440861,-122.53115636752808,0.0,0.0,0.0,0.0,0.0,0.0,0.0	3.596689701,37.83053763440861,-122.52800606431245,0.0,0.0,0.0,0.0,0.0,0.0,0.0	18.889238358,37.83053763440861,-122.52485576109683,0.0,0.0,0.0,0.0,0.0,0.0,0.0	25.788324356,37.83053763440861,-122.52170545788121,0.0,0.0,0.0,0.0,0.0,0.0,0.0	64.971199036,37.83053763440861,-122.51855515466559,0.0,0.0,0.0,0.0,0.0,0.0,0.0	31.946826935,37.83053763440861,-122.51540485144996,0.0,0.0,0.0,0.0,0.0,0.0,0.0	78.073196411,37.83053763440861,-122.51225454823434,0.0,0.0,0.0,0.0,0.0,0.0,0.0	52.013168335,37.83053763440861,-122.50910424501872,0.0,0.0,0.0,0.0,0.0,0.0,0.0	65.238296509,37.83053763440861,-122.5059539418031,0.0,0.0,0.0,0.0,0.0,0.0,0.0	106.375419617,37.83053763440861,-122.50280363858748,0.0,0.0,0.0,0.0,0.0,0.0,0.0	211.051467896,37.83053763440861,-122.49965333537185,0.0,0.0,0.0,0.0,0.0,0.0,0.0	151.59274292,37.83053763440861,-122.49650303215623,0.0,0.0,0.0,0.0,0.0,0.0,0.0	84.168754578,37.83053763440861,-122.49335272894061,0.0,0.0,0.0,0.0,0.0,0.0,0.0	54.275032043,37.83053763440861,-122.49020242572499,0.0,0.0,0.0,0.0,0.0,0.0,0.0	147.399124146,37.83053763440861,-122.48705212250935,0.0,0.0,0.0,0.0,0.0,0.0,0.0	117.564704895,37.83053763440861,-122.48390181929373,0.0,0.0,0.0,0.0,0.0,0.0,0.0	31.471147537,37.83053763440861,-122.48075151607812,0.0,0.0,0.0,0.0,0.0,0.0,0.0	-0.400000006,37.83053763440861,-122.4776012128625,0.0,0.0,0.0,0.0,0.0,0.0,0.0	-0.400000006,37.83053763440861,-122.47445090964686,0.0,0.0,0.0,0.0,0.0,0.0,0.0	-0.394569933,37.83053763440861,-122.47130060643124,0.0,0.0,0.0,0.0,0.0,0.0,0.0	-0.388595521,37.83053763440861,-122.46815030321562,0.0,0.0,0.0,0.0,0.0,0.0,0.0	-0.382519335,37.83053763440861,-122.465,0.0,0.0,0.0,0.0,0.0,0.0,0.0	-0.376086116,37.83053763440861,-122.46184969678438,0.0,0.0,0.0,0.0,0.0,0.0,0.0	-40.897258759,37.83053763440861,-122.45869939356875,0.0,0.0,0.0,0.0,0.0,0.0,0.0	-32.407699585,37.83053763440861,-122.45554909035313,0.0,0.0,0.0,0.0,0.0,0.0,0.0	-23.04968071,37.83053763440861,-122.45239878713751,0.0,0.0,0.0,0.0,0.0,0.0,0.0	-25.570720673,37.83053763440861,-122.44924848392189,0.0,0.0,0.0,0.0,0.0,0.0,0.0	-29.951793671,37.83053763440861,-122.44609818070626,0.0,0.0,0.0,0.0,0.0,0.0,0.0	-24.560602188,37.83053763440861,-122.44294787749064,0.0,0.0,0.0,0.0,0.0,0.0,0.0	-24.417013168,37.83053763440861,-122.43979757427502,0.0,0.0,0.0,0.0,0.0,0.0,0.0	-23.619195938,37.83053763440861,-122.4366472710594,0.0,0.0,0.0,0.0,0.0,0.0,0.0	-21.064085007,37.83053763440861,-122.43349696784377,0.0,0.0,0.0,0.0,0.0,0.0,0.0	-22.008817673,37.83053763440861,-122.43034666462815,0.0,0.0,0.0,0.0,0.0,0.0,0.0	-28.504684448,37.83053763440861,-122.42719636141253,0.0,0.0,0.0,0.0,0.0,0.0,0.0	-0.300000012,37.83053763440861,-122.42404605819691,0.0,0.0,0.0,0.0,0.0,0.0,0.0	-0.300000012,37.83053763440861,-122.42089575498129,0.0,0.0,0.0,0.0,0.0,0.0,0.0	-0.290635854,37.83053763440861,-122.41774545176565,0.0,0.0,0.0,0.0,0.0,0.0,0.0	-0.279151887,37.83053763440861,-122.41459514855003,0.0,0.0,0.0,0.0,0.0,0.0,0.0	-0.26835528,37.83053763440861,-122.41144484533442,0.0,0.0,0.0,0.0,0.0,0.0,0.0	-17.050409317,37.83053763440861,-122.4082945421188,0.0,0.0,0.0,0.0,0.0,0.0,0.0	-17.607872009,37.83053763440861,-122.40514423890316,0.0,0.0,0.0,0.0,0.0,0.0,0.0	-17.881847382,37.83053763440861,-122.40199393568754,0.0,0.0,0.0,0.0,0.0,0.0,0.0	-17.157659531,37.83053763440861,-122.39884363247192,0.0,0.0,0.0,0.0,0.0,0.0,0.0	-15.199035645,37.83053763440861,-122.3956933292563,0.0,0.0,0.0,0.0,0.0,0.0,0.0	-13.405557632,37.83053763440861,-122.39254302604067,0.0,0.0,0.0,0.0,0.0,0.0,0.0	-10.890975952,37.83053763440861,-122.38939272282505,0.0,0.0,0.0,0.0,0.0,0.0,0.0	-9.679853439,37.83053763440861,-122.38624241960943,0.0,0.0,0.0,0.0,0.0,0.0,0.0	-0.168870032,37.83053763440861,-122.38309211639381,0.0,0.0,0.0,0.0,0.0,0.0,0.0	-0.158105567,37.83053763440861,-122.37994181317819,0.0,0.0,0.0,0.0,0.0,0.0,0.0
-13.407309532,37.82838709677419,-122.55005570781572,0.0,0.0,0.0,0.0,0.0,0.0,0.0	-15.298864365,37.82838709677419,-122.54690549641514,0.0,0.0,0.0,0.0,0.0,0.0,0.0	-14.127913475,37.82838709677419,-122.54375528501456,0.0,0.0,0.0,0.0,0.0,0.0,0.0	-1.600000024,37.82838709677419,-122.54060507361397,0.0,0.0,0.0,0.0,0.0,0.0,0.0	-1.600000024,37.82838709677419,-122.53745486221338,0.0,0.0,0.0,0.0,0.0,0.0,0.0	31.801454544,37.82838709677419,-122.5343046508128,0.0,0.0,0.0,0.0,0.0,0.0,0.0	34.966125488,37.82838709677419,-122.53115443941222,0.0,0.0,0.0,0.0,0.0,0.0,0.0	27.575208664,37.82838709677419,-122.52800422801164,0.0,0.0,0.0,0.0,0.0,0.0,0.0	74.102272034,37.82838709677419,-122.52485401661106,0.0,0.0,0.0,0.0,0.0,0.0,0.0	59.07989502,37.82838709677419,-122.52170380521048,0.0,0.0,0.0,0.0,0.0,0.0,0.0	85.820838928,37.82838709677419,-122.5185535938099,0.0,0.0,0.0,0.0,0.0,0.0,0.0	64.558364868,37.82838709677419,-122.51540338240932,0.0,0.0,0.0,0.0,0.0,0.0,0.0	100.235542297,37.82838709677419,-122.51225317100872,0.0,0.0,0.0,0.0,0.0,0.0,0.0	125.517341614,37.82838709677419,-122.50910295960814,0.0,0.0,0.0,0.0,0.0,0.0,0.0	155.510574341,37.82838709677419,-122.50595274820756,0.0,0.0,0.0,0.0,0.0,0.0,0.0	193.951049805,37.82838709677419,-122.50280253680698,0.0,0.0,0.0,0.0,0.0,0.0,0.0	248.469711304,37.82838709677419,-122.4996523254064,0.0,0.0,0.0,0.0,0.0,0.0,0.0	188.666503906,37.82838709677419,-122.49650211400582,0.0,0.0,0.0,0.0,0.0,0.0,0.0	61.615653992,37.82838709677419,-122.49335190260524,0.0,0.0,0.0,0.0,0.0,0.0,0.0	16.561782837,37.82838709677419,-122.49020169120466,0.0,0.0,0.0,0.0,0.0,0.0,0.0	99.049873352,37.82838709677419,-122.48705147980407,0.0,0.0,0.0,0.0,0.0,0.0,0.0	72.338676453,37.82838709677419,-122.48390126840349,0.0,0.0,0.0,0.0,0.0,0.0,0.0	100.028572083,37.82838709677419,-122.4807510570029,0.0,0.0,0.0,0.0,0.0,0.0,0.0	-0.400000006,37.82838709677419,-122.47760084560232,0.0,0.0,0.0,0.0,0.0,0.0,0.0	-0.400000006,37.82838709677419,-122.47445063420174,0.0,0.0,0.0,0.0,0.0,0.0,0.0	-0.394164532,37.82838709677419,-122.47130042280116,0.0,0.0,0.0,0.0,0.0,0.0,0.0	-57.736732483,37.82838709677419,-122.46815021140058,0.0,0.0,0.0,0.0,0.0,0.0,0.0	-54.963523865,37.82838709677419,-122.465,0.0,0.0,0.0,0.0,0.0,0.0,0.0	-47.748451233,37.82838709677419,-122.46184978859941,0.0,0.0,0.0,0.0,0.0,0.0,0.0	-37.157707214,37.82838709677419,-122.45869957719883,0.0,0.0,0.0,0.0,0.0,0.0,0.0	-28.363788605,37.82838709677419,-122.45554936579825,0.0,0.0,0.0,0.0,0.0,0.0,0.0	-25.680166245,37.82838709677419,-122.45239915439767,0.0,0.0,0.0,0.0,0.0,0.0,0.0	-20.632099152,37.82838709677419,-122.44924894299709,0.0,0.0,0.0,0.0,0.0,0.0,0.0	-28.180656433,37.82838709677419,-122.4460987315965,0.0,0.0,0.0,0.0,0.0,0.0,0.0	-23.895601273,37.82838709677419,-122.44294852019593,0.0,0.0,0.0,0.0,0.0,0.0,0.0	-21.723310471,37.82838709677419,-122.43979830879535,0.0,0.0,0.0,0.0,0.0,0.0,0.0	-21.791791916,37.82838709677419,-122.43664809739475,0.0,0.0,0.0,0.0,0.0,0.0,0.0	-0.31626609,37.82838709677419,-122.43349788599417,0.0,0.0,0.0,0.0,0.0,0.0,0.0	-0.310186774,37.82838709677419,-122.43034767459359,0.0,0.0,0.0,0.0,0.0,0.0,0.0	-0.303705841,37.82838709677419,-122.42719746319301,0.0,0.0,0.0,0.0,0.0,0.0,0.0	-0.360000014,37.82838709677419,-122.42404725179243,0.0,0.0,0.0,0.0,0.0,0.0,0.0	-0.300000012,37.82838709677419,-122.42089704039185,0.0,0.0,0.0,0.0,0.0,0.0,0.0	-0.289860934,37.82838709677419,-122.41774682899127,0.0,0.0,0.0,0.0,0.0,0.0,0.0	-0.278424948,37.82838709677419,-122.41459661759069,0.0,0.0,0.0,0.0,0.0,0.0,0.0	-0.267579257,37.82838709677419,-122.4114464061901,0.0,0.0,0.0,0.0,0.0,0.0,0.0	-18.602615356,37.82838709677419,-122.40829619478951,0.0,0.0,0.0,0.0,0.0,0.0,0.0	-20.406148911,37.82838709677419,-122.40514598338893,0.0,0.0,0.0,0.0,0.0,0.0,0.0	-21.406820297,37.82838709677419,-122.40199577198835,0.0,0.0,0.0,0.0,0.0,0.0,0.0	-20.438842773,37.82838709677419,-122.39884556058777,0.0,0.0,0.0,0.0,0.0,0.0,0.0	-18.262723923,37.82838709677419,-122.39569534918719,0.0,0.0,0.0,0.0,0.0,0.0,0.0	-16.103261948,37.82838709677419,-122.39254513778661,0.0,0.0,0.0,0.0,0.0,0.0,0.0	-13.213900566,37.82838709677419,-122.38939492638603,0.0,0.0,0.0,0.0,0.0,0.0,0.0	-0.178239688,37.82838709677419,-122.38624471498544,0.0,0.0,0.0,0.0,0.0,0.0,0.0	-0.166911095,37.82838709677419,-122.38309450358486,0.0,0.0,0.0,0.0,0.0,0.0,0.0	-0.155578405,37.82838709677419,-122.37994429218428,0.0,0.0,0.0,0.0,0.0,0.0,0.0
-17.794282913,37.82623655913979,-122.55005322907394,0.0,0.0,0.0,0.0,0.0,0.0,0.0	-18.595621109,37.82623655913979,-122.5469031094786,0.0,0.0,0.0,0.0,0.0,0.0,0.0	-19.866008759,37.82623655913979,-122.54375298988327,0.0,0.0,0.0,0.0,0.0,0.0,0.0	-1.600000024,37.82623655913979,-122.54060287028794,0.0,0.0,0.0,0.0,0.0,0.0,0.0	-1.600000024,37.82623655913979,-122.53745275069261,0.0,0.0,0.0,0.0,0.0,0.0,0.0	2.359557629,37.82623655913979,-122.53430263109729,0.0,0.0,0.0,0.0,0.0,0.0,0.0	61.764362335,37.82623655913979,-122.53115251150196,0.0,0.0,0.0,0.0,0.0,0.0,0.0	51.939266205,37.82623655913979,-122.52800239190663,0.0,0.0,0.0,0.0,0.0,0.0,0.0	72.081588745,37.82623655913979,-122.52485227231129,0.0,0.0,0.0,0.0,0.0,0.0,0.0	49.348873138,37.82623655913979,-122.52170215271596,0.0,0.0,0.0,0.0,0.0,0.0,0.0	93.420196533,37.82623655913979,-122.51855203312063,0.0,0.0,0.0,0.0,0.0,0.0,0.0	50.950248718,37.82623655913979,-122.5154019135253,0.0,0.0,0.0,0.0,0.0,0.0,0.0	67.755126953,37.82623655913979,-122.51225179392996,0.0,0.0,0.0,0.0,0.0,0.0,0.0	82.719528198,37.82623655913979,-122.50910167433463,0.0,0.0,0.0,0.0,0.0,0.0,0.0	129.56022644,37.82623655913979,-122.50595155473931,0.0,0.0,0.0,0.0,0.0,0.0,0.0	140.042144775,37.82623655913979,-122.50280143514398,0.0,0.0,0.0,0.0,0.0,0.0,0.0	233.589065552,37.82623655913979,-122.49965131554865,0.0,0.0,0.0,0.0,0.0,0.0,0.0	135.260391235,37.82623655913979,-122.49650119595331,0.0,0.0,0.0,0.0,0.0,0.0,0.0	95.09135437,37.82623655913979,-122.49335107635798,0.0,0.0,0.0,0.0,0.0,0.0,0.0	-1.600000024,37.82623655913979,-122.49020095676265,0.0,0.0,0.0,0.0,0.0,0.0,0.0	-1.600000024,37.82623655913979,-122.48705083716732,0.0,0.0,0.0,0.0,0.0,0.0,0.0	-1.600000024,37.82623655913979,-122.48390071757198,0.0,0.0,0.0,0.0,0.0,0.0,0.0	4.670276642,37.82623655913979,-122.48075059797665,0.0,0.0,0.0,0.0,0.0,0.0,0.0	-0.400000006,37.82623655913979,-122.47760047838132,0.0,0.0,0.0,0.0,0.0,0.0,0.0	-0.400000006,37.82623655913979,-122.474450358786,0.0,0.0,0.0,0.0,0.0,0.0,0.0	-0.395399988,37.82623655913979,-122.47130023919067,0.0,0.0,0.0,0.0,0.0,0.0,0.0	-0.37788707,37.82623655913979,-122.46815011959534,0.0,0.0,0.0,0.0,0.0,0.0,0.0	-53.868953705,37.82623655913979,-122.465,0.0,0.0,0.0,0.0,0.0,0.0,0.0	-42.851886749,37.82623655913979,-122.46184988040467,0.0,0.0,0.0,0.0,0.0,0.0,0.0	-34.13143158,37.82623655913979,-122.45869976080934,0.0,0.0,0.0,0.0,0.0,0.0,0.0	-28.813360214,37.82623655913979,-122.455549641214,0.0,0.0,0.0,0.0,0.0,0.0,0.0	-26.219306946,37.82623655913979,-122.45239952161867,0.0,0.0,0.0,0.0,0.0,0.0,0.0	-23.726898193,37.82623655913979,-122.44924940202334,0.0,0.0,0.0,0.0,0.0,0.0,0.0	-22.109613419,37.82623655913979,-122.44609928242802,0.0,0.0,0.0,0.0,0.0,0.0,0.0	-21.778125763,37.82623655913979,-122.44294916283269,0.0,0.0,0.0,0.0,0.0,0.0,0.0	-20.644697189,37.82623655913979,-122.43979904323736,0.0,0.0,0.0,0.0,0.0,0.0,0.0	-19.616420746,37.82623655913979,-122.43664892364203,0.0,0.0,0.0,0.0,0.0,0.0,0.0	-0.311905414,37.82623655913979,-122.43349880404669,0.0,0.0,0.0,0.0,0.0,0.0,0.0	-0.305829316,37.82623655913979,-122.43034868445136,0.0,0.0,0.0,0.0,0.0,0.0,0.0	-0.300000012,37.82623655913979,-122.42719856485603,0.0,0.0,0.0,0.0,0.0,0.0,0.0	-0.360000014,37.82623655913979,-122.4240484452607,0.0,0.0,0.0,0.0,0.0,0.0,0.0	6.88068676,37.82623655913979,-122.42089832566536,0.0,0.0,0.0,0.0,0.0,0.0,0.0	-0.291124314,37.82623655913979,-122.41774820607004,0.0,0.0,0.0,0.0,0.0,0.0,0.0	-0.279200435,37.82623655913979,-122.41459808647471,0.0,0.0,0.0,0.0,0.0,0.0,0.0	-0.267889529,37.82623655913979,-122.41144796687938,0.0,0.0,0.0,0.0,0.0,0.0,0.0	-0.256664276,37.82623655913979,-122.40829784728405,0.0,0.0,0.0,0.0,0.0,0.0,0.0	-21.241909027,37.82623655913979,-122.40514772768871,0.0,0.0,0.0,0.0,0.0,0.0,0.0	-21.958312988,37.82623655913979,-122.40199760809338,0.0,0.0,0.0,0.0,0.0,0.0,0.0	-22.217792511,37.82623655913979,-122.39884748849805,0.0,0.0,0.0,0.0,0.0,0.0,0.0	-21.792070389,37.82623655913979,-122.39569736890272,0.0,0.0,0.0,0.0,0.0,0.0,0.0	-19.526412964,37.82623655913979,-122.39254724930738,0.0,0.0,0.0,0.0,0.0,0.0,0.0	-15.866231918,37.82623655913979,-122.38939712971205,0.0,0.0,0.0,0.0,0.0,0.0,0.0	-0.174591944,37.82623655913979,-122.38624701011673,0.0,0.0,0.0,0.0,0.0,0.0,0.0	-0.162749633,37.82623655913979,-122.3830968905214,0.0,0.0,0.0,0.0,0.0,0.0,0.0	-1.080000043,37.82623655913979,-122.37994677092607,0.0,0.0,0.0,0.0,0.0,0.0,0.0
-16.472171783,37.82408602150538,-122.55005075059644,0.0,0.0,0.0,0.0,0.0,0.0,0.0	-19.402326584,37.82408602150538,-122.54690072279658,0.0,0.0,0.0,0.0,0.0,0.0,0.0	-20.560855865,37.82408602150538,-122.5437506949967,0.0,0.0,0.0,0.0,0.0,0.0,0.0	-1.600000024,37.82408602150538,-122.54060066719684,0.0,0.0,0.0,0.0,0.0,0.0,0.0	22.996723175,37.82408602150538,-122.53745063939697,0.0,0.0,0.0,0.0,0.0,0.0,0.0	44.173717499,37.82408602150538,-122.5343006115971,0.0,0.0,0.0,0.0,0.0,0.0,0.0	40.78295517,37.82408602150538,-122.53115058379723,0.0,0.0,0.0,0.0,0.0,0.0,0.0	79.631347656,37.82408602150538,-122.52800055599737,0.0,0.0,0.0,0.0,0.0,0.0,0.0	27.178159714,37.82408602150538,-122.52485052819749,0.0,0.0,0.0,0.0,0.0,0.0,0.0	-1.600000024,37.82408602150538,-122.52170050039763,0.0,0.0,0.0,0.0,0.0,0.0,0.0	-1.600000024,37.82408602150538,-122.51855047259775,0.0,0.0,0.0,0.0,0.0,0.0,0.0	-1.600000024,37.82408602150538,-122.51540044479789,0.0,0.0,0.0,0.0,0.0,0.0,0.0	-1.600000024,37.82408602150538,-122.51225041699803,0.0,0.0,0.0,0.0,0.0,0.0,0.0	0.025489006,37.82408602150538,-122.50910038919815,0.0,0.0,0.0,0.0,0.0,0.0,0.0	36.240135193,37.82408602150538,-122.50595036139829,0.0,0.0,0.0,0.0,0.0,0.0,0.0	103.798660278,37.82408602150538,-122.50280033359842,0.0,0.0,0.0,0.0,0.0,0.0,0.0	181.701843262,37.82408602150538,-122.49965030579855,0.0,0.0,0.0,0.0,0.0,0.0,0.0	85.334274292,37.82408602150538,-122.49650027799868,0.0,0.0,0.0,0.0,0.0,0.0,0.0	-1.600000024,37.82408602150538,-122.49335025019882,0.0,0.0,0.0,0.0,0.0,0.0,0.0	-1.600000024,37.82408602150538,-122.49020022239894,0.0,0.0,0.0,0.0,0.0,0.0,0.0	-1.600000024,37.82408602150538,-122.48705019459908,0.0,0.0,0.0,0.0,0.0,0.0,0.0	-1.600000024,37.82408602150538,-122.4839001667992,0.0,0.0,0.0,0.0,0.0,0.0,0.0	-1.187157989,37.82408602150538,-122.48075013899934,0.0,0.0,0.0,0.0,0.0,0.0,0.0	-0.400000006,37.82408602150538,-122.47760011119948,0.0,0.0,0.0,0.0,0.0,0.0,0.0	-0.400000006,37.82408602150538,-122.4744500833996,0.0,0.0,0.0,0.0,0.0,0.0,0.0	-0.39663434,37.82408602150538,-122.47130005559974,0.0,0.0,0.0,0.0,0.0,0.0,0.0	-0.37912187,37.82408602150538,-122.46815002779987,0.0,0.0,0.0,0.0,0.0,0.0,0.0	-53.340465546,37.82408602150538,-122.465,0.0,0.0,0.0,0.0,0.0,0.0,0.0	-45.427200317,37.82408602150538,-122.46184997220013,0.0,0.0,0.0,0.0,0.0,0.0,0.0	-38.724563599,37.82408602150538,-122.45869994440027,0.0,0.0,0.0,0.0,0.0,0.0,0.0	-33.067947388,37.82408602150538,-122.45554991660039,0.0,0.0,0.0,0.0,0.0,0.0,0.0	-31.105503082,37.82408602150538,-122.45239988880053,0.0,0.0,0.0,0.0,0.0,0.0,0.0	-30.228326797,37.82408602150538,-122.44924986100065,0.0,0.0,0.0,0.0,0.0,0.0,0.0	-24.976411819,37.82408602150538,-122.44609983320079,0.0,0.0,0.0,0.0,0.0,0.0,0.0	-23.189405441,37.82408602150538,-122.44294980540093,0.0,0.0,0.0,0.0,0.0,0.0,0.0	-22.448207855,37.82408602150538,-122.43979977760105,0.0,0.0,0.0,0.0,0.0,0.0,0.0	-18.695383072,37.82408602150538,-122.43664974980119,0.0,0.0,0.0,0.0,0.0,0.0,0.0	-0.307413191,37.82408602150538,-122.43349972200132,0.0,0.0,0.0,0.0,0.0,0.0,0.0	-0.301472157,37.82408602150538,-122.43034969420145,0.0,0.0,0.0,0.0,0.0,0.0,0.0	-0.300000012,37.82408602150538,-122.42719966640158,0.0,0.0,0.0,0.0,0.0,0.0,0.0	-0.300000012,37.82408602150538,-122.42404963860172,0.0,0.0,0.0,0.0,0.0,0.0,0.0	-0.300000012,37.82408602150538,-122.42089961080184,0.0,0.0,0.0,0.0,0.0,0.0,0.0	-0.281790584,37.82408602150538,-122.41774958300198,0.0,0.0,0.0,0.0,0.0,0.0,0.0	-0.269944251,37.82408602150538,-122.4145995552021,0.0,0.0,0.0,0.0,0.0,0.0,0.0	-0.258106232,37.82408602150538,-122.41144952740224,0.0,0.0,0.0,0.0,0.0,0.0,0.0	-0.245568454,37.82408602150538,-122.40829949960238,0.0,0.0,0.0,0.0,0.0,0.0,0.0	-22.066478729,37.82408602150538,-122.4051494718025,0.0,0.0,0.0,0.0,0.0,0.0,0.0	-22.687498093,37.82408602150538,-122.40199944400264,0.0,0.0,0.0,0.0,0.0,0.0,0.0	-23.244606018,37.82408602150538,-122.39884941620276,0.0,0.0,0.0,0.0,0.0,0.0,0.0	-23.283044815,37.82408602150538,-122.3956993884029,0.0,0.0,0.0,0.0,0.0,0.0,0.0	-22.083013535,37.82408602150538,-122.39254936060303,0.0,0.0,0.0,0.0,0.0,0.0,0.0	-19.203239441,37.82408602150538,-122.38939933280317,0.0,0.0,0.0,0.0,0.0,0.0,0.0	-15.612905502,37.82408602150538,-122.38624930500329,0.0,0.0,0.0,0.0,0.0,0.0,0.0	0.006797969,37.82408602150538,-122.38309927720343,0.0,0.0,0.0,0.0,0.0,0.0,0.0	0.050000001,37.82408602150538,-122.37994924940355,0.0,0.0,0.0,0.0,0.0,0.0,0.0
-13.412643433,37.821935483870966,-122.5500482723832,0.0,0.0,0.0,0.0,0.0,0.0,0.0	-14.862118721,37.821935483870966,-122.546898336369,0.0,0.0,0.0,0.0,0.0,0.0,0.0	-18.910575867,37.821935483870966,-122.54374840035481,0.0,0.0,0.0,0.0,0.0,0.0,0.0	-19.22177887,37.821935483870966,-122.54059846434062,0.0,0.0,0.0,0.0,0.0,0.0,0.0	-1.600000024,37.821935483870966,-122.53744852832642,0.0,0.0,0.0,0.0,0.0,0.0,0.0	-1.600000024,37.821935483870966,-122.53429859231223,0.0,0.0,0.0,0.0,0.0,0.0,0.0	67.773246765,37.821935483870966,-122.53114865629804,0.0,0.0,0.0,0.0,0.0,0.0,0.0	44.861656189,37.821935483870966,-122.52799872028385,0.0,0.0,0.0,0.0,0.0,0.0,0.0	-1.600000024,37.821935483870966,-122.52484878426965,0.0,0.0,0.0,0.0,0.0,0.0,0.0	-1.600000024,37.821935483870966,-122.52169884825545,0.0,0.0,0.0,0.0,0.0,0.0,0.0	-1.600000024,37.821935483870966,-122.51854891224127,0.0,0.0,0.0,0.0,0.0,0.0,0.0	-1.600000024,37.821935483870966,-122.51539897622708,0.0,0.0,0.0,0.0,0.0,0.0,0.0	-1.600000024,37.821935483870966,-122.51224904021288,0.0,0.0,0.0,0.0,0.0,0.0,0.0	-1.600000024,37.821935483870966,-122.5090991041987,0.0,0.0,0.0,0.0,0.0,0.0,0.0	-1.600000024,37.821935483870966,-122.5059491681845,0.0,0.0,0.0,0.0,0.0,0.0,0.0	44.884132385,37.821935483870966,-122.5027992321703,0.0,0.0,0.0,0.0,0.0,0.0,0.0	1.287663817,37.821935483870966,-122.49964929615611,0.0,0.0,0.0,0.0,0.0,0.0,0.0	-1.600000024,37.821935483870966,-122.49649936014193,0.0,0.0,0.0,0.0,0.0,0.0,0.0	-1.600000024,37.821935483870966,-122.49334942412773,0.0,0.0,0.0,0.0,0.0,0.0,0.0	-1.600000024,37.821935483870966,-122.49019948811353,0.0,0.0,0.0,0.0,0.0,0.0,0.0	-1.600000024,37.821935483870966,-122.48704955209934,0.0,0.0,0.0,0.0,0.0,0.0,0.0	-1.600000024,37.821935483870966,-122.48389961608515,0.0,0.0,0.0,0.0,0.0,0.0,0.0	-1.393755555,37.821935483870966,-122.48074968007096,0.0,0.0,0.0,0.0,0.0,0.0,0.0	-1.070000052,37.821935483870966,-122.47759974405676,0.0,0.0,0.0,0.0,0.0,0.0,0.0	-0.400000006,37.821935483870966,-122.47444980804256,0.0,0.0,0.0,0.0,0.0,0.0,0.0	-0.397870034,37.821935483870966,-122.47129987202838,0.0,0.0,0.0,0.0,0.0,0.0,0.0	-0.380355597,37.821935483870966,-122.46814993601419,0.0,0.0,0.0,0.0,0.0,0.0,0.0	-58.546802521,37.821935483870966,-122.46499999999999,0.0,0.0,0.0,0.0,0.0,0.0,0.0	-50.669612885,37.821935483870966,-122.4618500639858,0.0,0.0,0.0,0.0,0.0,0.0,0.0	-46.414897919,37.821935483870966,-122.45870012797161,0.0,0.0,0.0,0.0,0.0,0.0,0.0	-41.910903931,37.821935483870966,-122.45555019195741,0.0,0.0,0.0,0.0,0.0,0.0,0.0	-36.84853363,37.821935483870966,-122.45240025594322,0.0,0.0,0.0,0.0,0.0,0.0,0.0	-30.619644165,37.821935483870966,-122.44925031992904,0.0,0.0,0.0,0.0,0.0,0.0,0.0	-26.381216049,37.821935483870966,-122.44610038391484,0.0,0.0,0.0,0.0,0.0,0.0,0.0	-23.085132599,37.821935483870966,-122.44295044790064,0.0,0.0,0.0,0.0,0.0,0.0,0.0	-19.185287476,37.821935483870966,-122.43980051188645,0.0,0.0,0.0,0.0,0.0,0.0,0.0	-19.25135231,37.821935483870966,-122.43665057587226,0.0,0.0,0.0,0.0,0.0,0.0,0.0	-21.302656174,37.821935483870966,-122.43350063985807,0.0,0.0,0.0,0.0,0.0,0.0,0.0	-0.300000012,37.821935483870966,-122.43035070384387,0.0,0.0,0.0,0.0,0.0,0.0,0.0	-0.300000012,37.821935483870966,-122.42720076782969,0.0,0.0,0.0,0.0,0.0,0.0,0.0	-0.300000012,37.821935483870966,-122.42405083181549,0.0,0.0,0.0,0.0,0.0,0.0,0.0	-0.300000012,37.821935483870966,-122.4209008958013,0.0,0.0,0.0,0.0,0.0,0.0,0.0	-0.300000012,37.821935483870966,-122.4177509597871,0.0,0.0,0.0,0.0,0.0,0.0,0.0	-25.138326645,37.821935483870966,-122.41460102377292,0.0,0.0,0.0,0.0,0.0,0.0,0.0	-22.995075226,37.821935483870966,-122.41145108775872,0.0,0.0,0.0,0.0,0.0,0.0,0.0	-24.076242447,37.821935483870966,-122.40830115174452,0.0,0.0,0.0,0.0,0.0,0.0,0.0	-24.153097153,37.821935483870966,-122.40515121573033,0.0,0.0,0.0,0.0,0.0,0.0,0.0	-23.866765976,37.821935483870966,-122.40200127971615,0.0,0.0,0.0,0.0,0.0,0.0,0.0	-23.867332458,37.821935483870966,-122.39885134370195,0.0,0.0,0.0,0.0,0.0,0.0,0.0	-24.728298187,37.821935483870966,-122.39570140768775,0.0,0.0,0.0,0.0,0.0,0.0,0.0	-24.58499527,37.821935483870966,-122.39255147167356,0.0,0.0,0.0,0.0,0.0,0.0,0.0	-22.63376236,37.821935483870966,-122.38940153565937,0.0,0.0,0.0,0.0,0.0,0.0,0.0	-19.052297592,37.821935483870966,-122.38625159964518,0.0,0.0,0.0,0.0,0.0,0.0,0.0	0.050000001,37.821935483870966,-122.38310166363098,0.0,0.0,0.0,0.0,0.0,0.0,0.0	0.050000001,37.821935483870966,-122.3799517276168,0.0,0.0,0.0,0.0,0.0,0.0,0.0
-11.239980698,37.81978494623656,-122.55004579443418,0.0,0.0,0.0,0.0,0.0,0.0,0.0	-12.145051003,37.81978494623656,-122.54689595019588,0.0,0.0,0.0,0.0,0.0,0.0,0.0	-14.649075508,37.81978494623656,-122.54374610595758,0.0,0.0,0.0,0.0,0.0,0.0,0.0	-18.981695175,37.81978494623656,-122.54059626171927,0.0,0.0,0.0,0.0,0.0,0.0,0.0	-1.600000024,37.81978494623656,-122.53744641748096,0.0,0.0,0.0,0.0,0.0,0.0,0.0	-1.600000024,37.81978494623656,-122.53429657324267,0.0,0.0,0.0,0.0,0.0,0.0,0.0	68.904121399,37.81978494623656,-122.53114672900436,0.0,0.0,0.0,0.0,0.0,0.0,0.0	-1.600000024,37.81978494623656,-122.52799688476605,0.0,0.0,0.0,0.0,0.0,0.0,0.0	-1.600000024,37.81978494623656,-122.52484704052776,0.0,0.0,0.0,0.0,0.0,0.0,0.0	-1.600000024,37.81978494623656,-122.52169719628945,0.0,0.0,0.0,0.0,0.0,0.0,0.0	-1.600000024,37.81978494623656,-122.51854735205116,0.0,0.0,0.0,0.0,0.0,0.0,0.0	-1.600000024,37.81978494623656,-122.51539750781285,0.0,0.0,0.0,0.0,0.0,0.0,0.0	-1.600000024,37.81978494623656,-122.51224766357454,0.0,0.0,0.0,0.0,0.0,0.0,0.0	-1.600000024,37.81978494623656,-122.50909781933625,0.0,0.0,0.0,0.0,0.0,0.0,0.0	-1.600000024,37.81978494623656,-122.50594797509794,0.0,0.0,0.0,0.0,0.0,0.0,0.0	-1.600000024,37.81978494623656,-122.50279813085963,0.0,0.0,0.0,0.0,0.0,0.0,0.0	-1.600000024,37.81978494623656,-122.49964828662134,0.0,0.0,0.0,0.0,0.0,0.0,0.0	-1.600000024,37.81978494623656,-122.49649844238303,0.0,0.0,0.0,0.0,0.0,0.0,0.0	-1.600000024,37.81978494623656,-122.49334859814472,0.0,0.0,0.0,0.0,0.0,0.0,0.0	-1.600000024,37.81978494623656,-122.49019875390643,0.0,0.0,0.0,0.0,0.0,0.0,0.0	-1.600000024,37.81978494623656,-122.48704890966812,0.0,0.0,0.0,0.0,0.0,0.0,0.0	-1.600000024,37.81978494623656,-122.48389906542981,0.0,0.0,0.0,0.0,0.0,0.0,0.0	-1.579972029,37.81978494623656,-122.48074922119152,0.0,0.0,0.0,0.0,0.0,0.0,0.0	-1.070000052,37.81978494623656,-122.47759937695321,0.0,0.0,0.0,0.0,0.0,0.0,0.0	-0.400000006,37.81978494623656,-122.47444953271491,0.0,0.0,0.0,0.0,0.0,0.0,0.0	-0.399104327,37.81978494623656,-122.4712996884766,0.0,0.0,0.0,0.0,0.0,0.0,0.0	-0.38056007,37.81978494623656,-122.4681498442383,0.0,0.0,0.0,0.0,0.0,0.0,0.0	-62.332683563,37.81978494623656,-122.465,0.0,0.0,0.0,0.0,0.0,0.0,0.0	-55.630218506,37.81978494623656,-122.4618501557617,0.0,0.0,0.0,0.0,0.0,0.0,0.0	-42.952857971,37.81978494623656,-122.45870031152339,0.0,0.0,0.0,0.0,0.0,0.0,0.0	-36.045906067,37.81978494623656,-122.4555504672851,0.0,0.0,0.0,0.0,0.0,0.0,0.0	-30.602813721,37.81978494623656,-122.45240062304678,0.0,0.0,0.0,0.0,0.0,0.0,0.0	-26.952161789,37.81978494623656,-122.44925077880848,0.0,0.0,0.0,0.0,0.0,0.0,0.0	-25.421533585,37.81978494623656,-122.44610093457018,0.0,0.0,0.0,0.0,0.0,0.0,0.0	-19.652845383,37.81978494623656,-122.44295109033187,0.0,0.0,0.0,0.0,0.0,0.0,0.0	-16.764015198,37.81978494623656,-122.43980124609357,0.0,0.0,0.0,0.0,0.0,0.0,0.0	-21.388328552,37.81978494623656,-122.43665140185527,0.0,0.0,0.0,0.0,0.0,0.0,0.0	-23.478275299,37.81978494623656,-122.43350155761696,0.0,0.0,0.0,0.0,0.0,0.0,0.0	-0.300000012,37.81978494623656,-122.43035171337867,0.0,0.0,0.0,0.0,0.0,0.0,0.0	-0.300000012,37.81978494623656,-122.42720186914036,0.0,0.0,0.0,0.0,0.0,0.0,0.0	-12.059522629,37.81978494623656,-122.42405202490205,0.0,0.0,0.0,0.0,0.0,0.0,0.0	-23.35842514,37.81978494623656,-122.42090218066376,0.0,0.0,0.0,0.0,0.0,0.0,0.0	-23.81861496,37.81978494623656,-122.41775233642545,0.0,0.0,0.0,0.0,0.0,0.0,0.0	-23.365869522,37.81978494623656,-122.41460249218714,0.0,0.0,0.0,0.0,0.0,0.0,0.0	-24.691591263,37.81978494623656,-122.41145264794885,0.0,0.0,0.0,0.0,0.0,0.0,0.0	-27.87991333,37.81978494623656,-122.40830280371054,0.0,0.0,0.0,0.0,0.0,0.0,0.0	-28.323160172,37.81978494623656,-122.40515295947223,0.0,0.0,0.0,0.0,0.0,0.0,0.0	-27.224542618,37.81978494623656,-122.40200311523394,0.0,0.0,0.0,0.0,0.0,0.0,0.0	-24.677675247,37.81978494623656,-122.39885327099563,0.0,0.0,0.0,0.0,0.0,0.0,0.0	-24.696298599,37.81978494623656,-122.39570342675732,0.0,0.0,0.0,0.0,0.0,0.0,0.0	-26.857286453,37.81978494623656,-122.39255358251903,0.0,0.0,0.0,0.0,0.0,0.0,0.0	-26.534370422,37.81978494623656,-122.38940373828072,0.0,0.0,0.0,0.0,0.0,0.0,0.0	-23.729810715,37.81978494623656,-122.38625389404241,0.0,0.0,0.0,0.0,0.0,0.0,0.0	0.050000001,37.81978494623656,-122.38310404980412,0.0,0.0,0.0,0.0,0.0,0.0,0.0	0.050000001,37.81978494623656,-122.37995420556581,0.0,0.0,0.0,0.0,0.0,0.0,0.0
-10.092411041,37.81763440860215,-122.55004331674937,0.0,0.0,0.0,0.0,0.0,0.0,0.0	-11.077717781,37.81763440860215,-122.54689356427717,0.0,0.0,0.0,0.0,0.0,0.0,0.0	-12.219343185,37.81763440860215,-122.54374381180497,0.0,0.0,0.0,0.0,0.0,0.0,0.0	-15.224646568,37.81763440860215,-122.54059405933278,0.0,0.0,0.0,0.0,0.0,0.0,0.0	-1.600000024,37.81763440860215,-122.53744430686058,0.0,0.0,0.0,0.0,0.0,0.0,0.0	-1.600000024,37.81763440860215,-122.53429455438837,0.0,0.0,0.0,0.0,0.0,0.0,0.0	-1.600000024,37.81763440860215,-122.53114480191617,0.0,0.0,0.0,0.0,0.0,0.0,0.0	-1.600000024,37.81763440860215,-122.52799504944397,0.0,0.0,0.0,0.0,0.0,0.0,0.0	-1.600000024,37.81763440860215,-122.52484529697178,0.0,0.0,0.0,0.0,0.0,0.0,0.0	-1.600000024,37.81763440860215,-122.52169554449958,0.0,0.0,0.0,0.0,0.0,0.0,0.0	-1.600000024,37.81763440860215,-122.51854579202738,0.0,0.0,0.0,0.0,0.0,0.0,0.0	-20.962364197,37.81763440860215,-122.51539603955518,0.0,0.0,0.0,0.0,0.0,0.0,0.0	-1.600000024,37.81763440860215,-122.51224628708299,0.0,0.0,0.0,0.0,0.0,0.0,0.0	-1.600000024,37.81763440860215,-122.50909653461078,0.0,0.0,0.0,0.0,0.0,0.0,0.0	-1.600000024,37.81763440860215,-122.50594678213858,0.0,0.0,0.0,0.0,0.0,0.0,0.0	-1.600000024,37.81763440860215,-122.50279702966638,0.0,0.0,0.0,0.0,0.0,0.0,0.0	-1.600000024,37.81763440860215,-122.49964727719419,0.0,0.0,0.0,0.0,0.0,0.0,0.0	-1.600000024,37.81763440860215,-122.49649752472199,0.0,0.0,0.0,0.0,0.0,0.0,0.0	-1.600000024,37.81763440860215,-122.49334777224979,0.0,0.0,0.0,0.0,0.0,0.0,0.0	-1.600000024,37.81763440860215,-122.4901980197776,0.0,0.0,0.0,0.0,0.0,0.0,0.0	-1.600000024,37.81763440860215,-122.4870482673054,0.0,0.0,0.0,0.0,0.0,0.0,0.0	-1.600000024,37.81763440860215,-122.4838985148332,0.0,0.0,0.0,0.0,0.0,0.0,0.0	-1.600000024,37.81763440860215,-122.48074876236099,0.0,0.0,0.0,0.0,0.0,0.0,0.0	-1.070000052,37.81763440860215,-122.47759900988879,0.0,0.0,0.0,0.0,0.0,0.0,0.0	-101.058677673,37.81763440860215,-122.4744492574166,0.0,0.0,0.0,0.0,0.0,0.0,0.0	-84.838043213,37.81763440860215,-122.4712995049444,0.0,0.0,0.0,0.0,0.0,0.0,0.0	-66.623001099,37.81763440860215,-122.4681497524722,0.0,0.0,0.0,0.0,0.0,0.0,0.0	-52.031139374,37.81763440860215,-122.465,0.0,0.0,0.0,0.0,0.0,0.0,0.0	-42.95936203,37.81763440860215,-122.4618502475278,0.0,0.0,0.0,0.0,0.0,0.0,0.0	-32.593425751,37.81763440860215,-122.45870049505561,0.0,0.0,0.0,0.0,0.0,0.0,0.0	-28.791059494,37.81763440860215,-122.4555507425834,0.0,0.0,0.0,0.0,0.0,0.0,0.0	-25.11441803,37.81763440860215,-122.4524009901112,0.0,0.0,0.0,0.0,0.0,0.0,0.0	-23.275434494,37.81763440860215,-122.449251237639,0.0,0.0,0.0,0.0,0.0,0.0,0.0	-23.485622406,37.81763440860215,-122.4461014851668,0.0,0.0,0.0,0.0,0.0,0.0,0.0	-19.877401352,37.81763440860215,-122.44295173269461,0.0,0.0,0.0,0.0,0.0,0.0,0.0	-20.712362289,37.81763440860215,-122.43980198022241,0.0,0.0,0.0,0.0,0.0,0.0,0.0	-21.770805359,37.81763440860215,-122.43665222775022,0.0,0.0,0.0,0.0,0.0,0.0,0.0	-23.08341217,37.81763440860215,-122.43350247527802,0.0,0.0,0.0,0.0,0.0,0.0,0.0	-24.249214172,37.81763440860215,-122.43035272280582,0.0,0.0,0.0,0.0,0.0,0.0,0.0	-24.404216766,37.81763440860215,-122.42720297033361,0.0,0.0,0.0,0.0,0.0,0.0,0.0	-25.201034546,37.81763440860215,-122.42405321786141,0.0,0.0,0.0,0.0,0.0,0.0,0.0	-23.520339966,37.81763440860215,-122.42090346538922,0.0,0.0,0.0,0.0,0.0,0.0,0.0	-22.225286484,37.81763440860215,-122.41775371291702,0.0,0.0,0.0,0.0,0.0,0.0,0.0	-24.63120842,37.81763440860215,-122.41460396044482,0.0,0.0,0.0,0.0,0.0,0.0,0.0	-28.744438171,37.81763440860215,-122.41145420797262,0.0,0.0,0.0,0.0,0.0,0.0,0.0	-28.746648788,37.81763440860215,-122.40830445550043,0.0,0.0,0.0,0.0,0.0,0.0,0.0	-28.507436752,37.81763440860215,-122.40515470302823,0.0,0.0,0.0,0.0,0.0,0.0,0.0	-26.871530533,37.81763440860215,-122.40200495055603,0.0,0.0,0.0,0.0,0.0,0.0,0.0	-0.172700584,37.81763440860215,-122.39885519808382,0.0,0.0,0.0,0.0,0.0,0.0,0.0	-0.160850793,37.81763440860215,-122.39570544561163,0.0,0.0,0.0,0.0,0.0,0.0,0.0	-27.609428406,37.81763440860215,-122.39255569313943,0.0,0.0,0.0,0.0,0.0,0.0,0.0	-29.372169495,37.81763440860215,-122.38940594066723,0.0,0.0,0.0,0.0,0.0,0.0,0.0	-28.764148712,37.81763440860215,-122.38625618819503,0.0,0.0,0.0,0.0,0.0,0.0,0.0	0.050000001,37.81763440860215,-122.38310643572284,0.0,0.0,0.0,0.0,0.0,0.0,0.0	0.050000001,37.81763440860215,-122.37995668325064,0.0,0.0,0.0,0.0,0.0,0.0,0.0
-10.747096062,37.815483870967746,-122.5500408393287,0.0,0.0,0.0,0.0,0.0,0.0,0.0	-10.857608795,37.815483870967746,-122.54689117861282,0.0,0.0,0.0,0.0,0.0,0.0,0.0	-11.19744873,37.815483870967746,-122.54374151789695,0.0,0.0,0.0,0.0,0.0,0.0,0.0	-12.829044342,37.815483870967746,-122.54059185718107,0.0,0.0,0.0,0.0,0.0,0.0,0.0	-1.600000024,37.815483870967746,-122.5374421964652,0.0,0.0,0.0,0.0,0.0,0.0,0.0	-1.600000024,37.815483870967746,-122.53429253574932,0.0,0.0,0.0,0.0,0.0,0.0,0.0	-1.600000024,37.815483870967746,-122.53114287503344,0.0,0.0,0.0,0.0,0.0,0.0,0.0	4.460000038,37.815483870967746,-122.52799321431756,0.0,0.0,0.0,0.0,0.0,0.0,0.0	-1.600000024,37.815483870967746,-122.52484355360167,0.0,0.0,0.0,0.0,0.0,0.0,0.0	-22.793462753,37.815483870967746,-122.52169389288579,0.0,0.0,0.0,0.0,0.0,0.0,0.0	-29.507850647,37.815483870967746,-122.51854423216992,0.0,0.0,0.0,0.0,0.0,0.0,0.0	-36.916736603,37.815483870967746,-122.51539457145404,0.0,0.0,0.0,0.0,0.0,0.0,0.0	-1.600000024,37.815483870967746,-122.51224491073816,0.0,0.0,0.0,0.0,0.0,0.0,0.0	-1.600000024,37.815483870967746,-122.50909525002228,0.0,0.0,0.0,0.0,0.0,0.0,0.0	-1.600000024,37.815483870967746,-122.5059455893064,0.0,0.0,0.0,0.0,0.0,0.0,0.0	-1.600000024,37.815483870967746,-122.50279592859053,0.0,0.0,0.0,0.0,0.0,0.0,0.0	-1.600000024,37.815483870967746,-122.49964626787465,0.0,0.0,0.0,0.0,0.0,0.0,0.0	-1.600000024,37.815483870967746,-122.49649660715878,0.0,0.0,0.0,0.0,0.0,0.0,0.0	-1.600000024,37.815483870967746,-122.4933469464429,0.0,0.0,0.0,0.0,0.0,0.0,0.0	-1.600000024,37.815483870967746,-122.49019728572702,0.0,0.0,0.0,0.0,0.0,0.0,0.0	-1.600000024,37.815483870967746,-122.48704762501114,0.0,0.0,0.0,0.0,0.0,0.0,0.0	-1.600000024,37.815483870967746,-122.48389796429527,0.0,0.0,0.0,0.0,0.0,0.0,0.0	-1.600000024,37.815483870967746,-122.48074830357938,0.0,0.0,0.0,0.0,0.0,0.0,0.0	-1.070000052,37.815483870967746,-122.4775986428635,0.0,0.0,0.0,0.0,0.0,0.0,0.0	-94.833984375,37.815483870967746,-122.47444898214762,0.0,0.0,0.0,0.0,0.0,0.0,0.0	-72.15058136,37.815483870967746,-122.47129932143174,0.0,0.0,0.0,0.0,0.0,0.0,0.0	-58.356052399,37.815483870967746,-122.46814966071587,0.0,0.0,0.0,0.0,0.0,0.0,0.0	-36.86598587,37.815483870967746,-122.46499999999999,0.0,0.0,0.0,0.0,0.0,0.0,0.0	-24.999490738,37.815483870967746,-122.46185033928411,0.0,0.0,0.0,0.0,0.0,0.0,0.0	-22.675773621,37.815483870967746,-122.45870067856823,0.0,0.0,0.0,0.0,0.0,0.0,0.0	-22.081771851,37.815483870967746,-122.45555101785236,0.0,0.0,0.0,0.0,0.0,0.0,0.0	-0.327061594,37.815483870967746,-122.45240135713648,0.0,0.0,0.0,0.0,0.0,0.0,0.0	-0.320848644,37.815483870967746,-122.4492516964206,0.0,0.0,0.0,0.0,0.0,0.0,0.0	-0.314771324,37.815483870967746,-122.44610203570473,0.0,0.0,0.0,0.0,0.0,0.0,0.0	-0.308698893,37.815483870967746,-122.44295237498885,0.0,0.0,0.0,0.0,0.0,0.0,0.0	-22.781864166,37.815483870967746,-122.43980271427297,0.0,0.0,0.0,0.0,0.0,0.0,0.0	-22.931570053,37.815483870967746,-122.43665305355708,0.0,0.0,0.0,0.0,0.0,0.0,0.0	-22.68321228,37.815483870967746,-122.4335033928412,0.0,0.0,0.0,0.0,0.0,0.0,0.0	-22.858409882,37.815483870967746,-122.43035373212533,0.0,0.0,0.0,0.0,0.0,0.0,0.0	-20.782783508,37.815483870967746,-122.42720407140945,0.0,0.0,0.0,0.0,0.0,0.0,0.0	-17.979822159,37.815483870967746,-122.42405441069357,0.0,0.0,0.0,0.0,0.0,0.0,0.0	-19.458398819,37.815483870967746,-122.4209047499777,0.0,0.0,0.0,0.0,0.0,0.0,0.0	-19.12263298,37.815483870967746,-122.41775508926182,0.0,0.0,0.0,0.0,0.0,0.0,0.0	-20.567871094,37.815483870967746,-122.41460542854594,0.0,0.0,0.0,0.0,0.0,0.0,0.0	-20.923053741,37.815483870967746,-122.41145576783006,0.0,0.0,0.0,0.0,0.0,0.0,0.0	-0.195599958,37.815483870967746,-122.40830610711419,0.0,0.0,0.0,0.0,0.0,0.0,0.0	-0.183755383,37.815483870967746,-122.40515644639831,0.0,0.0,0.0,0.0,0.0,0.0,0.0	-0.172052354,37.815483870967746,-122.40200678568243,0.0,0.0,0.0,0.0,0.0,0.0,0.0	-0.160204113,37.815483870967746,-122.39885712496655,0.0,0.0,0.0,0.0,0.0,0.0,0.0	-0.056854695,37.815483870967746,-122.39570746425068,0.0,0.0,0.0,0.0,0.0,0.0,0.0	0.025932904,37.815483870967746,-122.3925578035348,0.0,0.0,0.0,0.0,0.0,0.0,0.0	-29.608060837,37.815483870967746,-122.38940814281891,0.0,0.0,0.0,0.0,0.0,0.0,0.0	-32.408447266,37.815483870967746,-122.38625848210303,0.0,0.0,0.0,0.0,0.0,0.0,0.0	-31.559015274,37.815483870967746,-122.38310882138715,0.0,0.0,0.0,0.0,0.0,0.0,0.0	0.050000001,37.815483870967746,-122.37995916067128,0.0,0.0,0.0,0.0,0.0,0.0,0.0
-12.371659279,37.81333333333333,-122.55003836217219,0.0,0.0,0.0,0.0,0.0,0.0,0.0	-12.35809803,37.81333333333333,-122.54688879320285,0.0,0.0,0.0,0.0,0.0,0.0,0.0	-11.967808723,37.81333333333333,-122.5437392242335,0.0,0.0,0.0,0.0,0.0,0.0,0.0	-12.560809135,37.81333333333333,-122.54058965526417,0.0,0.0,0.0,0.0,0.0,0.0,0.0	-14.661067963,37.81333333333333,-122.53744008629482,0.0,0.0,0.0,0.0,0.0,0.0,0.0	-1.600000024,37.81333333333333,-122.53429051732549,0.0,0.0,0.0,0.0,0.0,0.0,0.0	-1.600000024,37.81333333333333,-122.53114094835614,0.0,0.0,0.0,0.0,0.0,0.0,0.0	-1.600000024,37.81333333333333,-122.5279913793868,0.0,0.0,0.0,0.0,0.0,0.0,0.0	-1.600000024,37.81333333333333,-122.52484181041747,0.0,0.0,0.0,0.0,0.0,0.0,0.0	-32.268730164,37.81333333333333,-122.52169224144812,0.0,0.0,0.0,0.0,0.0,0.0,0.0	-37.153972626,37.81333333333333,-122.51854267247879,0.0,0.0,0.0,0.0,0.0,0.0,0.0	-38.94405365,37.81333333333333,-122.51539310350944,0.0,0.0,0.0,0.0,0.0,0.0,0.0	-1.600000024,37.81333333333333,-122.5122435345401,0.0,0.0,0.0,0.0,0.0,0.0,0.0	-1.600000024,37.81333333333333,-122.50909396557076,0.0,0.0,0.0,0.0,0.0,0.0,0.0	-1.600000024,37.81333333333333,-122.50594439660142,0.0,0.0,0.0,0.0,0.0,0.0,0.0	-1.600000024,37.81333333333333,-122.50279482763209,0.0,0.0,0.0,0.0,0.0,0.0,0.0	-1.600000024,37.81333333333333,-122.49964525866274,0.0,0.0,0.0,0.0,0.0,0.0,0.0	-1.600000024,37.81333333333333,-122.4964956896934,0.0,0.0,0.0,0.0,0.0,0.0,0.0	-98.949684143,37.81333333333333,-122.49334612072406,0.0,0.0,0.0,0.0,0.0,0.0,0.0	-105.042785645,37.81333333333333,-122.49019655175472,0.0,0.0,0.0,0.0,0.0,0.0,0.0	-1.600000024,37.81333333333333,-122.48704698278539,0.0,0.0,0.0,0.0,0.0,0.0,0.0	-1.600000024,37.81333333333333,-122.48389741381604,0.0,0.0,0.0,0.0,0.0,0.0,0.0	-1.600000024,37.81333333333333,-122.4807478448467,0.0,0.0,0.0,0.0,0.0,0.0,0.0	-1.070000052,37.81333333333333,-122.47759827587736,0.0,0.0,0.0,0.0,0.0,0.0,0.0	-60.577056885,37.81333333333333,-122.47444870690802,0.0,0.0,0.0,0.0,0.0,0.0,0.0	-51.223293304,37.81333333333333,-122.47129913793867,0.0,0.0,0.0,0.0,0.0,0.0,0.0	-27.242305756,37.81333333333333,-122.46814956896934,0.0,0.0,0.0,0.0,0.0,0.0,0.0	-19.030244827,37.81333333333333,-122.465,0.0,0.0,0.0,0.0,0.0,0.0,0.0	-0.349158227,37.81333333333333,-122.46185043103065,0.0,0.0,0.0,0.0,0.0,0.0,0.0	-0.330617607,37.81333333333333,-122.45870086206132,0.0,0.0,0.0,0.0,0.0,0.0,0.0	-0.324775189,37.81333333333333,-122.45555129309197,0.0,0.0,0.0,0.0,0.0,0.0,0.0	-0.322921604,37.81333333333333,-122.45240172412264,0.0,0.0,0.0,0.0,0.0,0.0,0.0	-0.316488028,37.81333333333333,-122.44925215515329,0.0,0.0,0.0,0.0,0.0,0.0,0.0	-0.310414374,37.81333333333333,-122.44610258618395,0.0,0.0,0.0,0.0,0.0,0.0,0.0	-0.304339439,37.81333333333333,-122.44295301721462,0.0,0.0,0.0,0.0,0.0,0.0,0.0	-0.300000012,37.81333333333333,-122.43980344824527,0.0,0.0,0.0,0.0,0.0,0.0,0.0	-20.318418503,37.81333333333333,-122.43665387927594,0.0,0.0,0.0,0.0,0.0,0.0,0.0	-19.416275024,37.81333333333333,-122.43350431030659,0.0,0.0,0.0,0.0,0.0,0.0,0.0	-16.108268738,37.81333333333333,-122.43035474133725,0.0,0.0,0.0,0.0,0.0,0.0,0.0	-13.994132042,37.81333333333333,-122.4272051723679,0.0,0.0,0.0,0.0,0.0,0.0,0.0	-13.985842705,37.81333333333333,-122.42405560339857,0.0,0.0,0.0,0.0,0.0,0.0,0.0	-15.301885605,37.81333333333333,-122.42090603442924,0.0,0.0,0.0,0.0,0.0,0.0,0.0	-1.070000052,37.81333333333333,-122.41775646545989,0.0,0.0,0.0,0.0,0.0,0.0,0.0	-1.070000052,37.81333333333333,-122.41460689649055,0.0,0.0,0.0,0.0,0.0,0.0,0.0	-1.070000052,37.81333333333333,-122.4114573275212,0.0,0.0,0.0,0.0,0.0,0.0,0.0	-0.183102608,37.81333333333333,-122.40830775855187,0.0,0.0,0.0,0.0,0.0,0.0,0.0	-0.172093213,37.81333333333333,-122.40515818958252,0.0,0.0,0.0,0.0,0.0,0.0,0.0	-0.159554943,37.81333333333333,-122.40200862061319,0.0,0.0,0.0,0.0,0.0,0.0,0.0	-0.071397267,37.81333333333333,-122.39885905164385,0.0,0.0,0.0,0.0,0.0,0.0,0.0	0.006785717,37.81333333333333,-122.3957094826745,0.0,0.0,0.0,0.0,0.0,0.0,0.0	0.050000001,37.81333333333333,-122.39255991370517,0.0,0.0,0.0,0.0,0.0,0.0,0.0	-28.341094971,37.81333333333333,-122.38941034473582,0.0,0.0,0.0,0.0,0.0,0.0,0.0	-32.199783325,37.81333333333333,-122.38626077576649,0.0,0.0,0.0,0.0,0.0,0.0,0.0	-35.975120544,37.81333333333333,-122.38311120679714,0.0,0.0,0.0,0.0,0.0,0.0,0.0	0.050000001,37.81333333333333,-122.3799616378278,0.0,0.0,0.0,0.0,0.0,0.0,0.0
-14.319454193,37.811182795698926,-122.55003588527977,0.0,0.0,0.0,0.0,0.0,0.0,0.0	-14.895061493,37.811182795698926,-122.54688640804719,0.0,0.0,0.0,0.0,0.0,0.0,0.0	-15.189216614,37.811182795698926,-122.5437369308146,0.0,0.0,0.0,0.0,0.0,0.0,0.0	-16.14781189,37.811182795698926,-122.54058745358202,0.0,0.0,0.0,0.0,0.0,0.0,0.0	-16.640563965,37.811182795698926,-122.53743797634944,0.0,0.0,0.0,0.0,0.0,0.0,0.0	-1.600000024,37.811182795698926,-122.53428849911684,0.0,0.0,0.0,0.0,0.0,0.0,0.0	-1.600000024,37.811182795698926,-122.53113902188426,0.0,0.0,0.0,0.0,0.0,0.0,0.0	-1.600000024,37.811182795698926,-122.52798954465167,0.0,0.0,0.0,0.0,0.0,0.0,0.0	-1.600000024,37.811182795698926,-122.52484006741909,0.0,0.0,0.0,0.0,0.0,0.0,0.0	-40.413322449,37.811182795698926,-122.52169059018651,0.0,0.0,0.0,0.0,0.0,0.0,0.0	-38.167011261,37.811182795698926,-122.51854111295393,0.0,0.0,0.0,0.0,0.0,0.0,0.0	-38.576896667,37.811182795698926,-122.51539163572134,0.0,0.0,0.0,0.0,0.0,0.0,0.0	-41.080844879,37.811182795698926,-122.51224215848876,0.0,0.0,0.0,0.0,0.0,0.0,0.0	-1.600000024,37.811182795698926,-122.50909268125618,0.0,0.0,0.0,0.0,0.0,0.0,0.0	-1.600000024,37.811182795698926,-122.5059432040236,0.0,0.0,0.0,0.0,0.0,0.0,0.0	-62.632305145,37.811182795698926,-122.502793726791,0.0,0.0,0.0,0.0,0.0,0.0,0.0	-75.792671204,37.811182795698926,-122.49964424955841,0.0,0.0,0.0,0.0,0.0,0.0,0.0	-78.850349426,37.811182795698926,-122.49649477232583,0.0,0.0,0.0,0.0,0.0,0.0,0.0	-76.140518188,37.811182795698926,-122.49334529509325,0.0,0.0,0.0,0.0,0.0,0.0,0.0	-80.615463257,37.811182795698926,-122.49019581786067,0.0,0.0,0.0,0.0,0.0,0.0,0.0	-1.600000024,37.811182795698926,-122.48704634062808,0.0,0.0,0.0,0.0,0.0,0.0,0.0	-1.600000024,37.811182795698926,-122.4838968633955,0.0,0.0,0.0,0.0,0.0,0.0,0.0	-1.600000024,37.811182795698926,-122.48074738616292,0.0,0.0,0.0,0.0,0.0,0.0,0.0	-0.050000053,37.811182795698926,-122.47759790893033,0.0,0.0,0.0,0.0,0.0,0.0,0.0	-0.400000006,37.811182795698926,-122.47444843169775,0.0,0.0,0.0,0.0,0.0,0.0,0.0	-0.400000006,37.811182795698926,-122.47129895446515,0.0,0.0,0.0,0.0,0.0,0.0,0.0	-0.385421216,37.811182795698926,-122.46814947723257,0.0,0.0,0.0,0.0,0.0,0.0,0.0	-0.367907196,37.811182795698926,-122.46499999999999,0.0,0.0,0.0,0.0,0.0,0.0,0.0	-0.349361837,37.811182795698926,-122.4618505227674,0.0,0.0,0.0,0.0,0.0,0.0,0.0	-0.331850678,37.811182795698926,-122.45870104553482,0.0,0.0,0.0,0.0,0.0,0.0,0.0	-0.316726357,37.811182795698926,-122.45555156830224,0.0,0.0,0.0,0.0,0.0,0.0,0.0	-0.315560848,37.811182795698926,-122.45240209106966,0.0,0.0,0.0,0.0,0.0,0.0,0.0	-0.312130302,37.811182795698926,-122.44925261383707,0.0,0.0,0.0,0.0,0.0,0.0,0.0	-0.306056559,37.811182795698926,-122.44610313660449,0.0,0.0,0.0,0.0,0.0,0.0,0.0	-0.300000012,37.811182795698926,-122.4429536593719,0.0,0.0,0.0,0.0,0.0,0.0,0.0	-0.300000012,37.811182795698926,-122.43980418213931,13.653175762000364,578.4300000000001,1072.326,0.5394161850034411,2.7822363972150383,139.33338435131844,72.12567542898869	-12.836165428,37.811182795698926,-122.43665470490673,13.653175762000364,578.4300000000001,1072.326,0.5394161850034411,2.7822363972150383,139.33338435131844,72.12567542898869	-1.070000052,37.811182795698926,-122.43350522767415,0.0,0.0,0.0,0.0,0.0,0.0,0.0	-1.070000052,37.811182795698926,-122.43035575044156,0.0,0.0,0.0,0.0,0.0,0.0,0.0	-1.070000052,37.811182795698926,-122.42720627320898,0.0,0.0,0.0,0.0,0.0,0.0,0.0	-1.070000052,37.811182795698926,-122.4240567959764,0.0,0.0,0.0,0.0,0.0,0.0,0.0	-1.070000052,37.811182795698926,-122.42090731874382,0.0,0.0,0.0,0.0,0.0,0.0,0.0	-1.070000052,37.811182795698926,-122.41775784151123,0.0,0.0,0.0,0.0,0.0,0.0,0.0	-1.070000052,37.811182795698926,-122.41460836427865,0.0,0.0,0.0,0.0,0.0,0.0,0.0	-1.070000052,37.811182795698926,-122.41145888704605,0.0,0.0,0.0,0.0,0.0,0.0,0.0	-1.070000052,37.811182795698926,-122.40830940981347,0.0,0.0,0.0,0.0,0.0,0.0,0.0	-1.070000052,37.811182795698926,-122.40515993258089,0.0,0.0,0.0,0.0,0.0,0.0,0.0	-0.085892066,37.811182795698926,-122.4020104553483,0.0,0.0,0.0,0.0,0.0,0.0,0.0	-0.007773223,37.811182795698926,-122.39886097811572,0.0,0.0,0.0,0.0,0.0,0.0,0.0	0.050000001,37.811182795698926,-122.39571150088314,0.0,0.0,0.0,0.0,0.0,0.0,0.0	0.050000001,37.811182795698926,-122.39256202365056,0.0,0.0,0.0,0.0,0.0,0.0,0.0	-26.728530884,37.811182795698926,-122.38941254641797,0.0,0.0,0.0,0.0,0.0,0.0,0.0	-29.138652802,37.811182795698926,-122.38626306918539,0.0,0.0,0.0,0.0,0.0,0.0,0.0	-33.933746338,37.811182795698926,-122.3831135919528,0.0,0.0,0.0,0.0,0.0,0.0,0.0	0.050000001,37.811182795698926,-122.37996411472021,0.0,0.0,0.0,0.0,0.0,0.0,0.0
-16.557319641,37.80903225806452,-122.55003340865143,0.0,0.0,0.0,0.0,0.0,0.0,0.0	-18.056196213,37.80903225806452,-122.54688402314582,0.0,0.0,0.0,0.0,0.0,0.0,0.0	-19.922563553,37.80903225806452,-122.54373463764021,0.0,0.0,0.0,0.0,0.0,0.0,0.0	-23.001344681,37.80903225806452,-122.5405852521346,0.0,0.0,0.0,0.0,0.0,0.0,0.0	-27.265069962,37.80903225806452,-122.537435866629,0.0,0.0,0.0,0.0,0.0,0.0,0.0	-1.600000024,37.80903225806452,-122.53428648112339,0.0,0.0,0.0,0.0,0.0,0.0,0.0	-1.600000024,37.80903225806452,-122.53113709561778,0.0,0.0,0.0,0.0,0.0,0.0,0.0	-1.600000024,37.80903225806452,-122.52798771011217,0.0,0.0,0.0,0.0,0.0,0.0,0.0	-1.600000024,37.80903225806452,-122.52483832460656,0.0,0.0,0.0,0.0,0.0,0.0,0.0	-1.600000024,37.80903225806452,-122.52168893910095,0.0,0.0,0.0,0.0,0.0,0.0,0.0	-45.62959671,37.80903225806452,-122.51853955359535,0.0,0.0,0.0,0.0,0.0,0.0,0.0	-36.866573334,37.80903225806452,-122.51539016808974,0.0,0.0,0.0,0.0,0.0,0.0,0.0	-41.416492462,37.80903225806452,-122.51224078258413,0.0,0.0,0.0,0.0,0.0,0.0,0.0	-48.253810883,37.80903225806452,-122.50909139707852,0.0,0.0,0.0,0.0,0.0,0.0,0.0	-53.381378174,37.80903225806452,-122.50594201157291,0.0,0.0,0.0,0.0,0.0,0.0,0.0	-60.627376556,37.80903225806452,-122.5027926260673,0.0,0.0,0.0,0.0,0.0,0.0,0.0	-64.861724854,37.80903225806452,-122.4996432405617,0.0,0.0,0.0,0.0,0.0,0.0,0.0	-60.212535858,37.80903225806452,-122.49649385505609,0.0,0.0,0.0,0.0,0.0,0.0,0.0	-62.622219086,37.80903225806452,-122.49334446955048,0.0,0.0,0.0,0.0,0.0,0.0,0.0	-67.57144928,37.80903225806452,-122.49019508404486,0.0,0.0,0.0,0.0,0.0,0.0,0.0	-1.600000024,37.80903225806452,-122.48704569853925,0.0,0.0,0.0,0.0,0.0,0.0,0.0	-1.600000024,37.80903225806452,-122.48389631303364,0.0,0.0,0.0,0.0,0.0,0.0,0.0	-1.600000024,37.80903225806452,-122.48074692752803,0.0,0.0,0.0,0.0,0.0,0.0,0.0	5.585385799,37.80903225806452,-122.47759754202242,0.0,0.0,0.0,0.0,0.0,0.0,0.0	5.663779736,37.80903225806452,-122.47444815651681,0.0,0.0,0.0,0.0,0.0,0.0,0.0	-1.070000052,37.80903225806452,-122.4712987710112,0.0,0.0,0.0,0.0,0.0,0.0,0.0	-0.386656046,37.80903225806452,-122.4681493855056,0.0,0.0,0.0,0.0,0.0,0.0,0.0	-0.369142354,37.80903225806452,-122.46499999999999,0.0,0.0,0.0,0.0,0.0,0.0,0.0	-0.35059762,37.80903225806452,-122.46185061449438,0.0,0.0,0.0,0.0,0.0,0.0,0.0	-0.333084911,37.80903225806452,-122.45870122898877,0.0,0.0,0.0,0.0,0.0,0.0,0.0	-0.315578312,37.80903225806452,-122.45555184348316,0.0,0.0,0.0,0.0,0.0,0.0,0.0	-0.307444274,37.80903225806452,-122.45240245797756,0.0,0.0,0.0,0.0,0.0,0.0,0.0	-0.306283027,37.80903225806452,-122.44925307247195,0.0,0.0,0.0,0.0,0.0,0.0,0.0	-0.30151996,37.80903225806452,-122.44610368696634,0.0,0.0,0.0,0.0,0.0,0.0,0.0	-0.300000012,37.80903225806452,-122.44295430146073,0.0,0.0,0.0,0.0,0.0,0.0,0.0	-1.070000052,37.80903225806452,-122.43980491595512,0.0,0.0,0.0,0.0,0.0,0.0,0.0	-0.300000012,37.80903225806452,-122.43665553044951,0.0,0.0,0.0,0.0,0.0,0.0,0.0	-1.070000052,37.80903225806452,-122.4335061449439,0.0,0.0,0.0,0.0,0.0,0.0,0.0	5.097522736,37.80903225806452,-122.4303567594383,0.0,0.0,0.0,0.0,0.0,0.0,0.0	-1.070000052,37.80903225806452,-122.42720737393269,0.0,0.0,0.0,0.0,0.0,0.0,0.0	-1.070000052,37.80903225806452,-122.42405798842708,0.0,0.0,0.0,0.0,0.0,0.0,0.0	-1.070000052,37.80903225806452,-122.42090860292147,0.0,0.0,0.0,0.0,0.0,0.0,0.0	-1.070000052,37.80903225806452,-122.41775921741586,0.0,0.0,0.0,0.0,0.0,0.0,0.0	3.332098246,37.80903225806452,-122.41460983191025,0.0,0.0,0.0,0.0,0.0,0.0,0.0	-1.070000052,37.80903225806452,-122.41146044640465,0.0,0.0,0.0,0.0,0.0,0.0,0.0	-1.070000052,37.80903225806452,-122.40831106089904,0.0,0.0,0.0,0.0,0.0,0.0,0.0	-1.070000052,37.80903225806452,-122.40516167539343,0.0,0.0,0.0,0.0,0.0,0.0,0.0	-1.070000052,37.80903225806452,-122.40201228988782,0.0,0.0,0.0,0.0,0.0,0.0,0.0	0.050000001,37.80903225806452,-122.39886290438221,0.0,0.0,0.0,0.0,0.0,0.0,0.0	0.050000001,37.80903225806452,-122.3957135188766,0.0,0.0,0.0,0.0,0.0,0.0,0.0	0.050000001,37.80903225806452,-122.392564133371,0.0,0.0,0.0,0.0,0.0,0.0,0.0	-24.871629715,37.80903225806452,-122.38941474786539,0.0,0.0,0.0,0.0,0.0,0.0,0.0	-27.035909653,37.80903225806452,-122.38626536235978,0.0,0.0,0.0,0.0,0.0,0.0,0.0	-29.78506279,37.80903225806452,-122.38311597685417,0.0,0.0,0.0,0.0,0.0,0.0,0.0	0.050000001,37.80903225806452,-122.37996659134856,0.0,0.0,0.0,0.0,0.0,0.0,0.0
-19.266290665,37.806881720430106,-122.55003093228714,0.0,0.0,0.0,0.0,0.0,0.0,0.0	-21.154676437,37.806881720430106,-122.54688163849873,0.0,0.0,0.0,0.0,0.0,0.0,0.0	-24.413234711,37.806881720430106,-122.54373234471032,0.0,0.0,0.0,0.0,0.0,0.0,0.0	-26.745119095,37.806881720430106,-122.54058305092191,0.0,0.0,0.0,0.0,0.0,0.0,0.0	-30.883224487,37.806881720430106,-122.5374337571335,0.0,0.0,0.0,0.0,0.0,0.0,0.0	-1.600000024,37.806881720430106,-122.53428446334507,0.0,0.0,0.0,0.0,0.0,0.0,0.0	-1.600000024,37.806881720430106,-122.53113516955666,0.0,0.0,0.0,0.0,0.0,0.0,0.0	-1.600000024,37.806881720430106,-122.52798587576825,0.0,0.0,0.0,0.0,0.0,0.0,0.0	-1.600000024,37.806881720430106,-122.52483658197984,0.0,0.0,0.0,0.0,0.0,0.0,0.0	-49.90259552,37.806881720430106,-122.52168728819143,0.0,0.0,0.0,0.0,0.0,0.0,0.0	-44.223953247,37.806881720430106,-122.51853799440302,0.0,0.0,0.0,0.0,0.0,0.0,0.0	-37.290992737,37.806881720430106,-122.51538870061461,0.0,0.0,0.0,0.0,0.0,0.0,0.0	-41.739738464,37.806881720430106,-122.5122394068262,0.0,0.0,0.0,0.0,0.0,0.0,0.0	-48.389511108,37.806881720430106,-122.50909011303777,0.0,0.0,0.0,0.0,0.0,0.0,0.0	-52.117988586,37.806881720430106,-122.50594081924936,0.0,0.0,0.0,0.0,0.0,0.0,0.0	-53.747436523,37.806881720430106,-122.50279152546095,0.0,0.0,0.0,0.0,0.0,0.0,0.0	-53.78086853,37.806881720430106,-122.49964223167254,0.0,0.0,0.0,0.0,0.0,0.0,0.0	-49.166931152,37.806881720430106,-122.49649293788413,0.0,0.0,0.0,0.0,0.0,0.0,0.0	-54.735164642,37.806881720430106,-122.49334364409572,0.0,0.0,0.0,0.0,0.0,0.0,0.0	-60.506855011,37.806881720430106,-122.4901943503073,0.0,0.0,0.0,0.0,0.0,0.0,0.0	-45.89043808,37.806881720430106,-122.4870450565189,0.0,0.0,0.0,0.0,0.0,0.0,0.0	-1.600000024,37.806881720430106,-122.48389576273048,0.0,0.0,0.0,0.0,0.0,0.0,0.0	-1.600000024,37.806881720430106,-122.48074646894206,0.0,0.0,0.0,0.0,0.0,0.0,0.0	41.041843414,37.806881720430106,-122.47759717515365,0.0,0.0,0.0,0.0,0.0,0.0,0.0	52.434619904,37.806881720430106,-122.47444788136524,0.0,0.0,0.0,0.0,0.0,0.0,0.0	34.26820755,37.806881720430106,-122.47129858757683,0.0,0.0,0.0,0.0,0.0,0.0,0.0	2.892704725,37.806881720430106,-122.46814929378841,0.0,0.0,0.0,0.0,0.0,0.0,0.0	-0.400000006,37.806881720430106,-122.465,0.0,0.0,0.0,0.0,0.0,0.0,0.0	-0.39769417,37.806881720430106,-122.46185070621159,0.0,0.0,0.0,0.0,0.0,0.0,0.0	-0.342380822,37.806881720430106,-122.45870141242318,0.0,0.0,0.0,0.0,0.0,0.0,0.0	-1.070000052,37.806881720430106,-122.45555211863476,0.0,0.0,0.0,0.0,0.0,0.0,0.0	0.109999947,37.806881720430106,-122.45240282484635,0.0,0.0,0.0,0.0,0.0,0.0,0.0	0.286442727,37.806881720430106,-122.44925353105793,0.0,0.0,0.0,0.0,0.0,0.0,0.0	3.227843285,37.806881720430106,-122.44610423726952,0.0,0.0,0.0,0.0,0.0,0.0,0.0	-1.070000052,37.806881720430106,-122.44295494348111,0.0,0.0,0.0,0.0,0.0,0.0,0.0	3.280956507,37.806881720430106,-122.4398056496927,0.0,0.0,0.0,0.0,0.0,0.0,0.0	3.571568012,37.806881720430106,-122.43665635590429,0.0,0.0,0.0,0.0,0.0,0.0,0.0	-1.070000052,37.806881720430106,-122.43350706211588,0.0,0.0,0.0,0.0,0.0,0.0,0.0	5.726301193,37.806881720430106,-122.43035776832747,0.0,0.0,0.0,0.0,0.0,0.0,0.0	30.53001976,37.806881720430106,-122.42720847453904,0.0,0.0,0.0,0.0,0.0,0.0,0.0	-1.050000072,37.806881720430106,-122.42405918075063,0.0,0.0,0.0,0.0,0.0,0.0,0.0	9.626094818,37.806881720430106,-122.42090988696222,0.0,0.0,0.0,0.0,0.0,0.0,0.0	4.264339447,37.806881720430106,-122.41776059317381,0.0,0.0,0.0,0.0,0.0,0.0,0.0	4.062332153,37.806881720430106,-122.4146112993854,0.0,0.0,0.0,0.0,0.0,0.0,0.0	3.991020441,37.806881720430106,-122.41146200559699,0.0,0.0,0.0,0.0,0.0,0.0,0.0	5.235909939,37.806881720430106,-122.40831271180858,0.0,0.0,0.0,0.0,0.0,0.0,0.0	4.015685081,37.806881720430106,-122.40516341802017,0.0,0.0,0.0,0.0,0.0,0.0,0.0	-1.070000052,37.806881720430106,-122.40201412423174,0.0,0.0,0.0,0.0,0.0,0.0,0.0	-1.070000052,37.806881720430106,-122.39886483044333,0.0,0.0,0.0,0.0,0.0,0.0,0.0	0.050000001,37.806881720430106,-122.39571553665492,0.0,0.0,0.0,0.0,0.0,0.0,0.0	0.050000001,37.806881720430106,-122.39256624286651,0.0,0.0,0.0,0.0,0.0,0.0,0.0	0.050000001,37.806881720430106,-122.3894169490781,0.0,0.0,0.0,0.0,0.0,0.0,0.0	-25.13243103,37.806881720430106,-122.38626765528969,0.0,0.0,0.0,0.0,0.0,0.0,0.0	-27.807905197,37.806881720430106,-122.38311836150127,0.0,0.0,0.0,0.0,0.0,0.0,0.0	-30.569395065,37.806881720430106,-122.37996906771286,0.0,0.0,0.0,0.0,0.0,0.0,0.0
-21.959003448,37.8047311827957,-122.55002845618687,0.0,0.0,0.0,0.0,0.0,0.0,0.0	-25.196121216,37.8047311827957,-122.54687925410587,0.0,0.0,0.0,0.0,0.0,0.0,0.0	-28.128822327,37.8047311827957,-122.54373005202487,0.0,0.0,0.0,0.0,0.0,0.0,0.0	-30.613803864,37.8047311827957,-122.54058084994388,0.0,0.0,0.0,0.0,0.0,0.0,0.0	-34.068592072,37.8047311827957,-122.53743164786289,0.0,0.0,0.0,0.0,0.0,0.0,0.0	-34.168506622,37.8047311827957,-122.5342824457819,0.0,0.0,0.0,0.0,0.0,0.0,0.0	-39.523448944,37.8047311827957,-122.53113324370089,0.0,0.0,0.0,0.0,0.0,0.0,0.0	-42.464344025,37.8047311827957,-122.5279840416199,0.0,0.0,0.0,0.0,0.0,0.0,0.0	-43.995105743,37.8047311827957,-122.52483483953891,0.0,0.0,0.0,0.0,0.0,0.0,0.0	-45.640445709,37.8047311827957,-122.5216856374579,0.0,0.0,0.0,0.0,0.0,0.0,0.0	-40.179065704,37.8047311827957,-122.51853643537692,0.0,0.0,0.0,0.0,0.0,0.0,0.0	-37.973491669,37.8047311827957,-122.51538723329593,0.0,0.0,0.0,0.0,0.0,0.0,0.0	-43.765823364,37.8047311827957,-122.51223803121492,0.0,0.0,0.0,0.0,0.0,0.0,0.0	-48.353050232,37.8047311827957,-122.50908882913393,0.0,0.0,0.0,0.0,0.0,0.0,0.0	-50.133785248,37.8047311827957,-122.50593962705294,0.0,0.0,0.0,0.0,0.0,0.0,0.0	-49.26996994,37.8047311827957,-122.50279042497195,0.0,0.0,0.0,0.0,0.0,0.0,0.0	-46.242782593,37.8047311827957,-122.49964122289094,0.0,0.0,0.0,0.0,0.0,0.0,0.0	-47.1537323,37.8047311827957,-122.49649202080995,0.0,0.0,0.0,0.0,0.0,0.0,0.0	-48.92697525,37.8047311827957,-122.49334281872896,0.0,0.0,0.0,0.0,0.0,0.0,0.0	-41.547286987,37.8047311827957,-122.49019361664796,0.0,0.0,0.0,0.0,0.0,0.0,0.0	-34.809627533,37.8047311827957,-122.48704441456697,0.0,0.0,0.0,0.0,0.0,0.0,0.0	-1.600000024,37.8047311827957,-122.48389521248598,0.0,0.0,0.0,0.0,0.0,0.0,0.0	-1.600000024,37.8047311827957,-122.48074601040497,0.0,0.0,0.0,0.0,0.0,0.0,0.0	50.258056641,37.8047311827957,-122.47759680832398,0.0,0.0,0.0,0.0,0.0,0.0,0.0	65.246238708,37.8047311827957,-122.47444760624299,0.0,0.0,0.0,0.0,0.0,0.0,0.0	51.387226105,37.8047311827957,-122.471298404162,0.0,0.0,0.0,0.0,0.0,0.0,0.0	3.305244923,37.8047311827957,-122.468149202081,0.0,0.0,0.0,0.0,0.0,0.0,0.0	3.544017076,37.8047311827957,-122.465,0.0,0.0,0.0,0.0,0.0,0.0,0.0	3.705626726,37.8047311827957,-122.46185079791901,0.0,0.0,0.0,0.0,0.0,0.0,0.0	1.230000019,37.8047311827957,-122.45870159583801,0.0,0.0,0.0,0.0,0.0,0.0,0.0	1.230000019,37.8047311827957,-122.45555239375702,0.0,0.0,0.0,0.0,0.0,0.0,0.0	2.34548521,37.8047311827957,-122.45240319167603,0.0,0.0,0.0,0.0,0.0,0.0,0.0	3.087372303,37.8047311827957,-122.44925398959502,0.0,0.0,0.0,0.0,0.0,0.0,0.0	4.376346588,37.8047311827957,-122.44610478751403,0.0,0.0,0.0,0.0,0.0,0.0,0.0	3.725573063,37.8047311827957,-122.44295558543304,0.0,0.0,0.0,0.0,0.0,0.0,0.0	4.259892941,37.8047311827957,-122.43980638335205,0.0,0.0,0.0,0.0,0.0,0.0,0.0	4.010822296,37.8047311827957,-122.43665718127104,0.0,0.0,0.0,0.0,0.0,0.0,0.0	6.100786209,37.8047311827957,-122.43350797919005,0.0,0.0,0.0,0.0,0.0,0.0,0.0	17.652204514,37.8047311827957,-122.43035877710906,0.0,0.0,0.0,0.0,0.0,0.0,0.0	24.864097595,37.8047311827957,-122.42720957502806,0.0,0.0,0.0,0.0,0.0,0.0,0.0	22.370925903,37.8047311827957,-122.42406037294707,0.0,0.0,0.0,0.0,0.0,0.0,0.0	31.044713974,37.8047311827957,-122.42091117086608,0.0,0.0,0.0,0.0,0.0,0.0,0.0	22.466321945,37.8047311827957,-122.41776196878507,0.0,0.0,0.0,0.0,0.0,0.0,0.0	5.110836029,37.8047311827957,-122.41461276670408,0.0,0.0,0.0,0.0,0.0,0.0,0.0	6.296744823,37.8047311827957,-122.41146356462309,0.0,0.0,0.0,0.0,0.0,0.0,0.0	35.672100067,37.8047311827957,-122.4083143625421,0.0,0.0,0.0,0.0,0.0,0.0,0.0	3.445414782,37.8047311827957,-122.4051651604611,0.0,0.0,0.0,0.0,0.0,0.0,0.0	4.126244068,37.8047311827957,-122.4020159583801,0.0,0.0,0.0,0.0,0.0,0.0,0.0	-1.070000052,37.8047311827957,-122.39886675629911,0.0,0.0,0.0,0.0,0.0,0.0,0.0	-1.070000052,37.8047311827957,-122.39571755421811,0.0,0.0,0.0,0.0,0.0,0.0,0.0	0.050000001,37.8047311827957,-122.39256835213712,0.0,0.0,0.0,0.0,0.0,0.0,0.0	0.050000001,37.8047311827957,-122.38941915005613,0.0,0.0,0.0,0.0,0.0,0.0,0.0	-23.965667725,37.8047311827957,-122.38626994797514,0.0,0.0,0.0,0.0,0.0,0.0,0.0	-24.821153641,37.8047311827957,-122.38312074589413,0.0,0.0,0.0,0.0,0.0,0.0,0.0	-28.255792618,37.8047311827957,-122.37997154381314,0.0,0.0,0.0,0.0,0.0,0.0,0.0
-24.809803009,37.80258064516129,-122.55002598035057,0.0,0.0,0.0,0.0,0.0,0.0,0.0	-25.981283188,37.80258064516129,-122.54687686996722,0.0,0.0,0.0,0.0,0.0,0.0,0.0	-29.133777618,37.80258064516129,-122.54372775958386,0.0,0.0,0.0,0.0,0.0,0.0,0.0	-29.922119141,37.80258064516129,-122.54057864920051,0.0,0.0,0.0,0.0,0.0,0.0,0.0	-30.492126465,37.80258064516129,-122.53742953881715,0.0,0.0,0.0,0.0,0.0,0.0,0.0	-36.061286926,37.80258064516129,-122.5342804284338,0.0,0.0,0.0,0.0,0.0,0.0,0.0	-37.105579376,37.80258064516129,-122.53113131805044,0.0,0.0,0.0,0.0,0.0,0.0,0.0	-38.730899811,37.80258064516129,-122.5279822076671,0.0,0.0,0.0,0.0,0.0,0.0,0.0	-40.971084595,37.80258064516129,-122.52483309728373,0.0,0.0,0.0,0.0,0.0,0.0,0.0	-40.578388214,37.80258064516129,-122.52168398690038,0.0,0.0,0.0,0.0,0.0,0.0,0.0	-38.846996307,37.80258064516129,-122.51853487651702,0.0,0.0,0.0,0.0,0.0,0.0,0.0	-37.592597961,37.80258064516129,-122.51538576613368,0.0,0.0,0.0,0.0,0.0,0.0,0.0	-38.893093109,37.80258064516129,-122.51223665575031,0.0,0.0,0.0,0.0,0.0,0.0,0.0	-44.723968506,37.80258064516129,-122.50908754536697,0.0,0.0,0.0,0.0,0.0,0.0,0.0	-44.942066193,37.80258064516129,-122.5059384349836,0.0,0.0,0.0,0.0,0.0,0.0,0.0	-43.605541229,37.80258064516129,-122.50278932460026,0.0,0.0,0.0,0.0,0.0,0.0,0.0	-44.016487122,37.80258064516129,-122.4996402142169,0.0,0.0,0.0,0.0,0.0,0.0,0.0	-41.478874207,37.80258064516129,-122.49649110383355,0.0,0.0,0.0,0.0,0.0,0.0,0.0	-41.080646515,37.80258064516129,-122.49334199345019,0.0,0.0,0.0,0.0,0.0,0.0,0.0	-32.3748703,37.80258064516129,-122.49019288306684,0.0,0.0,0.0,0.0,0.0,0.0,0.0	-18.343196869,37.80258064516129,-122.48704377268348,0.0,0.0,0.0,0.0,0.0,0.0,0.0	-1.600000024,37.80258064516129,-122.48389466230013,0.0,0.0,0.0,0.0,0.0,0.0,0.0	-1.070000052,37.80258064516129,-122.48074555191677,0.0,0.0,0.0,0.0,0.0,0.0,0.0	80.129226685,37.80258064516129,-122.47759644153342,0.0,0.0,0.0,0.0,0.0,0.0,0.0	71.940841675,37.80258064516129,-122.47444733115006,0.0,0.0,0.0,0.0,0.0,0.0,0.0	54.35679245,37.80258064516129,-122.47129822076671,0.0,0.0,0.0,0.0,0.0,0.0,0.0	17.711797714,37.80258064516129,-122.46814911038335,0.0,0.0,0.0,0.0,0.0,0.0,0.0	18.157142639,37.80258064516129,-122.465,0.0,0.0,0.0,0.0,0.0,0.0,0.0	3.997753859,37.80258064516129,-122.46185088961664,0.0,0.0,0.0,0.0,0.0,0.0,0.0	3.737936974,37.80258064516129,-122.4587017792333,0.0,0.0,0.0,0.0,0.0,0.0,0.0	12.264437675,37.80258064516129,-122.45555266884993,0.0,0.0,0.0,0.0,0.0,0.0,0.0	5.088596821,37.80258064516129,-122.45240355846659,0.0,0.0,0.0,0.0,0.0,0.0,0.0	3.258779764,37.80258064516129,-122.44925444808322,0.0,0.0,0.0,0.0,0.0,0.0,0.0	4.677055836,37.80258064516129,-122.44610533769988,0.0,0.0,0.0,0.0,0.0,0.0,0.0	4.419215202,37.80258064516129,-122.44295622731651,0.0,0.0,0.0,0.0,0.0,0.0,0.0	4.684536457,37.80258064516129,-122.43980711693317,0.0,0.0,0.0,0.0,0.0,0.0,0.0	7.42364645,37.80258064516129,-122.4366580065498,0.0,0.0,0.0,0.0,0.0,0.0,0.0	10.358829498,37.80258064516129,-122.43350889616646,0.0,0.0,0.0,0.0,0.0,0.0,0.0	16.094369888,37.80258064516129,-122.4303597857831,0.0,0.0,0.0,0.0,0.0,0.0,0.0	21.623165131,37.80258064516129,-122.42721067539975,0.0,0.0,0.0,0.0,0.0,0.0,0.0	32.518047333,37.80258064516129,-122.42406156501639,0.0,0.0,0.0,0.0,0.0,0.0,0.0	76.192695618,37.80258064516129,-122.42091245463304,0.0,0.0,0.0,0.0,0.0,0.0,0.0	57.942718506,37.80258064516129,-122.41776334424969,0.0,0.0,0.0,0.0,0.0,0.0,0.0	10.06655407,37.80258064516129,-122.41461423386633,0.0,0.0,0.0,0.0,0.0,0.0,0.0	11.971158981,37.80258064516129,-122.41146512348298,0.0,0.0,0.0,0.0,0.0,0.0,0.0	47.781913757,37.80258064516129,-122.40831601309962,0.0,0.0,0.0,0.0,0.0,0.0,0.0	63.889911652,37.80258064516129,-122.40516690271627,0.0,0.0,0.0,0.0,0.0,0.0,0.0	4.061800003,37.80258064516129,-122.40201779233291,0.0,0.0,0.0,0.0,0.0,0.0,0.0	-1.070000052,37.80258064516129,-122.39886868194957,0.0,0.0,0.0,0.0,0.0,0.0,0.0	-1.070000052,37.80258064516129,-122.3957195715662,0.0,0.0,0.0,0.0,0.0,0.0,0.0	0.050000001,37.80258064516129,-122.39257046118286,0.0,0.0,0.0,0.0,0.0,0.0,0.0	0.050000001,37.80258064516129,-122.3894213507995,0.0,0.0,0.0,0.0,0.0,0.0,0.0	-22.715173721,37.80258064516129,-122.38627224041615,0.0,0.0,0.0,0.0,0.0,0.0,0.0	-24.986780167,37.80258064516129,-122.38312313003279,0.0,0.0,0.0,0.0,0.0,0.0,0.0	-25.383504868,37.80258064516129,-122.37997401964944,0.0,0.0,0.0,0.0,0.0,0.0,0.0
-25.837863922,37.800430107526886,-122.55002350477822,0.0,0.0,0.0,0.0,0.0,0.0,0.0	-27.337680817,37.800430107526886,-122.54687448608273,0.0,0.0,0.0,0.0,0.0,0.0,0.0	-26.976005554,37.800430107526886,-122.54372546738725,0.0,0.0,0.0,0.0,0.0,0.0,0.0	-27.417104721,37.800430107526886,-122.54057644869175,0.0,0.0,0.0,0.0,0.0,0.0,0.0	-30.032222748,37.800430107526886,-122.53742742999627,0.0,0.0,0.0,0.0,0.0,0.0,0.0	-32.473789215,37.800430107526886,-122.53427841130078,0.0,0.0,0.0,0.0,0.0,0.0,0.0	-34.363445282,37.800430107526886,-122.53112939260528,0.0,0.0,0.0,0.0,0.0,0.0,0.0	-40.097427368,37.800430107526886,-122.5279803739098,0.0,0.0,0.0,0.0,0.0,0.0,0.0	-34.634906769,37.800430107526886,-122.5248313552143,0.0,0.0,0.0,0.0,0.0,0.0,0.0	-37.52331543,37.800430107526886,-122.52168233651882,0.0,0.0,0.0,0.0,0.0,0.0,0.0	-39.898586273,37.800430107526886,-122.51853331782333,0.0,0.0,0.0,0.0,0.0,0.0,0.0	-41.658054352,37.800430107526886,-122.51538429912783,0.0,0.0,0.0,0.0,0.0,0.0,0.0	-43.839138031,37.800430107526886,-122.51223528043235,0.0,0.0,0.0,0.0,0.0,0.0,0.0	-44.714244843,37.800430107526886,-122.50908626173685,0.0,0.0,0.0,0.0,0.0,0.0,0.0	-44.535388947,37.800430107526886,-122.50593724304136,0.0,0.0,0.0,0.0,0.0,0.0,0.0	-44.036472321,37.800430107526886,-122.50278822434588,0.0,0.0,0.0,0.0,0.0,0.0,0.0	-41.60855484,37.800430107526886,-122.49963920565038,0.0,0.0,0.0,0.0,0.0,0.0,0.0	-38.683662415,37.800430107526886,-122.4964901869549,0.0,0.0,0.0,0.0,0.0,0.0,0.0	-28.57522583,37.800430107526886,-122.4933411682594,0.0,0.0,0.0,0.0,0.0,0.0,0.0	-15.031835556,37.800430107526886,-122.49019214956391,0.0,0.0,0.0,0.0,0.0,0.0,0.0	-20.01638031,37.800430107526886,-122.48704313086843,0.0,0.0,0.0,0.0,0.0,0.0,0.0	-1.600000024,37.800430107526886,-122.48389411217293,0.0,0.0,0.0,0.0,0.0,0.0,0.0	0.474182576,37.800430107526886,-122.48074509347745,0.0,0.0,0.0,0.0,0.0,0.0,0.0	89.705184937,37.800430107526886,-122.47759607478196,0.0,0.0,0.0,0.0,0.0,0.0,0.0	76.670623779,37.800430107526886,-122.47444705608646,0.0,0.0,0.0,0.0,0.0,0.0,0.0	53.146850586,37.800430107526886,-122.47129803739098,0.0,0.0,0.0,0.0,0.0,0.0,0.0	35.561225891,37.800430107526886,-122.46814901869548,0.0,0.0,0.0,0.0,0.0,0.0,0.0	43.937244415,37.800430107526886,-122.465,0.0,0.0,0.0,0.0,0.0,0.0,0.0	32.41475296,37.800430107526886,-122.46185098130451,0.0,0.0,0.0,0.0,0.0,0.0,0.0	20.021448135,37.800430107526886,-122.45870196260901,0.0,0.0,0.0,0.0,0.0,0.0,0.0	17.288022995,37.800430107526886,-122.45555294391353,0.0,0.0,0.0,0.0,0.0,0.0,0.0	13.866455078,37.800430107526886,-122.45240392521804,0.0,0.0,0.0,0.0,0.0,0.0,0.0	9.244129181,37.800430107526886,-122.44925490652254,0.0,0.0,0.0,0.0,0.0,0.0,0.0	5.594218731,37.800430107526886,-122.44610588782706,0.0,0.0,0.0,0.0,0.0,0.0,0.0	5.831391335,37.800430107526886,-122.44295686913156,0.0,0.0,0.0,0.0,0.0,0.0,0.0	6.110619545,37.800430107526886,-122.43980785043608,0.0,0.0,0.0,0.0,0.0,0.0,0.0	10.543073654,37.800430107526886,-122.43665883174059,0.0,0.0,0.0,0.0,0.0,0.0,0.0	13.255457878,37.800430107526886,-122.43350981304509,0.0,0.0,0.0,0.0,0.0,0.0,0.0	14.083057404,37.800430107526886,-122.43036079434961,0.0,0.0,0.0,0.0,0.0,0.0,0.0	18.537471771,37.800430107526886,-122.42721177565411,0.0,0.0,0.0,0.0,0.0,0.0,0.0	35.006404877,37.800430107526886,-122.42406275695863,0.0,0.0,0.0,0.0,0.0,0.0,0.0	74.512535095,37.800430107526886,-122.42091373826314,0.0,0.0,0.0,0.0,0.0,0.0,0.0	66.52117157,37.800430107526886,-122.41776471956764,0.0,0.0,0.0,0.0,0.0,0.0,0.0	39.205978394,37.800430107526886,-122.41461570087216,0.0,0.0,0.0,0.0,0.0,0.0,0.0	25.897785187,37.800430107526886,-122.41146668217667,0.0,0.0,0.0,0.0,0.0,0.0,0.0	29.952346802,37.800430107526886,-122.40831766348118,0.0,0.0,0.0,0.0,0.0,0.0,0.0	61.574440002,37.800430107526886,-122.40516864478569,0.0,0.0,0.0,0.0,0.0,0.0,0.0	7.776061535,37.800430107526886,-122.4020196260902,0.0,0.0,0.0,0.0,0.0,0.0,0.0	3.372737408,37.800430107526886,-122.39887060739471,0.0,0.0,0.0,0.0,0.0,0.0,0.0	-1.070000052,37.800430107526886,-122.39572158869922,0.0,0.0,0.0,0.0,0.0,0.0,0.0	-1.070000052,37.800430107526886,-122.39257257000374,0.0,0.0,0.0,0.0,0.0,0.0,0.0	0.050000001,37.800430107526886,-122.38942355130824,0.0,0.0,0.0,0.0,0.0,0.0,0.0	-22.069284439,37.800430107526886,-122.38627453261275,0.0,0.0,0.0,0.0,0.0,0.0,0.0	-24.938604355,37.800430107526886,-122.38312551391726,0.0,0.0,0.0,0.0,0.0,0.0,0.0	-28.341136932,37.800430107526886,-122.37997649522177,0.0,0.0,0.0,0.0,0.0,0.0,0.0
-24.164588928,37.79827956989247,-122.5500210294698,0.0,0.0,0.0,0.0,0.0,0.0,0.0	-25.675291061,37.79827956989247,-122.5468721024524,0.0,0.0,0.0,0.0,0.0,0.0,0.0	-25.473073959,37.79827956989247,-122.543723175435,0.0,0.0,0.0,0.0,0.0,0.0,0.0	-29.620473862,37.79827956989247,-122.5405742484176,0.0,0.0,0.0,0.0,0.0,0.0,0.0	-31.857730865,37.79827956989247,-122.5374253214002,0.0,0.0,0.0,0.0,0.0,0.0,0.0	-29.710237503,37.79827956989247,-122.5342763943828,0.0,0.0,0.0,0.0,0.0,0.0,0.0	-35.407035828,37.79827956989247,-122.5311274673654,0.0,0.0,0.0,0.0,0.0,0.0,0.0	-39.164478302,37.79827956989247,-122.527978540348,0.0,0.0,0.0,0.0,0.0,0.0,0.0	-33.409461975,37.79827956989247,-122.5248296133306,0.0,0.0,0.0,0.0,0.0,0.0,0.0	-37.669727325,37.79827956989247,-122.5216806863132,0.0,0.0,0.0,0.0,0.0,0.0,0.0	-41.506206512,37.79827956989247,-122.5185317592958,0.0,0.0,0.0,0.0,0.0,0.0,0.0	-42.609695435,37.79827956989247,-122.5153828322784,0.0,0.0,0.0,0.0,0.0,0.0,0.0	-47.199962616,37.79827956989247,-122.512233905261,0.0,0.0,0.0,0.0,0.0,0.0,0.0	-49.825569153,37.79827956989247,-122.50908497824359,0.0,0.0,0.0,0.0,0.0,0.0,0.0	-52.652481079,37.79827956989247,-122.5059360512262,0.0,0.0,0.0,0.0,0.0,0.0,0.0	-42.812725067,37.79827956989247,-122.5027871242088,0.0,0.0,0.0,0.0,0.0,0.0,0.0	-34.354175568,37.79827956989247,-122.4996381971914,0.0,0.0,0.0,0.0,0.0,0.0,0.0	-21.491744995,37.79827956989247,-122.496489270174,0.0,0.0,0.0,0.0,0.0,0.0,0.0	-14.298547745,37.79827956989247,-122.49334034315659,0.0,0.0,0.0,0.0,0.0,0.0,0.0	-13.371626854,37.79827956989247,-122.4901914161392,0.0,0.0,0.0,0.0,0.0,0.0,0.0	-1.600000024,37.79827956989247,-122.48704248912179,0.0,0.0,0.0,0.0,0.0,0.0,0.0	-1.600000024,37.79827956989247,-122.4838935621044,0.0,0.0,0.0,0.0,0.0,0.0,0.0	51.589225769,37.79827956989247,-122.48074463508699,0.0,0.0,0.0,0.0,0.0,0.0,0.0	92.809776306,37.79827956989247,-122.4775957080696,0.0,0.0,0.0,0.0,0.0,0.0,0.0	85.602226257,37.79827956989247,-122.4744467810522,0.0,0.0,0.0,0.0,0.0,0.0,0.0	69.981575012,37.79827956989247,-122.47129785403479,0.0,0.0,0.0,0.0,0.0,0.0,0.0	49.566764832,37.79827956989247,-122.4681489270174,0.0,0.0,0.0,0.0,0.0,0.0,0.0	76.098190308,37.79827956989247,-122.46499999999999,0.0,0.0,0.0,0.0,0.0,0.0,0.0	47.716636658,37.79827956989247,-122.4618510729826,0.0,0.0,0.0,0.0,0.0,0.0,0.0	29.78396225,37.79827956989247,-122.45870214596519,0.0,0.0,0.0,0.0,0.0,0.0,0.0	22.964096069,37.79827956989247,-122.45555321894778,0.0,0.0,0.0,0.0,0.0,0.0,0.0	26.559076309,37.79827956989247,-122.45240429193039,0.0,0.0,0.0,0.0,0.0,0.0,0.0	18.851722717,37.79827956989247,-122.44925536491299,0.0,0.0,0.0,0.0,0.0,0.0,0.0	12.250034332,37.79827956989247,-122.4461064378956,0.0,0.0,0.0,0.0,0.0,0.0,0.0	16.789085388,37.79827956989247,-122.44295751087819,0.0,0.0,0.0,0.0,0.0,0.0,0.0	16.468822479,37.79827956989247,-122.4398085838608,0.0,0.0,0.0,0.0,0.0,0.0,0.0	13.871046066,37.79827956989247,-122.43665965684339,0.0,0.0,0.0,0.0,0.0,0.0,0.0	17.03556633,37.79827956989247,-122.43351072982598,0.0,0.0,0.0,0.0,0.0,0.0,0.0	20.226047516,37.79827956989247,-122.43036180280859,0.0,0.0,0.0,0.0,0.0,0.0,0.0	27.490261078,37.79827956989247,-122.42721287579118,0.0,0.0,0.0,0.0,0.0,0.0,0.0	32.011726379,37.79827956989247,-122.42406394877379,0.0,0.0,0.0,0.0,0.0,0.0,0.0	65.660705566,37.79827956989247,-122.42091502175639,0.0,0.0,0.0,0.0,0.0,0.0,0.0	91.723625183,37.79827956989247,-122.41776609473898,0.0,0.0,0.0,0.0,0.0,0.0,0.0	105.848136902,37.79827956989247,-122.41461716772159,0.0,0.0,0.0,0.0,0.0,0.0,0.0	44.332229614,37.79827956989247,-122.41146824070418,0.0,0.0,0.0,0.0,0.0,0.0,0.0	28.864221573,37.79827956989247,-122.40831931368679,0.0,0.0,0.0,0.0,0.0,0.0,0.0	22.683444977,37.79827956989247,-122.40517038666938,0.0,0.0,0.0,0.0,0.0,0.0,0.0	13.294455528,37.79827956989247,-122.40202145965198,0.0,0.0,0.0,0.0,0.0,0.0,0.0	3.42419529,37.79827956989247,-122.39887253263458,0.0,0.0,0.0,0.0,0.0,0.0,0.0	-1.070000052,37.79827956989247,-122.39572360561718,0.0,0.0,0.0,0.0,0.0,0.0,0.0	-1.070000052,37.79827956989247,-122.39257467859979,0.0,0.0,0.0,0.0,0.0,0.0,0.0	-1.070000052,37.79827956989247,-122.38942575158238,0.0,0.0,0.0,0.0,0.0,0.0,0.0	0.050000001,37.79827956989247,-122.38627682456499,0.0,0.0,0.0,0.0,0.0,0.0,0.0	-23.140138626,37.79827956989247,-122.38312789754758,0.0,0.0,0.0,0.0,0.0,0.0,0.0	-28.354881287,37.79827956989247,-122.37997897053017,0.0,0.0,0.0,0.0,0.0,0.0,0.0
-22.858802795,37.796129032258065,-122.5500185544253,0.0,0.0,0.0,0.0,0.0,0.0,0.0	-25.143983841,37.796129032258065,-122.54686971907621,0.0,0.0,0.0,0.0,0.0,0.0,0.0	-26.426036835,37.796129032258065,-122.54372088372712,0.0,0.0,0.0,0.0,0.0,0.0,0.0	-26.682037354,37.796129032258065,-122.54057204837804,0.0,0.0,0.0,0.0,0.0,0.0,0.0	-27.417636871,37.796129032258065,-122.53742321302896,0.0,0.0,0.0,0.0,0.0,0.0,0.0	-31.785711288,37.796129032258065,-122.53427437767986,0.0,0.0,0.0,0.0,0.0,0.0,0.0	-34.610351562,37.796129032258065,-122.53112554233078,0.0,0.0,0.0,0.0,0.0,0.0,0.0	-36.58234787,37.796129032258065,-122.5279767069817,0.0,0.0,0.0,0.0,0.0,0.0,0.0	-36.292308807,37.796129032258065,-122.52482787163261,0.0,0.0,0.0,0.0,0.0,0.0,0.0	-38.990455627,37.796129032258065,-122.52167903628353,0.0,0.0,0.0,0.0,0.0,0.0,0.0	-41.747104645,37.796129032258065,-122.51853020093445,0.0,0.0,0.0,0.0,0.0,0.0,0.0	-42.972248077,37.796129032258065,-122.51538136558536,0.0,0.0,0.0,0.0,0.0,0.0,0.0	-50.637500763,37.796129032258065,-122.51223253023628,0.0,0.0,0.0,0.0,0.0,0.0,0.0	-52.175880432,37.796129032258065,-122.5090836948872,0.0,0.0,0.0,0.0,0.0,0.0,0.0	-43.343585968,37.796129032258065,-122.5059348595381,0.0,0.0,0.0,0.0,0.0,0.0,0.0	-22.486888885,37.796129032258065,-122.50278602418902,0.0,0.0,0.0,0.0,0.0,0.0,0.0	-17.379421234,37.796129032258065,-122.49963718883994,0.0,0.0,0.0,0.0,0.0,0.0,0.0	-1.600000024,37.796129032258065,-122.49648835349085,0.0,0.0,0.0,0.0,0.0,0.0,0.0	-1.600000024,37.796129032258065,-122.49333951814177,0.0,0.0,0.0,0.0,0.0,0.0,0.0	-1.600000024,37.796129032258065,-122.49019068279269,0.0,0.0,0.0,0.0,0.0,0.0,0.0	-1.600000024,37.796129032258065,-122.48704184744359,0.0,0.0,0.0,0.0,0.0,0.0,0.0	-1.600000024,37.796129032258065,-122.48389301209451,0.0,0.0,0.0,0.0,0.0,0.0,0.0	36.097724915,37.796129032258065,-122.48074417674543,0.0,0.0,0.0,0.0,0.0,0.0,0.0	99.708145142,37.796129032258065,-122.47759534139634,0.0,0.0,0.0,0.0,0.0,0.0,0.0	102.747886658,37.796129032258065,-122.47444650604726,0.0,0.0,0.0,0.0,0.0,0.0,0.0	91.954627991,37.796129032258065,-122.47129767069818,0.0,0.0,0.0,0.0,0.0,0.0,0.0	85.315055847,37.796129032258065,-122.46814883534908,0.0,0.0,0.0,0.0,0.0,0.0,0.0	96.898338318,37.796129032258065,-122.465,0.0,0.0,0.0,0.0,0.0,0.0,0.0	57.91607666,37.796129032258065,-122.46185116465092,0.0,0.0,0.0,0.0,0.0,0.0,0.0	37.939289093,37.796129032258065,-122.45870232930183,0.0,0.0,0.0,0.0,0.0,0.0,0.0	17.03783226,37.796129032258065,-122.45555349395275,0.0,0.0,0.0,0.0,0.0,0.0,0.0	32.593467712,37.796129032258065,-122.45240465860367,0.0,0.0,0.0,0.0,0.0,0.0,0.0	47.883666992,37.796129032258065,-122.44925582325457,0.0,0.0,0.0,0.0,0.0,0.0,0.0	29.8033638,37.796129032258065,-122.4461069879055,0.0,0.0,0.0,0.0,0.0,0.0,0.0	47.531959534,37.796129032258065,-122.44295815255641,0.0,0.0,0.0,0.0,0.0,0.0,0.0	46.319332123,37.796129032258065,-122.43980931720732,0.0,0.0,0.0,0.0,0.0,0.0,0.0	27.150232315,37.796129032258065,-122.43666048185824,0.0,0.0,0.0,0.0,0.0,0.0,0.0	42.435836792,37.796129032258065,-122.43351164650916,0.0,0.0,0.0,0.0,0.0,0.0,0.0	40.619346619,37.796129032258065,-122.43036281116007,0.0,0.0,0.0,0.0,0.0,0.0,0.0	43.437152863,37.796129032258065,-122.42721397581099,0.0,0.0,0.0,0.0,0.0,0.0,0.0	46.441253662,37.796129032258065,-122.4240651404619,0.0,0.0,0.0,0.0,0.0,0.0,0.0	48.601516724,37.796129032258065,-122.42091630511281,0.0,0.0,0.0,0.0,0.0,0.0,0.0	68.095176697,37.796129032258065,-122.41776746976373,0.0,0.0,0.0,0.0,0.0,0.0,0.0	79.314125061,37.796129032258065,-122.41461863441464,0.0,0.0,0.0,0.0,0.0,0.0,0.0	53.52570343,37.796129032258065,-122.41146979906556,0.0,0.0,0.0,0.0,0.0,0.0,0.0	30.851638794,37.796129032258065,-122.40832096371648,0.0,0.0,0.0,0.0,0.0,0.0,0.0	10.039465904,37.796129032258065,-122.40517212836738,0.0,0.0,0.0,0.0,0.0,0.0,0.0	4.898239613,37.796129032258065,-122.4020232930183,0.0,0.0,0.0,0.0,0.0,0.0,0.0	3.394591331,37.796129032258065,-122.39887445766922,0.0,0.0,0.0,0.0,0.0,0.0,0.0	2.986330271,37.796129032258065,-122.39572562232013,0.0,0.0,0.0,0.0,0.0,0.0,0.0	-1.070000052,37.796129032258065,-122.39257678697105,0.0,0.0,0.0,0.0,0.0,0.0,0.0	-1.070000052,37.796129032258065,-122.38942795162197,0.0,0.0,0.0,0.0,0.0,0.0,0.0	0.050000001,37.796129032258065,-122.38627911627287,0.0,0.0,0.0,0.0,0.0,0.0,0.0	-22.78751564,37.796129032258065,-122.3831302809238,0.0,0.0,0.0,0.0,0.0,0.0,0.0	-1.070000052,37.796129032258065,-122.37998144557471,0.0,0.0,0.0,0.0,0.0,0.0,0.0
-23.765766144,37.79397849462366,-122.55001607964464,0.0,0.0,0.0,0.0,0.0,0.0,0.0	-24.782421112,37.79397849462366,-122.54686733595409,0.0,0.0,0.0,0.0,0.0,0.0,0.0	-25.069526672,37.79397849462366,-122.54371859226355,0.0,0.0,0.0,0.0,0.0,0.0,0.0	-26.342802048,37.79397849462366,-122.54056984857301,0.0,0.0,0.0,0.0,0.0,0.0,0.0	-26.988653183,37.79397849462366,-122.53742110488247,0.0,0.0,0.0,0.0,0.0,0.0,0.0	-27.732851028,37.79397849462366,-122.53427236119192,0.0,0.0,0.0,0.0,0.0,0.0,0.0	-30.834783554,37.79397849462366,-122.53112361750138,0.0,0.0,0.0,0.0,0.0,0.0,0.0	-31.189435959,37.79397849462366,-122.52797487381083,0.0,0.0,0.0,0.0,0.0,0.0,0.0	-32.601005554,37.79397849462366,-122.5248261301203,0.0,0.0,0.0,0.0,0.0,0.0,0.0	-35.636867523,37.79397849462366,-122.52167738642976,0.0,0.0,0.0,0.0,0.0,0.0,0.0	-37.321990967,37.79397849462366,-122.51852864273921,0.0,0.0,0.0,0.0,0.0,0.0,0.0	-42.155563354,37.79397849462366,-122.51537989904867,0.0,0.0,0.0,0.0,0.0,0.0,0.0	-27.605234146,37.79397849462366,-122.51223115535814,0.0,0.0,0.0,0.0,0.0,0.0,0.0	-28.701194763,37.79397849462366,-122.50908241166759,0.0,0.0,0.0,0.0,0.0,0.0,0.0	-1.600000024,37.79397849462366,-122.50593366797705,0.0,0.0,0.0,0.0,0.0,0.0,0.0	-1.600000024,37.79397849462366,-122.5027849242865,0.0,0.0,0.0,0.0,0.0,0.0,0.0	-1.600000024,37.79397849462366,-122.49963618059596,0.0,0.0,0.0,0.0,0.0,0.0,0.0	-1.600000024,37.79397849462366,-122.49648743690543,0.0,0.0,0.0,0.0,0.0,0.0,0.0	-1.600000024,37.79397849462366,-122.49333869321488,0.0,0.0,0.0,0.0,0.0,0.0,0.0	-1.600000024,37.79397849462366,-122.49018994952434,0.0,0.0,0.0,0.0,0.0,0.0,0.0	-1.600000024,37.79397849462366,-122.48704120583379,0.0,0.0,0.0,0.0,0.0,0.0,0.0	-0.150000051,37.79397849462366,-122.48389246214325,0.0,0.0,0.0,0.0,0.0,0.0,0.0	34.742950439,37.79397849462366,-122.48074371845271,0.0,0.0,0.0,0.0,0.0,0.0,0.0	75.608161926,37.79397849462366,-122.47759497476217,0.0,0.0,0.0,0.0,0.0,0.0,0.0	103.354751587,37.79397849462366,-122.47444623107162,0.0,0.0,0.0,0.0,0.0,0.0,0.0	87.467124939,37.79397849462366,-122.47129748738108,0.0,0.0,0.0,0.0,0.0,0.0,0.0	89.721420288,37.79397849462366,-122.46814874369055,0.0,0.0,0.0,0.0,0.0,0.0,0.0	115.535621643,37.79397849462366,-122.465,0.0,0.0,0.0,0.0,0.0,0.0,0.0	83.864517212,37.79397849462366,-122.46185125630946,0.0,0.0,0.0,0.0,0.0,0.0,0.0	43.41841507,37.79397849462366,-122.45870251261891,0.0,0.0,0.0,0.0,0.0,0.0,0.0	22.614082336,37.79397849462366,-122.45555376892837,0.0,0.0,0.0,0.0,0.0,0.0,0.0	38.029224396,37.79397849462366,-122.45240502523784,0.0,0.0,0.0,0.0,0.0,0.0,0.0	65.125236511,37.79397849462366,-122.44925628154729,0.0,0.0,0.0,0.0,0.0,0.0,0.0	73.188789368,37.79397849462366,-122.44610753785675,0.0,0.0,0.0,0.0,0.0,0.0,0.0	75.160896301,37.79397849462366,-122.4429587941662,0.0,0.0,0.0,0.0,0.0,0.0,0.0	74.325813293,37.79397849462366,-122.43981005047566,0.0,0.0,0.0,0.0,0.0,0.0,0.0	56.641326904,37.79397849462366,-122.43666130678513,0.0,0.0,0.0,0.0,0.0,0.0,0.0	81.447692871,37.79397849462366,-122.43351256309458,0.0,0.0,0.0,0.0,0.0,0.0,0.0	77.628601074,37.79397849462366,-122.43036381940404,0.0,0.0,0.0,0.0,0.0,0.0,0.0	71.264816284,37.79397849462366,-122.42721507571349,0.0,0.0,0.0,0.0,0.0,0.0,0.0	64.925582886,37.79397849462366,-122.42406633202296,0.0,0.0,0.0,0.0,0.0,0.0,0.0	59.072444916,37.79397849462366,-122.42091758833241,0.0,0.0,0.0,0.0,0.0,0.0,0.0	79.668640137,37.79397849462366,-122.41776884464187,0.0,0.0,0.0,0.0,0.0,0.0,0.0	104.992134094,37.79397849462366,-122.41462010095132,0.0,0.0,0.0,0.0,0.0,0.0,0.0	66.184967041,37.79397849462366,-122.41147135726078,0.0,0.0,0.0,0.0,0.0,0.0,0.0	43.233524323,37.79397849462366,-122.40832261357025,0.0,0.0,0.0,0.0,0.0,0.0,0.0	15.792239189,37.79397849462366,-122.4051738698797,0.0,0.0,0.0,0.0,0.0,0.0,0.0	5.1324687,37.79397849462366,-122.40202512618916,0.0,0.0,0.0,0.0,0.0,0.0,0.0	3.49552393,37.79397849462366,-122.39887638249861,0.0,0.0,0.0,0.0,0.0,0.0,0.0	3.463205338,37.79397849462366,-122.39572763880807,0.0,0.0,0.0,0.0,0.0,0.0,0.0	2.880501032,37.79397849462366,-122.39257889511754,0.0,0.0,0.0,0.0,0.0,0.0,0.0	-1.070000052,37.79397849462366,-122.38943015142699,0.0,0.0,0.0,0.0,0.0,0.0,0.0	-1.070000052,37.79397849462366,-122.38628140773645,0.0,0.0,0.0,0.0,0.0,0.0,0.0	-1.070000052,37.79397849462366,-122.3831326640459,0.0,0.0,0.0,0.0,0.0,0.0,0.0	-24.463890076,37.79397849462366,-122.37998392035537,0.0,0.0,0.0,0.0,0.0,0.0,0.0
-23.186187744,37.79182795698925,-122.55001360512782,13.396276692827158,577.1066666666668,1004.8126666666666,0.5743425474333858,2.4065642181944935,139.5512214354583,77.74553253627818	-24.529867172,37.79182795698925,-122.54686495308604,13.396276692827158,577.1066666666668,1004.8126666666666,0.5743425474333858,2.4065642181944935,139.5512214354583,77.74553253627818	-25.669313431,37.79182795698925,-122.54371630104427,0.0,0.0,0.0,0.0,0.0,0.0,0.0	-26.60177803,37.79182795698925,-122.5405676490025,0.0,0.0,0.0,0.0,0.0,0.0,0.0	-26.974853516,37.79182795698925,-122.53741899696074,0.0,0.0,0.0,0.0,0.0,0.0,0.0	-28.563714981,37.79182795698925,-122.53427034491897,0.0,0.0,0.0,0.0,0.0,0.0,0.0	-30.451797485,37.79182795698925,-122.53112169287719,0.0,0.0,0.0,0.0,0.0,0.0,0.0	-31.979663849,37.79182795698925,-122.52797304083542,0.0,0.0,0.0,0.0,0.0,0.0,0.0	-33.642341614,37.79182795698925,-122.52482438879365,0.0,0.0,0.0,0.0,0.0,0.0,0.0	-35.580219269,37.79182795698925,-122.52167573675187,0.0,0.0,0.0,0.0,0.0,0.0,0.0	-35.814983368,37.79182795698925,-122.5185270847101,0.0,0.0,0.0,0.0,0.0,0.0,0.0	-1.600000024,37.79182795698925,-122.51537843266834,0.0,0.0,0.0,0.0,0.0,0.0,0.0	-1.600000024,37.79182795698925,-122.51222978062657,0.0,0.0,0.0,0.0,0.0,0.0,0.0	-1.600000024,37.79182795698925,-122.5090811285848,0.0,0.0,0.0,0.0,0.0,0.0,0.0	-1.600000024,37.79182795698925,-122.50593247654302,0.0,0.0,0.0,0.0,0.0,0.0,0.0	-1.600000024,37.79182795698925,-122.50278382450125,0.0,0.0,0.0,0.0,0.0,0.0,0.0	-1.600000024,37.79182795698925,-122.49963517245948,0.0,0.0,0.0,0.0,0.0,0.0,0.0	-1.600000024,37.79182795698925,-122.4964865204177,0.0,0.0,0.0,0.0,0.0,0.0,0.0	-1.600000024,37.79182795698925,-122.49333786837595,0.0,0.0,0.0,0.0,0.0,0.0,0.0	-1.600000024,37.79182795698925,-122.49018921633417,0.0,0.0,0.0,0.0,0.0,0.0,0.0	-1.600000024,37.79182795698925,-122.4870405642924,0.0,0.0,0.0,0.0,0.0,0.0,0.0	11.624019623,37.79182795698925,-122.48389191225063,0.0,0.0,0.0,0.0,0.0,0.0,0.0	37.144260406,37.79182795698925,-122.48074326020885,0.0,0.0,0.0,0.0,0.0,0.0,0.0	70.333564758,37.79182795698925,-122.47759460816708,0.0,0.0,0.0,0.0,0.0,0.0,0.0	86.731163025,37.79182795698925,-122.47444595612531,0.0,0.0,0.0,0.0,0.0,0.0,0.0	68.906333923,37.79182795698925,-122.47129730408355,0.0,0.0,0.0,0.0,0.0,0.0,0.0	66.899848938,37.79182795698925,-122.46814865204178,0.0,0.0,0.0,0.0,0.0,0.0,0.0	95.952018738,37.79182795698925,-122.465,0.0,0.0,0.0,0.0,0.0,0.0,0.0	101.462417603,37.79182795698925,-122.46185134795823,0.0,0.0,0.0,0.0,0.0,0.0,0.0	86.899978638,37.79182795698925,-122.45870269591646,0.0,0.0,0.0,0.0,0.0,0.0,0.0	45.461978912,37.79182795698925,-122.45555404387468,0.0,0.0,0.0,0.0,0.0,0.0,0.0	52.738395691,37.79182795698925,-122.45240539183293,0.0,0.0,0.0,0.0,0.0,0.0,0.0	71.214385986,37.79182795698925,-122.44925673979115,0.0,0.0,0.0,0.0,0.0,0.0,0.0	115.974227905,37.79182795698925,-122.44610808774938,0.0,0.0,0.0,0.0,0.0,0.0,0.0	94.231895447,37.79182795698925,-122.4429594357076,0.0,0.0,0.0,0.0,0.0,0.0,0.0	91.268974304,37.79182795698925,-122.43981078366583,0.0,0.0,0.0,0.0,0.0,0.0,0.0	82.5207901,37.79182795698925,-122.43666213162406,0.0,0.0,0.0,0.0,0.0,0.0,0.0	73.22454834,37.79182795698925,-122.43351347958229,0.0,0.0,0.0,0.0,0.0,0.0,0.0	93.433074951,37.79182795698925,-122.43036482754053,0.0,0.0,0.0,0.0,0.0,0.0,0.0	114.226593018,37.79182795698925,-122.42721617549876,0.0,0.0,0.0,0.0,0.0,0.0,0.0	71.215255737,37.79182795698925,-122.42406752345698,0.0,0.0,0.0,0.0,0.0,0.0,0.0	55.904361725,37.79182795698925,-122.42091887141521,0.0,0.0,0.0,0.0,0.0,0.0,0.0	75.907752991,37.79182795698925,-122.41777021937344,0.0,0.0,0.0,0.0,0.0,0.0,0.0	99.848571777,37.79182795698925,-122.41462156733166,0.0,0.0,0.0,0.0,0.0,0.0,0.0	87.675270081,37.79182795698925,-122.41147291528989,0.0,0.0,0.0,0.0,0.0,0.0,0.0	68.161972046,37.79182795698925,-122.40832426324813,0.0,0.0,0.0,0.0,0.0,0.0,0.0	30.42748642,37.79182795698925,-122.40517561120636,0.0,0.0,0.0,0.0,0.0,0.0,0.0	6.8917799,37.79182795698925,-122.40202695916459,0.0,0.0,0.0,0.0,0.0,0.0,0.0	4.202001095,37.79182795698925,-122.39887830712281,0.0,0.0,0.0,0.0,0.0,0.0,0.0	3.625874758,37.79182795698925,-122.39572965508104,0.0,0.0,0.0,0.0,0.0,0.0,0.0	4.046568871,37.79182795698925,-122.39258100303927,0.0,0.0,0.0,0.0,0.0,0.0,0.0	-1.070000052,37.79182795698925,-122.3894323509975,0.0,0.0,0.0,0.0,0.0,0.0,0.0	-1.070000052,37.79182795698925,-122.38628369895574,0.0,0.0,0.0,0.0,0.0,0.0,0.0	-1.070000052,37.79182795698925,-122.38313504691396,0.0,0.0,0.0,0.0,0.0,0.0,0.0	-23.58433342,37.79182795698925,-122.37998639487219,0.0,0.0,0.0,0.0,0.0,0.0,0.0
-23.40735817,37.78967741935484,-122.5500111308748,0.0,0.0,0.0,0.0,0.0,0.0,0.0	-24.286188126,37.78967741935484,-122.54686257047203,0.0,0.0,0.0,0.0,0.0,0.0,0.0	-25.348434448,37.78967741935484,-122.54371401006925,0.0,0.0,0.0,0.0,0.0,0.0,0.0	-26.736471176,37.78967741935484,-122.54056544966649,0.0,0.0,0.0,0.0,0.0,0.0,0.0	-27.510730743,37.78967741935484,-122.53741688926371,0.0,0.0,0.0,0.0,0.0,0.0,0.0	-28.669303894,37.78967741935484,-122.53426832886095,0.0,0.0,0.0,0.0,0.0,0.0,0.0	-29.443759918,37.78967741935484,-122.53111976845817,0.0,0.0,0.0,0.0,0.0,0.0,0.0	-32.860675812,37.78967741935484,-122.5279712080554,0.0,0.0,0.0,0.0,0.0,0.0,0.0	-31.949625015,37.78967741935484,-122.52482264765263,0.0,0.0,0.0,0.0,0.0,0.0,0.0	-32.98764801,37.78967741935484,-122.52167408724986,0.0,0.0,0.0,0.0,0.0,0.0,0.0	-32.998588562,37.78967741935484,-122.51852552684709,0.0,0.0,0.0,0.0,0.0,0.0,0.0	-1.600000024,37.78967741935484,-122.51537696644432,0.0,0.0,0.0,0.0,0.0,0.0,0.0	-1.600000024,37.78967741935484,-122.51222840604154,0.0,0.0,0.0,0.0,0.0,0.0,0.0	-1.600000024,37.78967741935484,-122.50907984563878,0.0,0.0,0.0,0.0,0.0,0.0,0.0	-1.600000024,37.78967741935484,-122.50593128523602,0.0,0.0,0.0,0.0,0.0,0.0,0.0	-1.600000024,37.78967741935484,-122.50278272483324,0.0,0.0,0.0,0.0,0.0,0.0,0.0	-1.600000024,37.78967741935484,-122.49963416443047,0.0,0.0,0.0,0.0,0.0,0.0,0.0	-1.600000024,37.78967741935484,-122.4964856040277,0.0,0.0,0.0,0.0,0.0,0.0,0.0	-1.600000024,37.78967741935484,-122.49333704362493,0.0,0.0,0.0,0.0,0.0,0.0,0.0	-1.070000052,37.78967741935484,-122.49018848322216,0.0,0.0,0.0,0.0,0.0,0.0,0.0	2.70206666,37.78967741935484,-122.48703992281939,0.0,0.0,0.0,0.0,0.0,0.0,0.0	16.615600586,37.78967741935484,-122.48389136241661,0.0,0.0,0.0,0.0,0.0,0.0,0.0	36.486984253,37.78967741935484,-122.48074280201385,0.0,0.0,0.0,0.0,0.0,0.0,0.0	59.684249878,37.78967741935484,-122.47759424161107,0.0,0.0,0.0,0.0,0.0,0.0,0.0	71.841880798,37.78967741935484,-122.47444568120831,0.0,0.0,0.0,0.0,0.0,0.0,0.0	49.293521881,37.78967741935484,-122.47129712080553,0.0,0.0,0.0,0.0,0.0,0.0,0.0	54.202560425,37.78967741935484,-122.46814856040277,0.0,0.0,0.0,0.0,0.0,0.0,0.0	64.116493225,37.78967741935484,-122.46499999999999,0.0,0.0,0.0,0.0,0.0,0.0,0.0	87.81539917,37.78967741935484,-122.46185143959723,0.0,0.0,0.0,0.0,0.0,0.0,0.0	89.882133484,37.78967741935484,-122.45870287919446,0.0,0.0,0.0,0.0,0.0,0.0,0.0	77.819259644,37.78967741935484,-122.45555431879168,0.0,0.0,0.0,0.0,0.0,0.0,0.0	75.362617493,37.78967741935484,-122.45240575838892,0.0,0.0,0.0,0.0,0.0,0.0,0.0	89.236785889,37.78967741935484,-122.44925719798614,0.0,0.0,0.0,0.0,0.0,0.0,0.0	91.183982849,37.78967741935484,-122.44610863758338,0.0,0.0,0.0,0.0,0.0,0.0,0.0	70.608604431,37.78967741935484,-122.4429600771806,0.0,0.0,0.0,0.0,0.0,0.0,0.0	67.794471741,37.78967741935484,-122.43981151677784,0.0,0.0,0.0,0.0,0.0,0.0,0.0	59.692295074,37.78967741935484,-122.43666295637506,0.0,0.0,0.0,0.0,0.0,0.0,0.0	62.342536926,37.78967741935484,-122.4335143959723,0.0,0.0,0.0,0.0,0.0,0.0,0.0	84.445098877,37.78967741935484,-122.43036583556952,0.0,0.0,0.0,0.0,0.0,0.0,0.0	88.887237549,37.78967741935484,-122.42721727516675,0.0,0.0,0.0,0.0,0.0,0.0,0.0	70.894393921,37.78967741935484,-122.42406871476398,0.0,0.0,0.0,0.0,0.0,0.0,0.0	51.722682953,37.78967741935484,-122.42092015436121,0.0,0.0,0.0,0.0,0.0,0.0,0.0	61.02040863,37.78967741935484,-122.41777159395845,0.0,0.0,0.0,0.0,0.0,0.0,0.0	63.725528717,37.78967741935484,-122.41462303355567,0.0,0.0,0.0,0.0,0.0,0.0,0.0	53.19411087,37.78967741935484,-122.41147447315291,0.0,0.0,0.0,0.0,0.0,0.0,0.0	36.435108185,37.78967741935484,-122.40832591275013,0.0,0.0,0.0,0.0,0.0,0.0,0.0	18.568349838,37.78967741935484,-122.40517735234737,0.0,0.0,0.0,0.0,0.0,0.0,0.0	10.864212036,37.78967741935484,-122.40202879194459,0.0,0.0,0.0,0.0,0.0,0.0,0.0	5.528714657,37.78967741935484,-122.39888023154182,0.0,0.0,0.0,0.0,0.0,0.0,0.0	4.630789757,37.78967741935484,-122.39573167113905,0.0,0.0,0.0,0.0,0.0,0.0,0.0	4.660345078,37.78967741935484,-122.39258311073628,0.0,0.0,0.0,0.0,0.0,0.0,0.0	4.801997662,37.78967741935484,-122.3894345503335,0.0,0.0,0.0,0.0,0.0,0.0,0.0	-1.070000052,37.78967741935484,-122.38628598993074,0.0,0.0,0.0,0.0,0.0,0.0,0.0	0.050000001,37.78967741935484,-122.38313742952796,0.0,0.0,0.0,0.0,0.0,0.0,0.0	-23.069723129,37.78967741935484,-122.3799888691252,0.0,0.0,0.0,0.0,0.0,0.0,0.0
-22.902734756,37.78752688172043,-122.55000865688555,0.0,0.0,0.0,0.0,0.0,0.0,0.0	-23.780593872,37.78752688172043,-122.546860188112,0.0,0.0,0.0,0.0,0.0,0.0,0.0	-25.066194534,37.78752688172043,-122.54371171933848,0.0,0.0,0.0,0.0,0.0,0.0,0.0	-26.362743378,37.78752688172043,-122.54056325056493,0.0,0.0,0.0,0.0,0.0,0.0,0.0	-27.09577179,37.78752688172043,-122.5374147817914,0.0,0.0,0.0,0.0,0.0,0.0,0.0	-27.419654846,37.78752688172043,-122.53426631301785,0.0,0.0,0.0,0.0,0.0,0.0,0.0	-29.947359085,37.78752688172043,-122.53111784424432,0.0,0.0,0.0,0.0,0.0,0.0,0.0	-30.175916672,37.78752688172043,-122.52796937547078,0.0,0.0,0.0,0.0,0.0,0.0,0.0	-30.671033859,37.78752688172043,-122.52482090669724,0.0,0.0,0.0,0.0,0.0,0.0,0.0	-28.766672134,37.78752688172043,-122.5216724379237,0.0,0.0,0.0,0.0,0.0,0.0,0.0	-30.219142914,37.78752688172043,-122.51852396915017,0.0,0.0,0.0,0.0,0.0,0.0,0.0	-1.600000024,37.78752688172043,-122.51537550037662,0.0,0.0,0.0,0.0,0.0,0.0,0.0	-1.600000024,37.78752688172043,-122.51222703160309,0.0,0.0,0.0,0.0,0.0,0.0,0.0	-1.600000024,37.78752688172043,-122.50907856282954,0.0,0.0,0.0,0.0,0.0,0.0,0.0	15.074112892,37.78752688172043,-122.50593009405601,0.0,0.0,0.0,0.0,0.0,0.0,0.0	62.649845123,37.78752688172043,-122.50278162528247,0.0,0.0,0.0,0.0,0.0,0.0,0.0	68.480064392,37.78752688172043,-122.49963315650892,0.0,0.0,0.0,0.0,0.0,0.0,0.0	-1.070000052,37.78752688172043,-122.49648468773539,0.0,0.0,0.0,0.0,0.0,0.0,0.0	6.75647068,37.78752688172043,-122.49333621896184,0.0,0.0,0.0,0.0,0.0,0.0,0.0	28.992269516,37.78752688172043,-122.49018775018831,0.0,0.0,0.0,0.0,0.0,0.0,0.0	36.126911163,37.78752688172043,-122.48703928141477,0.0,0.0,0.0,0.0,0.0,0.0,0.0	20.128814697,37.78752688172043,-122.48389081264123,0.0,0.0,0.0,0.0,0.0,0.0,0.0	22.925428391,37.78752688172043,-122.48074234386769,0.0,0.0,0.0,0.0,0.0,0.0,0.0	26.133996964,37.78752688172043,-122.47759387509416,0.0,0.0,0.0,0.0,0.0,0.0,0.0	50.829925537,37.78752688172043,-122.47444540632061,0.0,0.0,0.0,0.0,0.0,0.0,0.0	41.369998932,37.78752688172043,-122.47129693754708,0.0,0.0,0.0,0.0,0.0,0.0,0.0	51.219524384,37.78752688172043,-122.46814846877353,0.0,0.0,0.0,0.0,0.0,0.0,0.0	60.123413086,37.78752688172043,-122.465,0.0,0.0,0.0,0.0,0.0,0.0,0.0	66.663192749,37.78752688172043,-122.46185153122646,0.0,0.0,0.0,0.0,0.0,0.0,0.0	72.89176178,37.78752688172043,-122.45870306245291,0.0,0.0,0.0,0.0,0.0,0.0,0.0	85.241783142,37.78752688172043,-122.45555459367938,0.0,0.0,0.0,0.0,0.0,0.0,0.0	84.765090942,37.78752688172043,-122.45240612490583,0.0,0.0,0.0,0.0,0.0,0.0,0.0	85.277030945,37.78752688172043,-122.4492576561323,0.0,0.0,0.0,0.0,0.0,0.0,0.0	73.923614502,37.78752688172043,-122.44610918735876,0.0,0.0,0.0,0.0,0.0,0.0,0.0	57.707019806,37.78752688172043,-122.44296071858523,0.0,0.0,0.0,0.0,0.0,0.0,0.0	50.178157806,37.78752688172043,-122.43981224981168,0.0,0.0,0.0,0.0,0.0,0.0,0.0	44.718147278,37.78752688172043,-122.43666378103815,0.0,0.0,0.0,0.0,0.0,0.0,0.0	50.552371979,37.78752688172043,-122.4335153122646,0.0,0.0,0.0,0.0,0.0,0.0,0.0	56.439926147,37.78752688172043,-122.43036684349107,0.0,0.0,0.0,0.0,0.0,0.0,0.0	72.020866394,37.78752688172043,-122.42721837471753,0.0,0.0,0.0,0.0,0.0,0.0,0.0	64.207145691,37.78752688172043,-122.424069905944,0.0,0.0,0.0,0.0,0.0,0.0,0.0	48.701637268,37.78752688172043,-122.42092143717045,0.0,0.0,0.0,0.0,0.0,0.0,0.0	40.158187866,37.78752688172043,-122.41777296839692,0.0,0.0,0.0,0.0,0.0,0.0,0.0	47.961345673,37.78752688172043,-122.41462449962337,0.0,0.0,0.0,0.0,0.0,0.0,0.0	32.377494812,37.78752688172043,-122.41147603084983,0.0,0.0,0.0,0.0,0.0,0.0,0.0	21.577959061,37.78752688172043,-122.4083275620763,0.0,0.0,0.0,0.0,0.0,0.0,0.0	15.691130638,37.78752688172043,-122.40517909330275,0.0,0.0,0.0,0.0,0.0,0.0,0.0	6.278999329,37.78752688172043,-122.40203062452922,0.0,0.0,0.0,0.0,0.0,0.0,0.0	7.299623013,37.78752688172043,-122.39888215575567,0.0,0.0,0.0,0.0,0.0,0.0,0.0	9.701197624,37.78752688172043,-122.39573368698214,0.0,0.0,0.0,0.0,0.0,0.0,0.0	15.833434105,37.78752688172043,-122.3925852182086,0.0,0.0,0.0,0.0,0.0,0.0,0.0	5.467831612,37.78752688172043,-122.38943674943506,0.0,0.0,0.0,0.0,0.0,0.0,0.0	-1.070000052,37.78752688172043,-122.38628828066152,0.0,0.0,0.0,0.0,0.0,0.0,0.0	-1.070000052,37.78752688172043,-122.38313981188799,0.0,0.0,0.0,0.0,0.0,0.0,0.0	-19.700756073,37.78752688172043,-122.37999134311444,0.0,0.0,0.0,0.0,0.0,0.0,0.0
-22.229558945,37.785376344086025,-122.55000618316005,0.0,0.0,0.0,0.0,0.0,0.0,0.0	-23.611219406,37.785376344086025,-122.54685780600597,0.0,0.0,0.0,0.0,0.0,0.0,0.0	-24.512590408,37.785376344086025,-122.5437094288519,0.0,0.0,0.0,0.0,0.0,0.0,0.0	-25.330839157,37.785376344086025,-122.54056105169782,0.0,0.0,0.0,0.0,0.0,0.0,0.0	-26.539916992,37.785376344086025,-122.53741267454375,0.0,0.0,0.0,0.0,0.0,0.0,0.0	-27.421449661,37.785376344086025,-122.53426429738967,0.0,0.0,0.0,0.0,0.0,0.0,0.0	-29.021112442,37.785376344086025,-122.53111592023559,0.0,0.0,0.0,0.0,0.0,0.0,0.0	-29.278551102,37.785376344086025,-122.52796754308152,0.0,0.0,0.0,0.0,0.0,0.0,0.0	-28.617206573,37.785376344086025,-122.52481916592744,0.0,0.0,0.0,0.0,0.0,0.0,0.0	-23.726491928,37.785376344086025,-122.52167078877336,0.0,0.0,0.0,0.0,0.0,0.0,0.0	0.0,37.785376344086025,-122.51852241161929,0.0,0.0,0.0,0.0,0.0,0.0,0.0	0.0,37.785376344086025,-122.51537403446521,0.0,0.0,0.0,0.0,0.0,0.0,0.0	-1.600000024,37.785376344086025,-122.51222565731113,0.0,0.0,0.0,0.0,0.0,0.0,0.0	2.80673337,37.785376344086025,-122.50907728015706,0.0,0.0,0.0,0.0,0.0,0.0,0.0	45.995582581,37.785376344086025,-122.50592890300298,0.0,0.0,0.0,0.0,0.0,0.0,0.0	84.274780273,37.785376344086025,-122.5027805258489,0.0,0.0,0.0,0.0,0.0,0.0,0.0	112.861656189,37.785376344086025,-122.49963214869483,0.0,0.0,0.0,0.0,0.0,0.0,0.0	85.444145203,37.785376344086025,-122.49648377154075,0.0,0.0,0.0,0.0,0.0,0.0,0.0	65.519363403,37.785376344086025,-122.49333539438668,0.0,0.0,0.0,0.0,0.0,0.0,0.0	50.250236511,37.785376344086025,-122.4901870172326,0.0,0.0,0.0,0.0,0.0,0.0,0.0	47.482582092,37.785376344086025,-122.48703864007852,0.0,0.0,0.0,0.0,0.0,0.0,0.0	41.535449982,37.785376344086025,-122.48389026292445,0.0,0.0,0.0,0.0,0.0,0.0,0.0	41.10244751,37.785376344086025,-122.48074188577037,0.0,0.0,0.0,0.0,0.0,0.0,0.0	39.841915131,37.785376344086025,-122.4775935086163,0.0,0.0,0.0,0.0,0.0,0.0,0.0	42.121696472,37.785376344086025,-122.47444513146222,0.0,0.0,0.0,0.0,0.0,0.0,0.0	45.597507477,37.785376344086025,-122.47129675430814,0.0,0.0,0.0,0.0,0.0,0.0,0.0	52.030879974,37.785376344086025,-122.46814837715407,0.0,0.0,0.0,0.0,0.0,0.0,0.0	53.916755676,37.785376344086025,-122.46499999999999,0.0,0.0,0.0,0.0,0.0,0.0,0.0	57.075466156,37.785376344086025,-122.46185162284591,0.0,0.0,0.0,0.0,0.0,0.0,0.0	61.335273743,37.785376344086025,-122.45870324569184,0.0,0.0,0.0,0.0,0.0,0.0,0.0	67.99092865,37.785376344086025,-122.45555486853776,0.0,0.0,0.0,0.0,0.0,0.0,0.0	82.25881958,37.785376344086025,-122.45240649138368,0.0,0.0,0.0,0.0,0.0,0.0,0.0	93.69909668,37.785376344086025,-122.44925811422961,0.0,0.0,0.0,0.0,0.0,0.0,0.0	74.069786072,37.785376344086025,-122.44610973707553,0.0,0.0,0.0,0.0,0.0,0.0,0.0	57.104194641,37.785376344086025,-122.44296135992145,0.0,0.0,0.0,0.0,0.0,0.0,0.0	44.976352692,37.785376344086025,-122.43981298276738,0.0,0.0,0.0,0.0,0.0,0.0,0.0	42.882461548,37.785376344086025,-122.4366646056133,0.0,0.0,0.0,0.0,0.0,0.0,0.0	40.794143677,37.785376344086025,-122.43351622845923,0.0,0.0,0.0,0.0,0.0,0.0,0.0	45.60723877,37.785376344086025,-122.43036785130515,0.0,0.0,0.0,0.0,0.0,0.0,0.0	59.859367371,37.785376344086025,-122.42721947415107,0.0,0.0,0.0,0.0,0.0,0.0,0.0	60.866416931,37.785376344086025,-122.424071096997,0.0,0.0,0.0,0.0,0.0,0.0,0.0	44.294567108,37.785376344086025,-122.42092271984292,0.0,0.0,0.0,0.0,0.0,0.0,0.0	34.126003265,37.785376344086025,-122.41777434268884,0.0,0.0,0.0,0.0,0.0,0.0,0.0	32.431949615,37.785376344086025,-122.41462596553477,0.0,0.0,0.0,0.0,0.0,0.0,0.0	19.083190918,37.785376344086025,-122.41147758838069,0.0,0.0,0.0,0.0,0.0,0.0,0.0	13.775036812,37.785376344086025,-122.40832921122662,0.0,0.0,0.0,0.0,0.0,0.0,0.0	11.846964836,37.785376344086025,-122.40518083407254,0.0,0.0,0.0,0.0,0.0,0.0,0.0	10.65500927,37.785376344086025,-122.40203245691846,0.0,0.0,0.0,0.0,0.0,0.0,0.0	10.145989418,37.785376344086025,-122.39888407976439,0.0,0.0,0.0,0.0,0.0,0.0,0.0	18.047472,37.785376344086025,-122.39573570261031,0.0,0.0,0.0,0.0,0.0,0.0,0.0	29.183198929,37.785376344086025,-122.39258732545623,0.0,0.0,0.0,0.0,0.0,0.0,0.0	5.834131718,37.785376344086025,-122.38943894830216,0.0,0.0,0.0,0.0,0.0,0.0,0.0	-1.070000052,37.785376344086025,-122.38629057114808,0.0,0.0,0.0,0.0,0.0,0.0,0.0	-1.070000052,37.785376344086025,-122.383142193994,0.0,0.0,0.0,0.0,0.0,0.0,0.0	-20.69754982,37.785376344086025,-122.37999381683993,0.0,0.0,0.0,0.0,0.0,0.0,0.0
-22.104803085,37.78322580645161,-122.55000370969827,0.0,0.0,0.0,0.0,0.0,0.0,0.0	-23.210603714,37.78322580645161,-122.54685542415389,0.0,0.0,0.0,0.0,0.0,0.0,0.0	-24.049283981,37.78322580645161,-122.5437071386095,0.0,0.0,0.0,0.0,0.0,0.0,0.0	-24.697408676,37.78322580645161,-122.54055885306514,0.0,0.0,0.0,0.0,0.0,0.0,0.0	-25.803398132,37.78322580645161,-122.53741056752075,0.0,0.0,0.0,0.0,0.0,0.0,0.0	-25.430871964,37.78322580645161,-122.53426228197637,0.0,0.0,0.0,0.0,0.0,0.0,0.0	-27.077802658,37.78322580645161,-122.53111399643198,0.0,0.0,0.0,0.0,0.0,0.0,0.0	-25.162460327,37.78322580645161,-122.52796571088761,0.0,0.0,0.0,0.0,0.0,0.0,0.0	-25.594013214,37.78322580645161,-122.52481742534323,0.0,0.0,0.0,0.0,0.0,0.0,0.0	-18.888998032,37.78322580645161,-122.52166913979885,0.0,0.0,0.0,0.0,0.0,0.0,0.0	0.0,37.78322580645161,-122.51852085425446,0.0,0.0,0.0,0.0,0.0,0.0,0.0	0.0,37.78322580645161,-122.51537256871009,0.0,0.0,0.0,0.0,0.0,0.0,0.0	38.174804688,37.78322580645161,-122.51222428316571,0.0,0.0,0.0,0.0,0.0,0.0,0.0	99.753341675,37.78322580645161,-122.50907599762132,0.0,0.0,0.0,0.0,0.0,0.0,0.0	105.696540833,37.78322580645161,-122.50592771207694,0.0,0.0,0.0,0.0,0.0,0.0,0.0	111.903564453,37.78322580645161,-122.50277942653257,0.0,0.0,0.0,0.0,0.0,0.0,0.0	103.98311615,37.78322580645161,-122.49963114098819,0.0,0.0,0.0,0.0,0.0,0.0,0.0	81.920547485,37.78322580645161,-122.4964828554438,0.0,0.0,0.0,0.0,0.0,0.0,0.0	62.731369019,37.78322580645161,-122.49333456989942,0.0,0.0,0.0,0.0,0.0,0.0,0.0	53.425266266,37.78322580645161,-122.49018628435505,0.0,0.0,0.0,0.0,0.0,0.0,0.0	45.304943085,37.78322580645161,-122.48703799881066,0.0,0.0,0.0,0.0,0.0,0.0,0.0	41.463039398,37.78322580645161,-122.48388971326628,0.0,0.0,0.0,0.0,0.0,0.0,0.0	42.2734375,37.78322580645161,-122.4807414277219,0.0,0.0,0.0,0.0,0.0,0.0,0.0	43.038837433,37.78322580645161,-122.47759314217753,0.0,0.0,0.0,0.0,0.0,0.0,0.0	46.817977905,37.78322580645161,-122.47444485663314,0.0,0.0,0.0,0.0,0.0,0.0,0.0	51.395927429,37.78322580645161,-122.47129657108876,0.0,0.0,0.0,0.0,0.0,0.0,0.0	56.75428009,37.78322580645161,-122.46814828554437,0.0,0.0,0.0,0.0,0.0,0.0,0.0	58.361824036,37.78322580645161,-122.465,0.0,0.0,0.0,0.0,0.0,0.0,0.0	56.699043274,37.78322580645161,-122.46185171445562,0.0,0.0,0.0,0.0,0.0,0.0,0.0	60.634719849,37.78322580645161,-122.45870342891124,0.0,0.0,0.0,0.0,0.0,0.0,0.0	65.630783081,37.78322580645161,-122.45555514336685,0.0,0.0,0.0,0.0,0.0,0.0,0.0	70.048446655,37.78322580645161,-122.45240685782248,0.0,0.0,0.0,0.0,0.0,0.0,0.0	87.920829773,37.78322580645161,-122.4492585722781,0.0,0.0,0.0,0.0,0.0,0.0,0.0	79.248458862,37.78322580645161,-122.44611028673371,0.0,0.0,0.0,0.0,0.0,0.0,0.0	60.728919983,37.78322580645161,-122.44296200118933,0.0,0.0,0.0,0.0,0.0,0.0,0.0	46.260444641,37.78322580645161,-122.43981371564496,0.0,0.0,0.0,0.0,0.0,0.0,0.0	42.637935638,37.78322580645161,-122.43666543010058,0.0,0.0,0.0,0.0,0.0,0.0,0.0	39.363986969,37.78322580645161,-122.43351714455619,0.0,0.0,0.0,0.0,0.0,0.0,0.0	39.065219879,37.78322580645161,-122.4303688590118,0.0,0.0,0.0,0.0,0.0,0.0,0.0	47.385063171,37.78322580645161,-122.42722057346744,0.0,0.0,0.0,0.0,0.0,0.0,0.0	54.225513458,37.78322580645161,-122.42407228792305,0.0,0.0,0.0,0.0,0.0,0.0,0.0	35.804660797,37.78322580645161,-122.42092400237867,0.0,0.0,0.0,0.0,0.0,0.0,0.0	28.054655075,37.78322580645161,-122.41777571683429,0.0,0.0,0.0,0.0,0.0,0.0,0.0	18.140398026,37.78322580645161,-122.41462743128992,0.0,0.0,0.0,0.0,0.0,0.0,0.0	14.152301788,37.78322580645161,-122.41147914574553,0.0,0.0,0.0,0.0,0.0,0.0,0.0	11.250330925,37.78322580645161,-122.40833086020115,0.0,0.0,0.0,0.0,0.0,0.0,0.0	9.387938499,37.78322580645161,-122.40518257465676,0.0,0.0,0.0,0.0,0.0,0.0,0.0	11.623412132,37.78322580645161,-122.4020342891124,0.0,0.0,0.0,0.0,0.0,0.0,0.0	7.112360001,37.78322580645161,-122.39888600356801,0.0,0.0,0.0,0.0,0.0,0.0,0.0	18.058290482,37.78322580645161,-122.39573771802363,0.0,0.0,0.0,0.0,0.0,0.0,0.0	15.623996735,37.78322580645161,-122.39258943247924,0.0,0.0,0.0,0.0,0.0,0.0,0.0	3.760903358,37.78322580645161,-122.38944114693487,0.0,0.0,0.0,0.0,0.0,0.0,0.0	-1.070000052,37.78322580645161,-122.38629286139049,0.0,0.0,0.0,0.0,0.0,0.0,0.0	-1.070000052,37.78322580645161,-122.3831445758461,0.0,0.0,0.0,0.0,0.0,0.0,0.0	-17.794698715,37.78322580645161,-122.37999629030172,0.0,0.0,0.0,0.0,0.0,0.0,0.0
-21.825044632,37.781075268817204,-122.55000123650018,0.0,0.0,0.0,0.0,0.0,0.0,0.0	-22.671815872,37.781075268817204,-122.54685304255572,0.0,0.0,0.0,0.0,0.0,0.0,0.0	-23.340656281,37.781075268817204,-122.54370484861128,0.0,0.0,0.0,0.0,0.0,0.0,0.0	-23.453130722,37.781075268817204,-122.54055665466683,0.0,0.0,0.0,0.0,0.0,0.0,0.0	-23.657115936,37.781075268817204,-122.53740846072238,0.0,0.0,0.0,0.0,0.0,0.0,0.0	-23.754890442,37.781075268817204,-122.53426026677792,0.0,0.0,0.0,0.0,0.0,0.0,0.0	-25.090898514,37.781075268817204,-122.53111207283348,0.0,0.0,0.0,0.0,0.0,0.0,0.0	-23.141687393,37.781075268817204,-122.52796387888903,0.0,0.0,0.0,0.0,0.0,0.0,0.0	-22.418466568,37.781075268817204,-122.52481568494457,0.0,0.0,0.0,0.0,0.0,0.0,0.0	-12.508696556,37.781075268817204,-122.52166749100012,0.0,0.0,0.0,0.0,0.0,0.0,0.0	0.0,37.781075268817204,-122.51851929705568,0.0,0.0,0.0,0.0,0.0,0.0,0.0	-1.070000052,37.781075268817204,-122.51537110311122,0.0,0.0,0.0,0.0,0.0,0.0,0.0	46.90435791,37.781075268817204,-122.51222290916677,0.0,0.0,0.0,0.0,0.0,0.0,0.0	75.830574036,37.781075268817204,-122.50907471522231,0.0,0.0,0.0,0.0,0.0,0.0,0.0	86.45854187,37.781075268817204,-122.50592652127787,0.0,0.0,0.0,0.0,0.0,0.0,0.0	98.584762573,37.781075268817204,-122.50277832733342,0.0,0.0,0.0,0.0,0.0,0.0,0.0	99.043930054,37.781075268817204,-122.49963013338896,0.0,0.0,0.0,0.0,0.0,0.0,0.0	89.351127625,37.781075268817204,-122.49648193944451,0.0,0.0,0.0,0.0,0.0,0.0,0.0	67.842842102,37.781075268817204,-122.49333374550007,0.0,0.0,0.0,0.0,0.0,0.0,0.0	53.405883789,37.781075268817204,-122.49018555155561,0.0,0.0,0.0,0.0,0.0,0.0,0.0	44.907119751,37.781075268817204,-122.48703735761116,0.0,0.0,0.0,0.0,0.0,0.0,0.0	44.024837494,37.781075268817204,-122.4838891636667,0.0,0.0,0.0,0.0,0.0,0.0,0.0	43.716217041,37.781075268817204,-122.48074096972226,0.0,0.0,0.0,0.0,0.0,0.0,0.0	47.343616486,37.781075268817204,-122.47759277577781,0.0,0.0,0.0,0.0,0.0,0.0,0.0	51.2576828,37.781075268817204,-122.47444458183335,0.0,0.0,0.0,0.0,0.0,0.0,0.0	53.454322815,37.781075268817204,-122.4712963878889,0.0,0.0,0.0,0.0,0.0,0.0,0.0	53.760070801,37.781075268817204,-122.46814819394446,0.0,0.0,0.0,0.0,0.0,0.0,0.0	54.1848526,37.781075268817204,-122.465,0.0,0.0,0.0,0.0,0.0,0.0,0.0	55.599143982,37.781075268817204,-122.46185180605555,0.0,0.0,0.0,0.0,0.0,0.0,0.0	63.094982147,37.781075268817204,-122.4587036121111,0.0,0.0,0.0,0.0,0.0,0.0,0.0	67.017692566,37.781075268817204,-122.45555541816665,0.0,0.0,0.0,0.0,0.0,0.0,0.0	71.098747253,37.781075268817204,-122.4524072242222,0.0,0.0,0.0,0.0,0.0,0.0,0.0	79.508377075,37.781075268817204,-122.44925903027774,0.0,0.0,0.0,0.0,0.0,0.0,0.0	95.259857178,37.781075268817204,-122.44611083633329,0.0,0.0,0.0,0.0,0.0,0.0,0.0	89.090408325,37.781075268817204,-122.44296264238885,0.0,0.0,0.0,0.0,0.0,0.0,0.0	57.752128601,37.781075268817204,-122.4398144484444,0.0,0.0,0.0,0.0,0.0,0.0,0.0	41.475833893,37.781075268817204,-122.43666625449994,0.0,0.0,0.0,0.0,0.0,0.0,0.0	35.735767365,37.781075268817204,-122.43351806055549,0.0,0.0,0.0,0.0,0.0,0.0,0.0	32.909477234,37.781075268817204,-122.43036986661104,0.0,0.0,0.0,0.0,0.0,0.0,0.0	32.143093109,37.781075268817204,-122.42722167266659,0.0,0.0,0.0,0.0,0.0,0.0,0.0	30.842256546,37.781075268817204,-122.42407347872214,0.0,0.0,0.0,0.0,0.0,0.0,0.0	25.006149292,37.781075268817204,-122.42092528477768,0.0,0.0,0.0,0.0,0.0,0.0,0.0	21.988180161,37.781075268817204,-122.41777709083324,0.0,0.0,0.0,0.0,0.0,0.0,0.0	15.865262032,37.781075268817204,-122.41462889688879,0.0,0.0,0.0,0.0,0.0,0.0,0.0	13.614757538,37.781075268817204,-122.41148070294433,0.0,0.0,0.0,0.0,0.0,0.0,0.0	12.105980873,37.781075268817204,-122.40833250899989,0.0,0.0,0.0,0.0,0.0,0.0,0.0	7.037521839,37.781075268817204,-122.40518431505544,0.0,0.0,0.0,0.0,0.0,0.0,0.0	4.999237061,37.781075268817204,-122.40203612111098,0.0,0.0,0.0,0.0,0.0,0.0,0.0	5.166283607,37.781075268817204,-122.39888792716653,0.0,0.0,0.0,0.0,0.0,0.0,0.0	5.527682304,37.781075268817204,-122.39573973322209,0.0,0.0,0.0,0.0,0.0,0.0,0.0	11.078400612,37.781075268817204,-122.39259153927763,0.0,0.0,0.0,0.0,0.0,0.0,0.0	4.777942181,37.781075268817204,-122.38944334533318,0.0,0.0,0.0,0.0,0.0,0.0,0.0	-1.070000052,37.781075268817204,-122.38629515138872,0.0,0.0,0.0,0.0,0.0,0.0,0.0	-1.070000052,37.781075268817204,-122.38314695744428,0.0,0.0,0.0,0.0,0.0,0.0,0.0	-15.90489006,37.781075268817204,-122.37999876349983,0.0,0.0,0.0,0.0,0.0,0.0,0.0
-21.101140976,37.7789247311828,-122.54999876356572,0.0,0.0,0.0,0.0,0.0,0.0,0.0	-21.916908264,37.7789247311828,-122.54685066121144,0.0,0.0,0.0,0.0,0.0,0.0,0.0	-22.081611633,37.7789247311828,-122.54370255885715,0.0,0.0,0.0,0.0,0.0,0.0,0.0	-21.999048233,37.7789247311828,-122.54055445650286,0.0,0.0,0.0,0.0,0.0,0.0,0.0	-22.325141907,37.7789247311828,-122.53740635414857,0.0,0.0,0.0,0.0,0.0,0.0,0.0	-21.975740433,37.7789247311828,-122.5342582517943,0.0,0.0,0.0,0.0,0.0,0.0,0.0	-21.586172104,37.7789247311828,-122.53111014944001,0.0,0.0,0.0,0.0,0.0,0.0,0.0	-20.874662399,37.7789247311828,-122.52796204708572,0.0,0.0,0.0,0.0,0.0,0.0,0.0	-19.227500916,37.7789247311828,-122.52481394473143,0.0,0.0,0.0,0.0,0.0,0.0,0.0	-10.977788925,37.7789247311828,-122.52166584237715,0.0,0.0,0.0,0.0,0.0,0.0,0.0	0.0,37.7789247311828,-122.51851774002286,0.0,0.0,0.0,0.0,0.0,0.0,0.0	-1.070000052,37.7789247311828,-122.51536963766857,0.0,0.0,0.0,0.0,0.0,0.0,0.0	39.45388031,37.7789247311828,-122.51222153531428,0.0,0.0,0.0,0.0,0.0,0.0,0.0	63.948799133,37.7789247311828,-122.50907343296,0.0,0.0,0.0,0.0,0.0,0.0,0.0	80.273368835,37.7789247311828,-122.50592533060572,0.0,0.0,0.0,0.0,0.0,0.0,0.0	83.676498413,37.7789247311828,-122.50277722825143,0.0,0.0,0.0,0.0,0.0,0.0,0.0	79.681747437,37.7789247311828,-122.49962912589714,0.0,0.0,0.0,0.0,0.0,0.0,0.0	78.158287048,37.7789247311828,-122.49648102354286,0.0,0.0,0.0,0.0,0.0,0.0,0.0	76.692512512,37.7789247311828,-122.49333292118857,0.0,0.0,0.0,0.0,0.0,0.0,0.0	71.794052124,37.7789247311828,-122.49018481883428,0.0,0.0,0.0,0.0,0.0,0.0,0.0	54.194671631,37.7789247311828,-122.48703671647999,0.0,0.0,0.0,0.0,0.0,0.0,0.0	44.879451752,37.7789247311828,-122.4838886141257,0.0,0.0,0.0,0.0,0.0,0.0,0.0	46.257129669,37.7789247311828,-122.48074051177143,0.0,0.0,0.0,0.0,0.0,0.0,0.0	50.165916443,37.7789247311828,-122.47759240941714,0.0,0.0,0.0,0.0,0.0,0.0,0.0	55.902767181,37.7789247311828,-122.47444430706285,0.0,0.0,0.0,0.0,0.0,0.0,0.0	55.181163788,37.7789247311828,-122.47129620470857,0.0,0.0,0.0,0.0,0.0,0.0,0.0	60.589817047,37.7789247311828,-122.46814810235428,0.0,0.0,0.0,0.0,0.0,0.0,0.0	56.920063019,37.7789247311828,-122.46499999999999,0.0,0.0,0.0,0.0,0.0,0.0,0.0	57.545864105,37.7789247311828,-122.4618518976457,0.0,0.0,0.0,0.0,0.0,0.0,0.0	64.31552887,37.7789247311828,-122.45870379529141,0.0,0.0,0.0,0.0,0.0,0.0,0.0	80.350578308,37.7789247311828,-122.45555569293712,0.0,0.0,0.0,0.0,0.0,0.0,0.0	124.923957825,37.7789247311828,-122.45240759058285,0.0,0.0,0.0,0.0,0.0,0.0,0.0	102.129142761,37.7789247311828,-122.44925948822856,0.0,0.0,0.0,0.0,0.0,0.0,0.0	88.947685242,37.7789247311828,-122.44611138587427,0.0,0.0,0.0,0.0,0.0,0.0,0.0	88.906745911,37.7789247311828,-122.44296328351999,0.0,0.0,0.0,0.0,0.0,0.0,0.0	72.238037109,37.7789247311828,-122.4398151811657,0.0,0.0,0.0,0.0,0.0,0.0,0.0	49.490139008,37.7789247311828,-122.43666707881141,0.0,0.0,0.0,0.0,0.0,0.0,0.0	40.820541382,37.7789247311828,-122.43351897645712,0.0,0.0,0.0,0.0,0.0,0.0,0.0	30.782503128,37.7789247311828,-122.43037087410283,0.0,0.0,0.0,0.0,0.0,0.0,0.0	27.539344788,37.7789247311828,-122.42722277174855,0.0,0.0,0.0,0.0,0.0,0.0,0.0	23.452241898,37.7789247311828,-122.42407466939427,0.0,0.0,0.0,0.0,0.0,0.0,0.0	20.353607178,37.7789247311828,-122.42092656703998,0.0,0.0,0.0,0.0,0.0,0.0,0.0	19.040586472,37.7789247311828,-122.4177784646857,0.0,0.0,0.0,0.0,0.0,0.0,0.0	16.24663353,37.7789247311828,-122.41463036233141,0.0,0.0,0.0,0.0,0.0,0.0,0.0	12.198691368,37.7789247311828,-122.41148225997712,0.0,0.0,0.0,0.0,0.0,0.0,0.0	7.056180954,37.7789247311828,-122.40833415762283,0.0,0.0,0.0,0.0,0.0,0.0,0.0	4.657539845,37.7789247311828,-122.40518605526854,0.0,0.0,0.0,0.0,0.0,0.0,0.0	3.190341711,37.7789247311828,-122.40203795291426,0.0,0.0,0.0,0.0,0.0,0.0,0.0	3.922518253,37.7789247311828,-122.39888985055998,0.0,0.0,0.0,0.0,0.0,0.0,0.0	4.535537243,37.7789247311828,-122.3957417482057,0.0,0.0,0.0,0.0,0.0,0.0,0.0	6.841341972,37.7789247311828,-122.3925936458514,0.0,0.0,0.0,0.0,0.0,0.0,0.0	3.735135317,37.7789247311828,-122.38944554349712,0.0,0.0,0.0,0.0,0.0,0.0,0.0	-1.070000052,37.7789247311828,-122.38629744114283,0.0,0.0,0.0,0.0,0.0,0.0,0.0	-1.070000052,37.7789247311828,-122.38314933878854,0.0,0.0,0.0,0.0,0.0,0.0,0.0	-15.056061745,37.7789247311828,-122.38000123643425,0.0,0.0,0.0,0.0,0.0,0.0,0.0
-19.902029037,37.77677419354839,-122.54999629089491,0.0,0.0,0.0,0.0,0.0,0.0,0.0	-20.542350769,37.77677419354839,-122.54684828012103,0.0,0.0,0.0,0.0,0.0,0.0,0.0	-20.404035568,37.77677419354839,-122.54370026934714,0.0,0.0,0.0,0.0,0.0,0.0,0.0	-20.536302567,37.77677419354839,-122.54055225857326,0.0,0.0,0.0,0.0,0.0,0.0,0.0	-20.539693832,37.77677419354839,-122.53740424779937,0.0,0.0,0.0,0.0,0.0,0.0,0.0	-19.989664078,37.77677419354839,-122.53425623702549,0.0,0.0,0.0,0.0,0.0,0.0,0.0	-19.122692108,37.77677419354839,-122.53110822625159,0.0,0.0,0.0,0.0,0.0,0.0,0.0	-17.95409584,37.77677419354839,-122.5279602154777,0.0,0.0,0.0,0.0,0.0,0.0,0.0	-16.616453171,37.77677419354839,-122.52481220470382,0.0,0.0,0.0,0.0,0.0,0.0,0.0	-10.316961288,37.77677419354839,-122.52166419392994,0.0,0.0,0.0,0.0,0.0,0.0,0.0	-1.2e-08,37.77677419354839,-122.51851618315605,0.0,0.0,0.0,0.0,0.0,0.0,0.0	0.0,37.77677419354839,-122.51536817238217,0.0,0.0,0.0,0.0,0.0,0.0,0.0	10.700406075,37.77677419354839,-122.51222016160828,0.0,0.0,0.0,0.0,0.0,0.0,0.0	53.832248688,37.77677419354839,-122.5090721508344,0.0,0.0,0.0,0.0,0.0,0.0,0.0	56.819133759,37.77677419354839,-122.50592414006051,0.0,0.0,0.0,0.0,0.0,0.0,0.0	59.77571106,37.77677419354839,-122.50277612928663,0.0,0.0,0.0,0.0,0.0,0.0,0.0	60.982326508,37.77677419354839,-122.49962811851273,0.0,0.0,0.0,0.0,0.0,0.0,0.0	64.021499634,37.77677419354839,-122.49648010773885,0.0,0.0,0.0,0.0,0.0,0.0,0.0	67.900291443,37.77677419354839,-122.49333209696496,0.0,0.0,0.0,0.0,0.0,0.0,0.0	77.891372681,37.77677419354839,-122.49018408619108,0.0,0.0,0.0,0.0,0.0,0.0,0.0	63.104709625,37.77677419354839,-122.4870360754172,0.0,0.0,0.0,0.0,0.0,0.0,0.0	54.667053223,37.77677419354839,-122.48388806464331,0.0,0.0,0.0,0.0,0.0,0.0,0.0	55.370006561,37.77677419354839,-122.48074005386943,0.0,0.0,0.0,0.0,0.0,0.0,0.0	52.92937851,37.77677419354839,-122.47759204309554,0.0,0.0,0.0,0.0,0.0,0.0,0.0	66.451843262,37.77677419354839,-122.47444403232166,0.0,0.0,0.0,0.0,0.0,0.0,0.0	66.995513916,37.77677419354839,-122.47129602154777,0.0,0.0,0.0,0.0,0.0,0.0,0.0	70.883468628,37.77677419354839,-122.46814801077387,0.0,0.0,0.0,0.0,0.0,0.0,0.0	61.685222626,37.77677419354839,-122.46499999999999,0.0,0.0,0.0,0.0,0.0,0.0,0.0	61.55235672,37.77677419354839,-122.4618519892261,0.0,0.0,0.0,0.0,0.0,0.0,0.0	66.765693665,37.77677419354839,-122.45870397845222,0.0,0.0,0.0,0.0,0.0,0.0,0.0	82.216827393,37.77677419354839,-122.45555596767834,0.0,0.0,0.0,0.0,0.0,0.0,0.0	102.060661316,37.77677419354839,-122.45240795690445,0.0,0.0,0.0,0.0,0.0,0.0,0.0	90.376533508,37.77677419354839,-122.44925994613057,0.0,0.0,0.0,0.0,0.0,0.0,0.0	74.722160339,37.77677419354839,-122.44611193535668,0.0,0.0,0.0,0.0,0.0,0.0,0.0	68.070327759,37.77677419354839,-122.4429639245828,0.0,0.0,0.0,0.0,0.0,0.0,0.0	63.534240723,37.77677419354839,-122.43981591380891,0.0,0.0,0.0,0.0,0.0,0.0,0.0	69.729057312,37.77677419354839,-122.43666790303502,0.0,0.0,0.0,0.0,0.0,0.0,0.0	64.625389099,37.77677419354839,-122.43351989226113,0.0,0.0,0.0,0.0,0.0,0.0,0.0	39.513660431,37.77677419354839,-122.43037188148725,0.0,0.0,0.0,0.0,0.0,0.0,0.0	27.583389282,37.77677419354839,-122.42722387071336,0.0,0.0,0.0,0.0,0.0,0.0,0.0	21.443267822,37.77677419354839,-122.42407585993948,0.0,0.0,0.0,0.0,0.0,0.0,0.0	18.80115509,37.77677419354839,-122.4209278491656,0.0,0.0,0.0,0.0,0.0,0.0,0.0	16.88205719,37.77677419354839,-122.41777983839171,0.0,0.0,0.0,0.0,0.0,0.0,0.0	15.83273983,37.77677419354839,-122.41463182761782,0.0,0.0,0.0,0.0,0.0,0.0,0.0	9.94818306,37.77677419354839,-122.41148381684394,0.0,0.0,0.0,0.0,0.0,0.0,0.0	5.739636421,37.77677419354839,-122.40833580607006,0.0,0.0,0.0,0.0,0.0,0.0,0.0	4.52472353,37.77677419354839,-122.40518779529616,0.0,0.0,0.0,0.0,0.0,0.0,0.0	3.176984072,37.77677419354839,-122.40203978452227,0.0,0.0,0.0,0.0,0.0,0.0,0.0	3.342234135,37.77677419354839,-122.39889177374839,0.0,0.0,0.0,0.0,0.0,0.0,0.0	3.842900753,37.77677419354839,-122.3957437629745,0.0,0.0,0.0,0.0,0.0,0.0,0.0	3.907271385,37.77677419354839,-122.39259575220062,0.0,0.0,0.0,0.0,0.0,0.0,0.0	-1.070000052,37.77677419354839,-122.38944774142674,0.0,0.0,0.0,0.0,0.0,0.0,0.0	-1.070000052,37.77677419354839,-122.38629973065285,0.0,0.0,0.0,0.0,0.0,0.0,0.0	-1.070000052,37.77677419354839,-122.38315171987897,0.0,0.0,0.0,0.0,0.0,0.0,0.0	-14.991552353,37.77677419354839,-122.38000370910508,0.0,0.0,0.0,0.0,0.0,0.0,0.0
-18.890985489,37.77462365591398,-122.54999381848769,0.0,0.0,0.0,0.0,0.0,0.0,0.0	-19.097000122,37.77462365591398,-122.54684589928445,0.0,0.0,0.0,0.0,0.0,0.0,0.0	-18.746747971,37.77462365591398,-122.54369798008119,0.0,0.0,0.0,0.0,0.0,0.0,0.0	-18.495969772,37.77462365591398,-122.54055006087795,0.0,0.0,0.0,0.0,0.0,0.0,0.0	-18.049581528,37.77462365591398,-122.5374021416747,0.0,0.0,0.0,0.0,0.0,0.0,0.0	-17.272527695,37.77462365591398,-122.53425422247145,0.0,0.0,0.0,0.0,0.0,0.0,0.0	-16.586196899,37.77462365591398,-122.5311063032682,0.0,0.0,0.0,0.0,0.0,0.0,0.0	-15.915826797,37.77462365591398,-122.52795838406496,0.0,0.0,0.0,0.0,0.0,0.0,0.0	-14.702364922,37.77462365591398,-122.52481046486172,0.0,0.0,0.0,0.0,0.0,0.0,0.0	-10.007592201,37.77462365591398,-122.52166254565846,0.0,0.0,0.0,0.0,0.0,0.0,0.0	-7.28208828,37.77462365591398,-122.51851462645521,0.0,0.0,0.0,0.0,0.0,0.0,0.0	0.0,37.77462365591398,-122.51536670725197,0.0,0.0,0.0,0.0,0.0,0.0,0.0	5.12980938,37.77462365591398,-122.51221878804871,0.0,0.0,0.0,0.0,0.0,0.0,0.0	16.396400452,37.77462365591398,-122.50907086884547,0.0,0.0,0.0,0.0,0.0,0.0,0.0	26.719091415,37.77462365591398,-122.50592294964223,0.0,0.0,0.0,0.0,0.0,0.0,0.0	39.520507812,37.77462365591398,-122.50277503043897,0.0,0.0,0.0,0.0,0.0,0.0,0.0	50.956375122,37.77462365591398,-122.49962711123572,0.0,0.0,0.0,0.0,0.0,0.0,0.0	52.242282867,37.77462365591398,-122.49647919203248,0.0,0.0,0.0,0.0,0.0,0.0,0.0	56.653850555,37.77462365591398,-122.49333127282924,0.0,0.0,0.0,0.0,0.0,0.0,0.0	57.279418945,37.77462365591398,-122.49018335362598,0.0,0.0,0.0,0.0,0.0,0.0,0.0	51.976066589,37.77462365591398,-122.48703543442274,0.0,0.0,0.0,0.0,0.0,0.0,0.0	47.186862946,37.77462365591398,-122.4838875152195,0.0,0.0,0.0,0.0,0.0,0.0,0.0	48.768928528,37.77462365591398,-122.48073959601624,0.0,0.0,0.0,0.0,0.0,0.0,0.0	61.270442963,37.77462365591398,-122.47759167681299,0.0,0.0,0.0,0.0,0.0,0.0,0.0	61.843196869,37.77462365591398,-122.47444375760975,0.0,0.0,0.0,0.0,0.0,0.0,0.0	68.950630188,37.77462365591398,-122.47129583840649,0.0,0.0,0.0,0.0,0.0,0.0,0.0	70.393119812,37.77462365591398,-122.46814791920325,0.0,0.0,0.0,0.0,0.0,0.0,0.0	69.995788574,37.77462365591398,-122.465,0.0,0.0,0.0,0.0,0.0,0.0,0.0	69.434356689,37.77462365591398,-122.46185208079675,0.0,0.0,0.0,0.0,0.0,0.0,0.0	72.977127075,37.77462365591398,-122.4587041615935,0.0,0.0,0.0,0.0,0.0,0.0,0.0	92.030815125,37.77462365591398,-122.45555624239026,0.0,0.0,0.0,0.0,0.0,0.0,0.0	97.347724915,37.77462365591398,-122.45240832318702,0.0,0.0,0.0,0.0,0.0,0.0,0.0	82.661231995,37.77462365591398,-122.44926040398376,0.0,0.0,0.0,0.0,0.0,0.0,0.0	72.330192566,37.77462365591398,-122.44611248478051,0.0,0.0,0.0,0.0,0.0,0.0,0.0	69.249664307,37.77462365591398,-122.44296456557727,0.0,0.0,0.0,0.0,0.0,0.0,0.0	63.474472046,37.77462365591398,-122.43981664637401,0.0,0.0,0.0,0.0,0.0,0.0,0.0	59.839530945,37.77462365591398,-122.43666872717077,0.0,0.0,0.0,0.0,0.0,0.0,0.0	76.10131073,37.77462365591398,-122.43352080796753,0.0,0.0,0.0,0.0,0.0,0.0,0.0	63.532138824,37.77462365591398,-122.43037288876427,0.0,0.0,0.0,0.0,0.0,0.0,0.0	40.948535919,37.77462365591398,-122.42722496956102,0.0,0.0,0.0,0.0,0.0,0.0,0.0	20.164506912,37.77462365591398,-122.42407705035778,0.0,0.0,0.0,0.0,0.0,0.0,0.0	16.794408798,37.77462365591398,-122.42092913115454,0.0,0.0,0.0,0.0,0.0,0.0,0.0	13.847384453,37.77462365591398,-122.41778121195128,0.0,0.0,0.0,0.0,0.0,0.0,0.0	14.224584579,37.77462365591398,-122.41463329274804,0.0,0.0,0.0,0.0,0.0,0.0,0.0	10.468157768,37.77462365591398,-122.41148537354479,0.0,0.0,0.0,0.0,0.0,0.0,0.0	8.030513763,37.77462365591398,-122.40833745434153,0.0,0.0,0.0,0.0,0.0,0.0,0.0	6.072434425,37.77462365591398,-122.40518953513829,0.0,0.0,0.0,0.0,0.0,0.0,0.0	4.256493092,37.77462365591398,-122.40204161593505,0.0,0.0,0.0,0.0,0.0,0.0,0.0	2.546574354,37.77462365591398,-122.39889369673179,0.0,0.0,0.0,0.0,0.0,0.0,0.0	2.911993504,37.77462365591398,-122.39574577752855,0.0,0.0,0.0,0.0,0.0,0.0,0.0	-1.070000052,37.77462365591398,-122.3925978583253,0.0,0.0,0.0,0.0,0.0,0.0,0.0	3.079033613,37.77462365591398,-122.38944993912204,0.0,0.0,0.0,0.0,0.0,0.0,0.0	-1.070000052,37.77462365591398,-122.3863020199188,0.0,0.0,0.0,0.0,0.0,0.0,0.0	-1.070000052,37.77462365591398,-122.38315410071556,0.0,0.0,0.0,0.0,0.0,0.0,0.0	1.9e-08,37.77462365591398,-122.38000618151231,0.0,0.0,0.0,0.0,0.0,0.0,0.0
-17.644830704,37.77247311827957,-122.54999134634403,0.0,0.0,0.0,0.0,0.0,0.0,0.0	-17.501564026,37.77247311827957,-122.54684351870166,0.0,0.0,0.0,0.0,0.0,0.0,0.0	-17.455661774,37.77247311827957,-122.54369569105928,0.0,0.0,0.0,0.0,0.0,0.0,0.0	-17.248865128,37.77247311827957,-122.54054786341692,0.0,0.0,0.0,0.0,0.0,0.0,0.0	-16.493341446,37.77247311827957,-122.53740003577454,0.0,0.0,0.0,0.0,0.0,0.0,0.0	-15.936062813,37.77247311827957,-122.53425220813217,0.0,0.0,0.0,0.0,0.0,0.0,0.0	-15.637602806,37.77247311827957,-122.5311043804898,0.0,0.0,0.0,0.0,0.0,0.0,0.0	-14.753410339,37.77247311827957,-122.52795655284743,0.0,0.0,0.0,0.0,0.0,0.0,0.0	-14.861645699,37.77247311827957,-122.52480872520506,0.0,0.0,0.0,0.0,0.0,0.0,0.0	-9.944282532,37.77247311827957,-122.52166089756268,0.0,0.0,0.0,0.0,0.0,0.0,0.0	-7.879779339,37.77247311827957,-122.51851306992032,0.0,0.0,0.0,0.0,0.0,0.0,0.0	0.0,37.77247311827957,-122.51536524227794,0.0,0.0,0.0,0.0,0.0,0.0,0.0	5.196150303,37.77247311827957,-122.51221741463557,0.0,0.0,0.0,0.0,0.0,0.0,0.0	11.94757843,37.77247311827957,-122.50906958699319,0.0,0.0,0.0,0.0,0.0,0.0,0.0	22.984327316,37.77247311827957,-122.50592175935083,0.0,0.0,0.0,0.0,0.0,0.0,0.0	26.286342621,37.77247311827957,-122.50277393170846,0.0,0.0,0.0,0.0,0.0,0.0,0.0	36.342853546,37.77247311827957,-122.49962610406608,0.0,0.0,0.0,0.0,0.0,0.0,0.0	39.033481598,37.77247311827957,-122.49647827642372,0.0,0.0,0.0,0.0,0.0,0.0,0.0	38.4960289,37.77247311827957,-122.49333044878134,0.0,0.0,0.0,0.0,0.0,0.0,0.0	42.695899963,37.77247311827957,-122.49018262113897,0.0,0.0,0.0,0.0,0.0,0.0,0.0	48.31111908,37.77247311827957,-122.48703479349659,0.0,0.0,0.0,0.0,0.0,0.0,0.0	55.228393555,37.77247311827957,-122.48388696585423,0.0,0.0,0.0,0.0,0.0,0.0,0.0	67.46370697,37.77247311827957,-122.48073913821186,0.0,0.0,0.0,0.0,0.0,0.0,0.0	82.416297913,37.77247311827957,-122.47759131056948,0.0,0.0,0.0,0.0,0.0,0.0,0.0	71.695930481,37.77247311827957,-122.47444348292711,0.0,0.0,0.0,0.0,0.0,0.0,0.0	68.69606781,37.77247311827957,-122.47129565528473,0.0,0.0,0.0,0.0,0.0,0.0,0.0	74.149330139,37.77247311827957,-122.46814782764237,0.0,0.0,0.0,0.0,0.0,0.0,0.0	73.147399902,37.77247311827957,-122.46499999999999,0.0,0.0,0.0,0.0,0.0,0.0,0.0	80.162811279,37.77247311827957,-122.46185217235762,0.0,0.0,0.0,0.0,0.0,0.0,0.0	73.114112854,37.77247311827957,-122.45870434471526,0.0,0.0,0.0,0.0,0.0,0.0,0.0	86.011497498,37.77247311827957,-122.45555651707288,0.0,0.0,0.0,0.0,0.0,0.0,0.0	77.311256409,37.77247311827957,-122.45240868943051,0.0,0.0,0.0,0.0,0.0,0.0,0.0	74.184715271,37.77247311827957,-122.44926086178813,0.0,0.0,0.0,0.0,0.0,0.0,0.0	71.296890259,37.77247311827957,-122.44611303414577,0.0,0.0,0.0,0.0,0.0,0.0,0.0	67.742706299,37.77247311827957,-122.44296520650339,0.0,0.0,0.0,0.0,0.0,0.0,0.0	67.120269775,37.77247311827957,-122.43981737886102,0.0,0.0,0.0,0.0,0.0,0.0,0.0	56.092945099,37.77247311827957,-122.43666955121866,0.0,0.0,0.0,0.0,0.0,0.0,0.0	51.359611511,37.77247311827957,-122.43352172357628,0.0,0.0,0.0,0.0,0.0,0.0,0.0	51.919582367,37.77247311827957,-122.43037389593391,0.0,0.0,0.0,0.0,0.0,0.0,0.0	55.464763641,37.77247311827957,-122.42722606829153,0.0,0.0,0.0,0.0,0.0,0.0,0.0	25.077577591,37.77247311827957,-122.42407824064917,0.0,0.0,0.0,0.0,0.0,0.0,0.0	14.982100487,37.77247311827957,-122.42093041300679,0.0,0.0,0.0,0.0,0.0,0.0,0.0	10.711713791,37.77247311827957,-122.41778258536442,0.0,0.0,0.0,0.0,0.0,0.0,0.0	9.44858551,37.77247311827957,-122.41463475772206,0.0,0.0,0.0,0.0,0.0,0.0,0.0	8.747262001,37.77247311827957,-122.41148693007968,0.0,0.0,0.0,0.0,0.0,0.0,0.0	6.656431675,37.77247311827957,-122.40833910243731,0.0,0.0,0.0,0.0,0.0,0.0,0.0	5.656401634,37.77247311827957,-122.40519127479493,0.0,0.0,0.0,0.0,0.0,0.0,0.0	4.308444977,37.77247311827957,-122.40204344715256,0.0,0.0,0.0,0.0,0.0,0.0,0.0	3.300364733,37.77247311827957,-122.3988956195102,0.0,0.0,0.0,0.0,0.0,0.0,0.0	-1.070000052,37.77247311827957,-122.39574779186782,0.0,0.0,0.0,0.0,0.0,0.0,0.0	3.283146381,37.77247311827957,-122.39259996422545,0.0,0.0,0.0,0.0,0.0,0.0,0.0	2.929421425,37.77247311827957,-122.38945213658307,0.0,0.0,0.0,0.0,0.0,0.0,0.0	-1.070000052,37.77247311827957,-122.38630430894071,0.0,0.0,0.0,0.0,0.0,0.0,0.0	-1.070000052,37.77247311827957,-122.38315648129833,0.0,0.0,0.0,0.0,0.0,0.0,0.0	-1.070000052,37.77247311827957,-122.38000865365596,0.0,0.0,0.0,0.0,0.0,0.0,0.0
-15.996308327,37.770322580645164,-122.5499888744639,0.0,0.0,0.0,0.0,0.0,0.0,0.0	-15.809253693,37.770322580645164,-122.54684113837266,0.0,0.0,0.0,0.0,0.0,0.0,0.0	-15.766029358,37.770322580645164,-122.54369340228139,0.0,0.0,0.0,0.0,0.0,0.0,0.0	-15.611316681,37.770322580645164,-122.54054566619014,0.0,0.0,0.0,0.0,0.0,0.0,0.0	-15.146539688,37.770322580645164,-122.53739793009888,0.0,0.0,0.0,0.0,0.0,0.0,0.0	-14.526563644,37.770322580645164,-122.53425019400763,0.0,0.0,0.0,0.0,0.0,0.0,0.0	-14.139314651,37.770322580645164,-122.53110245791638,0.0,0.0,0.0,0.0,0.0,0.0,0.0	-15.460090637,37.770322580645164,-122.52795472182511,0.0,0.0,0.0,0.0,0.0,0.0,0.0	-13.870523453,37.770322580645164,-122.52480698573386,0.0,0.0,0.0,0.0,0.0,0.0,0.0	-9.182825089,37.770322580645164,-122.52165924964261,0.0,0.0,0.0,0.0,0.0,0.0,0.0	-8.048179626,37.770322580645164,-122.51851151355135,0.0,0.0,0.0,0.0,0.0,0.0,0.0	0.0,37.770322580645164,-122.5153637774601,0.0,0.0,0.0,0.0,0.0,0.0,0.0	4.90648222,37.770322580645164,-122.51221604136883,0.0,0.0,0.0,0.0,0.0,0.0,0.0	10.545232773,37.770322580645164,-122.50906830527758,0.0,0.0,0.0,0.0,0.0,0.0,0.0	21.04132843,37.770322580645164,-122.50592056918633,0.0,0.0,0.0,0.0,0.0,0.0,0.0	17.959999084,37.770322580645164,-122.50277283309507,0.0,0.0,0.0,0.0,0.0,0.0,0.0	33.967391968,37.770322580645164,-122.49962509700381,0.0,0.0,0.0,0.0,0.0,0.0,0.0	37.378757477,37.770322580645164,-122.49647736091255,0.0,0.0,0.0,0.0,0.0,0.0,0.0	41.74760437,37.770322580645164,-122.4933296248213,0.0,0.0,0.0,0.0,0.0,0.0,0.0	38.997047424,37.770322580645164,-122.49018188873005,0.0,0.0,0.0,0.0,0.0,0.0,0.0	50.178638458,37.770322580645164,-122.48703415263878,0.0,0.0,0.0,0.0,0.0,0.0,0.0	56.581367493,37.770322580645164,-122.48388641654753,0.0,0.0,0.0,0.0,0.0,0.0,0.0	65.025413513,37.770322580645164,-122.48073868045627,0.0,0.0,0.0,0.0,0.0,0.0,0.0	87.910003662,37.770322580645164,-122.47759094436502,0.0,0.0,0.0,0.0,0.0,0.0,0.0	76.833854675,37.770322580645164,-122.47444320827377,0.0,0.0,0.0,0.0,0.0,0.0,0.0	76.451698303,37.770322580645164,-122.4712954721825,0.0,0.0,0.0,0.0,0.0,0.0,0.0	71.918067932,37.770322580645164,-122.46814773609125,0.0,0.0,0.0,0.0,0.0,0.0,0.0	81.793319702,37.770322580645164,-122.465,0.0,0.0,0.0,0.0,0.0,0.0,0.0	80.170135498,37.770322580645164,-122.46185226390874,0.0,0.0,0.0,0.0,0.0,0.0,0.0	75.490829468,37.770322580645164,-122.45870452781749,0.0,0.0,0.0,0.0,0.0,0.0,0.0	75.254478455,37.770322580645164,-122.45555679172622,0.0,0.0,0.0,0.0,0.0,0.0,0.0	80.805732727,37.770322580645164,-122.45240905563497,0.0,0.0,0.0,0.0,0.0,0.0,0.0	80.436080933,37.770322580645164,-122.44926131954372,0.0,0.0,0.0,0.0,0.0,0.0,0.0	82.624168396,37.770322580645164,-122.44611358345246,0.0,0.0,0.0,0.0,0.0,0.0,0.0	88.281150818,37.770322580645164,-122.44296584736121,0.0,0.0,0.0,0.0,0.0,0.0,0.0	101.452674866,37.770322580645164,-122.43981811126994,0.0,0.0,0.0,0.0,0.0,0.0,0.0	70.22743988,37.770322580645164,-122.43667037517869,0.0,0.0,0.0,0.0,0.0,0.0,0.0	45.737770081,37.770322580645164,-122.43352263908744,0.0,0.0,0.0,0.0,0.0,0.0,0.0	39.971439362,37.770322580645164,-122.43037490299618,0.0,0.0,0.0,0.0,0.0,0.0,0.0	48.555149078,37.770322580645164,-122.42722716690493,0.0,0.0,0.0,0.0,0.0,0.0,0.0	24.978221893,37.770322580645164,-122.42407943081368,0.0,0.0,0.0,0.0,0.0,0.0,0.0	11.463229179,37.770322580645164,-122.42093169472241,0.0,0.0,0.0,0.0,0.0,0.0,0.0	7.997578144,37.770322580645164,-122.41778395863116,0.0,0.0,0.0,0.0,0.0,0.0,0.0	6.443613052,37.770322580645164,-122.4146362225399,0.0,0.0,0.0,0.0,0.0,0.0,0.0	6.505323887,37.770322580645164,-122.41148848644865,0.0,0.0,0.0,0.0,0.0,0.0,0.0	4.977993965,37.770322580645164,-122.4083407503574,0.0,0.0,0.0,0.0,0.0,0.0,0.0	4.322417259,37.770322580645164,-122.40519301426613,0.0,0.0,0.0,0.0,0.0,0.0,0.0	3.421991348,37.770322580645164,-122.40204527817488,0.0,0.0,0.0,0.0,0.0,0.0,0.0	4.589604378,37.770322580645164,-122.39889754208362,0.0,0.0,0.0,0.0,0.0,0.0,0.0	2.536754131,37.770322580645164,-122.39574980599237,0.0,0.0,0.0,0.0,0.0,0.0,0.0	3.522876024,37.770322580645164,-122.39260206990112,0.0,0.0,0.0,0.0,0.0,0.0,0.0	3.248955488,37.770322580645164,-122.38945433380985,0.0,0.0,0.0,0.0,0.0,0.0,0.0	2.902224779,37.770322580645164,-122.3863065977186,0.0,0.0,0.0,0.0,0.0,0.0,0.0	-1.070000052,37.770322580645164,-122.38315886162734,0.0,0.0,0.0,0.0,0.0,0.0,0.0	-1.070000052,37.770322580645164,-122.38001112553609,0.0,0.0,0.0,0.0,0.0,0.0,0.0
-15.010716438,37.76817204301075,-122.54998640284728,0.0,0.0,0.0,0.0,0.0,0.0,0.0	-14.694818497,37.76817204301075,-122.54683875829738,0.0,0.0,0.0,0.0,0.0,0.0,0.0	-14.360682487,37.76817204301075,-122.54369111374749,0.0,0.0,0.0,0.0,0.0,0.0,0.0	-14.21231842,37.76817204301075,-122.54054346919759,0.0,0.0,0.0,0.0,0.0,0.0,0.0	-14.0316782,37.76817204301075,-122.53739582464769,0.0,0.0,0.0,0.0,0.0,0.0,0.0	-14.231171608,37.76817204301075,-122.53424818009778,0.0,0.0,0.0,0.0,0.0,0.0,0.0	-15.23002243,37.76817204301075,-122.53110053554788,0.0,0.0,0.0,0.0,0.0,0.0,0.0	-13.705820084,37.76817204301075,-122.52795289099798,0.0,0.0,0.0,0.0,0.0,0.0,0.0	-11.063539505,37.76817204301075,-122.52480524644808,0.0,0.0,0.0,0.0,0.0,0.0,0.0	-9.944972992,37.76817204301075,-122.52165760189818,0.0,0.0,0.0,0.0,0.0,0.0,0.0	-8.116573334,37.76817204301075,-122.51850995734829,0.0,0.0,0.0,0.0,0.0,0.0,0.0	-1.2e-08,37.76817204301075,-122.51536231279839,0.0,0.0,0.0,0.0,0.0,0.0,0.0	3.185744047,37.76817204301075,-122.51221466824849,0.0,0.0,0.0,0.0,0.0,0.0,0.0	9.284965515,37.76817204301075,-122.50906702369859,0.0,0.0,0.0,0.0,0.0,0.0,0.0	22.83392334,37.76817204301075,-122.5059193791487,0.0,0.0,0.0,0.0,0.0,0.0,0.0	27.833904266,37.76817204301075,-122.50277173459878,0.0,0.0,0.0,0.0,0.0,0.0,0.0	28.616798401,37.76817204301075,-122.49962409004888,0.0,0.0,0.0,0.0,0.0,0.0,0.0	40.348171234,37.76817204301075,-122.49647644549898,0.0,0.0,0.0,0.0,0.0,0.0,0.0	41.711898804,37.76817204301075,-122.49332880094909,0.0,0.0,0.0,0.0,0.0,0.0,0.0	44.922138214,37.76817204301075,-122.49018115639919,0.0,0.0,0.0,0.0,0.0,0.0,0.0	56.390922546,37.76817204301075,-122.48703351184929,0.0,0.0,0.0,0.0,0.0,0.0,0.0	58.851211548,37.76817204301075,-122.48388586729939,0.0,0.0,0.0,0.0,0.0,0.0,0.0	58.231262207,37.76817204301075,-122.4807382227495,0.0,0.0,0.0,0.0,0.0,0.0,0.0	86.972221375,37.76817204301075,-122.4775905781996,0.0,0.0,0.0,0.0,0.0,0.0,0.0	104.83013916,37.76817204301075,-122.47444293364968,0.0,0.0,0.0,0.0,0.0,0.0,0.0	71.767585754,37.76817204301075,-122.47129528909979,0.0,0.0,0.0,0.0,0.0,0.0,0.0	76.225151062,37.76817204301075,-122.46814764454989,0.0,0.0,0.0,0.0,0.0,0.0,0.0	75.503631592,37.76817204301075,-122.46499999999999,0.0,0.0,0.0,0.0,0.0,0.0,0.0	81.817398071,37.76817204301075,-122.46185235545009,0.0,0.0,0.0,0.0,0.0,0.0,0.0	78.683303833,37.76817204301075,-122.4587047109002,0.0,0.0,0.0,0.0,0.0,0.0,0.0	81.324325562,37.76817204301075,-122.4555570663503,0.0,0.0,0.0,0.0,0.0,0.0,0.0	82.732299805,37.76817204301075,-122.4524094218004,0.0,0.0,0.0,0.0,0.0,0.0,0.0	91.135322571,37.76817204301075,-122.4492617772505,0.0,0.0,0.0,0.0,0.0,0.0,0.0	101.740737915,37.76817204301075,-122.44611413270059,0.0,0.0,0.0,0.0,0.0,0.0,0.0	127.789276123,37.76817204301075,-122.44296648815069,0.0,0.0,0.0,0.0,0.0,0.0,0.0	132.121307373,37.76817204301075,-122.43981884360079,0.0,0.0,0.0,0.0,0.0,0.0,0.0	84.210678101,37.76817204301075,-122.43667119905089,0.0,0.0,0.0,0.0,0.0,0.0,0.0	49.684383392,37.76817204301075,-122.433523554501,0.0,0.0,0.0,0.0,0.0,0.0,0.0	34.006240845,37.76817204301075,-122.4303759099511,0.0,0.0,0.0,0.0,0.0,0.0,0.0	32.58921814,37.76817204301075,-122.4272282654012,0.0,0.0,0.0,0.0,0.0,0.0,0.0	16.486301422,37.76817204301075,-122.4240806208513,0.0,0.0,0.0,0.0,0.0,0.0,0.0	9.80316925,37.76817204301075,-122.4209329763014,0.0,0.0,0.0,0.0,0.0,0.0,0.0	6.272591114,37.76817204301075,-122.4177853317515,0.0,0.0,0.0,0.0,0.0,0.0,0.0	5.429458141,37.76817204301075,-122.41463768720159,0.0,0.0,0.0,0.0,0.0,0.0,0.0	8.126204491,37.76817204301075,-122.41149004265169,0.0,0.0,0.0,0.0,0.0,0.0,0.0	9.501037598,37.76817204301075,-122.4083423981018,0.0,0.0,0.0,0.0,0.0,0.0,0.0	5.674362183,37.76817204301075,-122.4051947535519,0.0,0.0,0.0,0.0,0.0,0.0,0.0	4.171907902,37.76817204301075,-122.402047109002,0.0,0.0,0.0,0.0,0.0,0.0,0.0	3.973003626,37.76817204301075,-122.3988994644521,0.0,0.0,0.0,0.0,0.0,0.0,0.0	4.655726433,37.76817204301075,-122.3957518199022,0.0,0.0,0.0,0.0,0.0,0.0,0.0	4.463960171,37.76817204301075,-122.3926041753523,0.0,0.0,0.0,0.0,0.0,0.0,0.0	4.285016537,37.76817204301075,-122.3894565308024,0.0,0.0,0.0,0.0,0.0,0.0,0.0	3.388870001,37.76817204301075,-122.3863088862525,0.0,0.0,0.0,0.0,0.0,0.0,0.0	-1.070000052,37.76817204301075,-122.3831612417026,0.0,0.0,0.0,0.0,0.0,0.0,0.0	-1.070000052,37.76817204301075,-122.3800135971527,0.0,0.0,0.0,0.0,0.0,0.0,0.0
-14.305551529,37.766021505376344,-122.54998393149414,0.0,0.0,0.0,0.0,0.0,0.0,0.0	-14.066851616,37.766021505376344,-122.54683637847583,0.0,0.0,0.0,0.0,0.0,0.0,0.0	-13.594359398,37.766021505376344,-122.54368882545754,0.0,0.0,0.0,0.0,0.0,0.0,0.0	-13.141483307,37.766021505376344,-122.54054127243923,0.0,0.0,0.0,0.0,0.0,0.0,0.0	-12.833303452,37.766021505376344,-122.53739371942093,0.0,0.0,0.0,0.0,0.0,0.0,0.0	-12.59692955,37.766021505376344,-122.53424616640262,0.0,0.0,0.0,0.0,0.0,0.0,0.0	-12.059883118,37.766021505376344,-122.53109861338433,0.0,0.0,0.0,0.0,0.0,0.0,0.0	-11.24425602,37.766021505376344,-122.52795106036602,0.0,0.0,0.0,0.0,0.0,0.0,0.0	-10.497818947,37.766021505376344,-122.52480350734773,0.0,0.0,0.0,0.0,0.0,0.0,0.0	-12.63097477,37.766021505376344,-122.52165595432942,0.0,0.0,0.0,0.0,0.0,0.0,0.0	-7.556634903,37.766021505376344,-122.51850840131112,0.0,0.0,0.0,0.0,0.0,0.0,0.0	-1.924115777,37.766021505376344,-122.51536084829281,0.0,0.0,0.0,0.0,0.0,0.0,0.0	2.880422592,37.766021505376344,-122.51221329527452,0.0,0.0,0.0,0.0,0.0,0.0,0.0	9.687273979,37.766021505376344,-122.50906574225621,0.0,0.0,0.0,0.0,0.0,0.0,0.0	20.916687012,37.766021505376344,-122.50591818923792,0.0,0.0,0.0,0.0,0.0,0.0,0.0	26.044618607,37.766021505376344,-122.50277063621961,0.0,0.0,0.0,0.0,0.0,0.0,0.0	27.847877502,37.766021505376344,-122.49962308320131,0.0,0.0,0.0,0.0,0.0,0.0,0.0	38.601799011,37.766021505376344,-122.496475530183,0.0,0.0,0.0,0.0,0.0,0.0,0.0	47.179615021,37.766021505376344,-122.49332797716471,0.0,0.0,0.0,0.0,0.0,0.0,0.0	50.366596222,37.766021505376344,-122.4901804241464,0.0,0.0,0.0,0.0,0.0,0.0,0.0	44.790000916,37.766021505376344,-122.48703287112811,0.0,0.0,0.0,0.0,0.0,0.0,0.0	60.562168121,37.766021505376344,-122.4838853181098,0.0,0.0,0.0,0.0,0.0,0.0,0.0	61.313087463,37.766021505376344,-122.4807377650915,0.0,0.0,0.0,0.0,0.0,0.0,0.0	69.22706604,37.766021505376344,-122.4775902120732,0.0,0.0,0.0,0.0,0.0,0.0,0.0	79.184463501,37.766021505376344,-122.4744426590549,0.0,0.0,0.0,0.0,0.0,0.0,0.0	64.85509491,37.766021505376344,-122.47129510603659,0.0,0.0,0.0,0.0,0.0,0.0,0.0	74.381866455,37.766021505376344,-122.4681475530183,0.0,0.0,0.0,0.0,0.0,0.0,0.0	79.801017761,37.766021505376344,-122.46499999999999,0.0,0.0,0.0,0.0,0.0,0.0,0.0	84.242156982,37.766021505376344,-122.4618524469817,0.0,0.0,0.0,0.0,0.0,0.0,0.0	86.333732605,37.766021505376344,-122.45870489396339,0.0,0.0,0.0,0.0,0.0,0.0,0.0	87.244667053,37.766021505376344,-122.45555734094509,0.0,0.0,0.0,0.0,0.0,0.0,0.0	91.832778931,37.766021505376344,-122.45240978792678,0.0,0.0,0.0,0.0,0.0,0.0,0.0	92.983406067,37.766021505376344,-122.44926223490849,0.0,0.0,0.0,0.0,0.0,0.0,0.0	118.770744324,37.766021505376344,-122.44611468189018,0.0,0.0,0.0,0.0,0.0,0.0,0.0	144.6824646,37.766021505376344,-122.44296712887189,0.0,0.0,0.0,0.0,0.0,0.0,0.0	111.356246948,37.766021505376344,-122.43981957585358,0.0,0.0,0.0,0.0,0.0,0.0,0.0	72.606834412,37.766021505376344,-122.43667202283528,0.0,0.0,0.0,0.0,0.0,0.0,0.0	45.656276703,37.766021505376344,-122.43352446981697,0.0,0.0,0.0,0.0,0.0,0.0,0.0	37.264480591,37.766021505376344,-122.43037691679868,0.0,0.0,0.0,0.0,0.0,0.0,0.0	22.79681015,37.766021505376344,-122.42722936378037,0.0,0.0,0.0,0.0,0.0,0.0,0.0	16.402997971,37.766021505376344,-122.42408181076208,0.0,0.0,0.0,0.0,0.0,0.0,0.0	11.583924294,37.766021505376344,-122.42093425774377,0.0,0.0,0.0,0.0,0.0,0.0,0.0	7.390338898,37.766021505376344,-122.41778670472547,0.0,0.0,0.0,0.0,0.0,0.0,0.0	6.721705914,37.766021505376344,-122.41463915170716,0.0,0.0,0.0,0.0,0.0,0.0,0.0	14.801986694,37.766021505376344,-122.41149159868887,0.0,0.0,0.0,0.0,0.0,0.0,0.0	19.561052322,37.766021505376344,-122.40834404567056,0.0,0.0,0.0,0.0,0.0,0.0,0.0	8.790466309,37.766021505376344,-122.40519649265227,0.0,0.0,0.0,0.0,0.0,0.0,0.0	6.148731232,37.766021505376344,-122.40204893963396,0.0,0.0,0.0,0.0,0.0,0.0,0.0	5.281209946,37.766021505376344,-122.39890138661566,0.0,0.0,0.0,0.0,0.0,0.0,0.0	5.417150974,37.766021505376344,-122.39575383359735,0.0,0.0,0.0,0.0,0.0,0.0,0.0	4.775672913,37.766021505376344,-122.39260628057906,0.0,0.0,0.0,0.0,0.0,0.0,0.0	5.06269598,37.766021505376344,-122.38945872756075,0.0,0.0,0.0,0.0,0.0,0.0,0.0	3.7078228,37.766021505376344,-122.38631117454246,0.0,0.0,0.0,0.0,0.0,0.0,0.0	-1.070000052,37.766021505376344,-122.38316362152415,0.0,0.0,0.0,0.0,0.0,0.0,0.0	-1.070000052,37.766021505376344,-122.38001606850585,0.0,0.0,0.0,0.0,0.0,0.0,0.0
-13.511713028,37.76387096774194,-122.54998146040444,0.0,0.0,0.0,0.0,0.0,0.0,0.0	-13.318954468,37.76387096774194,-122.54683399890797,0.0,0.0,0.0,0.0,0.0,0.0,0.0	-12.991466522,37.76387096774194,-122.54368653741152,0.0,0.0,0.0,0.0,0.0,0.0,0.0	-12.612498283,37.76387096774194,-122.54053907591505,0.0,0.0,0.0,0.0,0.0,0.0,0.0	-12.124596596,37.76387096774194,-122.5373916144186,0.0,0.0,0.0,0.0,0.0,0.0,0.0	-11.568509102,37.76387096774194,-122.53424415292213,0.0,0.0,0.0,0.0,0.0,0.0,0.0	-10.937021255,37.76387096774194,-122.53109669142567,0.0,0.0,0.0,0.0,0.0,0.0,0.0	-10.266512871,37.76387096774194,-122.5279492299292,0.0,0.0,0.0,0.0,0.0,0.0,0.0	-10.858258247,37.76387096774194,-122.52480176843275,0.0,0.0,0.0,0.0,0.0,0.0,0.0	-12.312291145,37.76387096774194,-122.52165430693628,0.0,0.0,0.0,0.0,0.0,0.0,0.0	-7.519863129,37.76387096774194,-122.51850684543983,0.0,0.0,0.0,0.0,0.0,0.0,0.0	-2.231839657,37.76387096774194,-122.51535938394336,0.0,0.0,0.0,0.0,0.0,0.0,0.0	2.45783186,37.76387096774194,-122.51221192244691,0.0,0.0,0.0,0.0,0.0,0.0,0.0	8.413721085,37.76387096774194,-122.50906446095044,0.0,0.0,0.0,0.0,0.0,0.0,0.0	16.585933685,37.76387096774194,-122.50591699945399,0.0,0.0,0.0,0.0,0.0,0.0,0.0	25.495271683,37.76387096774194,-122.50276953795752,0.0,0.0,0.0,0.0,0.0,0.0,0.0	32.843154907,37.76387096774194,-122.49962207646107,0.0,0.0,0.0,0.0,0.0,0.0,0.0	41.937862396,37.76387096774194,-122.4964746149646,0.0,0.0,0.0,0.0,0.0,0.0,0.0	50.130149841,37.76387096774194,-122.49332715346814,0.0,0.0,0.0,0.0,0.0,0.0,0.0	55.026771545,37.76387096774194,-122.49017969197168,0.0,0.0,0.0,0.0,0.0,0.0,0.0	60.936206818,37.76387096774194,-122.48703223047522,0.0,0.0,0.0,0.0,0.0,0.0,0.0	63.414039612,37.76387096774194,-122.48388476897875,0.0,0.0,0.0,0.0,0.0,0.0,0.0	68.171043396,37.76387096774194,-122.4807373074823,0.0,0.0,0.0,0.0,0.0,0.0,0.0	67.856590271,37.76387096774194,-122.47758984598583,0.0,0.0,0.0,0.0,0.0,0.0,0.0	76.109725952,37.76387096774194,-122.47444238448938,0.0,0.0,0.0,0.0,0.0,0.0,0.0	75.684768677,37.76387096774194,-122.47129492299291,0.0,0.0,0.0,0.0,0.0,0.0,0.0	77.340209961,37.76387096774194,-122.46814746149646,0.0,0.0,0.0,0.0,0.0,0.0,0.0	85.307365417,37.76387096774194,-122.46499999999999,0.0,0.0,0.0,0.0,0.0,0.0,0.0	89.209114075,37.76387096774194,-122.46185253850354,0.0,0.0,0.0,0.0,0.0,0.0,0.0	112.379951477,37.76387096774194,-122.45870507700707,0.0,0.0,0.0,0.0,0.0,0.0,0.0	134.95475769,37.76387096774194,-122.45555761551061,0.0,0.0,0.0,0.0,0.0,0.0,0.0	107.384017944,37.76387096774194,-122.45241015401415,0.0,0.0,0.0,0.0,0.0,0.0,0.0	96.217971802,37.76387096774194,-122.44926269251769,0.0,0.0,0.0,0.0,0.0,0.0,0.0	135.549377441,37.76387096774194,-122.44611523102122,0.0,0.0,0.0,0.0,0.0,0.0,0.0	136.434539795,37.76387096774194,-122.44296776952477,0.0,0.0,0.0,0.0,0.0,0.0,0.0	90.23323822,37.76387096774194,-122.4398203080283,0.0,0.0,0.0,0.0,0.0,0.0,0.0	85.098266602,37.76387096774194,-122.43667284653185,0.0,0.0,0.0,0.0,0.0,0.0,0.0	43.188236237,37.76387096774194,-122.43352538503538,0.0,0.0,0.0,0.0,0.0,0.0,0.0	32.654083252,37.76387096774194,-122.43037792353893,0.0,0.0,0.0,0.0,0.0,0.0,0.0	25.051713943,37.76387096774194,-122.42723046204246,0.0,0.0,0.0,0.0,0.0,0.0,0.0	18.757585526,37.76387096774194,-122.424083000546,0.0,0.0,0.0,0.0,0.0,0.0,0.0	11.811948776,37.76387096774194,-122.42093553904954,0.0,0.0,0.0,0.0,0.0,0.0,0.0	8.734209061,37.76387096774194,-122.41778807755307,0.0,0.0,0.0,0.0,0.0,0.0,0.0	6.130343914,37.76387096774194,-122.41464061605662,0.0,0.0,0.0,0.0,0.0,0.0,0.0	12.009532928,37.76387096774194,-122.41149315456015,0.0,0.0,0.0,0.0,0.0,0.0,0.0	19.594863892,37.76387096774194,-122.4083456930637,0.0,0.0,0.0,0.0,0.0,0.0,0.0	28.682229996,37.76387096774194,-122.40519823156723,0.0,0.0,0.0,0.0,0.0,0.0,0.0	9.450855255,37.76387096774194,-122.40205077007077,0.0,0.0,0.0,0.0,0.0,0.0,0.0	10.024669647,37.76387096774194,-122.3989033085743,0.0,0.0,0.0,0.0,0.0,0.0,0.0	17.635616302,37.76387096774194,-122.39575584707785,0.0,0.0,0.0,0.0,0.0,0.0,0.0	10.713421822,37.76387096774194,-122.39260838558138,0.0,0.0,0.0,0.0,0.0,0.0,0.0	6.572426796,37.76387096774194,-122.38946092408493,0.0,0.0,0.0,0.0,0.0,0.0,0.0	-1.070000052,37.76387096774194,-122.38631346258846,0.0,0.0,0.0,0.0,0.0,0.0,0.0	-1.070000052,37.76387096774194,-122.38316600109201,0.0,0.0,0.0,0.0,0.0,0.0,0.0	-1.070000052,37.76387096774194,-122.38001853959554,0.0,0.0,0.0,0.0,0.0,0.0,0.0
-12.55639267,37.76172043010753,-122.54997898957816,0.0,0.0,0.0,0.0,0.0,0.0,0.0	-12.111693382,37.76172043010753,-122.54683161959379,0.0,0.0,0.0,0.0,0.0,0.0,0.0	-11.748234749,37.76172043010753,-122.54368424960941,0.0,0.0,0.0,0.0,0.0,0.0,0.0	-11.556606293,37.76172043010753,-122.54053687962504,0.0,0.0,0.0,0.0,0.0,0.0,0.0	-11.239876747,37.76172043010753,-122.53738950964066,0.0,0.0,0.0,0.0,0.0,0.0,0.0	-11.137628555,37.76172043010753,-122.53424213965629,0.0,0.0,0.0,0.0,0.0,0.0,0.0	-11.262026787,37.76172043010753,-122.53109476967191,0.0,0.0,0.0,0.0,0.0,0.0,0.0	-12.602518082,37.76172043010753,-122.52794739968753,0.0,0.0,0.0,0.0,0.0,0.0,0.0	-13.141093254,37.76172043010753,-122.52480002970316,0.0,0.0,0.0,0.0,0.0,0.0,0.0	-11.739590645,37.76172043010753,-122.52165265971878,0.0,0.0,0.0,0.0,0.0,0.0,0.0	-7.889620781,37.76172043010753,-122.5185052897344,0.0,0.0,0.0,0.0,0.0,0.0,0.0	-2.581175327,37.76172043010753,-122.51535791975003,0.0,0.0,0.0,0.0,0.0,0.0,0.0	1.402756453,37.76172043010753,-122.51221054976564,0.0,0.0,0.0,0.0,0.0,0.0,0.0	7.385118961,37.76172043010753,-122.50906317978126,0.0,0.0,0.0,0.0,0.0,0.0,0.0	14.848373413,37.76172043010753,-122.50591580979689,0.0,0.0,0.0,0.0,0.0,0.0,0.0	25.001331329,37.76172043010753,-122.50276843981251,0.0,0.0,0.0,0.0,0.0,0.0,0.0	34.436553955,37.76172043010753,-122.49962106982814,0.0,0.0,0.0,0.0,0.0,0.0,0.0	45.534973145,37.76172043010753,-122.49647369984376,0.0,0.0,0.0,0.0,0.0,0.0,0.0	59.88129425,37.76172043010753,-122.49332632985939,0.0,0.0,0.0,0.0,0.0,0.0,0.0	65.745346069,37.76172043010753,-122.49017895987501,0.0,0.0,0.0,0.0,0.0,0.0,0.0	67.058189392,37.76172043010753,-122.48703158989063,0.0,0.0,0.0,0.0,0.0,0.0,0.0	69.65827179,37.76172043010753,-122.48388421990626,0.0,0.0,0.0,0.0,0.0,0.0,0.0	73.482978821,37.76172043010753,-122.48073684992188,0.0,0.0,0.0,0.0,0.0,0.0,0.0	79.672698975,37.76172043010753,-122.4775894799375,0.0,0.0,0.0,0.0,0.0,0.0,0.0	85.593811035,37.76172043010753,-122.47444210995313,0.0,0.0,0.0,0.0,0.0,0.0,0.0	81.059120178,37.76172043010753,-122.47129473996876,0.0,0.0,0.0,0.0,0.0,0.0,0.0	86.430053711,37.76172043010753,-122.46814736998438,0.0,0.0,0.0,0.0,0.0,0.0,0.0	93.701622009,37.76172043010753,-122.465,0.0,0.0,0.0,0.0,0.0,0.0,0.0	106.737045288,37.76172043010753,-122.46185263001563,0.0,0.0,0.0,0.0,0.0,0.0,0.0	162.586029053,37.76172043010753,-122.45870526003125,0.0,0.0,0.0,0.0,0.0,0.0,0.0	177.976287842,37.76172043010753,-122.45555789004688,0.0,0.0,0.0,0.0,0.0,0.0,0.0	119.04309082,37.76172043010753,-122.4524105200625,0.0,0.0,0.0,0.0,0.0,0.0,0.0	113.746948242,37.76172043010753,-122.44926315007812,0.0,0.0,0.0,0.0,0.0,0.0,0.0	143.39414978,37.76172043010753,-122.44611578009375,0.0,0.0,0.0,0.0,0.0,0.0,0.0	90.490188599,37.76172043010753,-122.44296841010937,0.0,0.0,0.0,0.0,0.0,0.0,0.0	65.425468445,37.76172043010753,-122.439821040125,0.0,0.0,0.0,0.0,0.0,0.0,0.0	48.397800446,37.76172043010753,-122.4366736701406,0.0,0.0,0.0,0.0,0.0,0.0,0.0	33.369918823,37.76172043010753,-122.43352630015623,0.0,0.0,0.0,0.0,0.0,0.0,0.0	24.850532532,37.76172043010753,-122.43037893017186,0.0,0.0,0.0,0.0,0.0,0.0,0.0	18.624435425,37.76172043010753,-122.42723156018748,0.0,0.0,0.0,0.0,0.0,0.0,0.0	14.725263596,37.76172043010753,-122.4240841902031,0.0,0.0,0.0,0.0,0.0,0.0,0.0	11.872200966,37.76172043010753,-122.42093682021873,0.0,0.0,0.0,0.0,0.0,0.0,0.0	11.00206852,37.76172043010753,-122.41778945023435,0.0,0.0,0.0,0.0,0.0,0.0,0.0	7.123719692,37.76172043010753,-122.41464208024998,0.0,0.0,0.0,0.0,0.0,0.0,0.0	9.380908966,37.76172043010753,-122.4114947102656,0.0,0.0,0.0,0.0,0.0,0.0,0.0	14.102629662,37.76172043010753,-122.40834734028122,0.0,0.0,0.0,0.0,0.0,0.0,0.0	42.578296661,37.76172043010753,-122.40519997029685,0.0,0.0,0.0,0.0,0.0,0.0,0.0	46.053691864,37.76172043010753,-122.40205260031247,0.0,0.0,0.0,0.0,0.0,0.0,0.0	20.904037476,37.76172043010753,-122.3989052303281,0.0,0.0,0.0,0.0,0.0,0.0,0.0	54.012264252,37.76172043010753,-122.39575786034372,0.0,0.0,0.0,0.0,0.0,0.0,0.0	21.830621719,37.76172043010753,-122.39261049035935,0.0,0.0,0.0,0.0,0.0,0.0,0.0	15.50741291,37.76172043010753,-122.38946312037497,0.0,0.0,0.0,0.0,0.0,0.0,0.0	3.367297411,37.76172043010753,-122.3863157503906,0.0,0.0,0.0,0.0,0.0,0.0,0.0	4.54204607,37.76172043010753,-122.38316838040622,0.0,0.0,0.0,0.0,0.0,0.0,0.0	-1.070000052,37.76172043010753,-122.38002101042184,0.0,0.0,0.0,0.0,0.0,0.0,0.0
-12.5411129,37.75956989247312,-122.54997651901526,0.0,0.0,0.0,0.0,0.0,0.0,0.0	-12.322337151,37.75956989247312,-122.54682924053321,0.0,0.0,0.0,0.0,0.0,0.0,0.0	-12.059497833,37.75956989247312,-122.54368196205117,0.0,0.0,0.0,0.0,0.0,0.0,0.0	-11.698199272,37.75956989247312,-122.54053468356912,0.0,0.0,0.0,0.0,0.0,0.0,0.0	-11.259102821,37.75956989247312,-122.53738740508707,0.0,0.0,0.0,0.0,0.0,0.0,0.0	-11.218689919,37.75956989247312,-122.53424012660503,0.0,0.0,0.0,0.0,0.0,0.0,0.0	-11.356507301,37.75956989247312,-122.53109284812298,0.0,0.0,0.0,0.0,0.0,0.0,0.0	-12.518486023,37.75956989247312,-122.52794556964093,0.0,0.0,0.0,0.0,0.0,0.0,0.0	-12.798456192,37.75956989247312,-122.52479829115889,0.0,0.0,0.0,0.0,0.0,0.0,0.0	-11.69400692,37.75956989247312,-122.52165101267684,0.0,0.0,0.0,0.0,0.0,0.0,0.0	-8.187586784,37.75956989247312,-122.5185037341948,0.0,0.0,0.0,0.0,0.0,0.0,0.0	-2.557839632,37.75956989247312,-122.51535645571275,0.0,0.0,0.0,0.0,0.0,0.0,0.0	0.676721036,37.75956989247312,-122.5122091772307,0.0,0.0,0.0,0.0,0.0,0.0,0.0	7.039294243,37.75956989247312,-122.50906189874866,0.0,0.0,0.0,0.0,0.0,0.0,0.0	15.042100906,37.75956989247312,-122.50591462026661,0.0,0.0,0.0,0.0,0.0,0.0,0.0	25.921033859,37.75956989247312,-122.50276734178456,0.0,0.0,0.0,0.0,0.0,0.0,0.0	37.740959167,37.75956989247312,-122.49962006330252,0.0,0.0,0.0,0.0,0.0,0.0,0.0	53.641452789,37.75956989247312,-122.49647278482047,0.0,0.0,0.0,0.0,0.0,0.0,0.0	69.993904114,37.75956989247312,-122.49332550633842,0.0,0.0,0.0,0.0,0.0,0.0,0.0	76.533325195,37.75956989247312,-122.49017822785638,0.0,0.0,0.0,0.0,0.0,0.0,0.0	74.785552979,37.75956989247312,-122.48703094937433,0.0,0.0,0.0,0.0,0.0,0.0,0.0	76.345878601,37.75956989247312,-122.48388367089228,12.939815659791932,488.37333333333333,988.9193333333333,0.49384547037540644,2.4101507481488724,139.17301083042528,77.74642694168112	79.655433655,37.75956989247312,-122.48073639241024,0.0,0.0,0.0,0.0,0.0,0.0,0.0	87.676399231,37.75956989247312,-122.47758911392819,12.876227413761637,488.37333333333333,987.4813333333334,0.49456462299371734,2.4118243541451783,139.17301083042528,77.74832998722394	110.821586609,37.75956989247312,-122.47444183544614,0.0,0.0,0.0,0.0,0.0,0.0,0.0	107.801429749,37.75956989247312,-122.4712945569641,0.0,0.0,0.0,0.0,0.0,0.0,0.0	103.638641357,37.75956989247312,-122.46814727848205,0.0,0.0,0.0,0.0,0.0,0.0,0.0	107.700004578,37.75956989247312,-122.46499999999999,0.0,0.0,0.0,0.0,0.0,0.0,0.0	140.006942749,37.75956989247312,-122.46185272151794,0.0,0.0,0.0,0.0,0.0,0.0,0.0	228.411529541,37.75956989247312,-122.4587054430359,0.0,0.0,0.0,0.0,0.0,0.0,0.0	194.570953369,37.75956989247312,-122.45555816455385,0.0,0.0,0.0,0.0,0.0,0.0,0.0	168.158218384,37.75956989247312,-122.4524108860718,0.0,0.0,0.0,0.0,0.0,0.0,0.0	156.824188232,37.75956989247312,-122.44926360758976,0.0,0.0,0.0,0.0,0.0,0.0,0.0	123.958106995,37.75956989247312,-122.44611632910771,0.0,0.0,0.0,0.0,0.0,0.0,0.0	81.289321899,37.75956989247312,-122.44296905062566,0.0,0.0,0.0,0.0,0.0,0.0,0.0	63.234600067,37.75956989247312,-122.43982177214362,0.0,0.0,0.0,0.0,0.0,0.0,0.0	46.420162201,37.75956989247312,-122.43667449366157,0.0,0.0,0.0,0.0,0.0,0.0,0.0	46.454826355,37.75956989247312,-122.43352721517952,0.0,0.0,0.0,0.0,0.0,0.0,0.0	55.617572784,37.75956989247312,-122.43037993669748,0.0,0.0,0.0,0.0,0.0,0.0,0.0	32.027435303,37.75956989247312,-122.42723265821543,0.0,0.0,0.0,0.0,0.0,0.0,0.0	16.75994873,37.75956989247312,-122.42408537973338,0.0,0.0,0.0,0.0,0.0,0.0,0.0	16.063077927,37.75956989247312,-122.42093810125134,0.0,0.0,0.0,0.0,0.0,0.0,0.0	17.46295929,37.75956989247312,-122.41779082276929,0.0,0.0,0.0,0.0,0.0,0.0,0.0	10.66857338,37.75956989247312,-122.41464354428724,0.0,0.0,0.0,0.0,0.0,0.0,0.0	8.659635544,37.75956989247312,-122.4114962658052,0.0,0.0,0.0,0.0,0.0,0.0,0.0	15.405537605,37.75956989247312,-122.40834898732315,0.0,0.0,0.0,0.0,0.0,0.0,0.0	71.754043579,37.75956989247312,-122.4052017088411,0.0,0.0,0.0,0.0,0.0,0.0,0.0	78.666992188,37.75956989247312,-122.40205443035906,0.0,0.0,0.0,0.0,0.0,0.0,0.0	61.750396729,37.75956989247312,-122.39890715187701,0.0,0.0,0.0,0.0,0.0,0.0,0.0	47.354419708,37.75956989247312,-122.39575987339497,0.0,0.0,0.0,0.0,0.0,0.0,0.0	25.527593613,37.75956989247312,-122.39261259491292,0.0,0.0,0.0,0.0,0.0,0.0,0.0	16.317705154,37.75956989247312,-122.38946531643087,0.0,0.0,0.0,0.0,0.0,0.0,0.0	5.552639008,37.75956989247312,-122.38631803794883,0.0,0.0,0.0,0.0,0.0,0.0,0.0	3.95140481,37.75956989247312,-122.38317075946678,0.0,0.0,0.0,0.0,0.0,0.0,0.0	-1.070000052,37.75956989247312,-122.38002348098473,0.0,0.0,0.0,0.0,0.0,0.0,0.0
-12.670536041,37.75741935483871,-122.54997404871571,0.0,0.0,0.0,0.0,0.0,0.0,0.0	-12.413290977,37.75741935483871,-122.54682686172625,0.0,0.0,0.0,0.0,0.0,0.0,0.0	-12.099626541,37.75741935483871,-122.54367967473677,0.0,0.0,0.0,0.0,0.0,0.0,0.0	-11.890488625,37.75741935483871,-122.5405324877473,0.0,0.0,0.0,0.0,0.0,0.0,0.0	-11.949727058,37.75741935483871,-122.53738530075783,0.0,0.0,0.0,0.0,0.0,0.0,0.0	-12.040431976,37.75741935483871,-122.53423811376835,0.0,0.0,0.0,0.0,0.0,0.0,0.0	-12.059033394,37.75741935483871,-122.53109092677889,0.0,0.0,0.0,0.0,0.0,0.0,0.0	-12.411362648,37.75741935483871,-122.52794373978941,0.0,0.0,0.0,0.0,0.0,0.0,0.0	-12.249009132,37.75741935483871,-122.52479655279994,0.0,0.0,0.0,0.0,0.0,0.0,0.0	-11.73373127,37.75741935483871,-122.52164936581048,0.0,0.0,0.0,0.0,0.0,0.0,0.0	-8.465960503,37.75741935483871,-122.518502178821,0.0,0.0,0.0,0.0,0.0,0.0,0.0	-3.029696226,37.75741935483871,-122.51535499183153,0.0,0.0,0.0,0.0,0.0,0.0,0.0	-0.230000049,37.75741935483871,-122.51220780484206,0.0,0.0,0.0,0.0,0.0,0.0,0.0	7.012975216,37.75741935483871,-122.50906061785258,0.0,0.0,0.0,0.0,0.0,0.0,0.0	13.202642441,37.75741935483871,-122.50591343086312,0.0,0.0,0.0,0.0,0.0,0.0,0.0	28.431938171,37.75741935483871,-122.50276624387365,0.0,0.0,0.0,0.0,0.0,0.0,0.0	39.018058777,37.75741935483871,-122.49961905688417,0.0,0.0,0.0,0.0,0.0,0.0,0.0	55.896736145,37.75741935483871,-122.4964718698947,0.0,0.0,0.0,0.0,0.0,0.0,0.0	73.111877441,37.75741935483871,-122.49332468290523,0.0,0.0,0.0,0.0,0.0,0.0,0.0	82.461990356,37.75741935483871,-122.49017749591576,0.0,0.0,0.0,0.0,0.0,0.0,0.0	81.841964722,37.75741935483871,-122.4870303089263,0.0,0.0,0.0,0.0,0.0,0.0,0.0	78.121635437,37.75741935483871,-122.48388312193681,0.0,0.0,0.0,0.0,0.0,0.0,0.0	82.537620544,37.75741935483871,-122.48073593494735,0.0,0.0,0.0,0.0,0.0,0.0,0.0	98.101402283,37.75741935483871,-122.47758874795788,0.0,0.0,0.0,0.0,0.0,0.0,0.0	126.327934265,37.75741935483871,-122.4744415609684,0.0,0.0,0.0,0.0,0.0,0.0,0.0	149.873947144,37.75741935483871,-122.47129437397894,0.0,0.0,0.0,0.0,0.0,0.0,0.0	129.696258545,37.75741935483871,-122.46814718698946,0.0,0.0,0.0,0.0,0.0,0.0,0.0	132.589706421,37.75741935483871,-122.46499999999999,0.0,0.0,0.0,0.0,0.0,0.0,0.0	141.59387207,37.75741935483871,-122.46185281301052,0.0,0.0,0.0,0.0,0.0,0.0,0.0	266.236968994,37.75741935483871,-122.45870562602104,0.0,0.0,0.0,0.0,0.0,0.0,0.0	233.823226929,37.75741935483871,-122.45555843903158,0.0,0.0,0.0,0.0,0.0,0.0,0.0	221.807998657,37.75741935483871,-122.45241125204211,0.0,0.0,0.0,0.0,0.0,0.0,0.0	228.703567505,37.75741935483871,-122.44926406505263,0.0,0.0,0.0,0.0,0.0,0.0,0.0	150.918243408,37.75741935483871,-122.44611687806317,0.0,0.0,0.0,0.0,0.0,0.0,0.0	118.081428528,37.75741935483871,-122.4429696910737,0.0,0.0,0.0,0.0,0.0,0.0,0.0	104.422767639,37.75741935483871,-122.43982250408422,0.0,0.0,0.0,0.0,0.0,0.0,0.0	75.275688171,37.75741935483871,-122.43667531709475,0.0,0.0,0.0,0.0,0.0,0.0,0.0	70.765930176,37.75741935483871,-122.43352813010527,0.0,0.0,0.0,0.0,0.0,0.0,0.0	87.29662323,37.75741935483871,-122.43038094311581,0.0,0.0,0.0,0.0,0.0,0.0,0.0	55.787342072,37.75741935483871,-122.42723375612634,0.0,0.0,0.0,0.0,0.0,0.0,0.0	42.277843475,37.75741935483871,-122.42408656913686,0.0,0.0,0.0,0.0,0.0,0.0,0.0	20.993068695,37.75741935483871,-122.4209393821474,0.0,0.0,0.0,0.0,0.0,0.0,0.0	19.148588181,37.75741935483871,-122.41779219515793,0.0,0.0,0.0,0.0,0.0,0.0,0.0	14.948080063,37.75741935483871,-122.41464500816845,0.0,0.0,0.0,0.0,0.0,0.0,0.0	11.266436577,37.75741935483871,-122.41149782117898,0.0,0.0,0.0,0.0,0.0,0.0,0.0	13.939454079,37.75741935483871,-122.40835063418952,0.0,0.0,0.0,0.0,0.0,0.0,0.0	26.438266754,37.75741935483871,-122.40520344720004,0.0,0.0,0.0,0.0,0.0,0.0,0.0	68.77759552,37.75741935483871,-122.40205626021057,0.0,0.0,0.0,0.0,0.0,0.0,0.0	89.793243408,37.75741935483871,-122.39890907322109,0.0,0.0,0.0,0.0,0.0,0.0,0.0	44.008644104,37.75741935483871,-122.39576188623163,0.0,0.0,0.0,0.0,0.0,0.0,0.0	7.134390831,37.75741935483871,-122.39261469924216,0.0,0.0,0.0,0.0,0.0,0.0,0.0	7.288490295,37.75741935483871,-122.38946751225268,0.0,0.0,0.0,0.0,0.0,0.0,0.0	12.290563583,37.75741935483871,-122.38632032526321,0.0,0.0,0.0,0.0,0.0,0.0,0.0	3.320008755,37.75741935483871,-122.38317313827375,0.0,0.0,0.0,0.0,0.0,0.0,0.0	-1.070000052,37.75741935483871,-122.38002595128427,0.0,0.0,0.0,0.0,0.0,0.0,0.0
-12.571774483,37.7552688172043,-122.5499715786795,0.0,0.0,0.0,0.0,0.0,0.0,0.0	-12.312548637,37.7552688172043,-122.54682448317286,0.0,0.0,0.0,0.0,0.0,0.0,0.0	-12.218942642,37.7552688172043,-122.54367738766621,0.0,0.0,0.0,0.0,0.0,0.0,0.0	-12.068172455,37.7552688172043,-122.54053029215956,0.0,0.0,0.0,0.0,0.0,0.0,0.0	-11.975726128,37.7552688172043,-122.53738319665291,0.0,0.0,0.0,0.0,0.0,0.0,0.0	-11.980448723,37.7552688172043,-122.53423610114626,0.0,0.0,0.0,0.0,0.0,0.0,0.0	-12.052336693,37.7552688172043,-122.53108900563961,0.0,0.0,0.0,0.0,0.0,0.0,0.0	-12.085020065,37.7552688172043,-122.52794191013297,0.0,0.0,0.0,0.0,0.0,0.0,0.0	-11.855077744,37.7552688172043,-122.52479481462632,0.0,0.0,0.0,0.0,0.0,0.0,0.0	-11.080494881,37.7552688172043,-122.52164771911967,0.0,0.0,0.0,0.0,0.0,0.0,0.0	-8.933163643,37.7552688172043,-122.51850062361302,0.0,0.0,0.0,0.0,0.0,0.0,0.0	-4.092251778,37.7552688172043,-122.51535352810637,0.0,0.0,0.0,0.0,0.0,0.0,0.0	-1.080000043,37.7552688172043,-122.51220643259973,0.0,0.0,0.0,0.0,0.0,0.0,0.0	10.160651207,37.7552688172043,-122.50905933709308,0.0,0.0,0.0,0.0,0.0,0.0,0.0	11.702903748,37.7552688172043,-122.50591224158643,0.0,0.0,0.0,0.0,0.0,0.0,0.0	23.689161301,37.7552688172043,-122.50276514607978,0.0,0.0,0.0,0.0,0.0,0.0,0.0	33.60974884,37.7552688172043,-122.49961805057313,0.0,0.0,0.0,0.0,0.0,0.0,0.0	50.308864594,37.7552688172043,-122.49647095506648,0.0,0.0,0.0,0.0,0.0,0.0,0.0	70.794593811,37.7552688172043,-122.49332385955984,0.0,0.0,0.0,0.0,0.0,0.0,0.0	90.70489502,37.7552688172043,-122.49017676405319,0.0,0.0,0.0,0.0,0.0,0.0,0.0	86.785263062,37.7552688172043,-122.48702966854654,0.0,0.0,0.0,0.0,0.0,0.0,0.0	93.380065918,37.7552688172043,-122.48388257303989,0.0,0.0,0.0,0.0,0.0,0.0,0.0	95.339805603,37.7552688172043,-122.48073547753324,0.0,0.0,0.0,0.0,0.0,0.0,0.0	101.180213928,37.7552688172043,-122.4775883820266,0.0,0.0,0.0,0.0,0.0,0.0,0.0	128.165374756,37.7552688172043,-122.47444128651995,0.0,0.0,0.0,0.0,0.0,0.0,0.0	184.395355225,37.7552688172043,-122.4712941910133,0.0,0.0,0.0,0.0,0.0,0.0,0.0	160.777740479,37.7552688172043,-122.46814709550665,0.0,0.0,0.0,0.0,0.0,0.0,0.0	146.629730225,37.7552688172043,-122.465,0.0,0.0,0.0,0.0,0.0,0.0,0.0	179.274780273,37.7552688172043,-122.46185290449336,0.0,0.0,0.0,0.0,0.0,0.0,0.0	240.114517212,37.7552688172043,-122.4587058089867,0.0,0.0,0.0,0.0,0.0,0.0,0.0	190.101882935,37.7552688172043,-122.45555871348006,0.0,0.0,0.0,0.0,0.0,0.0,0.0	251.944000244,37.7552688172043,-122.45241161797341,0.0,0.0,0.0,0.0,0.0,0.0,0.0	232.366744995,37.7552688172043,-122.44926452246676,0.0,0.0,0.0,0.0,0.0,0.0,0.0	242.625061035,37.7552688172043,-122.44611742696011,0.0,0.0,0.0,0.0,0.0,0.0,0.0	157.7212677,37.7552688172043,-122.44297033145347,0.0,0.0,0.0,0.0,0.0,0.0,0.0	109.130363464,37.7552688172043,-122.43982323594682,0.0,0.0,0.0,0.0,0.0,0.0,0.0	105.390830994,37.7552688172043,-122.43667614044017,0.0,0.0,0.0,0.0,0.0,0.0,0.0	98.752639771,37.7552688172043,-122.43352904493352,0.0,0.0,0.0,0.0,0.0,0.0,0.0	105.277107239,37.7552688172043,-122.43038194942687,0.0,0.0,0.0,0.0,0.0,0.0,0.0	52.381484985,37.7552688172043,-122.42723485392023,0.0,0.0,0.0,0.0,0.0,0.0,0.0	34.282402039,37.7552688172043,-122.42408775841358,0.0,0.0,0.0,0.0,0.0,0.0,0.0	25.060474396,37.7552688172043,-122.42094066290693,0.0,0.0,0.0,0.0,0.0,0.0,0.0	20.32796669,37.7552688172043,-122.41779356740028,0.0,0.0,0.0,0.0,0.0,0.0,0.0	17.496585846,37.7552688172043,-122.41464647189363,0.0,0.0,0.0,0.0,0.0,0.0,0.0	13.874970436,37.7552688172043,-122.41149937638698,0.0,0.0,0.0,0.0,0.0,0.0,0.0	16.526538849,37.7552688172043,-122.40835228088034,0.0,0.0,0.0,0.0,0.0,0.0,0.0	24.412267685,37.7552688172043,-122.40520518537369,0.0,0.0,0.0,0.0,0.0,0.0,0.0	45.596992493,37.7552688172043,-122.40205808986704,0.0,0.0,0.0,0.0,0.0,0.0,0.0	88.829399109,37.7552688172043,-122.39891099436039,0.0,0.0,0.0,0.0,0.0,0.0,0.0	67.249519348,37.7552688172043,-122.39576389885374,0.0,0.0,0.0,0.0,0.0,0.0,0.0	7.520054817,37.7552688172043,-122.3926168033471,0.0,0.0,0.0,0.0,0.0,0.0,0.0	5.652168751,37.7552688172043,-122.38946970784045,0.0,0.0,0.0,0.0,0.0,0.0,0.0	6.780198574,37.7552688172043,-122.3863226123338,0.0,0.0,0.0,0.0,0.0,0.0,0.0	4.697542667,37.7552688172043,-122.38317551682715,0.0,0.0,0.0,0.0,0.0,0.0,0.0	-1.070000052,37.7552688172043,-122.3800284213205,0.0,0.0,0.0,0.0,0.0,0.0,0.0
-12.472445488,37.7531182795699,-122.54996910890658,0.0,0.0,0.0,0.0,0.0,0.0,0.0	-12.202414513,37.7531182795699,-122.546822104873,0.0,0.0,0.0,0.0,0.0,0.0,0.0	-12.007389069,37.7531182795699,-122.54367510083942,0.0,0.0,0.0,0.0,0.0,0.0,0.0	-11.850174904,37.7531182795699,-122.54052809680584,0.0,0.0,0.0,0.0,0.0,0.0,0.0	-11.667575836,37.7531182795699,-122.53738109277228,0.0,0.0,0.0,0.0,0.0,0.0,0.0	-11.553030014,37.7531182795699,-122.5342340887387,0.0,0.0,0.0,0.0,0.0,0.0,0.0	-11.39473629,37.7531182795699,-122.53108708470512,0.0,0.0,0.0,0.0,0.0,0.0,0.0	-11.210775375,37.7531182795699,-122.52794008067154,0.0,0.0,0.0,0.0,0.0,0.0,0.0	-10.971304893,37.7531182795699,-122.52479307663796,0.0,0.0,0.0,0.0,0.0,0.0,0.0	-10.748262405,37.7531182795699,-122.52164607260438,0.0,0.0,0.0,0.0,0.0,0.0,0.0	-9.42707634,37.7531182795699,-122.5184990685708,0.0,0.0,0.0,0.0,0.0,0.0,0.0	-5.094686985,37.7531182795699,-122.51535206453724,0.0,0.0,0.0,0.0,0.0,0.0,0.0	0.0,37.7531182795699,-122.51220506050366,0.0,0.0,0.0,0.0,0.0,0.0,0.0	8.994148254,37.7531182795699,-122.50905805647008,0.0,0.0,0.0,0.0,0.0,0.0,0.0	10.995366096,37.7531182795699,-122.5059110524365,0.0,0.0,0.0,0.0,0.0,0.0,0.0	20.709634781,37.7531182795699,-122.50276404840292,0.0,0.0,0.0,0.0,0.0,0.0,0.0	31.13992691,37.7531182795699,-122.49961704436934,0.0,0.0,0.0,0.0,0.0,0.0,0.0	44.708507538,37.7531182795699,-122.49647004033577,0.0,0.0,0.0,0.0,0.0,0.0,0.0	60.741466522,37.7531182795699,-122.4933230363022,0.0,0.0,0.0,0.0,0.0,0.0,0.0	76.776954651,37.7531182795699,-122.49017603226862,0.0,0.0,0.0,0.0,0.0,0.0,0.0	91.5103302,37.7531182795699,-122.48702902823504,0.0,0.0,0.0,0.0,0.0,0.0,0.0	104.634490967,37.7531182795699,-122.48388202420146,0.0,0.0,0.0,0.0,0.0,0.0,0.0	107.411186218,37.7531182795699,-122.48073502016788,0.0,0.0,0.0,0.0,0.0,0.0,0.0	112.582695007,37.7531182795699,-122.4775880161343,0.0,0.0,0.0,0.0,0.0,0.0,0.0	130.870574951,37.7531182795699,-122.47444101210073,0.0,0.0,0.0,0.0,0.0,0.0,0.0	184.846878052,37.7531182795699,-122.47129400806716,0.0,0.0,0.0,0.0,0.0,0.0,0.0	191.152786255,37.7531182795699,-122.46814700403358,0.0,0.0,0.0,0.0,0.0,0.0,0.0	155.949188232,37.7531182795699,-122.465,0.0,0.0,0.0,0.0,0.0,0.0,0.0	134.374710083,37.7531182795699,-122.46185299596642,0.0,0.0,0.0,0.0,0.0,0.0,0.0	169.473922729,37.7531182795699,-122.45870599193285,0.0,0.0,0.0,0.0,0.0,0.0,0.0	162.954940796,37.7531182795699,-122.45555898789927,0.0,0.0,0.0,0.0,0.0,0.0,0.0	186.688995361,37.7531182795699,-122.45241198386569,0.0,0.0,0.0,0.0,0.0,0.0,0.0	212.657318115,37.7531182795699,-122.44926497983212,0.0,0.0,0.0,0.0,0.0,0.0,0.0	226.180007935,37.7531182795699,-122.44611797579854,0.0,0.0,0.0,0.0,0.0,0.0,0.0	154.981201172,37.7531182795699,-122.44297097176496,0.0,0.0,0.0,0.0,0.0,0.0,0.0	106.382675171,37.7531182795699,-122.43982396773139,0.0,0.0,0.0,0.0,0.0,0.0,0.0	85.676109314,37.7531182795699,-122.4366769636978,0.0,0.0,0.0,0.0,0.0,0.0,0.0	85.350395203,37.7531182795699,-122.43352995966423,0.0,0.0,0.0,0.0,0.0,0.0,0.0	67.030105591,37.7531182795699,-122.43038295563066,0.0,0.0,0.0,0.0,0.0,0.0,0.0	55.628913879,37.7531182795699,-122.42723595159708,0.0,0.0,0.0,0.0,0.0,0.0,0.0	35.680023193,37.7531182795699,-122.4240889475635,0.0,0.0,0.0,0.0,0.0,0.0,0.0	26.603076935,37.7531182795699,-122.42094194352993,0.0,0.0,0.0,0.0,0.0,0.0,0.0	22.08102417,37.7531182795699,-122.41779493949635,0.0,0.0,0.0,0.0,0.0,0.0,0.0	19.001857758,37.7531182795699,-122.41464793546277,0.0,0.0,0.0,0.0,0.0,0.0,0.0	15.875416756,37.7531182795699,-122.41150093142919,0.0,0.0,0.0,0.0,0.0,0.0,0.0	16.095848083,37.7531182795699,-122.40835392739562,0.0,0.0,0.0,0.0,0.0,0.0,0.0	16.66060257,37.7531182795699,-122.40520692336204,0.0,0.0,0.0,0.0,0.0,0.0,0.0	31.245857239,37.7531182795699,-122.40205991932847,0.0,0.0,0.0,0.0,0.0,0.0,0.0	72.054588318,37.7531182795699,-122.39891291529489,0.0,0.0,0.0,0.0,0.0,0.0,0.0	51.30714035,37.7531182795699,-122.39576591126131,0.0,0.0,0.0,0.0,0.0,0.0,0.0	18.986869812,37.7531182795699,-122.39261890722773,0.0,0.0,0.0,0.0,0.0,0.0,0.0	8.058585167,37.7531182795699,-122.38947190319415,0.0,0.0,0.0,0.0,0.0,0.0,0.0	4.711463451,37.7531182795699,-122.38632489916058,0.0,0.0,0.0,0.0,0.0,0.0,0.0	4.849153519,37.7531182795699,-122.383177895127,0.0,0.0,0.0,0.0,0.0,0.0,0.0	-1.070000052,37.7531182795699,-122.38003089109343,0.0,0.0,0.0,0.0,0.0,0.0,0.0
-11.772388458,37.75096774193548,-122.54996663939691,0.0,0.0,0.0,0.0,0.0,0.0,0.0	-11.551629066,37.75096774193548,-122.54681972682666,0.0,0.0,0.0,0.0,0.0,0.0,0.0	-11.356176376,37.75096774193548,-122.5436728142564,0.0,0.0,0.0,0.0,0.0,0.0,0.0	-11.218302727,37.75096774193548,-122.54052590168614,0.0,0.0,0.0,0.0,0.0,0.0,0.0	-11.083018303,37.75096774193548,-122.5373789891159,0.0,0.0,0.0,0.0,0.0,0.0,0.0	-10.867660522,37.75096774193548,-122.53423207654563,0.0,0.0,0.0,0.0,0.0,0.0,0.0	-10.652252197,37.75096774193548,-122.53108516397538,0.0,0.0,0.0,0.0,0.0,0.0,0.0	-10.46541214,37.75096774193548,-122.52793825140512,0.0,0.0,0.0,0.0,0.0,0.0,0.0	-9.933068275,37.75096774193548,-122.52479133883486,0.0,0.0,0.0,0.0,0.0,0.0,0.0	-10.02258873,37.75096774193548,-122.5216444262646,0.0,0.0,0.0,0.0,0.0,0.0,0.0	-9.612427711,37.75096774193548,-122.51849751369436,0.0,0.0,0.0,0.0,0.0,0.0,0.0	-6.075475216,37.75096774193548,-122.5153506011241,0.0,0.0,0.0,0.0,0.0,0.0,0.0	-1.2e-08,37.75096774193548,-122.51220368855384,0.0,0.0,0.0,0.0,0.0,0.0,0.0	7.597759247,37.75096774193548,-122.50905677598358,0.0,0.0,0.0,0.0,0.0,0.0,0.0	9.310245514,37.75096774193548,-122.50590986341332,0.0,0.0,0.0,0.0,0.0,0.0,0.0	19.926563263,37.75096774193548,-122.50276295084306,0.0,0.0,0.0,0.0,0.0,0.0,0.0	28.920492172,37.75096774193548,-122.49961603827282,0.0,0.0,0.0,0.0,0.0,0.0,0.0	44.069301605,37.75096774193548,-122.49646912570256,0.0,0.0,0.0,0.0,0.0,0.0,0.0	61.022453308,37.75096774193548,-122.4933222131323,0.0,0.0,0.0,0.0,0.0,0.0,0.0	78.899299622,37.75096774193548,-122.49017530056204,0.0,0.0,0.0,0.0,0.0,0.0,0.0	100.730873108,37.75096774193548,-122.48702838799178,0.0,0.0,0.0,0.0,0.0,0.0,0.0	122.497589111,37.75096774193548,-122.48388147542153,0.0,0.0,0.0,0.0,0.0,0.0,0.0	126.444793701,37.75096774193548,-122.48073456285127,0.0,0.0,0.0,0.0,0.0,0.0,0.0	127.394775391,37.75096774193548,-122.47758765028102,0.0,0.0,0.0,0.0,0.0,0.0,0.0	140.024383545,37.75096774193548,-122.47444073771076,0.0,0.0,0.0,0.0,0.0,0.0,0.0	184.767196655,37.75096774193548,-122.4712938251405,0.0,0.0,0.0,0.0,0.0,0.0,0.0	217.474502563,37.75096774193548,-122.46814691257025,0.0,0.0,0.0,0.0,0.0,0.0,0.0	177.066619873,37.75096774193548,-122.46499999999999,0.0,0.0,0.0,0.0,0.0,0.0,0.0	145.478668213,37.75096774193548,-122.46185308742973,0.0,0.0,0.0,0.0,0.0,0.0,0.0	134.994934082,37.75096774193548,-122.45870617485949,0.0,0.0,0.0,0.0,0.0,0.0,0.0	147.889022827,37.75096774193548,-122.45555926228923,0.0,0.0,0.0,0.0,0.0,0.0,0.0	177.172592163,37.75096774193548,-122.45241234971897,0.0,0.0,0.0,0.0,0.0,0.0,0.0	244.256958008,37.75096774193548,-122.44926543714871,0.0,0.0,0.0,0.0,0.0,0.0,0.0	211.457855225,37.75096774193548,-122.44611852457845,0.0,0.0,0.0,0.0,0.0,0.0,0.0	145.413803101,37.75096774193548,-122.4429716120082,0.0,0.0,0.0,0.0,0.0,0.0,0.0	95.228050232,37.75096774193548,-122.43982469943795,0.0,0.0,0.0,0.0,0.0,0.0,0.0	72.489982605,37.75096774193548,-122.43667778686769,0.0,0.0,0.0,0.0,0.0,0.0,0.0	59.285369873,37.75096774193548,-122.43353087429743,0.0,0.0,0.0,0.0,0.0,0.0,0.0	50.022193909,37.75096774193548,-122.43038396172717,0.0,0.0,0.0,0.0,0.0,0.0,0.0	49.402851105,37.75096774193548,-122.42723704915691,0.0,0.0,0.0,0.0,0.0,0.0,0.0	51.264701843,37.75096774193548,-122.42409013658666,0.0,0.0,0.0,0.0,0.0,0.0,0.0	28.270465851,37.75096774193548,-122.4209432240164,0.0,0.0,0.0,0.0,0.0,0.0,0.0	22.560495377,37.75096774193548,-122.41779631144615,0.0,0.0,0.0,0.0,0.0,0.0,0.0	19.663805008,37.75096774193548,-122.4146493988759,0.0,0.0,0.0,0.0,0.0,0.0,0.0	16.923460007,37.75096774193548,-122.41150248630564,0.0,0.0,0.0,0.0,0.0,0.0,0.0	14.505572319,37.75096774193548,-122.40835557373538,0.0,0.0,0.0,0.0,0.0,0.0,0.0	12.520797729,37.75096774193548,-122.40520866116512,0.0,0.0,0.0,0.0,0.0,0.0,0.0	18.176181793,37.75096774193548,-122.40206174859486,0.0,0.0,0.0,0.0,0.0,0.0,0.0	35.517417908,37.75096774193548,-122.39891483602462,0.0,0.0,0.0,0.0,0.0,0.0,0.0	13.292657852,37.75096774193548,-122.39576792345436,0.0,0.0,0.0,0.0,0.0,0.0,0.0	10.550037384,37.75096774193548,-122.3926210108841,0.0,0.0,0.0,0.0,0.0,0.0,0.0	5.230271339,37.75096774193548,-122.38947409831384,0.0,0.0,0.0,0.0,0.0,0.0,0.0	4.668385983,37.75096774193548,-122.38632718574358,0.0,0.0,0.0,0.0,0.0,0.0,0.0	4.456474304,37.75096774193548,-122.38318027317332,0.0,0.0,0.0,0.0,0.0,0.0,0.0	3.562355042,37.75096774193548,-122.38003336060308,0.0,0.0,0.0,0.0,0.0,0.0,0.0
-11.310438156,37.748817204301076,-122.54996417015049,0.0,0.0,0.0,0.0,0.0,0.0,0.0	-10.964093208,37.748817204301076,-122.5468173490338,0.0,0.0,0.0,0.0,0.0,0.0,0.0	-10.892007828,37.748817204301076,-122.54367052791712,0.0,0.0,0.0,0.0,0.0,0.0,0.0	-10.545272827,37.748817204301076,-122.54052370680043,0.0,0.0,0.0,0.0,0.0,0.0,0.0	-10.2491436,37.748817204301076,-122.53737688568374,0.0,0.0,0.0,0.0,0.0,0.0,0.0	-10.129302979,37.748817204301076,-122.53423006456707,0.0,0.0,0.0,0.0,0.0,0.0,0.0	-9.681401253,37.748817204301076,-122.53108324345038,0.0,0.0,0.0,0.0,0.0,0.0,0.0	-9.772321701,37.748817204301076,-122.5279364223337,0.0,0.0,0.0,0.0,0.0,0.0,0.0	-9.769258499,37.748817204301076,-122.52478960121701,0.0,0.0,0.0,0.0,0.0,0.0,0.0	-9.754702568,37.748817204301076,-122.52164278010032,0.0,0.0,0.0,0.0,0.0,0.0,0.0	-9.531768799,37.748817204301076,-122.51849595898364,0.0,0.0,0.0,0.0,0.0,0.0,0.0	-6.613370419,37.748817204301076,-122.51534913786695,0.0,0.0,0.0,0.0,0.0,0.0,0.0	-2.433052301,37.748817204301076,-122.51220231675026,0.0,0.0,0.0,0.0,0.0,0.0,0.0	3.199099302,37.748817204301076,-122.50905549563358,0.0,0.0,0.0,0.0,0.0,0.0,0.0	8.384238243,37.748817204301076,-122.5059086745169,0.0,0.0,0.0,0.0,0.0,0.0,0.0	17.09586525,37.748817204301076,-122.50276185340022,0.0,0.0,0.0,0.0,0.0,0.0,0.0	29.752054214,37.748817204301076,-122.49961503228353,0.0,0.0,0.0,0.0,0.0,0.0,0.0	46.703701019,37.748817204301076,-122.49646821116684,0.0,0.0,0.0,0.0,0.0,0.0,0.0	60.49168396,37.748817204301076,-122.49332139005016,0.0,0.0,0.0,0.0,0.0,0.0,0.0	79.994529724,37.748817204301076,-122.49017456893347,0.0,0.0,0.0,0.0,0.0,0.0,0.0	101.788528442,37.748817204301076,-122.48702774781678,0.0,0.0,0.0,0.0,0.0,0.0,0.0	122.243431091,37.748817204301076,-122.4838809267001,0.0,0.0,0.0,0.0,0.0,0.0,0.0	132.822097778,37.748817204301076,-122.48073410558342,0.0,0.0,0.0,0.0,0.0,0.0,0.0	137.712158203,37.748817204301076,-122.47758728446674,0.0,0.0,0.0,0.0,0.0,0.0,0.0	144.348205566,37.748817204301076,-122.47444046335005,0.0,0.0,0.0,0.0,0.0,0.0,0.0	179.637252808,37.748817204301076,-122.47129364223336,0.0,0.0,0.0,0.0,0.0,0.0,0.0	216.262069702,37.748817204301076,-122.46814682111668,0.0,0.0,0.0,0.0,0.0,0.0,0.0	204.606933594,37.748817204301076,-122.46499999999999,0.0,0.0,0.0,0.0,0.0,0.0,0.0	153.843002319,37.748817204301076,-122.4618531788833,0.0,0.0,0.0,0.0,0.0,0.0,0.0	137.221572876,37.748817204301076,-122.45870635776662,0.0,0.0,0.0,0.0,0.0,0.0,0.0	166.177139282,37.748817204301076,-122.45555953664993,0.0,0.0,0.0,0.0,0.0,0.0,0.0	200.516448975,37.748817204301076,-122.45241271553326,0.0,0.0,0.0,0.0,0.0,0.0,0.0	227.879928589,37.748817204301076,-122.44926589441657,0.0,0.0,0.0,0.0,0.0,0.0,0.0	222.483093262,37.748817204301076,-122.44611907329988,0.0,0.0,0.0,0.0,0.0,0.0,0.0	155.525970459,37.748817204301076,-122.4429722521832,0.0,0.0,0.0,0.0,0.0,0.0,0.0	123.659912109,37.748817204301076,-122.43982543106651,0.0,0.0,0.0,0.0,0.0,0.0,0.0	93.643165588,37.748817204301076,-122.43667860994982,0.0,0.0,0.0,0.0,0.0,0.0,0.0	68.655174255,37.748817204301076,-122.43353178883314,0.0,0.0,0.0,0.0,0.0,0.0,0.0	56.823410034,37.748817204301076,-122.43038496771645,0.0,0.0,0.0,0.0,0.0,0.0,0.0	39.53289032,37.748817204301076,-122.42723814659976,0.0,0.0,0.0,0.0,0.0,0.0,0.0	42.189529419,37.748817204301076,-122.42409132548309,0.0,0.0,0.0,0.0,0.0,0.0,0.0	26.313919067,37.748817204301076,-122.4209445043664,0.0,0.0,0.0,0.0,0.0,0.0,0.0	21.814338684,37.748817204301076,-122.41779768324972,0.0,0.0,0.0,0.0,0.0,0.0,0.0	15.358528137,37.748817204301076,-122.41465086213303,0.0,0.0,0.0,0.0,0.0,0.0,0.0	13.443511009,37.748817204301076,-122.41150404101634,0.0,0.0,0.0,0.0,0.0,0.0,0.0	11.705705643,37.748817204301076,-122.40835721989966,0.0,0.0,0.0,0.0,0.0,0.0,0.0	8.703273773,37.748817204301076,-122.40521039878297,0.0,0.0,0.0,0.0,0.0,0.0,0.0	7.003123283,37.748817204301076,-122.40206357766628,0.0,0.0,0.0,0.0,0.0,0.0,0.0	4.236392021,37.748817204301076,-122.3989167565496,0.0,0.0,0.0,0.0,0.0,0.0,0.0	6.487657547,37.748817204301076,-122.39576993543292,0.0,0.0,0.0,0.0,0.0,0.0,0.0	3.214848518,37.748817204301076,-122.39262311431624,0.0,0.0,0.0,0.0,0.0,0.0,0.0	2.604719877,37.748817204301076,-122.38947629319955,0.0,0.0,0.0,0.0,0.0,0.0,0.0	3.54199028,37.748817204301076,-122.38632947208286,0.0,0.0,0.0,0.0,0.0,0.0,0.0	3.012041569,37.748817204301076,-122.38318265096618,0.0,0.0,0.0,0.0,0.0,0.0,0.0	3.337877512,37.748817204301076,-122.38003582984949,0.0,0.0,0.0,0.0,0.0,0.0,0.0
-11.3316679,37.74666666666667,-122.54996170116728,0.0,0.0,0.0,0.0,0.0,0.0,0.0	-11.172973633,37.74666666666667,-122.54681497149441,0.0,0.0,0.0,0.0,0.0,0.0,0.0	-10.978335381,37.74666666666667,-122.54366824182155,0.0,0.0,0.0,0.0,0.0,0.0,0.0	-10.546898842,37.74666666666667,-122.54052151214869,0.0,0.0,0.0,0.0,0.0,0.0,0.0	-10.38948822,37.74666666666667,-122.53737478247582,0.0,0.0,0.0,0.0,0.0,0.0,0.0	-10.160769463,37.74666666666667,-122.53422805280296,0.0,0.0,0.0,0.0,0.0,0.0,0.0	-10.022559166,37.74666666666667,-122.53108132313011,0.0,0.0,0.0,0.0,0.0,0.0,0.0	-9.915582657,37.74666666666667,-122.52793459345725,0.0,0.0,0.0,0.0,0.0,0.0,0.0	-9.859156609,37.74666666666667,-122.52478786378438,0.0,0.0,0.0,0.0,0.0,0.0,0.0	-9.970995903,37.74666666666667,-122.52164113411152,0.0,0.0,0.0,0.0,0.0,0.0,0.0	-9.76649189,37.74666666666667,-122.51849440443866,0.0,0.0,0.0,0.0,0.0,0.0,0.0	-7.083513737,37.74666666666667,-122.51534767476579,0.0,0.0,0.0,0.0,0.0,0.0,0.0	-2.83489871,37.74666666666667,-122.51220094509293,0.0,0.0,0.0,0.0,0.0,0.0,0.0	1.094666243,37.74666666666667,-122.50905421542006,0.0,0.0,0.0,0.0,0.0,0.0,0.0	8.799481392,37.74666666666667,-122.5059074857472,0.0,0.0,0.0,0.0,0.0,0.0,0.0	17.1674366,37.74666666666667,-122.50276075607434,0.0,0.0,0.0,0.0,0.0,0.0,0.0	29.082414627,37.74666666666667,-122.49961402640147,0.0,0.0,0.0,0.0,0.0,0.0,0.0	41.696949005,37.74666666666667,-122.49646729672862,0.0,0.0,0.0,0.0,0.0,0.0,0.0	55.56193161,37.74666666666667,-122.49332056705576,0.0,0.0,0.0,0.0,0.0,0.0,0.0	71.928062439,37.74666666666667,-122.4901738373829,0.0,0.0,0.0,0.0,0.0,0.0,0.0	91.099052429,37.74666666666667,-122.48702710771003,0.0,0.0,0.0,0.0,0.0,0.0,0.0	111.832328796,37.74666666666667,-122.48388037803717,0.0,0.0,0.0,0.0,0.0,0.0,0.0	127.811721802,37.74666666666667,-122.4807336483643,0.0,0.0,0.0,0.0,0.0,0.0,0.0	128.880264282,37.74666666666667,-122.47758691869144,0.0,0.0,0.0,0.0,0.0,0.0,0.0	136.858383179,37.74666666666667,-122.47444018901858,0.0,0.0,0.0,0.0,0.0,0.0,0.0	152.304870605,37.74666666666667,-122.47129345934572,0.0,0.0,0.0,0.0,0.0,0.0,0.0	206.110733032,37.74666666666667,-122.46814672967285,0.0,0.0,0.0,0.0,0.0,0.0,0.0	177.131118774,37.74666666666667,-122.46499999999999,0.0,0.0,0.0,0.0,0.0,0.0,0.0	158.731811523,37.74666666666667,-122.46185327032714,0.0,0.0,0.0,0.0,0.0,0.0,0.0	142.849227905,37.74666666666667,-122.45870654065428,0.0,0.0,0.0,0.0,0.0,0.0,0.0	159.484481812,37.74666666666667,-122.45555981098141,0.0,0.0,0.0,0.0,0.0,0.0,0.0	183.866073608,37.74666666666667,-122.45241308130855,0.0,0.0,0.0,0.0,0.0,0.0,0.0	190.081253052,37.74666666666667,-122.44926635163569,0.0,0.0,0.0,0.0,0.0,0.0,0.0	174.82925415,37.74666666666667,-122.44611962196282,0.0,0.0,0.0,0.0,0.0,0.0,0.0	186.124328613,37.74666666666667,-122.44297289228996,0.0,0.0,0.0,0.0,0.0,0.0,0.0	171.82194519,37.74666666666667,-122.4398261626171,0.0,0.0,0.0,0.0,0.0,0.0,0.0	128.407409668,37.74666666666667,-122.43667943294423,0.0,0.0,0.0,0.0,0.0,0.0,0.0	98.900680542,37.74666666666667,-122.43353270327137,0.0,0.0,0.0,0.0,0.0,0.0,0.0	68.578277588,37.74666666666667,-122.4303859735985,0.0,0.0,0.0,0.0,0.0,0.0,0.0	38.516273499,37.74666666666667,-122.42723924392565,0.0,0.0,0.0,0.0,0.0,0.0,0.0	30.540575027,37.74666666666667,-122.42409251425279,0.0,0.0,0.0,0.0,0.0,0.0,0.0	26.164903641,37.74666666666667,-122.42094578457993,0.0,0.0,0.0,0.0,0.0,0.0,0.0	26.971179962,37.74666666666667,-122.41779905490706,0.0,0.0,0.0,0.0,0.0,0.0,0.0	33.761650085,37.74666666666667,-122.4146523252342,0.0,0.0,0.0,0.0,0.0,0.0,0.0	19.810249329,37.74666666666667,-122.41150559556134,0.0,0.0,0.0,0.0,0.0,0.0,0.0	32.211833954,37.74666666666667,-122.40835886588847,0.0,0.0,0.0,0.0,0.0,0.0,0.0	27.315696716,37.74666666666667,-122.40521213621561,0.0,0.0,0.0,0.0,0.0,0.0,0.0	3.94545579,37.74666666666667,-122.40206540654275,0.0,0.0,0.0,0.0,0.0,0.0,0.0	3.518733025,37.74666666666667,-122.39891867686988,0.0,0.0,0.0,0.0,0.0,0.0,0.0	3.896308184,37.74666666666667,-122.39577194719702,0.0,0.0,0.0,0.0,0.0,0.0,0.0	2.474240065,37.74666666666667,-122.39262521752417,0.0,0.0,0.0,0.0,0.0,0.0,0.0	2.707640886,37.74666666666667,-122.3894784878513,0.0,0.0,0.0,0.0,0.0,0.0,0.0	3.458385229,37.74666666666667,-122.38633175817844,0.0,0.0,0.0,0.0,0.0,0.0,0.0	3.358609438,37.74666666666667,-122.38318502850558,0.0,0.0,0.0,0.0,0.0,0.0,0.0	2.774224043,37.74666666666667,-122.38003829883272,0.0,0.0,0.0,0.0,0.0,0.0,0.0
-11.380713463,37.744516129032256,-122.54995923244724,0.0,0.0,0.0,0.0,0.0,0.0,0.0	-11.18827343,37.744516129032256,-122.54681259420845,0.0,0.0,0.0,0.0,0.0,0.0,0.0	-10.928258896,37.744516129032256,-122.54366595596966,0.0,0.0,0.0,0.0,0.0,0.0,0.0	-10.752818108,37.744516129032256,-122.54051931773087,0.0,0.0,0.0,0.0,0.0,0.0,0.0	-10.629733086,37.744516129032256,-122.5373726794921,0.0,0.0,0.0,0.0,0.0,0.0,0.0	-10.483780861,37.744516129032256,-122.5342260412533,0.0,0.0,0.0,0.0,0.0,0.0,0.0	-10.438077927,37.744516129032256,-122.53107940301452,0.0,0.0,0.0,0.0,0.0,0.0,0.0	-10.405129433,37.744516129032256,-122.52793276477573,0.0,0.0,0.0,0.0,0.0,0.0,0.0	-10.381241798,37.744516129032256,-122.52478612653694,0.0,0.0,0.0,0.0,0.0,0.0,0.0	-10.392541885,37.744516129032256,-122.52163948829815,0.0,0.0,0.0,0.0,0.0,0.0,0.0	-10.074390411,37.744516129032256,-122.51849285005937,0.0,0.0,0.0,0.0,0.0,0.0,0.0	-7.676615238,37.744516129032256,-122.51534621182059,0.0,0.0,0.0,0.0,0.0,0.0,0.0	-2.895997047,37.744516129032256,-122.5121995735818,0.0,0.0,0.0,0.0,0.0,0.0,0.0	1.094760776,37.744516129032256,-122.50905293534301,0.0,0.0,0.0,0.0,0.0,0.0,0.0	9.928694725,37.744516129032256,-122.50590629710422,0.0,0.0,0.0,0.0,0.0,0.0,0.0	21.685489655,37.744516129032256,-122.50275965886543,0.0,0.0,0.0,0.0,0.0,0.0,0.0	35.735206604,37.744516129032256,-122.49961302062665,0.0,0.0,0.0,0.0,0.0,0.0,0.0	44.614929199,37.744516129032256,-122.49646638238787,0.0,0.0,0.0,0.0,0.0,0.0,0.0	50.14503479,37.744516129032256,-122.49331974414908,0.0,0.0,0.0,0.0,0.0,0.0,0.0	63.836921692,37.744516129032256,-122.49017310591029,0.0,0.0,0.0,0.0,0.0,0.0,0.0	76.350738525,37.744516129032256,-122.4870264676715,0.0,0.0,0.0,0.0,0.0,0.0,0.0	89.419868469,37.744516129032256,-122.48387982943271,0.0,0.0,0.0,0.0,0.0,0.0,0.0	113.434005737,37.744516129032256,-122.48073319119393,0.0,0.0,0.0,0.0,0.0,0.0,0.0	111.490341187,37.744516129032256,-122.47758655295515,0.0,0.0,0.0,0.0,0.0,0.0,0.0	118.901512146,37.744516129032256,-122.47443991471636,0.0,0.0,0.0,0.0,0.0,0.0,0.0	138.969924927,37.744516129032256,-122.47129327647757,0.0,0.0,0.0,0.0,0.0,0.0,0.0	138.237854004,37.744516129032256,-122.46814663823878,0.0,0.0,0.0,0.0,0.0,0.0,0.0	141.847457886,37.744516129032256,-122.46499999999999,0.0,0.0,0.0,0.0,0.0,0.0,0.0	148.103897095,37.744516129032256,-122.46185336176121,0.0,0.0,0.0,0.0,0.0,0.0,0.0	160.11340332,37.744516129032256,-122.45870672352243,0.0,0.0,0.0,0.0,0.0,0.0,0.0	174.713272095,37.744516129032256,-122.45556008528364,0.0,0.0,0.0,0.0,0.0,0.0,0.0	181.213775635,37.744516129032256,-122.45241344704485,0.0,0.0,0.0,0.0,0.0,0.0,0.0	157.843887329,37.744516129032256,-122.44926680880606,0.0,0.0,0.0,0.0,0.0,0.0,0.0	139.11390686,37.744516129032256,-122.44612017056727,0.0,0.0,0.0,0.0,0.0,0.0,0.0	159.335525513,37.744516129032256,-122.4429735323285,0.0,0.0,0.0,0.0,0.0,0.0,0.0	164.324584961,37.744516129032256,-122.4398268940897,0.0,0.0,0.0,0.0,0.0,0.0,0.0	148.176086426,37.744516129032256,-122.43668025585092,0.0,0.0,0.0,0.0,0.0,0.0,0.0	106.418319702,37.744516129032256,-122.43353361761213,0.0,0.0,0.0,0.0,0.0,0.0,0.0	74.08568573,37.744516129032256,-122.43038697937334,0.0,0.0,0.0,0.0,0.0,0.0,0.0	41.391452789,37.744516129032256,-122.42724034113455,0.0,0.0,0.0,0.0,0.0,0.0,0.0	33.695789337,37.744516129032256,-122.42409370289577,0.0,0.0,0.0,0.0,0.0,0.0,0.0	28.459653854,37.744516129032256,-122.42094706465699,0.0,0.0,0.0,0.0,0.0,0.0,0.0	62.31502533,37.744516129032256,-122.4178004264182,0.0,0.0,0.0,0.0,0.0,0.0,0.0	74.705505371,37.744516129032256,-122.41465378817941,0.0,0.0,0.0,0.0,0.0,0.0,0.0	54.495471954,37.744516129032256,-122.41150714994062,0.0,0.0,0.0,0.0,0.0,0.0,0.0	68.577156067,37.744516129032256,-122.40836051170183,0.0,0.0,0.0,0.0,0.0,0.0,0.0	20.837909698,37.744516129032256,-122.40521387346305,0.0,0.0,0.0,0.0,0.0,0.0,0.0	4.178743839,37.744516129032256,-122.40206723522427,0.0,0.0,0.0,0.0,0.0,0.0,0.0	4.532813072,37.744516129032256,-122.39892059698548,0.0,0.0,0.0,0.0,0.0,0.0,0.0	4.074727058,37.744516129032256,-122.39577395874669,0.0,0.0,0.0,0.0,0.0,0.0,0.0	3.508789778,37.744516129032256,-122.3926273205079,0.0,0.0,0.0,0.0,0.0,0.0,0.0	3.054934025,37.744516129032256,-122.38948068226911,0.0,0.0,0.0,0.0,0.0,0.0,0.0	3.413963795,37.744516129032256,-122.38633404403033,0.0,0.0,0.0,0.0,0.0,0.0,0.0	4.772064686,37.744516129032256,-122.38318740579155,0.0,0.0,0.0,0.0,0.0,0.0,0.0	8.312476158,37.744516129032256,-122.38004076755276,0.0,0.0,0.0,0.0,0.0,0.0,0.0
-11.551841736,37.74236559139785,-122.54995676399034,0.0,0.0,0.0,0.0,0.0,0.0,0.0	-11.372419357,37.74236559139785,-122.54681021717587,0.0,0.0,0.0,0.0,0.0,0.0,0.0	-11.225535393,37.74236559139785,-122.54366367036143,0.0,0.0,0.0,0.0,0.0,0.0,0.0	-11.181181908,37.74236559139785,-122.54051712354696,0.0,0.0,0.0,0.0,0.0,0.0,0.0	-11.100705147,37.74236559139785,-122.53737057673251,0.0,0.0,0.0,0.0,0.0,0.0,0.0	-11.0595541,37.74236559139785,-122.53422402991805,0.0,0.0,0.0,0.0,0.0,0.0,0.0	-10.936849594,37.74236559139785,-122.53107748310359,0.0,0.0,0.0,0.0,0.0,0.0,0.0	-10.908636093,37.74236559139785,-122.52793093628914,0.0,0.0,0.0,0.0,0.0,0.0,0.0	-10.857258797,37.74236559139785,-122.52478438947468,0.0,0.0,0.0,0.0,0.0,0.0,0.0	-11.015529633,37.74236559139785,-122.52163784266023,0.0,0.0,0.0,0.0,0.0,0.0,0.0	-10.539808273,37.74236559139785,-122.51849129584576,0.0,0.0,0.0,0.0,0.0,0.0,0.0	-8.067163467,37.74236559139785,-122.51534474903131,0.0,0.0,0.0,0.0,0.0,0.0,0.0	-2.786338329,37.74236559139785,-122.51219820221685,0.0,0.0,0.0,0.0,0.0,0.0,0.0	0.609878361,37.74236559139785,-122.50905165540239,0.0,0.0,0.0,0.0,0.0,0.0,0.0	11.323271751,37.74236559139785,-122.50590510858794,0.0,0.0,0.0,0.0,0.0,0.0,0.0	21.388153076,37.74236559139785,-122.50275856177348,0.0,0.0,0.0,0.0,0.0,0.0,0.0	31.666532516,37.74236559139785,-122.49961201495903,0.0,0.0,0.0,0.0,0.0,0.0,0.0	37.689064026,37.74236559139785,-122.49646546814456,0.0,0.0,0.0,0.0,0.0,0.0,0.0	44.870235443,37.74236559139785,-122.4933189213301,0.0,0.0,0.0,0.0,0.0,0.0,0.0	52.853626251,37.74236559139785,-122.49017237451565,0.0,0.0,0.0,0.0,0.0,0.0,0.0	65.746185303,37.74236559139785,-122.48702582770119,0.0,0.0,0.0,0.0,0.0,0.0,0.0	80.738304138,37.74236559139785,-122.48387928088674,0.0,0.0,0.0,0.0,0.0,0.0,0.0	88.623596191,37.74236559139785,-122.48073273407228,0.0,0.0,0.0,0.0,0.0,0.0,0.0	92.887634277,37.74236559139785,-122.47758618725783,0.0,0.0,0.0,0.0,0.0,0.0,0.0	102.172264099,37.74236559139785,-122.47443964044336,0.0,0.0,0.0,0.0,0.0,0.0,0.0	124.231933594,37.74236559139785,-122.4712930936289,0.0,0.0,0.0,0.0,0.0,0.0,0.0	123.104812622,37.74236559139785,-122.46814654681445,0.0,0.0,0.0,0.0,0.0,0.0,0.0	123.954063416,37.74236559139785,-122.46499999999999,0.0,0.0,0.0,0.0,0.0,0.0,0.0	137.886871338,37.74236559139785,-122.46185345318554,0.0,0.0,0.0,0.0,0.0,0.0,0.0	197.122589111,37.74236559139785,-122.45870690637108,0.0,0.0,0.0,0.0,0.0,0.0,0.0	167.593093872,37.74236559139785,-122.45556035955661,0.0,0.0,0.0,0.0,0.0,0.0,0.0	181.882720947,37.74236559139785,-122.45241381274217,0.0,0.0,0.0,0.0,0.0,0.0,0.0	167.819976807,37.74236559139785,-122.4492672659277,0.0,0.0,0.0,0.0,0.0,0.0,0.0	152.827224731,37.74236559139785,-122.44612071911325,0.0,0.0,0.0,0.0,0.0,0.0,0.0	108.203865051,37.74236559139785,-122.44297417229879,0.0,0.0,0.0,0.0,0.0,0.0,0.0	184.6537323,37.74236559139785,-122.43982762548434,0.0,0.0,0.0,0.0,0.0,0.0,0.0	169.582962036,37.74236559139785,-122.43668107866988,0.0,0.0,0.0,0.0,0.0,0.0,0.0	88.696159363,37.74236559139785,-122.43353453185541,0.0,0.0,0.0,0.0,0.0,0.0,0.0	57.200424194,37.74236559139785,-122.43038798504097,0.0,0.0,0.0,0.0,0.0,0.0,0.0	44.299373627,37.74236559139785,-122.4272414382265,0.0,0.0,0.0,0.0,0.0,0.0,0.0	38.740394592,37.74236559139785,-122.42409489141205,0.0,0.0,0.0,0.0,0.0,0.0,0.0	40.606628418,37.74236559139785,-122.42094834459759,0.0,0.0,0.0,0.0,0.0,0.0,0.0	86.356155396,37.74236559139785,-122.41780179778313,0.0,0.0,0.0,0.0,0.0,0.0,0.0	109.06414032,37.74236559139785,-122.41465525096868,0.0,0.0,0.0,0.0,0.0,0.0,0.0	90.572715759,37.74236559139785,-122.41150870415422,0.0,0.0,0.0,0.0,0.0,0.0,0.0	50.532077789,37.74236559139785,-122.40836215733977,0.0,0.0,0.0,0.0,0.0,0.0,0.0	4.982824802,37.74236559139785,-122.4052156105253,0.0,0.0,0.0,0.0,0.0,0.0,0.0	5.627082825,37.74236559139785,-122.40206906371085,0.0,0.0,0.0,0.0,0.0,0.0,0.0	5.46874094,37.74236559139785,-122.39892251689639,0.0,0.0,0.0,0.0,0.0,0.0,0.0	4.634554863,37.74236559139785,-122.39577597008193,0.0,0.0,0.0,0.0,0.0,0.0,0.0	4.583059788,37.74236559139785,-122.39262942326748,0.0,0.0,0.0,0.0,0.0,0.0,0.0	4.508687496,37.74236559139785,-122.38948287645302,0.0,0.0,0.0,0.0,0.0,0.0,0.0	4.840978146,37.74236559139785,-122.38633632963857,0.0,0.0,0.0,0.0,0.0,0.0,0.0	5.557949066,37.74236559139785,-122.3831897828241,0.0,0.0,0.0,0.0,0.0,0.0,0.0	5.300515175,37.74236559139785,-122.38004323600964,0.0,0.0,0.0,0.0,0.0,0.0,0.0
-11.678955078,37.74021505376344,-122.54995429579657,0.0,0.0,0.0,0.0,0.0,0.0,0.0	-11.699820518,37.74021505376344,-122.5468078403967,0.0,0.0,0.0,0.0,0.0,0.0,0.0	-11.689837456,37.74021505376344,-122.54366138499682,0.0,0.0,0.0,0.0,0.0,0.0,0.0	-11.611617088,37.74021505376344,-122.54051492959695,0.0,0.0,0.0,0.0,0.0,0.0,0.0	-11.492191315,37.74021505376344,-122.53736847419708,0.0,0.0,0.0,0.0,0.0,0.0,0.0	-11.422533989,37.74021505376344,-122.53422201879721,0.0,0.0,0.0,0.0,0.0,0.0,0.0	-11.361969948,37.74021505376344,-122.53107556339734,0.0,0.0,0.0,0.0,0.0,0.0,0.0	-11.285505295,37.74021505376344,-122.52792910799745,0.0,0.0,0.0,0.0,0.0,0.0,0.0	-11.219044685,37.74021505376344,-122.52478265259758,0.0,0.0,0.0,0.0,0.0,0.0,0.0	-11.241060257,37.74021505376344,-122.52163619719771,0.0,0.0,0.0,0.0,0.0,0.0,0.0	-10.760209084,37.74021505376344,-122.51848974179784,0.0,0.0,0.0,0.0,0.0,0.0,0.0	-8.463219643,37.74021505376344,-122.51534328639796,0.0,0.0,0.0,0.0,0.0,0.0,0.0	-2.416941404,37.74021505376344,-122.51219683099809,0.0,0.0,0.0,0.0,0.0,0.0,0.0	-1.070000052,37.74021505376344,-122.50905037559822,0.0,0.0,0.0,0.0,0.0,0.0,0.0	8.205050468,37.74021505376344,-122.50590392019835,0.0,0.0,0.0,0.0,0.0,0.0,0.0	19.109798431,37.74021505376344,-122.50275746479848,0.0,0.0,0.0,0.0,0.0,0.0,0.0	33.407356262,37.74021505376344,-122.4996110093986,0.0,0.0,0.0,0.0,0.0,0.0,0.0	33.684539795,37.74021505376344,-122.49646455399873,0.0,0.0,0.0,0.0,0.0,0.0,0.0	43.039676666,37.74021505376344,-122.49331809859886,0.0,0.0,0.0,0.0,0.0,0.0,0.0	47.063526154,37.74021505376344,-122.49017164319899,0.0,0.0,0.0,0.0,0.0,0.0,0.0	56.916484833,37.74021505376344,-122.4870251877991,0.0,0.0,0.0,0.0,0.0,0.0,0.0	63.220470428,37.74021505376344,-122.48387873239923,0.0,0.0,0.0,0.0,0.0,0.0,0.0	71.003662109,37.74021505376344,-122.48073227699936,0.0,0.0,0.0,0.0,0.0,0.0,0.0	81.964111328,37.74021505376344,-122.47758582159949,0.0,0.0,0.0,0.0,0.0,0.0,0.0	96.851104736,37.74021505376344,-122.47443936619962,0.0,0.0,0.0,0.0,0.0,0.0,0.0	111.239768982,37.74021505376344,-122.47129291079975,0.0,0.0,0.0,0.0,0.0,0.0,0.0	99.272979736,37.74021505376344,-122.46814645539988,0.0,0.0,0.0,0.0,0.0,0.0,0.0	112.386726379,37.74021505376344,-122.465,0.0,0.0,0.0,0.0,0.0,0.0,0.0	135.314941406,37.74021505376344,-122.46185354460013,0.0,0.0,0.0,0.0,0.0,0.0,0.0	146.660263062,37.74021505376344,-122.45870708920026,0.0,0.0,0.0,0.0,0.0,0.0,0.0	203.076339722,37.74021505376344,-122.45556063380039,0.0,0.0,0.0,0.0,0.0,0.0,0.0	236.652984619,37.74021505376344,-122.45241417840052,0.0,0.0,0.0,0.0,0.0,0.0,0.0	194.584869385,37.74021505376344,-122.44926772300063,0.0,0.0,0.0,0.0,0.0,0.0,0.0	185.849380493,37.74021505376344,-122.44612126760076,0.0,0.0,0.0,0.0,0.0,0.0,0.0	125.443908691,37.74021505376344,-122.44297481220089,0.0,0.0,0.0,0.0,0.0,0.0,0.0	142.38053894,37.74021505376344,-122.43982835680102,0.0,0.0,0.0,0.0,0.0,0.0,0.0	167.774154663,37.74021505376344,-122.43668190140114,0.0,0.0,0.0,0.0,0.0,0.0,0.0	147.105728149,37.74021505376344,-122.43353544600127,0.0,0.0,0.0,0.0,0.0,0.0,0.0	90.854942322,37.74021505376344,-122.4303889906014,0.0,0.0,0.0,0.0,0.0,0.0,0.0	61.351787567,37.74021505376344,-122.42724253520153,0.0,0.0,0.0,0.0,0.0,0.0,0.0	49.981277466,37.74021505376344,-122.42409607980166,0.0,0.0,0.0,0.0,0.0,0.0,0.0	57.319484711,37.74021505376344,-122.42094962440179,0.0,0.0,0.0,0.0,0.0,0.0,0.0	76.390464783,37.74021505376344,-122.41780316900191,0.0,0.0,0.0,0.0,0.0,0.0,0.0	77.128250122,37.74021505376344,-122.41465671360204,0.0,0.0,0.0,0.0,0.0,0.0,0.0	40.96068573,37.74021505376344,-122.41151025820217,0.0,0.0,0.0,0.0,0.0,0.0,0.0	12.455522537,37.74021505376344,-122.40836380280228,0.0,0.0,0.0,0.0,0.0,0.0,0.0	4.882170677,37.74021505376344,-122.40521734740241,0.0,0.0,0.0,0.0,0.0,0.0,0.0	5.367064476,37.74021505376344,-122.40207089200254,0.0,0.0,0.0,0.0,0.0,0.0,0.0	5.5687747,37.74021505376344,-122.39892443660267,0.0,0.0,0.0,0.0,0.0,0.0,0.0	5.373517036,37.74021505376344,-122.3957779812028,0.0,0.0,0.0,0.0,0.0,0.0,0.0	5.194930553,37.74021505376344,-122.39263152580293,0.0,0.0,0.0,0.0,0.0,0.0,0.0	5.818576813,37.74021505376344,-122.38948507040305,0.0,0.0,0.0,0.0,0.0,0.0,0.0	5.408991814,37.74021505376344,-122.38633861500318,0.0,0.0,0.0,0.0,0.0,0.0,0.0	7.255587101,37.74021505376344,-122.38319215960331,0.0,0.0,0.0,0.0,0.0,0.0,0.0	5.039031982,37.74021505376344,-122.38004570420344,0.0,0.0,0.0,0.0,0.0,0.0,0.0
-11.702362061,37.738064516129036,-122.54995182786587,0.0,0.0,0.0,0.0,0.0,0.0,0.0	-11.787817955,37.738064516129036,-122.54680546387084,0.0,0.0,0.0,0.0,0.0,0.0,0.0	-11.822200775,37.738064516129036,-122.54365909987581,0.0,0.0,0.0,0.0,0.0,0.0,0.0	-11.810574532,37.738064516129036,-122.54051273588077,0.0,0.0,0.0,0.0,0.0,0.0,0.0	-11.706758499,37.738064516129036,-122.53736637188574,0.0,0.0,0.0,0.0,0.0,0.0,0.0	-11.621908188,37.738064516129036,-122.53422000789071,0.0,0.0,0.0,0.0,0.0,0.0,0.0	-11.615633011,37.738064516129036,-122.53107364389568,0.0,0.0,0.0,0.0,0.0,0.0,0.0	-11.575091362,37.738064516129036,-122.52792727990064,0.0,0.0,0.0,0.0,0.0,0.0,0.0	-11.569405556,37.738064516129036,-122.52478091590561,0.0,0.0,0.0,0.0,0.0,0.0,0.0	-11.575855255,37.738064516129036,-122.52163455191058,0.0,0.0,0.0,0.0,0.0,0.0,0.0	-11.055018425,37.738064516129036,-122.51848818791555,0.0,0.0,0.0,0.0,0.0,0.0,0.0	-8.794243813,37.738064516129036,-122.51534182392051,0.0,0.0,0.0,0.0,0.0,0.0,0.0	-3.017306328,37.738064516129036,-122.51219545992548,0.0,0.0,0.0,0.0,0.0,0.0,0.0	0.17374827,37.738064516129036,-122.50904909593045,0.0,0.0,0.0,0.0,0.0,0.0,0.0	7.465794563,37.738064516129036,-122.50590273193542,0.0,0.0,0.0,0.0,0.0,0.0,0.0	14.617523193,37.738064516129036,-122.50275636794038,0.0,0.0,0.0,0.0,0.0,0.0,0.0	22.206140518,37.738064516129036,-122.49961000394535,0.0,0.0,0.0,0.0,0.0,0.0,0.0	25.464420319,37.738064516129036,-122.49646363995032,0.0,0.0,0.0,0.0,0.0,0.0,0.0	28.134189606,37.738064516129036,-122.49331727595529,0.0,0.0,0.0,0.0,0.0,0.0,0.0	31.416658401,37.738064516129036,-122.49017091196025,0.0,0.0,0.0,0.0,0.0,0.0,0.0	46.928806305,37.738064516129036,-122.48702454796522,0.0,0.0,0.0,0.0,0.0,0.0,0.0	54.35572052,37.738064516129036,-122.48387818397019,0.0,0.0,0.0,0.0,0.0,0.0,0.0	66.273277283,37.738064516129036,-122.48073181997516,0.0,0.0,0.0,0.0,0.0,0.0,0.0	75.869682312,37.738064516129036,-122.47758545598012,0.0,0.0,0.0,0.0,0.0,0.0,0.0	101.972518921,37.738064516129036,-122.47443909198509,0.0,0.0,0.0,0.0,0.0,0.0,0.0	82.522880554,37.738064516129036,-122.47129272799006,0.0,0.0,0.0,0.0,0.0,0.0,0.0	100.62171936,37.738064516129036,-122.46814636399503,0.0,0.0,0.0,0.0,0.0,0.0,0.0	120.656509399,37.738064516129036,-122.46499999999999,0.0,0.0,0.0,0.0,0.0,0.0,0.0	161.638793945,37.738064516129036,-122.46185363600496,0.0,0.0,0.0,0.0,0.0,0.0,0.0	187.326187134,37.738064516129036,-122.45870727200993,0.0,0.0,0.0,0.0,0.0,0.0,0.0	246.742263794,37.738064516129036,-122.4555609080149,0.0,0.0,0.0,0.0,0.0,0.0,0.0	244.048156738,37.738064516129036,-122.45241454401987,0.0,0.0,0.0,0.0,0.0,0.0,0.0	193.569519043,37.738064516129036,-122.44926818002483,0.0,0.0,0.0,0.0,0.0,0.0,0.0	185.468475342,37.738064516129036,-122.4461218160298,0.0,0.0,0.0,0.0,0.0,0.0,0.0	161.568557739,37.738064516129036,-122.44297545203477,0.0,0.0,0.0,0.0,0.0,0.0,0.0	107.211891174,37.738064516129036,-122.43982908803974,0.0,0.0,0.0,0.0,0.0,0.0,0.0	125.459922791,37.738064516129036,-122.4366827240447,0.0,0.0,0.0,0.0,0.0,0.0,0.0	118.76865387,37.738064516129036,-122.43353636004967,0.0,0.0,0.0,0.0,0.0,0.0,0.0	122.960357666,37.738064516129036,-122.43038999605464,0.0,0.0,0.0,0.0,0.0,0.0,0.0	83.021942139,37.738064516129036,-122.42724363205961,0.0,0.0,0.0,0.0,0.0,0.0,0.0	62.747337341,37.738064516129036,-122.42409726806457,0.0,0.0,0.0,0.0,0.0,0.0,0.0	82.494529724,37.738064516129036,-122.42095090406954,0.0,0.0,0.0,0.0,0.0,0.0,0.0	68.977714539,37.738064516129036,-122.41780454007451,0.0,0.0,0.0,0.0,0.0,0.0,0.0	56.056819916,37.738064516129036,-122.41465817607948,0.0,0.0,0.0,0.0,0.0,0.0,0.0	50.723907471,37.738064516129036,-122.41151181208444,0.0,0.0,0.0,0.0,0.0,0.0,0.0	13.028326988,37.738064516129036,-122.40836544808941,0.0,0.0,0.0,0.0,0.0,0.0,0.0	5.897446632,37.738064516129036,-122.40521908409438,0.0,0.0,0.0,0.0,0.0,0.0,0.0	10.294003487,37.738064516129036,-122.40207272009935,0.0,0.0,0.0,0.0,0.0,0.0,0.0	11.258290291,37.738064516129036,-122.39892635610431,0.0,0.0,0.0,0.0,0.0,0.0,0.0	12.097908974,37.738064516129036,-122.39577999210928,0.0,0.0,0.0,0.0,0.0,0.0,0.0	8.735249519,37.738064516129036,-122.39263362811425,0.0,0.0,0.0,0.0,0.0,0.0,0.0	10.685605049,37.738064516129036,-122.38948726411923,0.0,0.0,0.0,0.0,0.0,0.0,0.0	25.076633453,37.738064516129036,-122.38634090012418,0.0,0.0,0.0,0.0,0.0,0.0,0.0	18.973173141,37.738064516129036,-122.38319453612915,0.0,0.0,0.0,0.0,0.0,0.0,0.0	9.951378822,37.738064516129036,-122.38004817213412,0.0,0.0,0.0,0.0,0.0,0.0,0.0
-11.778177261,37.73591397849462,-122.54994936019823,0.0,0.0,0.0,0.0,0.0,0.0,0.0	-11.907356262,37.73591397849462,-122.54680308759829,0.0,0.0,0.0,0.0,0.0,0.0,0.0	-12.011094093,37.73591397849462,-122.54365681499836,0.0,0.0,0.0,0.0,0.0,0.0,0.0	-12.074800491,37.73591397849462,-122.54051054239842,0.0,0.0,0.0,0.0,0.0,0.0,0.0	-12.091032028,37.73591397849462,-122.53736426979849,0.0,0.0,0.0,0.0,0.0,0.0,0.0	-12.082611084,37.73591397849462,-122.53421799719855,0.0,0.0,0.0,0.0,0.0,0.0,0.0	-12.029671669,37.73591397849462,-122.53107172459862,0.0,0.0,0.0,0.0,0.0,0.0,0.0	-12.015385628,37.73591397849462,-122.52792545199868,0.0,0.0,0.0,0.0,0.0,0.0,0.0	-11.90046978,37.73591397849462,-122.52477917939875,0.0,0.0,0.0,0.0,0.0,0.0,0.0	-11.84283638,37.73591397849462,-122.52163290679881,0.0,0.0,0.0,0.0,0.0,0.0,0.0	-11.320278168,37.73591397849462,-122.51848663419888,0.0,0.0,0.0,0.0,0.0,0.0,0.0	-9.202630043,37.73591397849462,-122.51534036159894,0.0,0.0,0.0,0.0,0.0,0.0,0.0	-3.986210346,37.73591397849462,-122.51219408899901,0.0,0.0,0.0,0.0,0.0,0.0,0.0	-1.070000052,37.73591397849462,-122.50904781639908,0.0,0.0,0.0,0.0,0.0,0.0,0.0	7.663768291,37.73591397849462,-122.50590154379914,0.0,0.0,0.0,0.0,0.0,0.0,0.0	14.389219284,37.73591397849462,-122.5027552711992,0.0,0.0,0.0,0.0,0.0,0.0,0.0	20.980695724,37.73591397849462,-122.49960899859927,0.0,0.0,0.0,0.0,0.0,0.0,0.0	30.387254715,37.73591397849462,-122.49646272599934,0.0,0.0,0.0,0.0,0.0,0.0,0.0	33.724067688,37.73591397849462,-122.4933164533994,0.0,0.0,0.0,0.0,0.0,0.0,0.0	32.327484131,37.73591397849462,-122.49017018079947,0.0,0.0,0.0,0.0,0.0,0.0,0.0	15.27280426,37.73591397849462,-122.48702390819953,0.0,0.0,0.0,0.0,0.0,0.0,0.0	29.207208633,37.73591397849462,-122.4838776355996,0.0,0.0,0.0,0.0,0.0,0.0,0.0	31.611911774,37.73591397849462,-122.48073136299966,0.0,0.0,0.0,0.0,0.0,0.0,0.0	37.362148285,37.73591397849462,-122.47758509039973,0.0,0.0,0.0,0.0,0.0,0.0,0.0	71.355514526,37.73591397849462,-122.4744388177998,0.0,0.0,0.0,0.0,0.0,0.0,0.0	83.349105835,37.73591397849462,-122.47129254519986,0.0,0.0,0.0,0.0,0.0,0.0,0.0	104.657066345,37.73591397849462,-122.46814627259992,0.0,0.0,0.0,0.0,0.0,0.0,0.0	124.147254944,37.73591397849462,-122.46499999999999,0.0,0.0,0.0,0.0,0.0,0.0,0.0	149.385742188,37.73591397849462,-122.46185372740005,0.0,0.0,0.0,0.0,0.0,0.0,0.0	206.549911499,37.73591397849462,-122.45870745480012,0.0,0.0,0.0,0.0,0.0,0.0,0.0	232.999862671,37.73591397849462,-122.45556118220019,0.0,0.0,0.0,0.0,0.0,0.0,0.0	212.241928101,37.73591397849462,-122.45241490960025,0.0,0.0,0.0,0.0,0.0,0.0,0.0	143.745910645,37.73591397849462,-122.44926863700032,0.0,0.0,0.0,0.0,0.0,0.0,0.0	162.680725098,37.73591397849462,-122.44612236440038,0.0,0.0,0.0,0.0,0.0,0.0,0.0	96.77897644,37.73591397849462,-122.44297609180045,0.0,0.0,0.0,0.0,0.0,0.0,0.0	70.808006287,37.73591397849462,-122.43982981920051,0.0,0.0,0.0,0.0,0.0,0.0,0.0	82.630714417,37.73591397849462,-122.43668354660058,0.0,0.0,0.0,0.0,0.0,0.0,0.0	78.35244751,37.73591397849462,-122.43353727400064,0.0,0.0,0.0,0.0,0.0,0.0,0.0	82.752906799,37.73591397849462,-122.43039100140071,0.0,0.0,0.0,0.0,0.0,0.0,0.0	59.166313171,37.73591397849462,-122.42724472880077,0.0,0.0,0.0,0.0,0.0,0.0,0.0	69.213302612,37.73591397849462,-122.42409845620084,0.0,0.0,0.0,0.0,0.0,0.0,0.0	73.911705017,37.73591397849462,-122.4209521836009,0.0,0.0,0.0,0.0,0.0,0.0,0.0	61.343288422,37.73591397849462,-122.41780591100097,0.0,0.0,0.0,0.0,0.0,0.0,0.0	32.070617676,37.73591397849462,-122.41465963840103,0.0,0.0,0.0,0.0,0.0,0.0,0.0	23.445810318,37.73591397849462,-122.4115133658011,0.0,0.0,0.0,0.0,0.0,0.0,0.0	5.680629253,37.73591397849462,-122.40836709320116,0.0,0.0,0.0,0.0,0.0,0.0,0.0	31.393959045,37.73591397849462,-122.40522082060123,0.0,0.0,0.0,0.0,0.0,0.0,0.0	45.907016754,37.73591397849462,-122.4020745480013,0.0,0.0,0.0,0.0,0.0,0.0,0.0	41.182922363,37.73591397849462,-122.39892827540136,0.0,0.0,0.0,0.0,0.0,0.0,0.0	31.162969589,37.73591397849462,-122.39578200280143,0.0,0.0,0.0,0.0,0.0,0.0,0.0	19.445474625,37.73591397849462,-122.39263573020149,0.0,0.0,0.0,0.0,0.0,0.0,0.0	20.900533676,37.73591397849462,-122.38948945760156,0.0,0.0,0.0,0.0,0.0,0.0,0.0	61.692432404,37.73591397849462,-122.38634318500162,0.0,0.0,0.0,0.0,0.0,0.0,0.0	52.370819092,37.73591397849462,-122.38319691240169,0.0,0.0,0.0,0.0,0.0,0.0,0.0	36.68661499,37.73591397849462,-122.38005063980175,0.0,0.0,0.0,0.0,0.0,0.0,0.0
-11.690729141,37.733763440860216,-122.54994689279361,0.0,0.0,0.0,0.0,0.0,0.0,0.0	-11.690514565,37.733763440860216,-122.54680071157904,0.0,0.0,0.0,0.0,0.0,0.0,0.0	-11.735787392,37.733763440860216,-122.54365453036445,0.0,0.0,0.0,0.0,0.0,0.0,0.0	-11.879425049,37.733763440860216,-122.54050834914987,0.0,0.0,0.0,0.0,0.0,0.0,0.0	-11.949273109,37.733763440860216,-122.5373621679353,0.0,0.0,0.0,0.0,0.0,0.0,0.0	-12.012420654,37.733763440860216,-122.53421598672072,0.0,0.0,0.0,0.0,0.0,0.0,0.0	-12.117128372,37.733763440860216,-122.53106980550614,0.0,0.0,0.0,0.0,0.0,0.0,0.0	-12.010224342,37.733763440860216,-122.52792362429156,0.0,0.0,0.0,0.0,0.0,0.0,0.0	-12.259651184,37.733763440860216,-122.52477744307699,0.0,0.0,0.0,0.0,0.0,0.0,0.0	-11.924103737,37.733763440860216,-122.52163126186241,0.0,0.0,0.0,0.0,0.0,0.0,0.0	-11.582602501,37.733763440860216,-122.51848508064782,0.0,0.0,0.0,0.0,0.0,0.0,0.0	-9.563298225,37.733763440860216,-122.51533889943325,0.0,0.0,0.0,0.0,0.0,0.0,0.0	-4.976820946,37.733763440860216,-122.51219271821867,0.0,0.0,0.0,0.0,0.0,0.0,0.0	-1.2e-08,37.733763440860216,-122.5090465370041,0.0,0.0,0.0,0.0,0.0,0.0,0.0	5.659903526,37.733763440860216,-122.5059003557895,0.0,0.0,0.0,0.0,0.0,0.0,0.0	6.001817703,37.733763440860216,-122.50275417457493,0.0,0.0,0.0,0.0,0.0,0.0,0.0	8.207803726,37.733763440860216,-122.49960799336036,0.0,0.0,0.0,0.0,0.0,0.0,0.0	25.605979919,37.733763440860216,-122.49646181214578,0.0,0.0,0.0,0.0,0.0,0.0,0.0	34.437740326,37.733763440860216,-122.49331563093119,0.0,0.0,0.0,0.0,0.0,0.0,0.0	36.214698792,37.733763440860216,-122.49016944971662,0.0,0.0,0.0,0.0,0.0,0.0,0.0	37.056545258,37.733763440860216,-122.48702326850204,0.0,0.0,0.0,0.0,0.0,0.0,0.0	45.340118408,37.733763440860216,-122.48387708728747,0.0,0.0,0.0,0.0,0.0,0.0,0.0	54.016490936,37.733763440860216,-122.48073090607288,0.0,0.0,0.0,0.0,0.0,0.0,0.0	61.471698761,37.733763440860216,-122.4775847248583,0.0,0.0,0.0,0.0,0.0,0.0,0.0	71.084205627,37.733763440860216,-122.47443854364373,0.0,0.0,0.0,0.0,0.0,0.0,0.0	83.540649414,37.733763440860216,-122.47129236242915,0.0,0.0,0.0,0.0,0.0,0.0,0.0	102.218307495,37.733763440860216,-122.46814618121456,0.0,0.0,0.0,0.0,0.0,0.0,0.0	117.941589355,37.733763440860216,-122.46499999999999,0.0,0.0,0.0,0.0,0.0,0.0,0.0	164.429031372,37.733763440860216,-122.46185381878541,0.0,0.0,0.0,0.0,0.0,0.0,0.0	159.259902954,37.733763440860216,-122.45870763757082,0.0,0.0,0.0,0.0,0.0,0.0,0.0	157.024032593,37.733763440860216,-122.45556145635625,0.0,0.0,0.0,0.0,0.0,0.0,0.0	149.612319946,37.733763440860216,-122.45241527514168,0.0,0.0,0.0,0.0,0.0,0.0,0.0	120.544235229,37.733763440860216,-122.4492690939271,0.0,0.0,0.0,0.0,0.0,0.0,0.0	140.395477295,37.733763440860216,-122.44612291271251,0.0,0.0,0.0,0.0,0.0,0.0,0.0	131.373519897,37.733763440860216,-122.44297673149794,0.0,0.0,0.0,0.0,0.0,0.0,0.0	117.034210205,37.733763440860216,-122.43983055028336,0.0,0.0,0.0,0.0,0.0,0.0,0.0	69.537117004,37.733763440860216,-122.43668436906879,0.0,0.0,0.0,0.0,0.0,0.0,0.0	52.484054565,37.733763440860216,-122.4335381878542,0.0,0.0,0.0,0.0,0.0,0.0,0.0	58.837219238,37.733763440860216,-122.43039200663962,0.0,0.0,0.0,0.0,0.0,0.0,0.0	49.853149414,37.733763440860216,-122.42724582542505,0.0,0.0,0.0,0.0,0.0,0.0,0.0	50.661621094,37.733763440860216,-122.42409964421047,0.0,0.0,0.0,0.0,0.0,0.0,0.0	48.885566711,37.733763440860216,-122.42095346299588,0.0,0.0,0.0,0.0,0.0,0.0,0.0	46.034046173,37.733763440860216,-122.41780728178131,0.0,0.0,0.0,0.0,0.0,0.0,0.0	30.31485939,37.733763440860216,-122.41466110056673,0.0,0.0,0.0,0.0,0.0,0.0,0.0	9.475626945,37.733763440860216,-122.41151491935216,0.0,0.0,0.0,0.0,0.0,0.0,0.0	13.69950676,37.733763440860216,-122.40836873813757,0.0,0.0,0.0,0.0,0.0,0.0,0.0	22.115379333,37.733763440860216,-122.405222556923,0.0,0.0,0.0,0.0,0.0,0.0,0.0	31.589260101,37.733763440860216,-122.40207637570842,0.0,0.0,0.0,0.0,0.0,0.0,0.0	52.963855743,37.733763440860216,-122.39893019449384,0.0,0.0,0.0,0.0,0.0,0.0,0.0	67.555023193,37.733763440860216,-122.39578401327925,0.0,0.0,0.0,0.0,0.0,0.0,0.0	34.592365265,37.733763440860216,-122.39263783206468,0.0,0.0,0.0,0.0,0.0,0.0,0.0	30.708740234,37.733763440860216,-122.3894916508501,0.0,0.0,0.0,0.0,0.0,0.0,0.0	60.681919098,37.733763440860216,-122.38634546963553,0.0,0.0,0.0,0.0,0.0,0.0,0.0	82.164772034,37.733763440860216,-122.38319928842094,0.0,0.0,0.0,0.0,0.0,0.0,0.0	34.82490921,37.733763440860216,-122.38005310720636,0.0,0.0,0.0,0.0,0.0,0.0,0.0
-11.821622849,37.73161290322581,-122.549944425652,0.0,0.0,0.0,0.0,0.0,0.0,0.0	-11.897237778,37.73161290322581,-122.54679833581304,0.0,0.0,0.0,0.0,0.0,0.0,0.0	-11.841352463,37.73161290322581,-122.54365224597407,0.0,0.0,0.0,0.0,0.0,0.0,0.0	-11.945281029,37.73161290322581,-122.54050615613511,0.0,0.0,0.0,0.0,0.0,0.0,0.0	-12.014182091,37.73161290322581,-122.53736006629615,0.0,0.0,0.0,0.0,0.0,0.0,0.0	-12.13653183,37.73161290322581,-122.53421397645718,0.0,0.0,0.0,0.0,0.0,0.0,0.0	-12.135293961,37.73161290322581,-122.53106788661822,0.0,0.0,0.0,0.0,0.0,0.0,0.0	-12.238172531,37.73161290322581,-122.52792179677925,0.0,0.0,0.0,0.0,0.0,0.0,0.0	-12.217884064,37.73161290322581,-122.52477570694029,0.0,0.0,0.0,0.0,0.0,0.0,0.0	-12.19630909,37.73161290322581,-122.52162961710133,0.0,0.0,0.0,0.0,0.0,0.0,0.0	-11.777971268,37.73161290322581,-122.51848352726236,0.0,0.0,0.0,0.0,0.0,0.0,0.0	-9.981287956,37.73161290322581,-122.5153374374234,0.0,0.0,0.0,0.0,0.0,0.0,0.0	-5.524205208,37.73161290322581,-122.51219134758445,0.0,0.0,0.0,0.0,0.0,0.0,0.0	-1.760663748,37.73161290322581,-122.50904525774548,0.0,0.0,0.0,0.0,0.0,0.0,0.0	6.059790134,37.73161290322581,-122.50589916790652,0.0,0.0,0.0,0.0,0.0,0.0,0.0	8.219167709,37.73161290322581,-122.50275307806756,0.0,0.0,0.0,0.0,0.0,0.0,0.0	13.705378532,37.73161290322581,-122.49960698822859,0.0,0.0,0.0,0.0,0.0,0.0,0.0	17.860311508,37.73161290322581,-122.49646089838963,0.0,0.0,0.0,0.0,0.0,0.0,0.0	23.665300369,37.73161290322581,-122.49331480855066,0.0,0.0,0.0,0.0,0.0,0.0,0.0	29.654094696,37.73161290322581,-122.4901687187117,0.0,0.0,0.0,0.0,0.0,0.0,0.0	34.998859406,37.73161290322581,-122.48702262887274,0.0,0.0,0.0,0.0,0.0,0.0,0.0	40.539218903,37.73161290322581,-122.48387653903377,0.0,0.0,0.0,0.0,0.0,0.0,0.0	47.024036407,37.73161290322581,-122.48073044919481,0.0,0.0,0.0,0.0,0.0,0.0,0.0	57.76675415,37.73161290322581,-122.47758435935584,0.0,0.0,0.0,0.0,0.0,0.0,0.0	68.225990295,37.73161290322581,-122.47443826951688,0.0,0.0,0.0,0.0,0.0,0.0,0.0	79.379188538,37.73161290322581,-122.47129217967792,0.0,0.0,0.0,0.0,0.0,0.0,0.0	96.86630249,37.73161290322581,-122.46814608983895,0.0,0.0,0.0,0.0,0.0,0.0,0.0	119.447608948,37.73161290322581,-122.46499999999999,0.0,0.0,0.0,0.0,0.0,0.0,0.0	158.221923828,37.73161290322581,-122.46185391016103,0.0,0.0,0.0,0.0,0.0,0.0,0.0	142.947631836,37.73161290322581,-122.45870782032206,0.0,0.0,0.0,0.0,0.0,0.0,0.0	131.743301392,37.73161290322581,-122.4555617304831,0.0,0.0,0.0,0.0,0.0,0.0,0.0	114.454063416,37.73161290322581,-122.45241564064413,0.0,0.0,0.0,0.0,0.0,0.0,0.0	101.687042236,37.73161290322581,-122.44926955080517,0.0,0.0,0.0,0.0,0.0,0.0,0.0	85.971855164,37.73161290322581,-122.4461234609662,0.0,0.0,0.0,0.0,0.0,0.0,0.0	84.264892578,37.73161290322581,-122.44297737112724,0.0,0.0,0.0,0.0,0.0,0.0,0.0	73.759422302,37.73161290322581,-122.43983128128828,0.0,0.0,0.0,0.0,0.0,0.0,0.0	66.068962097,37.73161290322581,-122.43668519144933,0.0,0.0,0.0,0.0,0.0,0.0,0.0	53.063461304,37.73161290322581,-122.43353910161036,0.0,0.0,0.0,0.0,0.0,0.0,0.0	32.376846313,37.73161290322581,-122.4303930117714,0.0,0.0,0.0,0.0,0.0,0.0,0.0	30.851846695,37.73161290322581,-122.42724692193244,0.0,0.0,0.0,0.0,0.0,0.0,0.0	26.890581131,37.73161290322581,-122.42410083209347,0.0,0.0,0.0,0.0,0.0,0.0,0.0	27.392297745,37.73161290322581,-122.42095474225451,0.0,0.0,0.0,0.0,0.0,0.0,0.0	26.787725449,37.73161290322581,-122.41780865241554,0.0,0.0,0.0,0.0,0.0,0.0,0.0	23.858869553,37.73161290322581,-122.41466256257658,0.0,0.0,0.0,0.0,0.0,0.0,0.0	29.580389023,37.73161290322581,-122.41151647273762,0.0,0.0,0.0,0.0,0.0,0.0,0.0	24.711265564,37.73161290322581,-122.40837038289865,0.0,0.0,0.0,0.0,0.0,0.0,0.0	23.406068802,37.73161290322581,-122.40522429305969,0.0,0.0,0.0,0.0,0.0,0.0,0.0	20.345470428,37.73161290322581,-122.40207820322073,0.0,0.0,0.0,0.0,0.0,0.0,0.0	26.06943512,37.73161290322581,-122.39893211338176,0.0,0.0,0.0,0.0,0.0,0.0,0.0	37.388679504,37.73161290322581,-122.3957860235428,0.0,0.0,0.0,0.0,0.0,0.0,0.0	32.473712921,37.73161290322581,-122.39263993370383,0.0,0.0,0.0,0.0,0.0,0.0,0.0	25.287290573,37.73161290322581,-122.38949384386487,0.0,0.0,0.0,0.0,0.0,0.0,0.0	40.00409317,37.73161290322581,-122.3863477540259,0.0,0.0,0.0,0.0,0.0,0.0,0.0	61.195884705,37.73161290322581,-122.38320166418694,0.0,0.0,0.0,0.0,0.0,0.0,0.0	71.938491821,37.73161290322581,-122.38005557434798,0.0,0.0,0.0,0.0,0.0,0.0,0.0
-12.039199829,37.729462365591395,-122.54994195877336,0.0,0.0,0.0,0.0,0.0,0.0,0.0	-12.0642519,37.729462365591395,-122.54679596030027,0.0,0.0,0.0,0.0,0.0,0.0,0.0	-12.073660851,37.729462365591395,-122.54364996182719,0.0,0.0,0.0,0.0,0.0,0.0,0.0	-12.029203415,37.729462365591395,-122.5405039633541,0.0,0.0,0.0,0.0,0.0,0.0,0.0	-12.106220245,37.729462365591395,-122.53735796488101,0.0,0.0,0.0,0.0,0.0,0.0,0.0	-12.089650154,37.729462365591395,-122.53421196640792,0.0,0.0,0.0,0.0,0.0,0.0,0.0	-12.139560699,37.729462365591395,-122.53106596793484,0.0,0.0,0.0,0.0,0.0,0.0,0.0	-12.216358185,37.729462365591395,-122.52791996946175,0.0,0.0,0.0,0.0,0.0,0.0,0.0	-12.309488297,37.729462365591395,-122.52477397098866,0.0,0.0,0.0,0.0,0.0,0.0,0.0	-12.207109451,37.729462365591395,-122.52162797251557,0.0,0.0,0.0,0.0,0.0,0.0,0.0	-11.871907234,37.729462365591395,-122.51848197404249,0.0,0.0,0.0,0.0,0.0,0.0,0.0	-10.336985588,37.729462365591395,-122.5153359755694,0.0,0.0,0.0,0.0,0.0,0.0,0.0	-6.003180027,37.729462365591395,-122.51218997709631,0.0,0.0,0.0,0.0,0.0,0.0,0.0	-2.538170815,37.729462365591395,-122.50904397862323,0.0,0.0,0.0,0.0,0.0,0.0,0.0	16.511060715,37.729462365591395,-122.50589798015014,0.0,0.0,0.0,0.0,0.0,0.0,0.0	20.138715744,37.729462365591395,-122.50275198167705,0.0,0.0,0.0,0.0,0.0,0.0,0.0	5.550000191,37.729462365591395,-122.49960598320396,0.0,0.0,0.0,0.0,0.0,0.0,0.0	18.654375076,37.729462365591395,-122.49645998473088,0.0,0.0,0.0,0.0,0.0,0.0,0.0	22.129613876,37.729462365591395,-122.49331398625779,0.0,0.0,0.0,0.0,0.0,0.0,0.0	12.087673187,37.729462365591395,-122.4901679877847,0.0,0.0,0.0,0.0,0.0,0.0,0.0	28.928384781,37.729462365591395,-122.48702198931161,0.0,0.0,0.0,0.0,0.0,0.0,0.0	26.393028259,37.729462365591395,-122.48387599083853,0.0,0.0,0.0,0.0,0.0,0.0,0.0	28.987075806,37.729462365591395,-122.48072999236544,0.0,0.0,0.0,0.0,0.0,0.0,0.0	45.330444336,37.729462365591395,-122.47758399389235,0.0,0.0,0.0,0.0,0.0,0.0,0.0	57.838531494,37.729462365591395,-122.47443799541927,0.0,0.0,0.0,0.0,0.0,0.0,0.0	69.53881073,37.729462365591395,-122.47129199694618,0.0,0.0,0.0,0.0,0.0,0.0,0.0	86.944854736,37.729462365591395,-122.46814599847309,0.0,0.0,0.0,0.0,0.0,0.0,0.0	110.386421204,37.729462365591395,-122.465,0.0,0.0,0.0,0.0,0.0,0.0,0.0	146.208496094,37.729462365591395,-122.46185400152692,0.0,0.0,0.0,0.0,0.0,0.0,0.0	115.807884216,37.729462365591395,-122.45870800305383,0.0,0.0,0.0,0.0,0.0,0.0,0.0	109.999389648,37.729462365591395,-122.45556200458074,0.0,0.0,0.0,0.0,0.0,0.0,0.0	104.258659363,37.729462365591395,-122.45241600610765,0.0,0.0,0.0,0.0,0.0,0.0,0.0	99.030281067,37.729462365591395,-122.44927000763457,0.0,0.0,0.0,0.0,0.0,0.0,0.0	72.286499023,37.729462365591395,-122.44612400916148,0.0,0.0,0.0,0.0,0.0,0.0,0.0	58.267536163,37.729462365591395,-122.44297801068839,0.0,0.0,0.0,0.0,0.0,0.0,0.0	48.673389435,37.729462365591395,-122.4398320122153,0.0,0.0,0.0,0.0,0.0,0.0,0.0	40.84173584,37.729462365591395,-122.43668601374222,0.0,0.0,0.0,0.0,0.0,0.0,0.0	39.528568268,37.729462365591395,-122.43354001526913,0.0,0.0,0.0,0.0,0.0,0.0,0.0	46.145423889,37.729462365591395,-122.43039401679603,0.0,0.0,0.0,0.0,0.0,0.0,0.0	52.603702545,37.729462365591395,-122.42724801832294,0.0,0.0,0.0,0.0,0.0,0.0,0.0	49.762134552,37.729462365591395,-122.42410201984985,0.0,0.0,0.0,0.0,0.0,0.0,0.0	58.11100769,37.729462365591395,-122.42095602137677,0.0,0.0,0.0,0.0,0.0,0.0,0.0	75.716888428,37.729462365591395,-122.41781002290368,0.0,0.0,0.0,0.0,0.0,0.0,0.0	56.208896637,37.729462365591395,-122.41466402443059,0.0,0.0,0.0,0.0,0.0,0.0,0.0	40.333778381,37.729462365591395,-122.4115180259575,0.0,0.0,0.0,0.0,0.0,0.0,0.0	31.466840744,37.729462365591395,-122.40837202748442,0.0,0.0,0.0,0.0,0.0,0.0,0.0	24.439067841,37.729462365591395,-122.40522602901133,0.0,0.0,0.0,0.0,0.0,0.0,0.0	18.464258194,37.729462365591395,-122.40208003053824,0.0,0.0,0.0,0.0,0.0,0.0,0.0	16.279098511,37.729462365591395,-122.39893403206516,0.0,0.0,0.0,0.0,0.0,0.0,0.0	14.397812843,37.729462365591395,-122.39578803359207,0.0,0.0,0.0,0.0,0.0,0.0,0.0	16.034700394,37.729462365591395,-122.39264203511898,0.0,0.0,0.0,0.0,0.0,0.0,0.0	13.862848282,37.729462365591395,-122.3894960366459,0.0,0.0,0.0,0.0,0.0,0.0,0.0	16.788576126,37.729462365591395,-122.38635003817281,0.0,0.0,0.0,0.0,0.0,0.0,0.0	19.123872757,37.729462365591395,-122.38320403969972,0.0,0.0,0.0,0.0,0.0,0.0,0.0	29.353021622,37.729462365591395,-122.38005804122663,0.0,0.0,0.0,0.0,0.0,0.0,0.0
-12.197185516,37.72731182795699,-122.54993949215765,0.0,0.0,0.0,0.0,0.0,0.0,0.0	-12.289363861,37.72731182795699,-122.5467935850407,0.0,0.0,0.0,0.0,0.0,0.0,0.0	-12.30302906,37.72731182795699,-122.54364767792374,0.0,0.0,0.0,0.0,0.0,0.0,0.0	-12.250535965,37.72731182795699,-122.5405017708068,0.0,0.0,0.0,0.0,0.0,0.0,0.0	-12.372415543,37.72731182795699,-122.53735586368985,0.0,0.0,0.0,0.0,0.0,0.0,0.0	-12.357010841,37.72731182795699,-122.5342099565729,0.0,0.0,0.0,0.0,0.0,0.0,0.0	-12.252603531,37.72731182795699,-122.53106404945595,0.0,0.0,0.0,0.0,0.0,0.0,0.0	-12.321490288,37.72731182795699,-122.527918142339,0.0,0.0,0.0,0.0,0.0,0.0,0.0	-12.227237701,37.72731182795699,-122.52477223522204,0.0,0.0,0.0,0.0,0.0,0.0,0.0	-12.060757637,37.72731182795699,-122.5216263281051,0.0,0.0,0.0,0.0,0.0,0.0,0.0	-11.592652321,37.72731182795699,-122.51848042098815,0.0,0.0,0.0,0.0,0.0,0.0,0.0	-10.561243057,37.72731182795699,-122.5153345138712,0.0,0.0,0.0,0.0,0.0,0.0,0.0	-6.334972382,37.72731182795699,-122.51218860675425,0.0,0.0,0.0,0.0,0.0,0.0,0.0	-2.852587223,37.72731182795699,-122.50904269963729,0.0,0.0,0.0,0.0,0.0,0.0,0.0	16.233139038,37.72731182795699,-122.50589679252035,0.0,0.0,0.0,0.0,0.0,0.0,0.0	28.652353287,37.72731182795699,-122.5027508854034,0.0,0.0,0.0,0.0,0.0,0.0,0.0	5.550000191,37.72731182795699,-122.49960497828644,0.0,0.0,0.0,0.0,0.0,0.0,0.0	5.550000191,37.72731182795699,-122.4964590711695,0.0,0.0,0.0,0.0,0.0,0.0,0.0	7.148211479,37.72731182795699,-122.49331316405255,0.0,0.0,0.0,0.0,0.0,0.0,0.0	5.550000191,37.72731182795699,-122.49016725693559,0.0,0.0,0.0,0.0,0.0,0.0,0.0	5.550000191,37.72731182795699,-122.48702134981865,0.0,0.0,0.0,0.0,0.0,0.0,0.0	24.807445526,37.72731182795699,-122.4838754427017,0.0,0.0,0.0,0.0,0.0,0.0,0.0	37.791233063,37.72731182795699,-122.48072953558474,0.0,0.0,0.0,0.0,0.0,0.0,0.0	49.919090271,37.72731182795699,-122.4775836284678,0.0,0.0,0.0,0.0,0.0,0.0,0.0	56.7318573,37.72731182795699,-122.47443772135085,0.0,0.0,0.0,0.0,0.0,0.0,0.0	70.06199646,37.72731182795699,-122.4712918142339,0.0,0.0,0.0,0.0,0.0,0.0,0.0	90.415420532,37.72731182795699,-122.46814590711695,0.0,0.0,0.0,0.0,0.0,0.0,0.0	89.297729492,37.72731182795699,-122.465,0.0,0.0,0.0,0.0,0.0,0.0,0.0	111.526023865,37.72731182795699,-122.46185409288304,0.0,0.0,0.0,0.0,0.0,0.0,0.0	97.517478943,37.72731182795699,-122.4587081857661,0.0,0.0,0.0,0.0,0.0,0.0,0.0	98.639663696,37.72731182795699,-122.45556227864915,0.0,0.0,0.0,0.0,0.0,0.0,0.0	98.063308716,37.72731182795699,-122.4524163715322,0.0,0.0,0.0,0.0,0.0,0.0,0.0	85.594528198,37.72731182795699,-122.44927046441525,0.0,0.0,0.0,0.0,0.0,0.0,0.0	78.150444031,37.72731182795699,-122.4461245572983,0.0,0.0,0.0,0.0,0.0,0.0,0.0	58.89919281,37.72731182795699,-122.44297865018135,0.0,0.0,0.0,0.0,0.0,0.0,0.0	46.362773895,37.72731182795699,-122.4398327430644,0.0,0.0,0.0,0.0,0.0,0.0,0.0	39.11208725,37.72731182795699,-122.43668683594744,0.0,0.0,0.0,0.0,0.0,0.0,0.0	51.730155945,37.72731182795699,-122.4335409288305,0.0,0.0,0.0,0.0,0.0,0.0,0.0	59.993652344,37.72731182795699,-122.43039502171355,0.0,0.0,0.0,0.0,0.0,0.0,0.0	81.446662903,37.72731182795699,-122.42724911459659,0.0,0.0,0.0,0.0,0.0,0.0,0.0	97.659042358,37.72731182795699,-122.42410320747965,0.0,0.0,0.0,0.0,0.0,0.0,0.0	88.581130981,37.72731182795699,-122.4209573003627,0.0,0.0,0.0,0.0,0.0,0.0,0.0	73.552619934,37.72731182795699,-122.41781139324574,0.0,0.0,0.0,0.0,0.0,0.0,0.0	54.673664093,37.72731182795699,-122.4146654861288,0.0,0.0,0.0,0.0,0.0,0.0,0.0	50.564750671,37.72731182795699,-122.41151957901185,0.0,0.0,0.0,0.0,0.0,0.0,0.0	33.530231476,37.72731182795699,-122.40837367189489,0.0,0.0,0.0,0.0,0.0,0.0,0.0	23.667833328,37.72731182795699,-122.40522776477795,0.0,0.0,0.0,0.0,0.0,0.0,0.0	17.331882477,37.72731182795699,-122.402081857661,0.0,0.0,0.0,0.0,0.0,0.0,0.0	12.268588066,37.72731182795699,-122.39893595054404,13.567503194013508,489.6966666666667,1063.4756666666667,0.46046814423273125,2.782650448962446,138.97469723350395,72.12229877714911	7.730278015,37.72731182795699,-122.3957900434271,0.0,0.0,0.0,0.0,0.0,0.0,0.0	7.614791393,37.72731182795699,-122.39264413631015,0.0,0.0,0.0,0.0,0.0,0.0,0.0	5.220240593,37.72731182795699,-122.3894982291932,0.0,0.0,0.0,0.0,0.0,0.0,0.0	7.169828892,37.72731182795699,-122.38635232207625,0.0,0.0,0.0,0.0,0.0,0.0,0.0	6.510948181,37.72731182795699,-122.3832064149593,0.0,0.0,0.0,0.0,0.0,0.0,0.0	5.818586349,37.72731182795699,-122.38006050784234,0.0,0.0,0.0,0.0,0.0,0.0,0.0
-12.63675499,37.72516129032258,-122.54993702580484,0.0,0.0,0.0,0.0,0.0,0.0,0.0	-12.558335304,37.72516129032258,-122.54679121003429,0.0,0.0,0.0,0.0,0.0,0.0,0.0	-12.489754677,37.72516129032258,-122.54364539426373,0.0,0.0,0.0,0.0,0.0,0.0,0.0	-12.548336029,37.72516129032258,-122.54049957849318,0.0,0.0,0.0,0.0,0.0,0.0,0.0	-12.555943489,37.72516129032258,-122.53735376272263,0.0,0.0,0.0,0.0,0.0,0.0,0.0	-12.925851822,37.72516129032258,-122.5342079469521,0.0,0.0,0.0,0.0,0.0,0.0,0.0	-12.578298569,37.72516129032258,-122.53106213118154,0.0,0.0,0.0,0.0,0.0,0.0,0.0	-12.321462631,37.72516129032258,-122.52791631541099,0.0,0.0,0.0,0.0,0.0,0.0,0.0	-12.430109978,37.72516129032258,-122.52477049964044,0.0,0.0,0.0,0.0,0.0,0.0,0.0	-11.937488556,37.72516129032258,-122.52162468386989,0.0,0.0,0.0,0.0,0.0,0.0,0.0	-11.192092896,37.72516129032258,-122.51847886809934,0.0,0.0,0.0,0.0,0.0,0.0,0.0	-10.465431213,37.72516129032258,-122.51533305232878,0.0,0.0,0.0,0.0,0.0,0.0,0.0	-7.15629673,37.72516129032258,-122.51218723655823,0.0,0.0,0.0,0.0,0.0,0.0,0.0	-2.769702673,37.72516129032258,-122.5090414207877,0.0,0.0,0.0,0.0,0.0,0.0,0.0	20.917863846,37.72516129032258,-122.50589560501714,0.0,0.0,0.0,0.0,0.0,0.0,0.0	9.660581589,37.72516129032258,-122.5027497892466,0.0,0.0,0.0,0.0,0.0,0.0,0.0	5.559999943,37.72516129032258,-122.49960397347604,0.0,0.0,0.0,0.0,0.0,0.0,0.0	5.550000191,37.72516129032258,-122.49645815770549,0.0,0.0,0.0,0.0,0.0,0.0,0.0	17.364439011,37.72516129032258,-122.49331234193494,0.0,0.0,0.0,0.0,0.0,0.0,0.0	23.608955383,37.72516129032258,-122.49016652616439,0.0,0.0,0.0,0.0,0.0,0.0,0.0	25.915618896,37.72516129032258,-122.48702071039384,0.0,0.0,0.0,0.0,0.0,0.0,0.0	13.32317543,37.72516129032258,-122.48387489462328,0.0,0.0,0.0,0.0,0.0,0.0,0.0	15.761844635,37.72516129032258,-122.48072907885275,0.0,0.0,0.0,0.0,0.0,0.0,0.0	29.95145607,37.72516129032258,-122.4775832630822,0.0,0.0,0.0,0.0,0.0,0.0,0.0	48.585102081,37.72516129032258,-122.47443744731164,0.0,0.0,0.0,0.0,0.0,0.0,0.0	55.283718109,37.72516129032258,-122.47129163154109,0.0,0.0,0.0,0.0,0.0,0.0,0.0	63.257148743,37.72516129032258,-122.46814581577054,0.0,0.0,0.0,0.0,0.0,0.0,0.0	70.883659363,37.72516129032258,-122.46499999999999,0.0,0.0,0.0,0.0,0.0,0.0,0.0	76.264823914,37.72516129032258,-122.46185418422944,0.0,0.0,0.0,0.0,0.0,0.0,0.0	83.614929199,37.72516129032258,-122.45870836845889,0.0,0.0,0.0,0.0,0.0,0.0,0.0	96.117507935,37.72516129032258,-122.45556255268835,0.0,0.0,0.0,0.0,0.0,0.0,0.0	95.718818665,37.72516129032258,-122.4524167369178,0.0,0.0,0.0,0.0,0.0,0.0,0.0	88.736312866,37.72516129032258,-122.44927092114725,0.0,0.0,0.0,0.0,0.0,0.0,0.0	65.264297485,37.72516129032258,-122.4461251053767,0.0,0.0,0.0,0.0,0.0,0.0,0.0	54.694232941,37.72516129032258,-122.44297928960614,0.0,0.0,0.0,0.0,0.0,0.0,0.0	44.561206818,37.72516129032258,-122.43983347383559,0.0,0.0,0.0,0.0,0.0,0.0,0.0	48.857479095,37.72516129032258,-122.43668765806504,0.0,0.0,0.0,0.0,0.0,0.0,0.0	60.090900421,37.72516129032258,-122.43354184229449,0.0,0.0,0.0,0.0,0.0,0.0,0.0	72.433334351,37.72516129032258,-122.43039602652394,0.0,0.0,0.0,0.0,0.0,0.0,0.0	106.368667603,37.72516129032258,-122.4272502107534,0.0,0.0,0.0,0.0,0.0,0.0,0.0	135.823348999,37.72516129032258,-122.42410439498285,0.0,0.0,0.0,0.0,0.0,0.0,0.0	115.019203186,37.72516129032258,-122.4209585792123,0.0,0.0,0.0,0.0,0.0,0.0,0.0	80.769065857,37.72516129032258,-122.41781276344175,0.0,0.0,0.0,0.0,0.0,0.0,0.0	63.18378067,37.72516129032258,-122.4146669476712,0.0,0.0,0.0,0.0,0.0,0.0,0.0	56.636146545,37.72516129032258,-122.41152113190064,0.0,0.0,0.0,0.0,0.0,0.0,0.0	33.85150528,37.72516129032258,-122.40837531613009,0.0,0.0,0.0,0.0,0.0,0.0,0.0	22.871107101,37.72516129032258,-122.40522950035954,0.0,0.0,0.0,0.0,0.0,0.0,0.0	20.553144455,37.72516129032258,-122.402083684589,0.0,0.0,0.0,0.0,0.0,0.0,0.0	13.840249062,37.72516129032258,-122.39893786881845,0.0,0.0,0.0,0.0,0.0,0.0,0.0	7.571062565,37.72516129032258,-122.3957920530479,0.0,0.0,0.0,0.0,0.0,0.0,0.0	5.37335968,37.72516129032258,-122.39264623727735,0.0,0.0,0.0,0.0,0.0,0.0,0.0	4.350195408,37.72516129032258,-122.3895004215068,0.0,0.0,0.0,0.0,0.0,0.0,0.0	3.634726763,37.72516129032258,-122.38635460573624,0.0,0.0,0.0,0.0,0.0,0.0,0.0	9.589822769,37.72516129032258,-122.38320878996569,0.0,0.0,0.0,0.0,0.0,0.0,0.0	4.911324978,37.72516129032258,-122.38006297419514,0.0,0.0,0.0,0.0,0.0,0.0,0.0
-13.067349434,37.723010752688175,-122.54993455971491,0.0,0.0,0.0,0.0,0.0,0.0,0.0	-12.991549492,37.723010752688175,-122.54678883528102,0.0,0.0,0.0,0.0,0.0,0.0,0.0	-12.912164688,37.723010752688175,-122.54364311084714,0.0,0.0,0.0,0.0,0.0,0.0,0.0	-12.716326714,37.723010752688175,-122.54049738641325,0.0,0.0,0.0,0.0,0.0,0.0,0.0	-12.859740257,37.723010752688175,-122.53735166197937,0.0,0.0,0.0,0.0,0.0,0.0,0.0	-12.649448395,37.723010752688175,-122.53420593754548,0.0,0.0,0.0,0.0,0.0,0.0,0.0	-12.667391777,37.723010752688175,-122.5310602131116,0.0,0.0,0.0,0.0,0.0,0.0,0.0	-12.660295486,37.723010752688175,-122.52791448867771,0.0,0.0,0.0,0.0,0.0,0.0,0.0	-12.622655869,37.723010752688175,-122.52476876424383,0.0,0.0,0.0,0.0,0.0,0.0,0.0	-11.608794212,37.723010752688175,-122.52162303980994,0.0,0.0,0.0,0.0,0.0,0.0,0.0	-11.182264328,37.723010752688175,-122.51847731537606,0.0,0.0,0.0,0.0,0.0,0.0,0.0	-10.751717567,37.723010752688175,-122.51533159094217,0.0,0.0,0.0,0.0,0.0,0.0,0.0	-8.012150764,37.723010752688175,-122.51218586650829,0.0,0.0,0.0,0.0,0.0,0.0,0.0	-2.591475964,37.723010752688175,-122.5090401420744,0.0,0.0,0.0,0.0,0.0,0.0,0.0	2.63885951,37.723010752688175,-122.5058944176405,0.0,0.0,0.0,0.0,0.0,0.0,0.0	19.504524231,37.723010752688175,-122.50274869320663,0.0,0.0,0.0,0.0,0.0,0.0,0.0	5.559999943,37.723010752688175,-122.49960296877273,0.0,0.0,0.0,0.0,0.0,0.0,0.0	13.134352684,37.723010752688175,-122.49645724433886,0.0,0.0,0.0,0.0,0.0,0.0,0.0	16.766014099,37.723010752688175,-122.49331151990496,0.0,0.0,0.0,0.0,0.0,0.0,0.0	21.767765045,37.723010752688175,-122.49016579547109,0.0,0.0,0.0,0.0,0.0,0.0,0.0	27.249538422,37.723010752688175,-122.4870200710372,0.0,0.0,0.0,0.0,0.0,0.0,0.0	29.211559296,37.723010752688175,-122.48387434660332,0.0,0.0,0.0,0.0,0.0,0.0,0.0	32.919902802,37.723010752688175,-122.48072862216942,0.0,0.0,0.0,0.0,0.0,0.0,0.0	40.272449493,37.723010752688175,-122.47758289773554,0.0,0.0,0.0,0.0,0.0,0.0,0.0	50.112236023,37.723010752688175,-122.47443717330165,0.0,0.0,0.0,0.0,0.0,0.0,0.0	62.436222076,37.723010752688175,-122.47129144886776,0.0,0.0,0.0,0.0,0.0,0.0,0.0	71.668907166,37.723010752688175,-122.46814572443388,0.0,0.0,0.0,0.0,0.0,0.0,0.0	73.605560303,37.723010752688175,-122.46499999999999,0.0,0.0,0.0,0.0,0.0,0.0,0.0	80.046928406,37.723010752688175,-122.46185427556611,0.0,0.0,0.0,0.0,0.0,0.0,0.0	87.617286682,37.723010752688175,-122.45870855113222,0.0,0.0,0.0,0.0,0.0,0.0,0.0	92.298416138,37.723010752688175,-122.45556282669834,0.0,0.0,0.0,0.0,0.0,0.0,0.0	92.295158386,37.723010752688175,-122.45241710226445,0.0,0.0,0.0,0.0,0.0,0.0,0.0	78.604324341,37.723010752688175,-122.44927137783057,0.0,0.0,0.0,0.0,0.0,0.0,0.0	63.223758698,37.723010752688175,-122.44612565339668,0.0,0.0,0.0,0.0,0.0,0.0,0.0	54.652519226,37.723010752688175,-122.4429799289628,0.0,0.0,0.0,0.0,0.0,0.0,0.0	46.657844543,37.723010752688175,-122.4398342045289,0.0,0.0,0.0,0.0,0.0,0.0,0.0	52.250602722,37.723010752688175,-122.43668848009503,0.0,0.0,0.0,0.0,0.0,0.0,0.0	65.578781128,37.723010752688175,-122.43354275566114,0.0,0.0,0.0,0.0,0.0,0.0,0.0	80.255729675,37.723010752688175,-122.43039703122724,0.0,0.0,0.0,0.0,0.0,0.0,0.0	107.191253662,37.723010752688175,-122.42725130679337,0.0,0.0,0.0,0.0,0.0,0.0,0.0	152.761291504,37.723010752688175,-122.42410558235947,0.0,0.0,0.0,0.0,0.0,0.0,0.0	108.53440094,37.723010752688175,-122.4209598579256,0.0,0.0,0.0,0.0,0.0,0.0,0.0	73.39995575,37.723010752688175,-122.4178141334917,0.0,0.0,0.0,0.0,0.0,0.0,0.0	60.285251617,37.723010752688175,-122.41466840905782,0.0,0.0,0.0,0.0,0.0,0.0,0.0	45.67874527,37.723010752688175,-122.41152268462393,0.0,0.0,0.0,0.0,0.0,0.0,0.0	44.555534363,37.723010752688175,-122.40837696019005,0.0,0.0,0.0,0.0,0.0,0.0,0.0	66.358123779,37.723010752688175,-122.40523123575616,0.0,0.0,0.0,0.0,0.0,0.0,0.0	25.821557999,37.723010752688175,-122.40208551132228,0.0,0.0,0.0,0.0,0.0,0.0,0.0	21.525499344,37.723010752688175,-122.39893978688839,0.0,0.0,0.0,0.0,0.0,0.0,0.0	10.497471809,37.723010752688175,-122.39579406245451,0.0,0.0,0.0,0.0,0.0,0.0,0.0	6.201220512,37.723010752688175,-122.39264833802062,0.0,0.0,0.0,0.0,0.0,0.0,0.0	4.38663435,37.723010752688175,-122.38950261358673,0.0,0.0,0.0,0.0,0.0,0.0,0.0	3.058764219,37.723010752688175,-122.38635688915285,0.0,0.0,0.0,0.0,0.0,0.0,0.0	2.0157969,37.723010752688175,-122.38321116471896,0.0,0.0,0.0,0.0,0.0,0.0,0.0	1.173280239,37.723010752688175,-122.38006544028508,0.0,0.0,0.0,0.0,0.0,0.0,0.0
-13.452395439,37.72086021505376,-122.54993209388783,0.0,0.0,0.0,0.0,0.0,0.0,0.0	-13.451067924,37.72086021505376,-122.54678646078088,0.0,0.0,0.0,0.0,0.0,0.0,0.0	-13.374249458,37.72086021505376,-122.54364082767393,0.0,0.0,0.0,0.0,0.0,0.0,0.0	-13.220602989,37.72086021505376,-122.54049519456696,0.0,0.0,0.0,0.0,0.0,0.0,0.0	-13.128768921,37.72086021505376,-122.53734956146,0.0,0.0,0.0,0.0,0.0,0.0,0.0	-12.966732979,37.72086021505376,-122.53420392835305,0.0,0.0,0.0,0.0,0.0,0.0,0.0	-12.820838928,37.72086021505376,-122.5310582952461,0.0,0.0,0.0,0.0,0.0,0.0,0.0	-13.076398849,37.72086021505376,-122.52791266213913,0.0,0.0,0.0,0.0,0.0,0.0,0.0	-13.13629818,37.72086021505376,-122.52476702903218,0.0,0.0,0.0,0.0,0.0,0.0,0.0	-12.396464348,37.72086021505376,-122.52162139592522,0.0,0.0,0.0,0.0,0.0,0.0,0.0	-11.980965614,37.72086021505376,-122.51847576281827,0.0,0.0,0.0,0.0,0.0,0.0,0.0	-11.276603699,37.72086021505376,-122.5153301297113,0.0,0.0,0.0,0.0,0.0,0.0,0.0	-9.102239609,37.72086021505376,-122.51218449660435,0.0,0.0,0.0,0.0,0.0,0.0,0.0	-2.586265802,37.72086021505376,-122.5090388634974,0.0,0.0,0.0,0.0,0.0,0.0,0.0	1.089185238,37.72086021505376,-122.50589323039044,0.0,0.0,0.0,0.0,0.0,0.0,0.0	39.430164337,37.72086021505376,-122.50274759728347,0.0,0.0,0.0,0.0,0.0,0.0,0.0	5.85696888,37.72086021505376,-122.49960196417652,0.0,0.0,0.0,0.0,0.0,0.0,0.0	5.559999943,37.72086021505376,-122.49645633106957,0.0,0.0,0.0,0.0,0.0,0.0,0.0	5.559999943,37.72086021505376,-122.49331069796261,0.0,0.0,0.0,0.0,0.0,0.0,0.0	23.600353241,37.72086021505376,-122.49016506485565,0.0,0.0,0.0,0.0,0.0,0.0,0.0	26.109048843,37.72086021505376,-122.48701943174869,0.0,0.0,0.0,0.0,0.0,0.0,0.0	32.712097168,37.72086021505376,-122.48387379864174,0.0,0.0,0.0,0.0,0.0,0.0,0.0	36.247383118,37.72086021505376,-122.48072816553479,0.0,0.0,0.0,0.0,0.0,0.0,0.0	44.486377716,37.72086021505376,-122.47758253242782,0.0,0.0,0.0,0.0,0.0,0.0,0.0	55.330413818,37.72086021505376,-122.47443689932086,0.0,0.0,0.0,0.0,0.0,0.0,0.0	70.435554504,37.72086021505376,-122.47129126621391,0.0,0.0,0.0,0.0,0.0,0.0,0.0	81.699966431,37.72086021505376,-122.46814563310696,0.0,0.0,0.0,0.0,0.0,0.0,0.0	92.354858398,37.72086021505376,-122.46499999999999,0.0,0.0,0.0,0.0,0.0,0.0,0.0	95.797157288,37.72086021505376,-122.46185436689304,0.0,0.0,0.0,0.0,0.0,0.0,0.0	97.892204285,37.72086021505376,-122.45870873378608,0.0,0.0,0.0,0.0,0.0,0.0,0.0	101.605575562,37.72086021505376,-122.45556310067913,0.0,0.0,0.0,0.0,0.0,0.0,0.0	109.650283813,37.72086021505376,-122.45241746757216,0.0,0.0,0.0,0.0,0.0,0.0,0.0	80.26890564,37.72086021505376,-122.44927183446521,0.0,0.0,0.0,0.0,0.0,0.0,0.0	66.041885376,37.72086021505376,-122.44612620135825,0.0,0.0,0.0,0.0,0.0,0.0,0.0	50.379272461,37.72086021505376,-122.4429805682513,0.0,0.0,0.0,0.0,0.0,0.0,0.0	48.038898468,37.72086021505376,-122.43983493514433,0.0,0.0,0.0,0.0,0.0,0.0,0.0	58.990394592,37.72086021505376,-122.43668930203738,0.0,0.0,0.0,0.0,0.0,0.0,0.0	70.537063599,37.72086021505376,-122.43354366893043,0.0,0.0,0.0,0.0,0.0,0.0,0.0	83.052093506,37.72086021505376,-122.43039803582347,0.0,0.0,0.0,0.0,0.0,0.0,0.0	99.644630432,37.72086021505376,-122.4272524027165,0.0,0.0,0.0,0.0,0.0,0.0,0.0	137.196868896,37.72086021505376,-122.42410676960955,0.0,0.0,0.0,0.0,0.0,0.0,0.0	128.346389771,37.72086021505376,-122.4209611365026,0.0,0.0,0.0,0.0,0.0,0.0,0.0	107.283592224,37.72086021505376,-122.41781550339564,0.0,0.0,0.0,0.0,0.0,0.0,0.0	81.197853088,37.72086021505376,-122.41466987028869,0.0,0.0,0.0,0.0,0.0,0.0,0.0	93.536186218,37.72086021505376,-122.41152423718172,0.0,0.0,0.0,0.0,0.0,0.0,0.0	89.077301025,37.72086021505376,-122.40837860407477,0.0,0.0,0.0,0.0,0.0,0.0,0.0	83.2579422,37.72086021505376,-122.40523297096782,0.0,0.0,0.0,0.0,0.0,0.0,0.0	57.959125519,37.72086021505376,-122.40208733786086,0.0,0.0,0.0,0.0,0.0,0.0,0.0	26.700500488,37.72086021505376,-122.3989417047539,0.0,0.0,0.0,0.0,0.0,0.0,0.0	12.477176666,37.72086021505376,-122.39579607164694,0.0,0.0,0.0,0.0,0.0,0.0,0.0	10.068518639,37.72086021505376,-122.39265043853999,0.0,0.0,0.0,0.0,0.0,0.0,0.0	7.562630177,37.72086021505376,-122.38950480543303,0.0,0.0,0.0,0.0,0.0,0.0,0.0	10.63966465,37.72086021505376,-122.38635917232607,0.0,0.0,0.0,0.0,0.0,0.0,0.0	1.346402407,37.72086021505376,-122.38321353921911,0.0,0.0,0.0,0.0,0.0,0.0,0.0	0.0,37.72086021505376,-122.38006790611216,0.0,0.0,0.0,0.0,0.0,0.0,0.0
-14.162743568,37.718709677419355,-122.54992962832357,0.0,0.0,0.0,0.0,0.0,0.0,0.0	-13.940243721,37.718709677419355,-122.5467840865338,0.0,0.0,0.0,0.0,0.0,0.0,0.0	-13.851279259,37.718709677419355,-122.54363854474404,0.0,0.0,0.0,0.0,0.0,0.0,0.0	-13.792084694,37.718709677419355,-122.54049300295428,0.0,0.0,0.0,0.0,0.0,0.0,0.0	-13.531430244,37.718709677419355,-122.53734746116452,0.0,0.0,0.0,0.0,0.0,0.0,0.0	-13.460124969,37.718709677419355,-122.53420191937475,0.0,0.0,0.0,0.0,0.0,0.0,0.0	-14.38822937,37.718709677419355,-122.531056377585,0.0,0.0,0.0,0.0,0.0,0.0,0.0	-13.57381916,37.718709677419355,-122.52791083579524,0.0,0.0,0.0,0.0,0.0,0.0,0.0	-13.221323013,37.718709677419355,-122.52476529400548,0.0,0.0,0.0,0.0,0.0,0.0,0.0	-13.051768303,37.718709677419355,-122.52161975221571,0.0,0.0,0.0,0.0,0.0,0.0,0.0	-12.544654846,37.718709677419355,-122.51847421042595,0.0,0.0,0.0,0.0,0.0,0.0,0.0	-11.808310509,37.718709677419355,-122.51532866863619,0.0,0.0,0.0,0.0,0.0,0.0,0.0	-9.835281372,37.718709677419355,-122.51218312684642,0.0,0.0,0.0,0.0,0.0,0.0,0.0	-3.59159708,37.718709677419355,-122.50903758505666,0.0,0.0,0.0,0.0,0.0,0.0,0.0	0.364969373,37.718709677419355,-122.5058920432669,0.0,0.0,0.0,0.0,0.0,0.0,0.0	54.918731689,37.718709677419355,-122.50274650147713,0.0,0.0,0.0,0.0,0.0,0.0,0.0	20.579730988,37.718709677419355,-122.49960095968737,0.0,0.0,0.0,0.0,0.0,0.0,0.0	5.559999943,37.718709677419355,-122.49645541789761,0.0,0.0,0.0,0.0,0.0,0.0,0.0	5.559999943,37.718709677419355,-122.49330987610786,0.0,0.0,0.0,0.0,0.0,0.0,0.0	6.202614784,37.718709677419355,-122.4901643343181,0.0,0.0,0.0,0.0,0.0,0.0,0.0	30.167154312,37.718709677419355,-122.48701879252833,0.0,0.0,0.0,0.0,0.0,0.0,0.0	34.411575317,37.718709677419355,-122.48387325073857,0.0,0.0,0.0,0.0,0.0,0.0,0.0	39.947689056,37.718709677419355,-122.4807277089488,0.0,0.0,0.0,0.0,0.0,0.0,0.0	45.944591522,37.718709677419355,-122.47758216715904,0.0,0.0,0.0,0.0,0.0,0.0,0.0	60.469242096,37.718709677419355,-122.47443662536928,0.0,0.0,0.0,0.0,0.0,0.0,0.0	78.774406433,37.718709677419355,-122.47129108357952,0.0,0.0,0.0,0.0,0.0,0.0,0.0	112.450942993,37.718709677419355,-122.46814554178975,0.0,0.0,0.0,0.0,0.0,0.0,0.0	122.106193542,37.718709677419355,-122.46499999999999,0.0,0.0,0.0,0.0,0.0,0.0,0.0	146.352233887,37.718709677419355,-122.46185445821023,0.0,0.0,0.0,0.0,0.0,0.0,0.0	122.37878418,37.718709677419355,-122.45870891642046,0.0,0.0,0.0,0.0,0.0,0.0,0.0	125.610244751,37.718709677419355,-122.45556337463071,0.0,0.0,0.0,0.0,0.0,0.0,0.0	123.332710266,37.718709677419355,-122.45241783284095,0.0,0.0,0.0,0.0,0.0,0.0,0.0	92.805664062,37.718709677419355,-122.44927229105119,0.0,0.0,0.0,0.0,0.0,0.0,0.0	63.775238037,37.718709677419355,-122.44612674926142,0.0,0.0,0.0,0.0,0.0,0.0,0.0	55.012493134,37.718709677419355,-122.44298120747166,0.0,0.0,0.0,0.0,0.0,0.0,0.0	53.145050049,37.718709677419355,-122.4398356656819,0.0,0.0,0.0,0.0,0.0,0.0,0.0	80.109672546,37.718709677419355,-122.43669012389213,0.0,0.0,0.0,0.0,0.0,0.0,0.0	89.92817688,37.718709677419355,-122.43354458210237,0.0,0.0,0.0,0.0,0.0,0.0,0.0	86.923744202,37.718709677419355,-122.43039904031261,0.0,0.0,0.0,0.0,0.0,0.0,0.0	98.715919495,37.718709677419355,-122.42725349852284,0.0,0.0,0.0,0.0,0.0,0.0,0.0	123.205680847,37.718709677419355,-122.42410795673308,0.0,0.0,0.0,0.0,0.0,0.0,0.0	144.89805603,37.718709677419355,-122.42096241494333,0.0,0.0,0.0,0.0,0.0,0.0,0.0	128.806289673,37.718709677419355,-122.41781687315357,0.0,0.0,0.0,0.0,0.0,0.0,0.0	111.274505615,37.718709677419355,-122.4146713313638,0.0,0.0,0.0,0.0,0.0,0.0,0.0	118.510696411,37.718709677419355,-122.41152578957404,0.0,0.0,0.0,0.0,0.0,0.0,0.0	108.144508362,37.718709677419355,-122.40838024778428,0.0,0.0,0.0,0.0,0.0,0.0,0.0	88.246032715,37.718709677419355,-122.40523470599452,0.0,0.0,0.0,0.0,0.0,0.0,0.0	79.294616699,37.718709677419355,-122.40208916420475,0.0,0.0,0.0,0.0,0.0,0.0,0.0	39.96761322,37.718709677419355,-122.39894362241499,0.0,0.0,0.0,0.0,0.0,0.0,0.0	40.613265991,37.718709677419355,-122.39579808062523,0.0,0.0,0.0,0.0,0.0,0.0,0.0	27.47196579,37.718709677419355,-122.39265253883546,0.0,0.0,0.0,0.0,0.0,0.0,0.0	7.99434185,37.718709677419355,-122.3895069970457,0.0,0.0,0.0,0.0,0.0,0.0,0.0	6.193356037,37.718709677419355,-122.38636145525594,0.0,0.0,0.0,0.0,0.0,0.0,0.0	5.50719595,37.718709677419355,-122.38321591346619,0.0,0.0,0.0,0.0,0.0,0.0,0.0	0.120607562,37.718709677419355,-122.38007037167642,0.0,0.0,0.0,0.0,0.0,0.0,0.0
-15.06719017,37.71655913978495,-122.54992716302209,0.0,0.0,0.0,0.0,0.0,0.0,0.0	-14.849671364,37.71655913978495,-122.5467817125398,0.0,0.0,0.0,0.0,0.0,0.0,0.0	-14.550769806,37.71655913978495,-122.54363626205749,0.0,0.0,0.0,0.0,0.0,0.0,0.0	-14.381113052,37.71655913978495,-122.5404908115752,0.0,0.0,0.0,0.0,0.0,0.0,0.0	-14.272258759,37.71655913978495,-122.53734536109289,0.0,0.0,0.0,0.0,0.0,0.0,0.0	-14.036214828,37.71655913978495,-122.5341999106106,0.0,0.0,0.0,0.0,0.0,0.0,0.0	-13.851448059,37.71655913978495,-122.53105446012829,0.0,0.0,0.0,0.0,0.0,0.0,0.0	-13.682470322,37.71655913978495,-122.527909009646,0.0,0.0,0.0,0.0,0.0,0.0,0.0	-13.621792793,37.71655913978495,-122.52476355916369,0.0,0.0,0.0,0.0,0.0,0.0,0.0	-13.352045059,37.71655913978495,-122.5216181086814,0.0,0.0,0.0,0.0,0.0,0.0,0.0	-12.824799538,37.71655913978495,-122.51847265819909,0.0,0.0,0.0,0.0,0.0,0.0,0.0	-12.177731514,37.71655913978495,-122.5153272077168,0.0,0.0,0.0,0.0,0.0,0.0,0.0	-10.695101738,37.71655913978495,-122.51218175723449,0.0,0.0,0.0,0.0,0.0,0.0,0.0	-5.137027264,37.71655913978495,-122.5090363067522,0.0,0.0,0.0,0.0,0.0,0.0,0.0	0.0,37.71655913978495,-122.50589085626989,0.0,0.0,0.0,0.0,0.0,0.0,0.0	58.13640976,37.71655913978495,-122.50274540578759,0.0,0.0,0.0,0.0,0.0,0.0,0.0	44.742580414,37.71655913978495,-122.49959995530529,0.0,0.0,0.0,0.0,0.0,0.0,0.0	14.343234062,37.71655913978495,-122.49645450482299,0.0,0.0,0.0,0.0,0.0,0.0,0.0	5.559999943,37.71655913978495,-122.49330905434068,0.0,0.0,0.0,0.0,0.0,0.0,0.0	5.559999943,37.71655913978495,-122.49016360385839,0.0,0.0,0.0,0.0,0.0,0.0,0.0	5.559999943,37.71655913978495,-122.4870181533761,0.0,0.0,0.0,0.0,0.0,0.0,0.0	36.28327179,37.71655913978495,-122.48387270289379,0.0,0.0,0.0,0.0,0.0,0.0,0.0	41.011131287,37.71655913978495,-122.4807272524115,0.0,0.0,0.0,0.0,0.0,0.0,0.0	48.820102692,37.71655913978495,-122.47758180192919,0.0,0.0,0.0,0.0,0.0,0.0,0.0	58.867801666,37.71655913978495,-122.4744363514469,0.0,0.0,0.0,0.0,0.0,0.0,0.0	76.297660828,37.71655913978495,-122.47129090096459,0.0,0.0,0.0,0.0,0.0,0.0,0.0	119.217376709,37.71655913978495,-122.4681454504823,0.0,0.0,0.0,0.0,0.0,0.0,0.0	124.402961731,37.71655913978495,-122.46499999999999,0.0,0.0,0.0,0.0,0.0,0.0,0.0	124.354179382,37.71655913978495,-122.4618545495177,0.0,0.0,0.0,0.0,0.0,0.0,0.0	116.161941528,37.71655913978495,-122.45870909903539,0.0,0.0,0.0,0.0,0.0,0.0,0.0	130.863891602,37.71655913978495,-122.4555636485531,0.0,0.0,0.0,0.0,0.0,0.0,0.0	111.28717041,37.71655913978495,-122.45241819807079,0.0,0.0,0.0,0.0,0.0,0.0,0.0	81.07484436,37.71655913978495,-122.4492727475885,0.0,0.0,0.0,0.0,0.0,0.0,0.0	56.193840027,37.71655913978495,-122.44612729710619,0.0,0.0,0.0,0.0,0.0,0.0,0.0	65.132553101,37.71655913978495,-122.4429818466239,0.0,0.0,0.0,0.0,0.0,0.0,0.0	59.973426819,37.71655913978495,-122.43983639614159,0.0,0.0,0.0,0.0,0.0,0.0,0.0	74.751052856,37.71655913978495,-122.4366909456593,0.0,0.0,0.0,0.0,0.0,0.0,0.0	76.05430603,37.71655913978495,-122.43354549517699,0.0,0.0,0.0,0.0,0.0,0.0,0.0	81.814682007,37.71655913978495,-122.4304000446947,0.0,0.0,0.0,0.0,0.0,0.0,0.0	105.378845215,37.71655913978495,-122.42725459421239,0.0,0.0,0.0,0.0,0.0,0.0,0.0	99.707115173,37.71655913978495,-122.42410914373009,0.0,0.0,0.0,0.0,0.0,0.0,0.0	85.450241089,37.71655913978495,-122.4209636932478,0.0,0.0,0.0,0.0,0.0,0.0,0.0	76.036071777,37.71655913978495,-122.41781824276549,0.0,0.0,0.0,0.0,0.0,0.0,0.0	80.279808044,37.71655913978495,-122.4146727922832,0.0,0.0,0.0,0.0,0.0,0.0,0.0	82.982757568,37.71655913978495,-122.41152734180089,0.0,0.0,0.0,0.0,0.0,0.0,0.0	64.031646729,37.71655913978495,-122.4083818913186,0.0,0.0,0.0,0.0,0.0,0.0,0.0	59.615921021,37.71655913978495,-122.40523644083629,0.0,0.0,0.0,0.0,0.0,0.0,0.0	70.861991882,37.71655913978495,-122.402090990354,0.0,0.0,0.0,0.0,0.0,0.0,0.0	42.805473328,37.71655913978495,-122.39894553987169,0.0,0.0,0.0,0.0,0.0,0.0,0.0	85.198860168,37.71655913978495,-122.3958000893894,0.0,0.0,0.0,0.0,0.0,0.0,0.0	71.580825806,37.71655913978495,-122.39265463890709,0.0,0.0,0.0,0.0,0.0,0.0,0.0	30.353136063,37.71655913978495,-122.3895091884248,0.0,0.0,0.0,0.0,0.0,0.0,0.0	7.298743248,37.71655913978495,-122.38636373794249,0.0,0.0,0.0,0.0,0.0,0.0,0.0	4.153866768,37.71655913978495,-122.3832182874602,0.0,0.0,0.0,0.0,0.0,0.0,0.0	5.200631142,37.71655913978495,-122.38007283697789,0.0,0.0,0.0,0.0,0.0,0.0,0.0
-15.841738701,37.714408602150534,-122.54992469798337,0.0,0.0,0.0,0.0,0.0,0.0,0.0	-15.521712303,37.714408602150534,-122.5467793387988,0.0,0.0,0.0,0.0,0.0,0.0,0.0	-15.342153549,37.714408602150534,-122.54363397961423,0.0,0.0,0.0,0.0,0.0,0.0,0.0	-15.213256836,37.714408602150534,-122.54048862042966,0.0,0.0,0.0,0.0,0.0,0.0,0.0	-14.979791641,37.714408602150534,-122.5373432612451,0.0,0.0,0.0,0.0,0.0,0.0,0.0	-14.543560028,37.714408602150534,-122.53419790206053,0.0,0.0,0.0,0.0,0.0,0.0,0.0	-14.292666435,37.714408602150534,-122.53105254287595,0.0,0.0,0.0,0.0,0.0,0.0,0.0	-14.1920681,37.714408602150534,-122.52790718369138,0.0,0.0,0.0,0.0,0.0,0.0,0.0	-14.190596581,37.714408602150534,-122.52476182450681,0.0,0.0,0.0,0.0,0.0,0.0,0.0	-13.81227684,37.714408602150534,-122.52161646532224,0.0,0.0,0.0,0.0,0.0,0.0,0.0	-13.312665939,37.714408602150534,-122.51847110613768,0.0,0.0,0.0,0.0,0.0,0.0,0.0	-12.582204819,37.714408602150534,-122.51532574695311,0.0,0.0,0.0,0.0,0.0,0.0,0.0	-11.353815079,37.714408602150534,-122.51218038776854,0.0,0.0,0.0,0.0,0.0,0.0,0.0	-6.846178532,37.714408602150534,-122.50903502858397,0.0,0.0,0.0,0.0,0.0,0.0,0.0	0.0,37.714408602150534,-122.5058896693994,0.0,0.0,0.0,0.0,0.0,0.0,0.0	55.540496826,37.714408602150534,-122.50274431021482,0.0,0.0,0.0,0.0,0.0,0.0,0.0	58.847270966,37.714408602150534,-122.49959895103025,0.0,0.0,0.0,0.0,0.0,0.0,0.0	36.87505722,37.714408602150534,-122.4964535918457,0.0,0.0,0.0,0.0,0.0,0.0,0.0	13.642565727,37.714408602150534,-122.49330823266112,0.0,0.0,0.0,0.0,0.0,0.0,0.0	5.559999943,37.714408602150534,-122.49016287347655,0.0,0.0,0.0,0.0,0.0,0.0,0.0	5.559999943,37.714408602150534,-122.48701751429198,0.0,0.0,0.0,0.0,0.0,0.0,0.0	14.088504791,37.714408602150534,-122.4838721551074,0.0,0.0,0.0,0.0,0.0,0.0,0.0	19.789773941,37.714408602150534,-122.48072679592283,0.0,0.0,0.0,0.0,0.0,0.0,0.0	23.028251648,37.714408602150534,-122.47758143673828,0.0,0.0,0.0,0.0,0.0,0.0,0.0	49.326725006,37.714408602150534,-122.4744360775537,0.0,0.0,0.0,0.0,0.0,0.0,0.0	65.007873535,37.714408602150534,-122.47129071836913,0.0,0.0,0.0,0.0,0.0,0.0,0.0	81.220016479,37.714408602150534,-122.46814535918456,0.0,0.0,0.0,0.0,0.0,0.0,0.0	93.720329285,37.714408602150534,-122.46499999999999,0.0,0.0,0.0,0.0,0.0,0.0,0.0	95.142990112,37.714408602150534,-122.46185464081542,0.0,0.0,0.0,0.0,0.0,0.0,0.0	100.144165039,37.714408602150534,-122.45870928163085,0.0,0.0,0.0,0.0,0.0,0.0,0.0	101.217903137,37.714408602150534,-122.45556392244629,0.0,0.0,0.0,0.0,0.0,0.0,0.0	104.366859436,37.714408602150534,-122.45241856326172,0.0,0.0,0.0,0.0,0.0,0.0,0.0	63.870956421,37.714408602150534,-122.44927320407714,0.0,0.0,0.0,0.0,0.0,0.0,0.0	70.459381104,37.714408602150534,-122.44612784489257,0.0,0.0,0.0,0.0,0.0,0.0,0.0	71.390068054,37.714408602150534,-122.442982485708,0.0,0.0,0.0,0.0,0.0,0.0,0.0	73.219047546,37.714408602150534,-122.43983712652343,0.0,0.0,0.0,0.0,0.0,0.0,0.0	70.152900696,37.714408602150534,-122.43669176733887,0.0,0.0,0.0,0.0,0.0,0.0,0.0	75.285697937,37.714408602150534,-122.4335464081543,0.0,0.0,0.0,0.0,0.0,0.0,0.0	74.738510132,37.714408602150534,-122.43040104896973,0.0,0.0,0.0,0.0,0.0,0.0,0.0	83.099006653,37.714408602150534,-122.42725568978516,0.0,0.0,0.0,0.0,0.0,0.0,0.0	70.088653564,37.714408602150534,-122.42411033060058,0.0,0.0,0.0,0.0,0.0,0.0,0.0	55.050079346,37.714408602150534,-122.42096497141601,0.0,0.0,0.0,0.0,0.0,0.0,0.0	47.237873077,37.714408602150534,-122.41781961223144,0.0,0.0,0.0,0.0,0.0,0.0,0.0	46.279254913,37.714408602150534,-122.41467425304688,0.0,0.0,0.0,0.0,0.0,0.0,0.0	50.107967377,37.714408602150534,-122.41152889386231,0.0,0.0,0.0,0.0,0.0,0.0,0.0	34.468860626,37.714408602150534,-122.40838353467774,0.0,0.0,0.0,0.0,0.0,0.0,0.0	35.829025269,37.714408602150534,-122.40523817549317,0.0,0.0,0.0,0.0,0.0,0.0,0.0	40.045154572,37.714408602150534,-122.4020928163086,0.0,0.0,0.0,0.0,0.0,0.0,0.0	52.180454254,37.714408602150534,-122.39894745712402,0.0,0.0,0.0,0.0,0.0,0.0,0.0	68.103866577,37.714408602150534,-122.39580209793945,0.0,0.0,0.0,0.0,0.0,0.0,0.0	114.075424194,37.714408602150534,-122.3926567387549,0.0,0.0,0.0,0.0,0.0,0.0,0.0	60.625377655,37.714408602150534,-122.38951137957032,0.0,0.0,0.0,0.0,0.0,0.0,0.0	8.725691795,37.714408602150534,-122.38636602038575,0.0,0.0,0.0,0.0,0.0,0.0,0.0	9.352869034,37.714408602150534,-122.38322066120118,0.0,0.0,0.0,0.0,0.0,0.0,0.0	5.504099369,37.714408602150534,-122.3800753020166,0.0,0.0,0.0,0.0,0.0,0.0,0.0
-16.61015892,37.71225806451613,-122.54992223320738,0.0,0.0,0.0,0.0,0.0,0.0,0.0	-16.575437546,37.71225806451613,-122.54677696531081,0.0,0.0,0.0,0.0,0.0,0.0,0.0	-16.073740005,37.71225806451613,-122.54363169741424,0.0,0.0,0.0,0.0,0.0,0.0,0.0	-15.89921093,37.71225806451613,-122.54048642951767,0.0,0.0,0.0,0.0,0.0,0.0,0.0	-15.615663528,37.71225806451613,-122.5373411616211,0.0,0.0,0.0,0.0,0.0,0.0,0.0	-15.499550819,37.71225806451613,-122.53419589372453,0.0,0.0,0.0,0.0,0.0,0.0,0.0	-15.141853333,37.71225806451613,-122.53105062582796,0.0,0.0,0.0,0.0,0.0,0.0,0.0	-14.956043243,37.71225806451613,-122.52790535793139,0.0,0.0,0.0,0.0,0.0,0.0,0.0	-14.571014404,37.71225806451613,-122.52476009003482,0.0,0.0,0.0,0.0,0.0,0.0,0.0	-14.183080673,37.71225806451613,-122.52161482213825,0.0,0.0,0.0,0.0,0.0,0.0,0.0	-13.597324371,37.71225806451613,-122.51846955424168,0.0,0.0,0.0,0.0,0.0,0.0,0.0	-12.870423317,37.71225806451613,-122.51532428634512,0.0,0.0,0.0,0.0,0.0,0.0,0.0	-11.484360695,37.71225806451613,-122.51217901844855,0.0,0.0,0.0,0.0,0.0,0.0,0.0	-8.424235344,37.71225806451613,-122.50903375055198,0.0,0.0,0.0,0.0,0.0,0.0,0.0	-3.062913895,37.71225806451613,-122.50588848265541,0.0,0.0,0.0,0.0,0.0,0.0,0.0	13.205803871,37.71225806451613,-122.50274321475884,0.0,0.0,0.0,0.0,0.0,0.0,0.0	58.222576141,37.71225806451613,-122.49959794686227,0.0,0.0,0.0,0.0,0.0,0.0,0.0	58.232280731,37.71225806451613,-122.4964526789657,0.0,0.0,0.0,0.0,0.0,0.0,0.0	21.871904373,37.71225806451613,-122.49330741106913,0.0,0.0,0.0,0.0,0.0,0.0,0.0	9.836097717,37.71225806451613,-122.49016214317255,0.0,0.0,0.0,0.0,0.0,0.0,0.0	5.570000172,37.71225806451613,-122.48701687527598,0.0,0.0,0.0,0.0,0.0,0.0,0.0	26.075235367,37.71225806451613,-122.48387160737941,0.0,0.0,0.0,0.0,0.0,0.0,0.0	37.865638733,37.71225806451613,-122.48072633948284,0.0,0.0,0.0,0.0,0.0,0.0,0.0	47.417381287,37.71225806451613,-122.47758107158627,0.0,0.0,0.0,0.0,0.0,0.0,0.0	54.028301239,37.71225806451613,-122.4744358036897,0.0,0.0,0.0,0.0,0.0,0.0,0.0	59.433223724,37.71225806451613,-122.47129053579313,0.0,0.0,0.0,0.0,0.0,0.0,0.0	63.265724182,37.71225806451613,-122.46814526789656,0.0,0.0,0.0,0.0,0.0,0.0,0.0	73.553733826,37.71225806451613,-122.46499999999999,0.0,0.0,0.0,0.0,0.0,0.0,0.0	83.297332764,37.71225806451613,-122.46185473210342,0.0,0.0,0.0,0.0,0.0,0.0,0.0	92.22026825,37.71225806451613,-122.45870946420685,0.0,0.0,0.0,0.0,0.0,0.0,0.0	91.641983032,37.71225806451613,-122.45556419631028,0.0,0.0,0.0,0.0,0.0,0.0,0.0	79.436698914,37.71225806451613,-122.4524189284137,0.0,0.0,0.0,0.0,0.0,0.0,0.0	84.829536438,37.71225806451613,-122.44927366051714,0.0,0.0,0.0,0.0,0.0,0.0,0.0	86.989189148,37.71225806451613,-122.44612839262058,0.0,0.0,0.0,0.0,0.0,0.0,0.0	92.79283905,37.71225806451613,-122.44298312472401,0.0,0.0,0.0,0.0,0.0,0.0,0.0	91.735389709,37.71225806451613,-122.43983785682744,0.0,0.0,0.0,0.0,0.0,0.0,0.0	85.160881042,37.71225806451613,-122.43669258893087,0.0,0.0,0.0,0.0,0.0,0.0,0.0	84.44644928,37.71225806451613,-122.4335473210343,0.0,0.0,0.0,0.0,0.0,0.0,0.0	74.694694519,37.71225806451613,-122.43040205313773,0.0,0.0,0.0,0.0,0.0,0.0,0.0	66.17414856,37.71225806451613,-122.42725678524116,0.0,0.0,0.0,0.0,0.0,0.0,0.0	88.13835907,37.71225806451613,-122.42411151734458,0.0,0.0,0.0,0.0,0.0,0.0,0.0	53.642757416,37.71225806451613,-122.42096624944801,0.0,0.0,0.0,0.0,0.0,0.0,0.0	32.119758606,37.71225806451613,-122.41782098155144,0.0,0.0,0.0,0.0,0.0,0.0,0.0	28.923843384,37.71225806451613,-122.41467571365487,0.0,0.0,0.0,0.0,0.0,0.0,0.0	24.598213196,37.71225806451613,-122.4115304457583,0.0,0.0,0.0,0.0,0.0,0.0,0.0	22.212867737,37.71225806451613,-122.40838517786173,0.0,0.0,0.0,0.0,0.0,0.0,0.0	17.755184174,37.71225806451613,-122.40523990996516,0.0,0.0,0.0,0.0,0.0,0.0,0.0	19.769617081,37.71225806451613,-122.40209464206859,0.0,0.0,0.0,0.0,0.0,0.0,0.0	20.250926971,37.71225806451613,-122.39894937417202,0.0,0.0,0.0,0.0,0.0,0.0,0.0	26.305112839,37.71225806451613,-122.39580410627545,0.0,0.0,0.0,0.0,0.0,0.0,0.0	25.078208923,37.71225806451613,-122.39265883837888,0.0,0.0,0.0,0.0,0.0,0.0,0.0	54.865989685,37.71225806451613,-122.38951357048231,0.0,0.0,0.0,0.0,0.0,0.0,0.0	10.695362091,37.71225806451613,-122.38636830258574,0.0,0.0,0.0,0.0,0.0,0.0,0.0	11.058363914,37.71225806451613,-122.38322303468917,0.0,0.0,0.0,0.0,0.0,0.0,0.0	5.138108253,37.71225806451613,-122.3800777667926,0.0,0.0,0.0,0.0,0.0,0.0,0.0
-17.572008133,37.71010752688172,-122.5499197686941,0.0,0.0,0.0,0.0,0.0,0.0,0.0	-17.179924011,37.71010752688172,-122.54677459207579,0.0,0.0,0.0,0.0,0.0,0.0,0.0	-16.899246216,37.71010752688172,-122.5436294154575,0.0,0.0,0.0,0.0,0.0,0.0,0.0	-16.76086998,37.71010752688172,-122.5404842388392,0.0,0.0,0.0,0.0,0.0,0.0,0.0	-16.470018387,37.71010752688172,-122.5373390622209,0.0,0.0,0.0,0.0,0.0,0.0,0.0	-16.236358643,37.71010752688172,-122.53419388560259,0.0,0.0,0.0,0.0,0.0,0.0,0.0	-15.775797844,37.71010752688172,-122.5310487089843,0.0,0.0,0.0,0.0,0.0,0.0,0.0	-15.655394554,37.71010752688172,-122.527903532366,0.0,0.0,0.0,0.0,0.0,0.0,0.0	-15.282367706,37.71010752688172,-122.5247583557477,0.0,0.0,0.0,0.0,0.0,0.0,0.0	-14.808677673,37.71010752688172,-122.5216131791294,0.0,0.0,0.0,0.0,0.0,0.0,0.0	-14.025214195,37.71010752688172,-122.5184680025111,0.0,0.0,0.0,0.0,0.0,0.0,0.0	-13.17893219,37.71010752688172,-122.5153228258928,0.0,0.0,0.0,0.0,0.0,0.0,0.0	-11.78219986,37.71010752688172,-122.51217764927449,0.0,0.0,0.0,0.0,0.0,0.0,0.0	-9.721160889,37.71010752688172,-122.5090324726562,0.0,0.0,0.0,0.0,0.0,0.0,0.0	-3.450939894,37.71010752688172,-122.5058872960379,0.0,0.0,0.0,0.0,0.0,0.0,0.0	3.853692532,37.71010752688172,-122.5027421194196,0.0,0.0,0.0,0.0,0.0,0.0,0.0	66.822883606,37.71010752688172,-122.4995969428013,0.0,0.0,0.0,0.0,0.0,0.0,0.0	69.96711731,37.71010752688172,-122.496451766183,0.0,0.0,0.0,0.0,0.0,0.0,0.0	36.60591507,37.71010752688172,-122.4933065895647,0.0,0.0,0.0,0.0,0.0,0.0,0.0	19.869829178,37.71010752688172,-122.49016141294639,0.0,0.0,0.0,0.0,0.0,0.0,0.0	5.570000172,37.71010752688172,-122.4870162363281,0.0,0.0,0.0,0.0,0.0,0.0,0.0	27.912471771,37.71010752688172,-122.4838710597098,0.0,0.0,0.0,0.0,0.0,0.0,0.0	37.724025726,37.71010752688172,-122.4807258830915,0.0,0.0,0.0,0.0,0.0,0.0,0.0	44.702877045,37.71010752688172,-122.4775807064732,0.0,0.0,0.0,0.0,0.0,0.0,0.0	53.461524963,37.71010752688172,-122.4744355298549,0.0,0.0,0.0,0.0,0.0,0.0,0.0	65.903259277,37.71010752688172,-122.4712903532366,0.0,0.0,0.0,0.0,0.0,0.0,0.0	76.247451782,37.71010752688172,-122.4681451766183,0.0,0.0,0.0,0.0,0.0,0.0,0.0	86.774360657,37.71010752688172,-122.465,0.0,0.0,0.0,0.0,0.0,0.0,0.0	94.900840759,37.71010752688172,-122.4618548233817,0.0,0.0,0.0,0.0,0.0,0.0,0.0	93.573547363,37.71010752688172,-122.4587096467634,0.0,0.0,0.0,0.0,0.0,0.0,0.0	92.923866272,37.71010752688172,-122.45556447014509,0.0,0.0,0.0,0.0,0.0,0.0,0.0	89.742141724,37.71010752688172,-122.4524192935268,0.0,0.0,0.0,0.0,0.0,0.0,0.0	94.454605103,37.71010752688172,-122.4492741169085,0.0,0.0,0.0,0.0,0.0,0.0,0.0	97.156356812,37.71010752688172,-122.4461289402902,0.0,0.0,0.0,0.0,0.0,0.0,0.0	103.377754211,37.71010752688172,-122.4429837636719,0.0,0.0,0.0,0.0,0.0,0.0,0.0	115.5286026,37.71010752688172,-122.4398385870536,0.0,0.0,0.0,0.0,0.0,0.0,0.0	103.651000977,37.71010752688172,-122.4366934104353,0.0,0.0,0.0,0.0,0.0,0.0,0.0	95.828277588,37.71010752688172,-122.43354823381699,0.0,0.0,0.0,0.0,0.0,0.0,0.0	97.612327576,37.71010752688172,-122.4304030571987,0.0,0.0,0.0,0.0,0.0,0.0,0.0	98.492279053,37.71010752688172,-122.4272578805804,0.0,0.0,0.0,0.0,0.0,0.0,0.0	51.026176453,37.71010752688172,-122.4241127039621,0.0,0.0,0.0,0.0,0.0,0.0,0.0	46.597740173,37.71010752688172,-122.4209675273438,0.0,0.0,0.0,0.0,0.0,0.0,0.0	27.664464951,37.71010752688172,-122.4178223507255,0.0,0.0,0.0,0.0,0.0,0.0,0.0	19.977212906,37.71010752688172,-122.4146771741072,0.0,0.0,0.0,0.0,0.0,0.0,0.0	15.999791145,37.71010752688172,-122.4115319974889,0.0,0.0,0.0,0.0,0.0,0.0,0.0	12.599165916,37.71010752688172,-122.4083868208706,0.0,0.0,0.0,0.0,0.0,0.0,0.0	9.265144348,37.71010752688172,-122.4052416442523,0.0,0.0,0.0,0.0,0.0,0.0,0.0	8.885648727,37.71010752688172,-122.402096467634,0.0,0.0,0.0,0.0,0.0,0.0,0.0	17.908802032,37.71010752688172,-122.3989512910157,0.0,0.0,0.0,0.0,0.0,0.0,0.0	9.096414566,37.71010752688172,-122.3958061143974,0.0,0.0,0.0,0.0,0.0,0.0,0.0	10.248055458,37.71010752688172,-122.3926609377791,0.0,0.0,0.0,0.0,0.0,0.0,0.0	6.629293442,37.71010752688172,-122.3895157611608,0.0,0.0,0.0,0.0,0.0,0.0,0.0	2.775154591,37.71010752688172,-122.3863705845425,0.0,0.0,0.0,0.0,0.0,0.0,0.0	2.963671207,37.71010752688172,-122.3832254079242,0.0,0.0,0.0,0.0,0.0,0.0,0.0	5.870129585,37.71010752688172,-122.3800802313059,0.0,0.0,0.0,0.0,0.0,0.0,0.0
-18.444803238,37.707956989247315,-122.54991730444347,0.0,0.0,0.0,0.0,0.0,0.0,0.0	-18.128252029,37.707956989247315,-122.54677221909371,0.0,0.0,0.0,0.0,0.0,0.0,0.0	-17.921998978,37.707956989247315,-122.54362713374395,0.0,0.0,0.0,0.0,0.0,0.0,0.0	-17.547111511,37.707956989247315,-122.5404820483942,0.0,0.0,0.0,0.0,0.0,0.0,0.0	-17.301597595,37.707956989247315,-122.53733696304444,0.0,0.0,0.0,0.0,0.0,0.0,0.0	-16.983522415,37.707956989247315,-122.53419187769468,0.0,0.0,0.0,0.0,0.0,0.0,0.0	-16.638648987,37.707956989247315,-122.53104679234492,0.0,0.0,0.0,0.0,0.0,0.0,0.0	-16.227046967,37.707956989247315,-122.52790170699517,0.0,0.0,0.0,0.0,0.0,0.0,0.0	-15.771947861,37.707956989247315,-122.52475662164541,0.0,0.0,0.0,0.0,0.0,0.0,0.0	-15.329441071,37.707956989247315,-122.52161153629564,0.0,0.0,0.0,0.0,0.0,0.0,0.0	-14.529334068,37.707956989247315,-122.51846645094588,0.0,0.0,0.0,0.0,0.0,0.0,0.0	-13.494420052,37.707956989247315,-122.51532136559612,0.0,0.0,0.0,0.0,0.0,0.0,0.0	-12.246738434,37.707956989247315,-122.51217628024636,0.0,0.0,0.0,0.0,0.0,0.0,0.0	-10.471164703,37.707956989247315,-122.50903119489661,0.0,0.0,0.0,0.0,0.0,0.0,0.0	-4.93906641,37.707956989247315,-122.50588610954685,0.0,0.0,0.0,0.0,0.0,0.0,0.0	1.721021056,37.707956989247315,-122.50274102419709,0.0,0.0,0.0,0.0,0.0,0.0,0.0	64.431404114,37.707956989247315,-122.49959593884734,0.0,0.0,0.0,0.0,0.0,0.0,0.0	65.709060669,37.707956989247315,-122.49645085349758,0.0,0.0,0.0,0.0,0.0,0.0,0.0	39.474136353,37.707956989247315,-122.49330576814782,0.0,0.0,0.0,0.0,0.0,0.0,0.0	24.374288559,37.707956989247315,-122.49016068279806,0.0,0.0,0.0,0.0,0.0,0.0,0.0	18.522838593,37.707956989247315,-122.4870155974483,0.0,0.0,0.0,0.0,0.0,0.0,0.0	11.468753815,37.707956989247315,-122.48387051209855,0.0,0.0,0.0,0.0,0.0,0.0,0.0	17.144002914,37.707956989247315,-122.48072542674879,0.0,0.0,0.0,0.0,0.0,0.0,0.0	34.520915985,37.707956989247315,-122.47758034139903,0.0,0.0,0.0,0.0,0.0,0.0,0.0	53.736446381,37.707956989247315,-122.47443525604928,0.0,0.0,0.0,0.0,0.0,0.0,0.0	70.244117737,37.707956989247315,-122.47129017069952,0.0,0.0,0.0,0.0,0.0,0.0,0.0	82.822471619,37.707956989247315,-122.46814508534975,0.0,0.0,0.0,0.0,0.0,0.0,0.0	116.077949524,37.707956989247315,-122.46499999999999,0.0,0.0,0.0,0.0,0.0,0.0,0.0	121.809715271,37.707956989247315,-122.46185491465023,0.0,0.0,0.0,0.0,0.0,0.0,0.0	104.561973572,37.707956989247315,-122.45870982930047,0.0,0.0,0.0,0.0,0.0,0.0,0.0	104.098152161,37.707956989247315,-122.45556474395072,0.0,0.0,0.0,0.0,0.0,0.0,0.0	103.624740601,37.707956989247315,-122.45241965860096,0.0,0.0,0.0,0.0,0.0,0.0,0.0	106.963447571,37.707956989247315,-122.4492745732512,0.0,0.0,0.0,0.0,0.0,0.0,0.0	117.746398926,37.707956989247315,-122.44612948790144,0.0,0.0,0.0,0.0,0.0,0.0,0.0	128.992492676,37.707956989247315,-122.44298440255169,0.0,0.0,0.0,0.0,0.0,0.0,0.0	144.698669434,37.707956989247315,-122.43983931720193,0.0,0.0,0.0,0.0,0.0,0.0,0.0	145.59286499,37.707956989247315,-122.43669423185217,0.0,0.0,0.0,0.0,0.0,0.0,0.0	117.021209717,37.707956989247315,-122.43354914650241,0.0,0.0,0.0,0.0,0.0,0.0,0.0	129.388092041,37.707956989247315,-122.43040406115266,0.0,0.0,0.0,0.0,0.0,0.0,0.0	97.623672485,37.707956989247315,-122.4272589758029,0.0,0.0,0.0,0.0,0.0,0.0,0.0	60.183643341,37.707956989247315,-122.42411389045314,0.0,0.0,0.0,0.0,0.0,0.0,0.0	40.376277924,37.707956989247315,-122.42096880510339,0.0,0.0,0.0,0.0,0.0,0.0,0.0	32.519332886,37.707956989247315,-122.41782371975363,0.0,0.0,0.0,0.0,0.0,0.0,0.0	18.732591629,37.707956989247315,-122.41467863440386,0.0,0.0,0.0,0.0,0.0,0.0,0.0	9.525291443,37.707956989247315,-122.4115335490541,0.0,0.0,0.0,0.0,0.0,0.0,0.0	5.874402523,37.707956989247315,-122.40838846370434,0.0,0.0,0.0,0.0,0.0,0.0,0.0	4.524775982,37.707956989247315,-122.40524337835458,0.0,0.0,0.0,0.0,0.0,0.0,0.0	5.91917181,37.707956989247315,-122.40209829300483,0.0,0.0,0.0,0.0,0.0,0.0,0.0	7.748538017,37.707956989247315,-122.39895320765507,0.0,0.0,0.0,0.0,0.0,0.0,0.0	7.634595871,37.707956989247315,-122.39580812230531,0.0,0.0,0.0,0.0,0.0,0.0,0.0	-0.479999989,37.707956989247315,-122.39266303695555,0.0,0.0,0.0,0.0,0.0,0.0,0.0	0.0,37.707956989247315,-122.3895179516058,0.0,0.0,0.0,0.0,0.0,0.0,0.0	0.0,37.707956989247315,-122.38637286625604,0.0,0.0,0.0,0.0,0.0,0.0,0.0	0.0,37.707956989247315,-122.38322778090628,0.0,0.0,0.0,0.0,0.0,0.0,0.0	-1.070000052,37.707956989247315,-122.38008269555652,0.0,0.0,0.0,0.0,0.0,0.0,0.0
-19.143526077,37.7058064516129,-122.54991484045549,0.0,0.0,0.0,0.0,0.0,0.0,0.0	-18.935506821,37.7058064516129,-122.54676984636454,0.0,0.0,0.0,0.0,0.0,0.0,0.0	-18.744102478,37.7058064516129,-122.5436248522736,0.0,0.0,0.0,0.0,0.0,0.0,0.0	-18.478919983,37.7058064516129,-122.54047985818265,0.0,0.0,0.0,0.0,0.0,0.0,0.0	-18.111068726,37.7058064516129,-122.5373348640917,0.0,0.0,0.0,0.0,0.0,0.0,0.0	-17.682596207,37.7058064516129,-122.53418987000076,0.0,0.0,0.0,0.0,0.0,0.0,0.0	-17.303604126,37.7058064516129,-122.53104487590983,0.0,0.0,0.0,0.0,0.0,0.0,0.0	-16.911645889,37.7058064516129,-122.52789988181888,0.0,0.0,0.0,0.0,0.0,0.0,0.0	-16.371580124,37.7058064516129,-122.52475488772794,0.0,0.0,0.0,0.0,0.0,0.0,0.0	-15.851209641,37.7058064516129,-122.52160989363699,0.0,0.0,0.0,0.0,0.0,0.0,0.0	-14.98436451,37.7058064516129,-122.51846489954605,0.0,0.0,0.0,0.0,0.0,0.0,0.0	-13.923771858,37.7058064516129,-122.5153199054551,0.0,0.0,0.0,0.0,0.0,0.0,0.0	-12.613881111,37.7058064516129,-122.51217491136416,0.0,0.0,0.0,0.0,0.0,0.0,0.0	-11.011027336,37.7058064516129,-122.50902991727321,0.0,0.0,0.0,0.0,0.0,0.0,0.0	-6.434073448,37.7058064516129,-122.50588492318226,0.0,0.0,0.0,0.0,0.0,0.0,0.0	1.0,37.7058064516129,-122.50273992909132,0.0,0.0,0.0,0.0,0.0,0.0,0.0	32.983695984,37.7058064516129,-122.49959493500039,0.0,0.0,0.0,0.0,0.0,0.0,0.0	68.863037109,37.7058064516129,-122.49644994090944,0.0,0.0,0.0,0.0,0.0,0.0,0.0	61.804821014,37.7058064516129,-122.4933049468185,0.0,0.0,0.0,0.0,0.0,0.0,0.0	44.856056213,37.7058064516129,-122.49015995272755,0.0,0.0,0.0,0.0,0.0,0.0,0.0	25.428194046,37.7058064516129,-122.4870149586366,0.0,0.0,0.0,0.0,0.0,0.0,0.0	13.215894699,37.7058064516129,-122.48386996454566,0.0,0.0,0.0,0.0,0.0,0.0,0.0	28.9031353,37.7058064516129,-122.48072497045472,0.0,0.0,0.0,0.0,0.0,0.0,0.0	40.242595673,37.7058064516129,-122.47757997636377,0.0,0.0,0.0,0.0,0.0,0.0,0.0	53.560127258,37.7058064516129,-122.47443498227283,0.0,0.0,0.0,0.0,0.0,0.0,0.0	65.77922821,37.7058064516129,-122.47128998818188,0.0,0.0,0.0,0.0,0.0,0.0,0.0	87.018089294,37.7058064516129,-122.46814499409095,0.0,0.0,0.0,0.0,0.0,0.0,0.0	101.747673035,37.7058064516129,-122.465,0.0,0.0,0.0,0.0,0.0,0.0,0.0	124.220932007,37.7058064516129,-122.46185500590906,0.0,0.0,0.0,0.0,0.0,0.0,0.0	117.613502502,37.7058064516129,-122.45871001181811,0.0,0.0,0.0,0.0,0.0,0.0,0.0	118.149925232,37.7058064516129,-122.45556501772717,0.0,0.0,0.0,0.0,0.0,0.0,0.0	117.272399902,37.7058064516129,-122.45242002363622,0.0,0.0,0.0,0.0,0.0,0.0,0.0	127.042472839,37.7058064516129,-122.44927502954528,0.0,0.0,0.0,0.0,0.0,0.0,0.0	148.949188232,37.7058064516129,-122.44613003545433,0.0,0.0,0.0,0.0,0.0,0.0,0.0	157.403106689,37.7058064516129,-122.44298504136339,0.0,0.0,0.0,0.0,0.0,0.0,0.0	162.618713379,37.7058064516129,-122.43984004727244,0.0,0.0,0.0,0.0,0.0,0.0,0.0	182.244155884,37.7058064516129,-122.43669505318151,0.0,0.0,0.0,0.0,0.0,0.0,0.0	174.000183105,37.7058064516129,-122.43355005909056,0.0,0.0,0.0,0.0,0.0,0.0,0.0	178.603713989,37.7058064516129,-122.43040506499962,0.0,0.0,0.0,0.0,0.0,0.0,0.0	127.662086487,37.7058064516129,-122.42726007090867,0.0,0.0,0.0,0.0,0.0,0.0,0.0	66.478164673,37.7058064516129,-122.42411507681773,0.0,0.0,0.0,0.0,0.0,0.0,0.0	35.244853973,37.7058064516129,-122.42097008272678,0.0,0.0,0.0,0.0,0.0,0.0,0.0	26.075670242,37.7058064516129,-122.41782508863584,0.0,0.0,0.0,0.0,0.0,0.0,0.0	16.491539001,37.7058064516129,-122.41468009454489,0.0,0.0,0.0,0.0,0.0,0.0,0.0	10.75003624,37.7058064516129,-122.41153510045395,0.0,0.0,0.0,0.0,0.0,0.0,0.0	6.297041416,37.7058064516129,-122.408390106363,0.0,0.0,0.0,0.0,0.0,0.0,0.0	3.664703846,37.7058064516129,-122.40524511227207,0.0,0.0,0.0,0.0,0.0,0.0,0.0	5.152800083,37.7058064516129,-122.40210011818112,0.0,0.0,0.0,0.0,0.0,0.0,0.0	5.424493313,37.7058064516129,-122.39895512409018,0.0,0.0,0.0,0.0,0.0,0.0,0.0	7.252792835,37.7058064516129,-122.39581012999923,0.0,0.0,0.0,0.0,0.0,0.0,0.0	1.469367623,37.7058064516129,-122.39266513590829,0.0,0.0,0.0,0.0,0.0,0.0,0.0	-1.147493601,37.7058064516129,-122.38952014181734,0.0,0.0,0.0,0.0,0.0,0.0,0.0	-1.536907792,37.7058064516129,-122.3863751477264,0.0,0.0,0.0,0.0,0.0,0.0,0.0	-1.660395503,37.7058064516129,-122.38323015363545,0.0,0.0,0.0,0.0,0.0,0.0,0.0	-1.776232958,37.7058064516129,-122.3800851595445,0.0,0.0,0.0,0.0,0.0,0.0,0.0
-20.109508514,37.703655913978494,-122.5499123767301,0.0,0.0,0.0,0.0,0.0,0.0,0.0	-19.768815994,37.703655913978494,-122.54676747388825,0.0,0.0,0.0,0.0,0.0,0.0,0.0	-19.360441208,37.703655913978494,-122.5436225710464,0.0,0.0,0.0,0.0,0.0,0.0,0.0	-18.954547882,37.703655913978494,-122.54047766820453,0.0,0.0,0.0,0.0,0.0,0.0,0.0	-18.780723572,37.703655913978494,-122.53733276536268,0.0,0.0,0.0,0.0,0.0,0.0,0.0	-18.362041473,37.703655913978494,-122.53418786252082,0.0,0.0,0.0,0.0,0.0,0.0,0.0	-17.777921677,37.703655913978494,-122.53104295967897,0.0,0.0,0.0,0.0,0.0,0.0,0.0	-17.436826706,37.703655913978494,-122.52789805683712,0.0,0.0,0.0,0.0,0.0,0.0,0.0	-16.902084351,37.703655913978494,-122.52475315399526,0.0,0.0,0.0,0.0,0.0,0.0,0.0	-16.472061157,37.703655913978494,-122.5216082511534,0.0,0.0,0.0,0.0,0.0,0.0,0.0	-15.659162521,37.703655913978494,-122.51846334831154,0.0,0.0,0.0,0.0,0.0,0.0,0.0	-14.35569191,37.703655913978494,-122.51531844546969,0.0,0.0,0.0,0.0,0.0,0.0,0.0	-12.999908447,37.703655913978494,-122.51217354262783,0.0,0.0,0.0,0.0,0.0,0.0,0.0	-11.350858688,37.703655913978494,-122.50902863978598,0.0,0.0,0.0,0.0,0.0,0.0,0.0	-7.774151325,37.703655913978494,-122.50588373694413,0.0,0.0,0.0,0.0,0.0,0.0,0.0	0.0,37.703655913978494,-122.50273883410226,0.0,0.0,0.0,0.0,0.0,0.0,0.0	38.755764008,37.703655913978494,-122.4995939312604,0.0,0.0,0.0,0.0,0.0,0.0,0.0	71.409561157,37.703655913978494,-122.49644902841855,0.0,0.0,0.0,0.0,0.0,0.0,0.0	64.228912354,37.703655913978494,-122.4933041255767,0.0,0.0,0.0,0.0,0.0,0.0,0.0	47.789894104,37.703655913978494,-122.49015922273485,0.0,0.0,0.0,0.0,0.0,0.0,0.0	29.698274612,37.703655913978494,-122.48701431989299,0.0,0.0,0.0,0.0,0.0,0.0,0.0	14.937365532,37.703655913978494,-122.48386941705112,0.0,0.0,0.0,0.0,0.0,0.0,0.0	29.582122803,37.703655913978494,-122.48072451420927,0.0,0.0,0.0,0.0,0.0,0.0,0.0	37.85030365,37.703655913978494,-122.47757961136742,0.0,0.0,0.0,0.0,0.0,0.0,0.0	53.79114151,37.703655913978494,-122.47443470852556,0.0,0.0,0.0,0.0,0.0,0.0,0.0	61.755413055,37.703655913978494,-122.47128980568371,0.0,0.0,0.0,0.0,0.0,0.0,0.0	86.094856262,37.703655913978494,-122.46814490284186,0.0,0.0,0.0,0.0,0.0,0.0,0.0	101.487747192,37.703655913978494,-122.46499999999999,0.0,0.0,0.0,0.0,0.0,0.0,0.0	128.922668457,37.703655913978494,-122.46185509715814,0.0,0.0,0.0,0.0,0.0,0.0,0.0	146.668518066,37.703655913978494,-122.45871019431628,0.0,0.0,0.0,0.0,0.0,0.0,0.0	142.324661255,37.703655913978494,-122.45556529147443,0.0,0.0,0.0,0.0,0.0,0.0,0.0	144.85546875,37.703655913978494,-122.45242038863258,0.0,0.0,0.0,0.0,0.0,0.0,0.0	174.747695923,37.703655913978494,-122.44927548579072,0.0,0.0,0.0,0.0,0.0,0.0,0.0	194.355102539,37.703655913978494,-122.44613058294885,0.0,0.0,0.0,0.0,0.0,0.0,0.0	199.117614746,37.703655913978494,-122.442985680107,0.0,0.0,0.0,0.0,0.0,0.0,0.0	218.497055054,37.703655913978494,-122.43984077726515,0.0,0.0,0.0,0.0,0.0,0.0,0.0	232.828689575,37.703655913978494,-122.4366958744233,0.0,0.0,0.0,0.0,0.0,0.0,0.0	241.70690918,37.703655913978494,-122.43355097158144,0.0,0.0,0.0,0.0,0.0,0.0,0.0	244.082641602,37.703655913978494,-122.43040606873959,0.0,0.0,0.0,0.0,0.0,0.0,0.0	139.47492981,37.703655913978494,-122.42726116589772,0.0,0.0,0.0,0.0,0.0,0.0,0.0	71.888671875,37.703655913978494,-122.42411626305586,0.0,0.0,0.0,0.0,0.0,0.0,0.0	37.464969635,37.703655913978494,-122.42097136021401,0.0,0.0,0.0,0.0,0.0,0.0,0.0	18.924528122,37.703655913978494,-122.41782645737216,0.0,0.0,0.0,0.0,0.0,0.0,0.0	9.640078545,37.703655913978494,-122.4146815545303,0.0,0.0,0.0,0.0,0.0,0.0,0.0	5.941531181,37.703655913978494,-122.41153665168845,0.0,0.0,0.0,0.0,0.0,0.0,0.0	3.591809511,37.703655913978494,-122.40839174884658,0.0,0.0,0.0,0.0,0.0,0.0,0.0	3.626873493,37.703655913978494,-122.40524684600473,0.0,0.0,0.0,0.0,0.0,0.0,0.0	4.761282444,37.703655913978494,-122.40210194316288,0.0,0.0,0.0,0.0,0.0,0.0,0.0	6.440036774,37.703655913978494,-122.39895704032102,0.0,0.0,0.0,0.0,0.0,0.0,0.0	12.692011833,37.703655913978494,-122.39581213747917,0.0,0.0,0.0,0.0,0.0,0.0,0.0	-0.479999989,37.703655913978494,-122.39266723463732,0.0,0.0,0.0,0.0,0.0,0.0,0.0	-1.289917707,37.703655913978494,-122.38952233179545,0.0,0.0,0.0,0.0,0.0,0.0,0.0	-1.550012112,37.703655913978494,-122.3863774289536,0.0,0.0,0.0,0.0,0.0,0.0,0.0	-1.650003552,37.703655913978494,-122.38323252611174,0.0,0.0,0.0,0.0,0.0,0.0,0.0	-1.673146129,37.703655913978494,-122.38008762326989,0.0,0.0,0.0,0.0,0.0,0.0,0.0
-20.935949326,37.70150537634409,-122.54990991326731,0.0,0.0,0.0,0.0,0.0,0.0,0.0	-20.536449432,37.70150537634409,-122.54676510166482,0.0,0.0,0.0,0.0,0.0,0.0,0.0	-20.157102585,37.70150537634409,-122.54362029006232,0.0,0.0,0.0,0.0,0.0,0.0,0.0	-19.629308701,37.70150537634409,-122.54047547845984,0.0,0.0,0.0,0.0,0.0,0.0,0.0	-19.19080162,37.70150537634409,-122.53733066685734,0.0,0.0,0.0,0.0,0.0,0.0,0.0	-18.867202759,37.70150537634409,-122.53418585525485,0.0,0.0,0.0,0.0,0.0,0.0,0.0	-18.23976326,37.70150537634409,-122.53104104365235,0.0,0.0,0.0,0.0,0.0,0.0,0.0	-17.982200623,37.70150537634409,-122.52789623204987,0.0,0.0,0.0,0.0,0.0,0.0,0.0	-17.462440491,37.70150537634409,-122.52475142044737,0.0,0.0,0.0,0.0,0.0,0.0,0.0	-17.242177963,37.70150537634409,-122.52160660884488,0.0,0.0,0.0,0.0,0.0,0.0,0.0	-16.433080673,37.70150537634409,-122.51846179724238,0.0,0.0,0.0,0.0,0.0,0.0,0.0	-14.750008583,37.70150537634409,-122.51531698563988,0.0,0.0,0.0,0.0,0.0,0.0,0.0	-13.289873123,37.70150537634409,-122.5121721740374,0.0,0.0,0.0,0.0,0.0,0.0,0.0	-11.703195572,37.70150537634409,-122.5090273624349,0.0,0.0,0.0,0.0,0.0,0.0,0.0	-9.066937447,37.70150537634409,-122.50588255083241,0.0,0.0,0.0,0.0,0.0,0.0,0.0	-3.055586338,37.70150537634409,-122.50273773922991,0.0,0.0,0.0,0.0,0.0,0.0,0.0	31.012329102,37.70150537634409,-122.49959292762743,0.0,0.0,0.0,0.0,0.0,0.0,0.0	70.488540649,37.70150537634409,-122.49644811602494,0.0,0.0,0.0,0.0,0.0,0.0,0.0	63.226596832,37.70150537634409,-122.49330330442244,0.0,0.0,0.0,0.0,0.0,0.0,0.0	50.874099731,37.70150537634409,-122.49015849281994,0.0,0.0,0.0,0.0,0.0,0.0,0.0	34.102859497,37.70150537634409,-122.48701368121745,0.0,0.0,0.0,0.0,0.0,0.0,0.0	25.865301132,37.70150537634409,-122.48386886961497,0.0,0.0,0.0,0.0,0.0,0.0,0.0	29.198884964,37.70150537634409,-122.48072405801247,0.0,0.0,0.0,0.0,0.0,0.0,0.0	37.826915741,37.70150537634409,-122.47757924640997,0.0,0.0,0.0,0.0,0.0,0.0,0.0	43.315734863,37.70150537634409,-122.47443443480748,0.0,0.0,0.0,0.0,0.0,0.0,0.0	59.718955994,37.70150537634409,-122.47128962320498,0.0,0.0,0.0,0.0,0.0,0.0,0.0	70.863754272,37.70150537634409,-122.4681448116025,0.0,0.0,0.0,0.0,0.0,0.0,0.0	98.71282196,37.70150537634409,-122.465,0.0,0.0,0.0,0.0,0.0,0.0,0.0	124.712348938,37.70150537634409,-122.46185518839751,0.0,0.0,0.0,0.0,0.0,0.0,0.0	189.386779785,37.70150537634409,-122.45871037679501,0.0,0.0,0.0,0.0,0.0,0.0,0.0	200.257080078,37.70150537634409,-122.45556556519253,0.0,0.0,0.0,0.0,0.0,0.0,0.0	196.728439331,37.70150537634409,-122.45242075359003,0.0,0.0,0.0,0.0,0.0,0.0,0.0	134.191802979,37.70150537634409,-122.44927594198754,0.0,0.0,0.0,0.0,0.0,0.0,0.0	167.77532959,37.70150537634409,-122.44613113038504,0.0,0.0,0.0,0.0,0.0,0.0,0.0	198.35848999,37.70150537634409,-122.44298631878254,0.0,0.0,0.0,0.0,0.0,0.0,0.0	221.298019409,37.70150537634409,-122.43984150718006,0.0,0.0,0.0,0.0,0.0,0.0,0.0	216.251525879,37.70150537634409,-122.43669669557757,0.0,0.0,0.0,0.0,0.0,0.0,0.0	231.442047119,37.70150537634409,-122.43355188397507,0.0,0.0,0.0,0.0,0.0,0.0,0.0	256.038665771,37.70150537634409,-122.43040707237257,0.0,0.0,0.0,0.0,0.0,0.0,0.0	192.651351929,37.70150537634409,-122.42726226077009,0.0,0.0,0.0,0.0,0.0,0.0,0.0	91.36894989,37.70150537634409,-122.4241174491676,0.0,0.0,0.0,0.0,0.0,0.0,0.0	64.240600586,37.70150537634409,-122.4209726375651,0.0,0.0,0.0,0.0,0.0,0.0,0.0	40.311656952,37.70150537634409,-122.4178278259626,0.0,0.0,0.0,0.0,0.0,0.0,0.0	16.286380768,37.70150537634409,-122.41468301436011,0.0,0.0,0.0,0.0,0.0,0.0,0.0	8.228074074,37.70150537634409,-122.41153820275763,0.0,0.0,0.0,0.0,0.0,0.0,0.0	3.123645544,37.70150537634409,-122.40839339115513,0.0,0.0,0.0,0.0,0.0,0.0,0.0	3.404760361,37.70150537634409,-122.40524857955263,0.0,0.0,0.0,0.0,0.0,0.0,0.0	4.118775368,37.70150537634409,-122.40210376795014,0.0,0.0,0.0,0.0,0.0,0.0,0.0	15.030329704,37.70150537634409,-122.39895895634766,0.0,0.0,0.0,0.0,0.0,0.0,0.0	10.76276207,37.70150537634409,-122.39581414474516,0.0,0.0,0.0,0.0,0.0,0.0,0.0	-0.479999989,37.70150537634409,-122.39266933314266,0.0,0.0,0.0,0.0,0.0,0.0,0.0	-1.329770565,37.70150537634409,-122.38952452154017,0.0,0.0,0.0,0.0,0.0,0.0,0.0	-1.533457041,37.70150537634409,-122.38637970993767,0.0,0.0,0.0,0.0,0.0,0.0,0.0	-1.57659018,37.70150537634409,-122.38323489833519,0.0,0.0,0.0,0.0,0.0,0.0,0.0	-1.677381039,37.70150537634409,-122.3800900867327,0.0,0.0,0.0,0.0,0.0,0.0,0.0
-21.737264633,37.69935483870968,-122.54990745006705,0.0,0.0,0.0,0.0,0.0,0.0,0.0	-21.251579285,37.69935483870968,-122.5467627296942,0.0,0.0,0.0,0.0,0.0,0.0,0.0	-20.726373672,37.69935483870968,-122.54361800932135,0.0,0.0,0.0,0.0,0.0,0.0,0.0	-20.311460495,37.69935483870968,-122.54047328894849,0.0,0.0,0.0,0.0,0.0,0.0,0.0	-19.920669556,37.69935483870968,-122.53732856857563,0.0,0.0,0.0,0.0,0.0,0.0,0.0	-19.388395309,37.69935483870968,-122.53418384820279,0.0,0.0,0.0,0.0,0.0,0.0,0.0	-18.76543045,37.69935483870968,-122.53103912782993,0.0,0.0,0.0,0.0,0.0,0.0,0.0	-18.30201149,37.69935483870968,-122.52789440745707,0.0,0.0,0.0,0.0,0.0,0.0,0.0	-17.664150238,37.69935483870968,-122.52474968708422,0.0,0.0,0.0,0.0,0.0,0.0,0.0	-17.562063217,37.69935483870968,-122.52160496671137,0.0,0.0,0.0,0.0,0.0,0.0,0.0	-17.081920624,37.69935483870968,-122.5184602463385,0.0,0.0,0.0,0.0,0.0,0.0,0.0	-15.406963348,37.69935483870968,-122.51531552596566,0.0,0.0,0.0,0.0,0.0,0.0,0.0	-13.660896301,37.69935483870968,-122.5121708055928,0.0,0.0,0.0,0.0,0.0,0.0,0.0	-11.897613525,37.69935483870968,-122.50902608521994,0.0,0.0,0.0,0.0,0.0,0.0,0.0	-9.937800407,37.69935483870968,-122.5058813648471,0.0,0.0,0.0,0.0,0.0,0.0,0.0	-4.372466564,37.69935483870968,-122.50273664447424,0.0,0.0,0.0,0.0,0.0,0.0,0.0	3.388148785,37.69935483870968,-122.49959192410138,0.0,0.0,0.0,0.0,0.0,0.0,0.0	66.871955872,37.69935483870968,-122.49644720372854,0.0,0.0,0.0,0.0,0.0,0.0,0.0	64.489318848,37.69935483870968,-122.49330248335568,0.0,0.0,0.0,0.0,0.0,0.0,0.0	56.288742065,37.69935483870968,-122.49015776298282,0.0,0.0,0.0,0.0,0.0,0.0,0.0	44.934883118,37.69935483870968,-122.48701304260997,0.0,0.0,0.0,0.0,0.0,0.0,0.0	28.795257568,37.69935483870968,-122.48386832223711,0.0,0.0,0.0,0.0,0.0,0.0,0.0	31.290964127,37.69935483870968,-122.48072360186426,0.0,0.0,0.0,0.0,0.0,0.0,0.0	41.889770508,37.69935483870968,-122.47757888149141,0.0,0.0,0.0,0.0,0.0,0.0,0.0	55.565559387,37.69935483870968,-122.47443416111855,0.0,0.0,0.0,0.0,0.0,0.0,0.0	59.399917603,37.69935483870968,-122.4712894407457,0.0,0.0,0.0,0.0,0.0,0.0,0.0	80.809562683,37.69935483870968,-122.46814472037285,0.0,0.0,0.0,0.0,0.0,0.0,0.0	96.789382935,37.69935483870968,-122.46499999999999,0.0,0.0,0.0,0.0,0.0,0.0,0.0	119.442153931,37.69935483870968,-122.46185527962713,0.0,0.0,0.0,0.0,0.0,0.0,0.0	168.455703735,37.69935483870968,-122.45871055925429,0.0,0.0,0.0,0.0,0.0,0.0,0.0	205.846588135,37.69935483870968,-122.45556583888143,0.0,0.0,0.0,0.0,0.0,0.0,0.0	192.304244995,37.69935483870968,-122.45242111850858,0.0,0.0,0.0,0.0,0.0,0.0,0.0	145.09375,37.69935483870968,-122.44927639813572,0.0,0.0,0.0,0.0,0.0,0.0,0.0	189.142150879,37.69935483870968,-122.44613167776286,0.0,0.0,0.0,0.0,0.0,0.0,0.0	155.485702515,37.69935483870968,-122.44298695739002,0.0,0.0,0.0,0.0,0.0,0.0,0.0	193.737121582,37.69935483870968,-122.43984223701716,0.0,0.0,0.0,0.0,0.0,0.0,0.0	198.945373535,37.69935483870968,-122.4366975166443,0.0,0.0,0.0,0.0,0.0,0.0,0.0	225.505630493,37.69935483870968,-122.43355279627146,0.0,0.0,0.0,0.0,0.0,0.0,0.0	205.592956543,37.69935483870968,-122.4304080758986,0.0,0.0,0.0,0.0,0.0,0.0,0.0	226.661499023,37.69935483870968,-122.42726335552574,0.0,0.0,0.0,0.0,0.0,0.0,0.0	182.178909302,37.69935483870968,-122.4241186351529,0.0,0.0,0.0,0.0,0.0,0.0,0.0	125.828392029,37.69935483870968,-122.42097391478003,0.0,0.0,0.0,0.0,0.0,0.0,0.0	86.67829895,37.69935483870968,-122.41782919440718,0.0,0.0,0.0,0.0,0.0,0.0,0.0	48.952487946,37.69935483870968,-122.41468447403433,0.0,0.0,0.0,0.0,0.0,0.0,0.0	51.713897705,37.69935483870968,-122.41153975366147,0.0,0.0,0.0,0.0,0.0,0.0,0.0	6.17387104,37.69935483870968,-122.40839503328861,0.0,0.0,0.0,0.0,0.0,0.0,0.0	2.972805738,37.69935483870968,-122.40525031291577,0.0,0.0,0.0,0.0,0.0,0.0,0.0	3.440999508,37.69935483870968,-122.40210559254291,0.0,0.0,0.0,0.0,0.0,0.0,0.0	20.960361481,37.69935483870968,-122.39896087217005,0.0,0.0,0.0,0.0,0.0,0.0,0.0	17.66475296,37.69935483870968,-122.3958161517972,0.0,0.0,0.0,0.0,0.0,0.0,0.0	4.365419865,37.69935483870968,-122.39267143142435,0.0,0.0,0.0,0.0,0.0,0.0,0.0	-1.563546062,37.69935483870968,-122.38952671105149,0.0,0.0,0.0,0.0,0.0,0.0,0.0	-1.509991169,37.69935483870968,-122.38638199067864,0.0,0.0,0.0,0.0,0.0,0.0,0.0	-1.603823304,37.69935483870968,-122.38323727030578,0.0,0.0,0.0,0.0,0.0,0.0,0.0	-1.649243236,37.69935483870968,-122.38009254993293,0.0,0.0,0.0,0.0,0.0,0.0,0.0
-22.524875641,37.69720430107527,-122.54990498712932,0.0,0.0,0.0,0.0,0.0,0.0,0.0	-21.974168777,37.69720430107527,-122.54676035797638,0.0,0.0,0.0,0.0,0.0,0.0,0.0	-21.551025391,37.69720430107527,-122.54361572882345,0.0,0.0,0.0,0.0,0.0,0.0,0.0	-21.047798157,37.69720430107527,-122.54047109967051,0.0,0.0,0.0,0.0,0.0,0.0,0.0	-20.39059639,37.69720430107527,-122.53732647051757,0.0,0.0,0.0,0.0,0.0,0.0,0.0	-19.890897751,37.69720430107527,-122.53418184136463,0.0,0.0,0.0,0.0,0.0,0.0,0.0	-19.261730194,37.69720430107527,-122.5310372122117,0.0,0.0,0.0,0.0,0.0,0.0,0.0	-18.625425339,37.69720430107527,-122.52789258305876,0.0,0.0,0.0,0.0,0.0,0.0,0.0	-17.938453674,37.69720430107527,-122.52474795390582,0.0,0.0,0.0,0.0,0.0,0.0,0.0	-17.601940155,37.69720430107527,-122.52160332475287,0.0,0.0,0.0,0.0,0.0,0.0,0.0	-17.008476257,37.69720430107527,-122.51845869559995,0.0,0.0,0.0,0.0,0.0,0.0,0.0	-15.923836708,37.69720430107527,-122.515314066447,0.0,0.0,0.0,0.0,0.0,0.0,0.0	-14.134506226,37.69720430107527,-122.51216943729406,0.0,0.0,0.0,0.0,0.0,0.0,0.0	-12.206525803,37.69720430107527,-122.50902480814112,0.0,0.0,0.0,0.0,0.0,0.0,0.0	-10.718941689,37.69720430107527,-122.50588017898819,0.0,0.0,0.0,0.0,0.0,0.0,0.0	-5.587294579,37.69720430107527,-122.50273554983525,0.0,0.0,0.0,0.0,0.0,0.0,0.0	1.0,37.69720430107527,-122.49959092068231,0.0,0.0,0.0,0.0,0.0,0.0,0.0	58.611213684,37.69720430107527,-122.49644629152938,0.0,0.0,0.0,0.0,0.0,0.0,0.0	70.999992371,37.69720430107527,-122.49330166237644,0.0,0.0,0.0,0.0,0.0,0.0,0.0	60.002883911,37.69720430107527,-122.4901570332235,0.0,0.0,0.0,0.0,0.0,0.0,0.0	45.601650238,37.69720430107527,-122.48701240407055,0.0,0.0,0.0,0.0,0.0,0.0,0.0	34.846000671,37.69720430107527,-122.48386777491763,0.0,0.0,0.0,0.0,0.0,0.0,0.0	34.015602112,37.69720430107527,-122.48072314576469,0.0,0.0,0.0,0.0,0.0,0.0,0.0	48.399887085,37.69720430107527,-122.47757851661174,0.0,0.0,0.0,0.0,0.0,0.0,0.0	51.493133545,37.69720430107527,-122.4744338874588,0.0,0.0,0.0,0.0,0.0,0.0,0.0	58.475891113,37.69720430107527,-122.47128925830587,0.0,0.0,0.0,0.0,0.0,0.0,0.0	75.377464294,37.69720430107527,-122.46814462915293,0.0,0.0,0.0,0.0,0.0,0.0,0.0	88.33316803,37.69720430107527,-122.46499999999999,0.0,0.0,0.0,0.0,0.0,0.0,0.0	109.008247375,37.69720430107527,-122.46185537084706,0.0,0.0,0.0,0.0,0.0,0.0,0.0	133.039093018,37.69720430107527,-122.45871074169412,0.0,0.0,0.0,0.0,0.0,0.0,0.0	132.820678711,37.69720430107527,-122.45556611254118,0.0,0.0,0.0,0.0,0.0,0.0,0.0	113.423408508,37.69720430107527,-122.45242148338824,0.0,0.0,0.0,0.0,0.0,0.0,0.0	158.916976929,37.69720430107527,-122.44927685423531,0.0,0.0,0.0,0.0,0.0,0.0,0.0	226.188156128,37.69720430107527,-122.44613222508237,0.0,0.0,0.0,0.0,0.0,0.0,0.0	209.343048096,37.69720430107527,-122.44298759592942,0.0,0.0,0.0,0.0,0.0,0.0,0.0	180.949295044,37.69720430107527,-122.43984296677648,0.0,0.0,0.0,0.0,0.0,0.0,0.0	193.785140991,37.69720430107527,-122.43669833762355,0.0,0.0,0.0,0.0,0.0,0.0,0.0	207.980453491,37.69720430107527,-122.43355370847061,0.0,0.0,0.0,0.0,0.0,0.0,0.0	173.287063599,37.69720430107527,-122.43040907931767,0.0,0.0,0.0,0.0,0.0,0.0,0.0	181.830886841,37.69720430107527,-122.42726445016473,0.0,0.0,0.0,0.0,0.0,0.0,0.0	169.244750977,37.69720430107527,-122.4241198210118,0.0,0.0,0.0,0.0,0.0,0.0,0.0	102.455871582,37.69720430107527,-122.42097519185886,0.0,0.0,0.0,0.0,0.0,0.0,0.0	115.100669861,37.69720430107527,-122.41783056270592,0.0,0.0,0.0,0.0,0.0,0.0,0.0	104.496795654,37.69720430107527,-122.41468593355299,0.0,0.0,0.0,0.0,0.0,0.0,0.0	106.604598999,37.69720430107527,-122.41154130440005,0.0,0.0,0.0,0.0,0.0,0.0,0.0	36.045898438,37.69720430107527,-122.4083966752471,0.0,0.0,0.0,0.0,0.0,0.0,0.0	3.476744413,37.69720430107527,-122.40525204609416,0.0,0.0,0.0,0.0,0.0,0.0,0.0	3.461156607,37.69720430107527,-122.40210741694123,0.0,0.0,0.0,0.0,0.0,0.0,0.0	19.882005692,37.69720430107527,-122.39896278778829,0.0,0.0,0.0,0.0,0.0,0.0,0.0	8.267571449,37.69720430107527,-122.39581815863535,0.0,0.0,0.0,0.0,0.0,0.0,0.0	4.183314323,37.69720430107527,-122.39267352948241,0.0,0.0,0.0,0.0,0.0,0.0,0.0	-1.402821422,37.69720430107527,-122.38952890032948,0.0,0.0,0.0,0.0,0.0,0.0,0.0	-1.587314129,37.69720430107527,-122.38638427117654,0.0,0.0,0.0,0.0,0.0,0.0,0.0	-1.550009608,37.69720430107527,-122.3832396420236,0.0,0.0,0.0,0.0,0.0,0.0,0.0	-1.549999833,37.69720430107527,-122.38009501287065,0.0,0.0,0.0,0.0,0.0,0.0,0.0
-23.303913116,37.69505376344086,-122.54990252445408,0.0,0.0,0.0,0.0,0.0,0.0,0.0	-22.699209213,37.69505376344086,-122.54675798651134,0.0,0.0,0.0,0.0,0.0,0.0,0.0	-21.974279404,37.69505376344086,-122.54361344856859,0.0,0.0,0.0,0.0,0.0,0.0,0.0	-21.369392395,37.69505376344086,-122.54046891062585,0.0,0.0,0.0,0.0,0.0,0.0,0.0	-20.663421631,37.69505376344086,-122.5373243726831,0.0,0.0,0.0,0.0,0.0,0.0,0.0	-20.062339783,37.69505376344086,-122.53417983474036,0.0,0.0,0.0,0.0,0.0,0.0,0.0	-19.419794083,37.69505376344086,-122.53103529679763,0.0,0.0,0.0,0.0,0.0,0.0,0.0	-18.786546707,37.69505376344086,-122.52789075885488,0.0,0.0,0.0,0.0,0.0,0.0,0.0	-18.227214813,37.69505376344086,-122.52474622091214,0.0,0.0,0.0,0.0,0.0,0.0,0.0	-17.552118301,37.69505376344086,-122.52160168296939,0.0,0.0,0.0,0.0,0.0,0.0,0.0	-17.009607315,37.69505376344086,-122.51845714502664,0.0,0.0,0.0,0.0,0.0,0.0,0.0	-16.07673645,37.69505376344086,-122.5153126070839,0.0,0.0,0.0,0.0,0.0,0.0,0.0	-14.396889687,37.69505376344086,-122.51216806914115,0.0,0.0,0.0,0.0,0.0,0.0,0.0	-12.513098717,37.69505376344086,-122.50902353119841,0.0,0.0,0.0,0.0,0.0,0.0,0.0	-11.048707962,37.69505376344086,-122.50587899325566,0.0,0.0,0.0,0.0,0.0,0.0,0.0	-6.751701355,37.69505376344086,-122.50273445531292,0.0,0.0,0.0,0.0,0.0,0.0,0.0	1.0,37.69505376344086,-122.49958991737017,0.0,0.0,0.0,0.0,0.0,0.0,0.0	66.783615112,37.69505376344086,-122.49644537942743,0.0,0.0,0.0,0.0,0.0,0.0,0.0	72.636619568,37.69505376344086,-122.4933008414847,0.0,0.0,0.0,0.0,0.0,0.0,0.0	59.119598389,37.69505376344086,-122.49015630354195,0.0,0.0,0.0,0.0,0.0,0.0,0.0	43.045181274,37.69505376344086,-122.4870117655992,0.0,0.0,0.0,0.0,0.0,0.0,0.0	38.602859497,37.69505376344086,-122.48386722765646,0.0,0.0,0.0,0.0,0.0,0.0,0.0	33.914527893,37.69505376344086,-122.48072268971372,0.0,0.0,0.0,0.0,0.0,0.0,0.0	46.797855377,37.69505376344086,-122.47757815177097,0.0,0.0,0.0,0.0,0.0,0.0,0.0	51.054283142,37.69505376344086,-122.47443361382823,0.0,0.0,0.0,0.0,0.0,0.0,0.0	59.586360931,37.69505376344086,-122.47128907588548,0.0,0.0,0.0,0.0,0.0,0.0,0.0	70.357772827,37.69505376344086,-122.46814453794273,0.0,0.0,0.0,0.0,0.0,0.0,0.0	81.900695801,37.69505376344086,-122.46499999999999,0.0,0.0,0.0,0.0,0.0,0.0,0.0	95.065101624,37.69505376344086,-122.46185546205724,0.0,0.0,0.0,0.0,0.0,0.0,0.0	92.909065247,37.69505376344086,-122.4587109241145,0.0,0.0,0.0,0.0,0.0,0.0,0.0	80.230499268,37.69505376344086,-122.45556638617177,0.0,0.0,0.0,0.0,0.0,0.0,0.0	115.452125549,37.69505376344086,-122.45242184822902,0.0,0.0,0.0,0.0,0.0,0.0,0.0	222.218276978,37.69505376344086,-122.44927731028628,0.0,0.0,0.0,0.0,0.0,0.0,0.0	206.962097168,37.69505376344086,-122.44613277234353,0.0,0.0,0.0,0.0,0.0,0.0,0.0	247.573501587,37.69505376344086,-122.44298823440079,0.0,0.0,0.0,0.0,0.0,0.0,0.0	249.135910034,37.69505376344086,-122.43984369645804,0.0,0.0,0.0,0.0,0.0,0.0,0.0	222.962631226,37.69505376344086,-122.4366991585153,0.0,0.0,0.0,0.0,0.0,0.0,0.0	220.68951416,37.69505376344086,-122.43355462057255,0.0,0.0,0.0,0.0,0.0,0.0,0.0	213.887481689,37.69505376344086,-122.4304100826298,0.0,0.0,0.0,0.0,0.0,0.0,0.0	116.428688049,37.69505376344086,-122.42726554468706,0.0,0.0,0.0,0.0,0.0,0.0,0.0	136.198608398,37.69505376344086,-122.42412100674431,0.0,0.0,0.0,0.0,0.0,0.0,0.0	78.330947876,37.69505376344086,-122.42097646880157,0.0,0.0,0.0,0.0,0.0,0.0,0.0	100.541069031,37.69505376344086,-122.41783193085884,0.0,0.0,0.0,0.0,0.0,0.0,0.0	109.051612854,37.69505376344086,-122.4146873929161,0.0,0.0,0.0,0.0,0.0,0.0,0.0	132.523696899,37.69505376344086,-122.41154285497335,0.0,0.0,0.0,0.0,0.0,0.0,0.0	52.06729126,37.69505376344086,-122.4083983170306,0.0,0.0,0.0,0.0,0.0,0.0,0.0	6.908836842,37.69505376344086,-122.40525377908786,0.0,0.0,0.0,0.0,0.0,0.0,0.0	4.008032322,37.69505376344086,-122.40210924114511,0.0,0.0,0.0,0.0,0.0,0.0,0.0	4.480582714,37.69505376344086,-122.39896470320237,0.0,0.0,0.0,0.0,0.0,0.0,0.0	13.93235302,37.69505376344086,-122.39582016525962,0.0,0.0,0.0,0.0,0.0,0.0,0.0	5.156062126,37.69505376344086,-122.39267562731688,0.0,0.0,0.0,0.0,0.0,0.0,0.0	1.9e-08,37.69505376344086,-122.38953108937413,0.0,0.0,0.0,0.0,0.0,0.0,0.0	-1.560165048,37.69505376344086,-122.38638655143139,0.0,0.0,0.0,0.0,0.0,0.0,0.0	-1.441682935,37.69505376344086,-122.38324201348864,0.0,0.0,0.0,0.0,0.0,0.0,0.0	-1.512650967,37.69505376344086,-122.38009747554591,0.0,0.0,0.0,0.0,0.0,0.0,0.0
-23.53036499,37.692903225806454,-122.5499000620413,0.0,0.0,0.0,0.0,0.0,0.0,0.0	-22.913061142,37.692903225806454,-122.54675561529903,0.0,0.0,0.0,0.0,0.0,0.0,0.0	-22.38196373,37.692903225806454,-122.54361116855677,0.0,0.0,0.0,0.0,0.0,0.0,0.0	-21.679704666,37.692903225806454,-122.5404667218145,0.0,0.0,0.0,0.0,0.0,0.0,0.0	-21.098676682,37.692903225806454,-122.53732227507221,0.0,0.0,0.0,0.0,0.0,0.0,0.0	-20.339633942,37.692903225806454,-122.53417782832994,0.0,0.0,0.0,0.0,0.0,0.0,0.0	-19.502067566,37.692903225806454,-122.53103338158768,0.0,0.0,0.0,0.0,0.0,0.0,0.0	-18.819498062,37.692903225806454,-122.52788893484541,0.0,0.0,0.0,0.0,0.0,0.0,0.0	-18.426456451,37.692903225806454,-122.52474448810314,0.0,0.0,0.0,0.0,0.0,0.0,0.0	-17.870117188,37.692903225806454,-122.52160004136087,0.0,0.0,0.0,0.0,0.0,0.0,0.0	-17.05679512,37.692903225806454,-122.5184555946186,0.0,0.0,0.0,0.0,0.0,0.0,0.0	-16.054956436,37.692903225806454,-122.51531114787633,0.0,0.0,0.0,0.0,0.0,0.0,0.0	-14.523816109,37.692903225806454,-122.51216670113405,0.0,0.0,0.0,0.0,0.0,0.0,0.0	-12.808300018,37.692903225806454,-122.50902225439178,0.0,0.0,0.0,0.0,0.0,0.0,0.0	-11.34348011,37.692903225806454,-122.50587780764951,0.0,0.0,0.0,0.0,0.0,0.0,0.0	-7.360283852,37.692903225806454,-122.50273336090724,0.0,0.0,0.0,0.0,0.0,0.0,0.0	1.0,37.692903225806454,-122.49958891416497,0.0,0.0,0.0,0.0,0.0,0.0,0.0	99.318519592,37.692903225806454,-122.4964444674227,0.0,0.0,0.0,0.0,0.0,0.0,0.0	83.973297119,37.692903225806454,-122.49330002068044,0.0,0.0,0.0,0.0,0.0,0.0,0.0	81.585723877,37.692903225806454,-122.49015557393815,0.0,0.0,0.0,0.0,0.0,0.0,0.0	83.558067322,37.692903225806454,-122.48701112719588,0.0,0.0,0.0,0.0,0.0,0.0,0.0	60.785751343,37.692903225806454,-122.48386668045362,0.0,0.0,0.0,0.0,0.0,0.0,0.0	47.942234039,37.692903225806454,-122.48072223371135,0.0,0.0,0.0,0.0,0.0,0.0,0.0	35.845012665,37.692903225806454,-122.47757778696908,0.0,0.0,0.0,0.0,0.0,0.0,0.0	49.838100433,37.692903225806454,-122.47443334022681,0.0,0.0,0.0,0.0,0.0,0.0,0.0	56.659629822,37.692903225806454,-122.47128889348454,0.0,0.0,0.0,0.0,0.0,0.0,0.0	61.983573914,37.692903225806454,-122.46814444674226,0.0,0.0,0.0,0.0,0.0,0.0,0.0	71.968040466,37.692903225806454,-122.46499999999999,0.0,0.0,0.0,0.0,0.0,0.0,0.0	80.547737122,37.692903225806454,-122.46185555325772,0.0,0.0,0.0,0.0,0.0,0.0,0.0	74.124191284,37.692903225806454,-122.45871110651545,0.0,0.0,0.0,0.0,0.0,0.0,0.0	72.780197144,37.692903225806454,-122.45556665977318,0.0,0.0,0.0,0.0,0.0,0.0,0.0	161.724273682,37.692903225806454,-122.45242221303091,0.0,0.0,0.0,0.0,0.0,0.0,0.0	260.235656738,37.692903225806454,-122.44927776628865,0.0,0.0,0.0,0.0,0.0,0.0,0.0	257.558288574,37.692903225806454,-122.44613331954638,0.0,0.0,0.0,0.0,0.0,0.0,0.0	239.821777344,37.692903225806454,-122.4429888728041,0.0,0.0,0.0,0.0,0.0,0.0,0.0	298.60546875,37.692903225806454,-122.43984442606182,0.0,0.0,0.0,0.0,0.0,0.0,0.0	279.050231934,37.692903225806454,-122.43669997931956,0.0,0.0,0.0,0.0,0.0,0.0,0.0	268.164367676,37.692903225806454,-122.43355553257729,0.0,0.0,0.0,0.0,0.0,0.0,0.0	217.313644409,37.692903225806454,-122.43041108583502,0.0,0.0,0.0,0.0,0.0,0.0,0.0	87.248313904,37.692903225806454,-122.42726663909275,0.0,0.0,0.0,0.0,0.0,0.0,0.0	63.550003052,37.692903225806454,-122.42412219235048,0.0,0.0,0.0,0.0,0.0,0.0,0.0	44.001823425,37.692903225806454,-122.4209777456082,0.0,0.0,0.0,0.0,0.0,0.0,0.0	58.916759491,37.692903225806454,-122.41783329886593,0.0,0.0,0.0,0.0,0.0,0.0,0.0	45.357456207,37.692903225806454,-122.41468885212366,0.0,0.0,0.0,0.0,0.0,0.0,0.0	91.189201355,37.692903225806454,-122.41154440538139,0.0,0.0,0.0,0.0,0.0,0.0,0.0	71.161216736,37.692903225806454,-122.40839995863912,0.0,0.0,0.0,0.0,0.0,0.0,0.0	28.84986496,37.692903225806454,-122.40525551189685,0.0,0.0,0.0,0.0,0.0,0.0,0.0	4.750073433,37.692903225806454,-122.40211106515459,0.0,0.0,0.0,0.0,0.0,0.0,0.0	5.0353055,37.692903225806454,-122.39896661841232,0.0,0.0,0.0,0.0,0.0,0.0,0.0	16.006235123,37.692903225806454,-122.39582217167003,0.0,0.0,0.0,0.0,0.0,0.0,0.0	7.450909138,37.692903225806454,-122.39267772492776,0.0,0.0,0.0,0.0,0.0,0.0,0.0	0.0,37.692903225806454,-122.3895332781855,0.0,0.0,0.0,0.0,0.0,0.0,0.0	-1.372629762,37.692903225806454,-122.38638883144323,0.0,0.0,0.0,0.0,0.0,0.0,0.0	-1.461974978,37.692903225806454,-122.38324438470096,0.0,0.0,0.0,0.0,0.0,0.0,0.0	-1.382131457,37.692903225806454,-122.38009993795869,0.0,0.0,0.0,0.0,0.0,0.0,0.0
-23.63189888,37.69075268817204,-122.54989759989095,0.0,0.0,0.0,0.0,0.0,0.0,0.0	-23.121051788,37.69075268817204,-122.54675324433944,0.0,0.0,0.0,0.0,0.0,0.0,0.0	-22.561988831,37.69075268817204,-122.54360888878792,0.0,0.0,0.0,0.0,0.0,0.0,0.0	-21.781984329,37.69075268817204,-122.5404645332364,0.0,0.0,0.0,0.0,0.0,0.0,0.0	-21.163608551,37.69075268817204,-122.53732017768489,0.0,0.0,0.0,0.0,0.0,0.0,0.0	-20.376937866,37.69075268817204,-122.53417582213336,0.0,0.0,0.0,0.0,0.0,0.0,0.0	-19.490903854,37.69075268817204,-122.53103146658185,0.0,0.0,0.0,0.0,0.0,0.0,0.0	-18.697032928,37.69075268817204,-122.52788711103034,0.0,0.0,0.0,0.0,0.0,0.0,0.0	-18.61170578,37.69075268817204,-122.52474275547883,0.0,0.0,0.0,0.0,0.0,0.0,0.0	-18.052083969,37.69075268817204,-122.5215983999273,0.0,0.0,0.0,0.0,0.0,0.0,0.0	-17.201084137,37.69075268817204,-122.51845404437579,0.0,0.0,0.0,0.0,0.0,0.0,0.0	-16.194656372,37.69075268817204,-122.51530968882427,0.0,0.0,0.0,0.0,0.0,0.0,0.0	-14.769208908,37.69075268817204,-122.51216533327275,0.0,0.0,0.0,0.0,0.0,0.0,0.0	-13.206398964,37.69075268817204,-122.50902097772124,0.0,0.0,0.0,0.0,0.0,0.0,0.0	-11.452338219,37.69075268817204,-122.50587662216972,0.0,0.0,0.0,0.0,0.0,0.0,0.0	-8.872138023,37.69075268817204,-122.5027322666182,0.0,0.0,0.0,0.0,0.0,0.0,0.0	-1.2e-08,37.69075268817204,-122.49958791106668,0.0,0.0,0.0,0.0,0.0,0.0,0.0	95.431388855,37.69075268817204,-122.49644355551517,0.0,0.0,0.0,0.0,0.0,0.0,0.0	103.864730835,37.69075268817204,-122.49329919996364,0.0,0.0,0.0,0.0,0.0,0.0,0.0	103.930252075,37.69075268817204,-122.49015484441213,0.0,0.0,0.0,0.0,0.0,0.0,0.0	113.003517151,37.69075268817204,-122.48701048886062,0.0,0.0,0.0,0.0,0.0,0.0,0.0	88.971817017,37.69075268817204,-122.48386613330909,0.0,0.0,0.0,0.0,0.0,0.0,0.0	49.443443298,37.69075268817204,-122.48072177775758,0.0,0.0,0.0,0.0,0.0,0.0,0.0	49.961715698,37.69075268817204,-122.47757742220607,0.0,0.0,0.0,0.0,0.0,0.0,0.0	46.53125,37.69075268817204,-122.47443306665456,0.0,0.0,0.0,0.0,0.0,0.0,0.0	49.606616974,37.69075268817204,-122.47128871110303,0.0,0.0,0.0,0.0,0.0,0.0,0.0	59.975269318,37.69075268817204,-122.46814435555152,0.0,0.0,0.0,0.0,0.0,0.0,0.0	66.245071411,37.69075268817204,-122.465,0.0,0.0,0.0,0.0,0.0,0.0,0.0	58.612140656,37.69075268817204,-122.46185564444848,0.0,0.0,0.0,0.0,0.0,0.0,0.0	56.630004883,37.69075268817204,-122.45871128889696,0.0,0.0,0.0,0.0,0.0,0.0,0.0	73.917434692,37.69075268817204,-122.45556693334545,0.0,0.0,0.0,0.0,0.0,0.0,0.0	111.322868347,37.69075268817204,-122.45242257779393,0.0,0.0,0.0,0.0,0.0,0.0,0.0	198.805709839,37.69075268817204,-122.44927822224241,0.0,0.0,0.0,0.0,0.0,0.0,0.0	261.202056885,37.69075268817204,-122.4461338666909,0.0,0.0,0.0,0.0,0.0,0.0,0.0	305.212249756,37.69075268817204,-122.44298951113937,0.0,0.0,0.0,0.0,0.0,0.0,0.0	306.183258057,37.69075268817204,-122.43984515558786,0.0,0.0,0.0,0.0,0.0,0.0,0.0	315.566070557,37.69075268817204,-122.43670080003635,0.0,0.0,0.0,0.0,0.0,0.0,0.0	319.169311523,37.69075268817204,-122.43355644448482,0.0,0.0,0.0,0.0,0.0,0.0,0.0	214.431381226,37.69075268817204,-122.43041208893331,0.0,0.0,0.0,0.0,0.0,0.0,0.0	151.498855591,37.69075268817204,-122.4272677333818,0.0,0.0,0.0,0.0,0.0,0.0,0.0	89.038108826,37.69075268817204,-122.42412337783028,0.0,0.0,0.0,0.0,0.0,0.0,0.0	42.556800842,37.69075268817204,-122.42097902227876,0.0,0.0,0.0,0.0,0.0,0.0,0.0	33.926193237,37.69075268817204,-122.41783466672725,0.0,0.0,0.0,0.0,0.0,0.0,0.0	26.751886368,37.69075268817204,-122.41469031117573,0.0,0.0,0.0,0.0,0.0,0.0,0.0	30.971721649,37.69075268817204,-122.4115459556242,0.0,0.0,0.0,0.0,0.0,0.0,0.0	52.060535431,37.69075268817204,-122.4084016000727,0.0,0.0,0.0,0.0,0.0,0.0,0.0	30.00296402,37.69075268817204,-122.40525724452118,0.0,0.0,0.0,0.0,0.0,0.0,0.0	14.201730728,37.69075268817204,-122.40211288896965,0.0,0.0,0.0,0.0,0.0,0.0,0.0	5.418665886,37.69075268817204,-122.39896853341814,0.0,0.0,0.0,0.0,0.0,0.0,0.0	22.875785828,37.69075268817204,-122.39582417786663,0.0,0.0,0.0,0.0,0.0,0.0,0.0	5.737010479,37.69075268817204,-122.3926798223151,0.0,0.0,0.0,0.0,0.0,0.0,0.0	-0.479999989,37.69075268817204,-122.38953546676359,0.0,0.0,0.0,0.0,0.0,0.0,0.0	-1.469319224,37.69075268817204,-122.38639111121208,0.0,0.0,0.0,0.0,0.0,0.0,0.0	-1.455743432,37.69075268817204,-122.38324675566055,0.0,0.0,0.0,0.0,0.0,0.0,0.0	-1.378799915,37.69075268817204,-122.38010240010904,0.0,0.0,0.0,0.0,0.0,0.0,0.0
-23.682310104,37.68860215053763,-122.549895138003,0.0,0.0,0.0,0.0,0.0,0.0,0.0	-23.122436523,37.68860215053763,-122.54675087363252,0.0,0.0,0.0,0.0,0.0,0.0,0.0	-22.524997711,37.68860215053763,-122.54360660926203,0.0,0.0,0.0,0.0,0.0,0.0,0.0	-21.972261429,37.68860215053763,-122.54046234489155,0.0,0.0,0.0,0.0,0.0,0.0,0.0	-21.131919861,37.68860215053763,-122.53731808052108,0.0,0.0,0.0,0.0,0.0,0.0,0.0	-20.494098663,37.68860215053763,-122.53417381615058,0.0,0.0,0.0,0.0,0.0,0.0,0.0	-19.565315247,37.68860215053763,-122.53102955178011,0.0,0.0,0.0,0.0,0.0,0.0,0.0	-18.803625107,37.68860215053763,-122.52788528740962,0.0,0.0,0.0,0.0,0.0,0.0,0.0	-18.626588821,37.68860215053763,-122.52474102303914,0.0,0.0,0.0,0.0,0.0,0.0,0.0	-18.100931168,37.68860215053763,-122.52159675866866,0.0,0.0,0.0,0.0,0.0,0.0,0.0	-17.182231903,37.68860215053763,-122.51845249429817,0.0,0.0,0.0,0.0,0.0,0.0,0.0	-16.317939758,37.68860215053763,-122.5153082299277,0.0,0.0,0.0,0.0,0.0,0.0,0.0	-15.122821808,37.68860215053763,-122.51216396555722,0.0,0.0,0.0,0.0,0.0,0.0,0.0	-13.506724358,37.68860215053763,-122.50901970118673,0.0,0.0,0.0,0.0,0.0,0.0,0.0	-11.650927544,37.68860215053763,-122.50587543681625,0.0,0.0,0.0,0.0,0.0,0.0,0.0	-9.174127579,37.68860215053763,-122.50273117244576,0.0,0.0,0.0,0.0,0.0,0.0,0.0	-3.450116158,37.68860215053763,-122.49958690807529,0.0,0.0,0.0,0.0,0.0,0.0,0.0	50.993782043,37.68860215053763,-122.49644264370481,0.0,0.0,0.0,0.0,0.0,0.0,0.0	131.408050537,37.68860215053763,-122.49329837933432,0.0,0.0,0.0,0.0,0.0,0.0,0.0	126.754638672,37.68860215053763,-122.49015411496384,0.0,0.0,0.0,0.0,0.0,0.0,0.0	123.719230652,37.68860215053763,-122.48700985059337,0.0,0.0,0.0,0.0,0.0,0.0,0.0	90.245864868,37.68860215053763,-122.48386558622288,0.0,0.0,0.0,0.0,0.0,0.0,0.0	57.786746979,37.68860215053763,-122.4807213218524,0.0,0.0,0.0,0.0,0.0,0.0,0.0	55.580978394,37.68860215053763,-122.47757705748192,0.0,0.0,0.0,0.0,0.0,0.0,0.0	56.077060699,37.68860215053763,-122.47443279311143,0.0,0.0,0.0,0.0,0.0,0.0,0.0	54.246723175,37.68860215053763,-122.47128852874096,0.0,0.0,0.0,0.0,0.0,0.0,0.0	58.887176514,37.68860215053763,-122.46814426437047,0.0,0.0,0.0,0.0,0.0,0.0,0.0	58.037597656,37.68860215053763,-122.46499999999999,0.0,0.0,0.0,0.0,0.0,0.0,0.0	52.907714844,37.68860215053763,-122.46185573562951,0.0,0.0,0.0,0.0,0.0,0.0,0.0	68.37399292,37.68860215053763,-122.45871147125902,0.0,0.0,0.0,0.0,0.0,0.0,0.0	80.29094696,37.68860215053763,-122.45556720688855,0.0,0.0,0.0,0.0,0.0,0.0,0.0	103.929046631,37.68860215053763,-122.45242294251807,0.0,0.0,0.0,0.0,0.0,0.0,0.0	125.448028564,37.68860215053763,-122.44927867814758,0.0,0.0,0.0,0.0,0.0,0.0,0.0	165.914398193,37.68860215053763,-122.4461344137771,0.0,0.0,0.0,0.0,0.0,0.0,0.0	217.095443726,37.68860215053763,-122.44299014940661,0.0,0.0,0.0,0.0,0.0,0.0,0.0	330.262359619,37.68860215053763,-122.43984588503614,0.0,0.0,0.0,0.0,0.0,0.0,0.0	369.852539062,37.68860215053763,-122.43670162066566,0.0,0.0,0.0,0.0,0.0,0.0,0.0	309.168426514,37.68860215053763,-122.43355735629517,0.0,0.0,0.0,0.0,0.0,0.0,0.0	272.170837402,37.68860215053763,-122.43041309192469,0.0,0.0,0.0,0.0,0.0,0.0,0.0	175.693511963,37.68860215053763,-122.42726882755422,0.0,0.0,0.0,0.0,0.0,0.0,0.0	102.439369202,37.68860215053763,-122.42412456318372,0.0,0.0,0.0,0.0,0.0,0.0,0.0	91.923362732,37.68860215053763,-122.42098029881325,0.0,0.0,0.0,0.0,0.0,0.0,0.0	41.060436249,37.68860215053763,-122.41783603444277,0.0,0.0,0.0,0.0,0.0,0.0,0.0	23.259601593,37.68860215053763,-122.41469177007228,0.0,0.0,0.0,0.0,0.0,0.0,0.0	18.201440811,37.68860215053763,-122.4115475057018,0.0,0.0,0.0,0.0,0.0,0.0,0.0	10.496814728,37.68860215053763,-122.40840324133131,0.0,0.0,0.0,0.0,0.0,0.0,0.0	4.955582619,37.68860215053763,-122.40525897696084,0.0,0.0,0.0,0.0,0.0,0.0,0.0	12.374159813,37.68860215053763,-122.40211471259036,0.0,0.0,0.0,0.0,0.0,0.0,0.0	3.940537214,37.68860215053763,-122.39897044821987,0.0,0.0,0.0,0.0,0.0,0.0,0.0	5.373328209,37.68860215053763,-122.3958261838494,0.0,0.0,0.0,0.0,0.0,0.0,0.0	2.910693645,37.68860215053763,-122.39268191947892,0.0,0.0,0.0,0.0,0.0,0.0,0.0	-0.479999989,37.68860215053763,-122.38953765510843,0.0,0.0,0.0,0.0,0.0,0.0,0.0	-1.486436844,37.68860215053763,-122.38639339073795,0.0,0.0,0.0,0.0,0.0,0.0,0.0	-1.562066555,37.68860215053763,-122.38324912636746,0.0,0.0,0.0,0.0,0.0,0.0,0.0	-1.412526727,37.68860215053763,-122.38010486199698,0.0,0.0,0.0,0.0,0.0,0.0,0.0
-23.694316864,37.68645161290323,-122.54989267637743,0.0,0.0,0.0,0.0,0.0,0.0,0.0	-23.06902504,37.68645161290323,-122.54674850317826,0.0,0.0,0.0,0.0,0.0,0.0,0.0	-22.592350006,37.68645161290323,-122.5436043299791,0.0,0.0,0.0,0.0,0.0,0.0,0.0	-22.026618958,37.68645161290323,-122.54046015677993,0.0,0.0,0.0,0.0,0.0,0.0,0.0	-21.340637207,37.68645161290323,-122.53731598358077,0.0,0.0,0.0,0.0,0.0,0.0,0.0	-20.672113419,37.68645161290323,-122.53417181038161,0.0,0.0,0.0,0.0,0.0,0.0,0.0	-19.748985291,37.68645161290323,-122.53102763718245,0.0,0.0,0.0,0.0,0.0,0.0,0.0	-18.995044708,37.68645161290323,-122.52788346398327,0.0,0.0,0.0,0.0,0.0,0.0,0.0	-18.708370209,37.68645161290323,-122.52473929078411,0.0,0.0,0.0,0.0,0.0,0.0,0.0	-18.11942482,37.68645161290323,-122.52159511758495,0.0,0.0,0.0,0.0,0.0,0.0,0.0	-17.227836609,37.68645161290323,-122.51845094438579,0.0,0.0,0.0,0.0,0.0,0.0,0.0	-16.347528458,37.68645161290323,-122.51530677118662,0.0,0.0,0.0,0.0,0.0,0.0,0.0	-15.36473465,37.68645161290323,-122.51216259798746,0.0,0.0,0.0,0.0,0.0,0.0,0.0	-13.727794647,37.68645161290323,-122.5090184247883,0.0,0.0,0.0,0.0,0.0,0.0,0.0	-11.778909683,37.68645161290323,-122.50587425158913,0.0,0.0,0.0,0.0,0.0,0.0,0.0	-9.723978043,37.68645161290323,-122.50273007838997,0.0,0.0,0.0,0.0,0.0,0.0,0.0	-4.70290041,37.68645161290323,-122.4995859051908,0.0,0.0,0.0,0.0,0.0,0.0,0.0	32.29441452,37.68645161290323,-122.49644173199164,0.0,0.0,0.0,0.0,0.0,0.0,0.0	154.032699585,37.68645161290323,-122.49329755879248,0.0,0.0,0.0,0.0,0.0,0.0,0.0	141.920730591,37.68645161290323,-122.49015338559332,0.0,0.0,0.0,0.0,0.0,0.0,0.0	134.717102051,37.68645161290323,-122.48700921239414,0.0,0.0,0.0,0.0,0.0,0.0,0.0	123.528068542,37.68645161290323,-122.48386503919498,0.0,0.0,0.0,0.0,0.0,0.0,0.0	112.352958679,37.68645161290323,-122.48072086599582,0.0,0.0,0.0,0.0,0.0,0.0,0.0	77.486495972,37.68645161290323,-122.47757669279666,0.0,0.0,0.0,0.0,0.0,0.0,0.0	65.208702087,37.68645161290323,-122.4744325195975,0.0,0.0,0.0,0.0,0.0,0.0,0.0	50.890777588,37.68645161290323,-122.47128834639832,0.0,0.0,0.0,0.0,0.0,0.0,0.0	54.033744812,37.68645161290323,-122.46814417319916,0.0,0.0,0.0,0.0,0.0,0.0,0.0	46.107051849,37.68645161290323,-122.465,0.0,0.0,0.0,0.0,0.0,0.0,0.0	60.376468658,37.68645161290323,-122.46185582680084,0.0,0.0,0.0,0.0,0.0,0.0,0.0	70.391288757,37.68645161290323,-122.45871165360167,0.0,0.0,0.0,0.0,0.0,0.0,0.0	81.152290344,37.68645161290323,-122.45556748040251,0.0,0.0,0.0,0.0,0.0,0.0,0.0	91.991867065,37.68645161290323,-122.45242330720335,0.0,0.0,0.0,0.0,0.0,0.0,0.0	109.874237061,37.68645161290323,-122.44927913400419,0.0,0.0,0.0,0.0,0.0,0.0,0.0	129.849700928,37.68645161290323,-122.44613496080501,0.0,0.0,0.0,0.0,0.0,0.0,0.0	204.226821899,37.68645161290323,-122.44299078760585,0.0,0.0,0.0,0.0,0.0,0.0,0.0	285.648101807,37.68645161290323,-122.43984661440669,0.0,0.0,0.0,0.0,0.0,0.0,0.0	343.723022461,37.68645161290323,-122.43670244120753,0.0,0.0,0.0,0.0,0.0,0.0,0.0	321.577819824,37.68645161290323,-122.43355826800837,0.0,0.0,0.0,0.0,0.0,0.0,0.0	286.922546387,37.68645161290323,-122.4304140948092,0.0,0.0,0.0,0.0,0.0,0.0,0.0	237.586502075,37.68645161290323,-122.42726992161003,0.0,0.0,0.0,0.0,0.0,0.0,0.0	185.708312988,37.68645161290323,-122.42412574841087,0.0,0.0,0.0,0.0,0.0,0.0,0.0	83.126220703,37.68645161290323,-122.42098157521171,0.0,0.0,0.0,0.0,0.0,0.0,0.0	67.582313538,37.68645161290323,-122.41783740201254,0.0,0.0,0.0,0.0,0.0,0.0,0.0	33.385116577,37.68645161290323,-122.41469322881338,0.0,0.0,0.0,0.0,0.0,0.0,0.0	17.968605042,37.68645161290323,-122.41154905561422,0.0,0.0,0.0,0.0,0.0,0.0,0.0	32.912418365,37.68645161290323,-122.40840488241506,0.0,0.0,0.0,0.0,0.0,0.0,0.0	5.655664444,37.68645161290323,-122.4052607092159,0.0,0.0,0.0,0.0,0.0,0.0,0.0	3.767230034,37.68645161290323,-122.40211653601672,0.0,0.0,0.0,0.0,0.0,0.0,0.0	4.664058685,37.68645161290323,-122.39897236281756,0.0,0.0,0.0,0.0,0.0,0.0,0.0	0.99000001,37.68645161290323,-122.3958281896184,0.0,0.0,0.0,0.0,0.0,0.0,0.0	0.99000001,37.68645161290323,-122.39268401641924,0.0,0.0,0.0,0.0,0.0,0.0,0.0	1.376739979,37.68645161290323,-122.38953984322006,0.0,0.0,0.0,0.0,0.0,0.0,0.0	-1.428977489,37.68645161290323,-122.3863956700209,0.0,0.0,0.0,0.0,0.0,0.0,0.0	-1.476858735,37.68645161290323,-122.38325149682174,0.0,0.0,0.0,0.0,0.0,0.0,0.0	-1.458748698,37.68645161290323,-122.38010732362258,0.0,0.0,0.0,0.0,0.0,0.0,0.0
-23.787096024,37.68430107526882,-122.54989021501417,0.0,0.0,0.0,0.0,0.0,0.0,0.0	-23.201803207,37.68430107526882,-122.54674613297661,0.0,0.0,0.0,0.0,0.0,0.0,0.0	-22.595956802,37.68430107526882,-122.54360205093904,0.0,0.0,0.0,0.0,0.0,0.0,0.0	-22.141393661,37.68430107526882,-122.54045796890149,0.0,0.0,0.0,0.0,0.0,0.0,0.0	-21.463607788,37.68430107526882,-122.53731388686393,0.0,0.0,0.0,0.0,0.0,0.0,0.0	-20.693639755,37.68430107526882,-122.53416980482636,0.0,0.0,0.0,0.0,0.0,0.0,0.0	-19.959543228,37.68430107526882,-122.5310257227888,0.0,0.0,0.0,0.0,0.0,0.0,0.0	-19.229753494,37.68430107526882,-122.52788164075123,0.0,0.0,0.0,0.0,0.0,0.0,0.0	-18.838264465,37.68430107526882,-122.52473755871368,0.0,0.0,0.0,0.0,0.0,0.0,0.0	-18.167510986,37.68430107526882,-122.52159347667612,0.0,0.0,0.0,0.0,0.0,0.0,0.0	-17.240098953,37.68430107526882,-122.51844939463855,0.0,0.0,0.0,0.0,0.0,0.0,0.0	-16.259912491,37.68430107526882,-122.51530531260099,0.0,0.0,0.0,0.0,0.0,0.0,0.0	-15.286968231,37.68430107526882,-122.51216123056342,0.0,0.0,0.0,0.0,0.0,0.0,0.0	-13.521568298,37.68430107526882,-122.50901714852586,0.0,0.0,0.0,0.0,0.0,0.0,0.0	-11.940469742,37.68430107526882,-122.5058730664883,0.0,0.0,0.0,0.0,0.0,0.0,0.0	-10.254398346,37.68430107526882,-122.50272898445074,0.0,0.0,0.0,0.0,0.0,0.0,0.0	-4.578943729,37.68430107526882,-122.49958490241318,0.0,0.0,0.0,0.0,0.0,0.0,0.0	2.882585049,37.68430107526882,-122.49644082037561,0.0,0.0,0.0,0.0,0.0,0.0,0.0	148.941680908,37.68430107526882,-122.49329673833805,0.0,0.0,0.0,0.0,0.0,0.0,0.0	146.07170105,37.68430107526882,-122.4901526563005,0.0,0.0,0.0,0.0,0.0,0.0,0.0	145.0597229,37.68430107526882,-122.48700857426293,0.0,0.0,0.0,0.0,0.0,0.0,0.0	139.988983154,37.68430107526882,-122.48386449222536,0.0,0.0,0.0,0.0,0.0,0.0,0.0	124.151229858,37.68430107526882,-122.4807204101878,0.0,0.0,0.0,0.0,0.0,0.0,0.0	105.496292114,37.68430107526882,-122.47757632815023,0.0,0.0,0.0,0.0,0.0,0.0,0.0	85.003013611,37.68430107526882,-122.47443224611268,0.0,0.0,0.0,0.0,0.0,0.0,0.0	59.205821991,37.68430107526882,-122.47128816407512,0.0,0.0,0.0,0.0,0.0,0.0,0.0	56.053722382,37.68430107526882,-122.46814408203755,0.0,0.0,0.0,0.0,0.0,0.0,0.0	48.764205933,37.68430107526882,-122.46499999999999,0.0,0.0,0.0,0.0,0.0,0.0,0.0	59.941432953,37.68430107526882,-122.46185591796242,0.0,0.0,0.0,0.0,0.0,0.0,0.0	65.992073059,37.68430107526882,-122.45871183592486,0.0,0.0,0.0,0.0,0.0,0.0,0.0	75.981742859,37.68430107526882,-122.45556775388731,0.0,0.0,0.0,0.0,0.0,0.0,0.0	83.778678894,37.68430107526882,-122.45242367184974,0.0,0.0,0.0,0.0,0.0,0.0,0.0	103.983894348,37.68430107526882,-122.44927958981218,0.0,0.0,0.0,0.0,0.0,0.0,0.0	131.648635864,37.68430107526882,-122.44613550777461,0.0,0.0,0.0,0.0,0.0,0.0,0.0	158.267745972,37.68430107526882,-122.44299142573705,0.0,0.0,0.0,0.0,0.0,0.0,0.0	234.330993652,37.68430107526882,-122.4398473436995,0.0,0.0,0.0,0.0,0.0,0.0,0.0	309.112640381,37.68430107526882,-122.43670326166193,0.0,0.0,0.0,0.0,0.0,0.0,0.0	341.280517578,37.68430107526882,-122.43355917962437,0.0,0.0,0.0,0.0,0.0,0.0,0.0	356.281311035,37.68430107526882,-122.4304150975868,0.0,0.0,0.0,0.0,0.0,0.0,0.0	273.202392578,37.68430107526882,-122.42727101554924,0.0,0.0,0.0,0.0,0.0,0.0,0.0	138.639907837,37.68430107526882,-122.42412693351169,0.0,0.0,0.0,0.0,0.0,0.0,0.0	117.444786072,37.68430107526882,-122.42098285147412,0.0,0.0,0.0,0.0,0.0,0.0,0.0	114.533699036,37.68430107526882,-122.41783876943656,0.0,0.0,0.0,0.0,0.0,0.0,0.0	87.817588806,37.68430107526882,-122.41469468739899,0.0,0.0,0.0,0.0,0.0,0.0,0.0	51.270236969,37.68430107526882,-122.41155060536143,0.0,0.0,0.0,0.0,0.0,0.0,0.0	86.788665771,37.68430107526882,-122.40840652332386,0.0,0.0,0.0,0.0,0.0,0.0,0.0	33.786659241,37.68430107526882,-122.40526244128631,0.0,0.0,0.0,0.0,0.0,0.0,0.0	4.992840767,37.68430107526882,-122.40211835924875,0.0,0.0,0.0,0.0,0.0,0.0,0.0	33.606723785,37.68430107526882,-122.39897427721118,0.0,0.0,0.0,0.0,0.0,0.0,0.0	0.99000001,37.68430107526882,-122.39583019517362,0.0,0.0,0.0,0.0,0.0,0.0,0.0	0.99000001,37.68430107526882,-122.39268611313605,0.0,0.0,0.0,0.0,0.0,0.0,0.0	4.897569656,37.68430107526882,-122.3895420310985,0.0,0.0,0.0,0.0,0.0,0.0,0.0	0.0,37.68430107526882,-122.38639794906094,0.0,0.0,0.0,0.0,0.0,0.0,0.0	-1.502497911,37.68430107526882,-122.38325386702337,0.0,0.0,0.0,0.0,0.0,0.0,0.0	-1.529786468,37.68430107526882,-122.3801097849858,0.0,0.0,0.0,0.0,0.0,0.0,0.0
-23.729454041,37.682150537634406,-122.54988775391325,0.0,0.0,0.0,0.0,0.0,0.0,0.0	-23.298566818,37.682150537634406,-122.54674376302758,0.0,0.0,0.0,0.0,0.0,0.0,0.0	-22.720294952,37.682150537634406,-122.5435997721419,0.0,0.0,0.0,0.0,0.0,0.0,0.0	-22.143518448,37.682150537634406,-122.54045578125623,0.0,0.0,0.0,0.0,0.0,0.0,0.0	-21.592082977,37.682150537634406,-122.53731179037055,0.0,0.0,0.0,0.0,0.0,0.0,0.0	-20.766885757,37.682150537634406,-122.53416779948488,0.0,0.0,0.0,0.0,0.0,0.0,0.0	-20.108146667,37.682150537634406,-122.5310238085992,0.0,0.0,0.0,0.0,0.0,0.0,0.0	-19.373762131,37.682150537634406,-122.52787981771353,0.0,0.0,0.0,0.0,0.0,0.0,0.0	-19.037891388,37.682150537634406,-122.52473582682785,0.0,0.0,0.0,0.0,0.0,0.0,0.0	-18.388832092,37.682150537634406,-122.52159183594217,0.0,0.0,0.0,0.0,0.0,0.0,0.0	-17.32645607,37.682150537634406,-122.5184478450565,0.0,0.0,0.0,0.0,0.0,0.0,0.0	-16.159805298,37.682150537634406,-122.51530385417082,0.0,0.0,0.0,0.0,0.0,0.0,0.0	-15.120676994,37.682150537634406,-122.51215986328513,0.0,0.0,0.0,0.0,0.0,0.0,0.0	-13.593665123,37.682150537634406,-122.50901587239946,0.0,0.0,0.0,0.0,0.0,0.0,0.0	-12.088148117,37.682150537634406,-122.50587188151378,0.0,0.0,0.0,0.0,0.0,0.0,0.0	-10.455765724,37.682150537634406,-122.50272789062811,0.0,0.0,0.0,0.0,0.0,0.0,0.0	-6.219175339,37.682150537634406,-122.49958389974243,0.0,0.0,0.0,0.0,0.0,0.0,0.0	1.0,37.682150537634406,-122.49643990885676,0.0,0.0,0.0,0.0,0.0,0.0,0.0	85.804244995,37.682150537634406,-122.49329591797108,0.0,0.0,0.0,0.0,0.0,0.0,0.0	143.745391846,37.682150537634406,-122.4901519270854,0.0,0.0,0.0,0.0,0.0,0.0,0.0	138.336898804,37.682150537634406,-122.48700793619973,0.0,0.0,0.0,0.0,0.0,0.0,0.0	138.675827026,37.682150537634406,-122.48386394531406,0.0,0.0,0.0,0.0,0.0,0.0,0.0	123.462532043,37.682150537634406,-122.48071995442838,0.0,0.0,0.0,0.0,0.0,0.0,0.0	123.911979675,37.682150537634406,-122.4775759635427,0.0,0.0,0.0,0.0,0.0,0.0,0.0	98.977279663,37.682150537634406,-122.47443197265703,0.0,0.0,0.0,0.0,0.0,0.0,0.0	68.602577209,37.682150537634406,-122.47128798177135,0.0,0.0,0.0,0.0,0.0,0.0,0.0	62.130344391,37.682150537634406,-122.46814399088568,0.0,0.0,0.0,0.0,0.0,0.0,0.0	42.293476105,37.682150537634406,-122.465,0.0,0.0,0.0,0.0,0.0,0.0,0.0	54.375865936,37.682150537634406,-122.46185600911433,0.0,0.0,0.0,0.0,0.0,0.0,0.0	60.909801483,37.682150537634406,-122.45871201822865,0.0,0.0,0.0,0.0,0.0,0.0,0.0	66.222137451,37.682150537634406,-122.45556802734298,0.0,0.0,0.0,0.0,0.0,0.0,0.0	76.645042419,37.682150537634406,-122.4524240364573,0.0,0.0,0.0,0.0,0.0,0.0,0.0	91.666481018,37.682150537634406,-122.44928004557163,0.0,0.0,0.0,0.0,0.0,0.0,0.0	109.399131775,37.682150537634406,-122.44613605468595,0.0,0.0,0.0,0.0,0.0,0.0,0.0	147.540603638,37.682150537634406,-122.44299206380026,0.0,0.0,0.0,0.0,0.0,0.0,0.0	168.229019165,37.682150537634406,-122.43984807291459,0.0,0.0,0.0,0.0,0.0,0.0,0.0	253.789932251,37.682150537634406,-122.43670408202891,0.0,0.0,0.0,0.0,0.0,0.0,0.0	295.349029541,37.682150537634406,-122.43356009114324,0.0,0.0,0.0,0.0,0.0,0.0,0.0	309.413879395,37.682150537634406,-122.43041610025756,0.0,0.0,0.0,0.0,0.0,0.0,0.0	302.460388184,37.682150537634406,-122.42727210937188,0.0,0.0,0.0,0.0,0.0,0.0,0.0	210.686050415,37.682150537634406,-122.42412811848621,0.0,0.0,0.0,0.0,0.0,0.0,0.0	150.112045288,37.682150537634406,-122.42098412760053,0.0,0.0,0.0,0.0,0.0,0.0,0.0	160.662384033,37.682150537634406,-122.41784013671486,0.0,0.0,0.0,0.0,0.0,0.0,0.0	139.921127319,37.682150537634406,-122.41469614582918,0.0,0.0,0.0,0.0,0.0,0.0,0.0	104.94884491,37.682150537634406,-122.41155215494351,0.0,0.0,0.0,0.0,0.0,0.0,0.0	110.741004944,37.682150537634406,-122.40840816405783,0.0,0.0,0.0,0.0,0.0,0.0,0.0	41.270088196,37.682150537634406,-122.40526417317216,0.0,0.0,0.0,0.0,0.0,0.0,0.0	15.880644798,37.682150537634406,-122.40212018228648,0.0,0.0,0.0,0.0,0.0,0.0,0.0	28.194065094,37.682150537634406,-122.3989761914008,0.0,0.0,0.0,0.0,0.0,0.0,0.0	29.3695755,37.682150537634406,-122.39583220051513,0.0,0.0,0.0,0.0,0.0,0.0,0.0	0.99000001,37.682150537634406,-122.39268820962945,0.0,0.0,0.0,0.0,0.0,0.0,0.0	3.104749441,37.682150537634406,-122.38954421874378,0.0,0.0,0.0,0.0,0.0,0.0,0.0	0.0,37.682150537634406,-122.3864002278581,0.0,0.0,0.0,0.0,0.0,0.0,0.0	-1.416593552,37.682150537634406,-122.38325623697243,0.0,0.0,0.0,0.0,0.0,0.0,0.0	-1.610123992,37.682150537634406,-122.38011224608675,0.0,0.0,0.0,0.0,0.0,0.0,0.0
-23.812019348,37.68,-122.5498852930746,0.0,0.0,0.0,0.0,0.0,0.0,0.0	-23.492214203,37.68,-122.54674139333109,0.0,0.0,0.0,0.0,0.0,0.0,0.0	-22.975921631,37.68,-122.54359749358758,0.0,0.0,0.0,0.0,0.0,0.0,0.0	-22.335853577,37.68,-122.54045359384408,0.0,0.0,0.0,0.0,0.0,0.0,0.0	-21.666452408,37.68,-122.53730969410059,0.0,0.0,0.0,0.0,0.0,0.0,0.0	-20.885778427,37.68,-122.53416579435708,0.0,0.0,0.0,0.0,0.0,0.0,0.0	-20.251626968,37.68,-122.53102189461357,0.0,0.0,0.0,0.0,0.0,0.0,0.0	-19.622079849,37.68,-122.52787799487007,0.0,0.0,0.0,0.0,0.0,0.0,0.0	-18.950410843,37.68,-122.52473409512656,0.0,0.0,0.0,0.0,0.0,0.0,0.0	-18.372066498,37.68,-122.52159019538306,0.0,0.0,0.0,0.0,0.0,0.0,0.0	-17.306470871,37.68,-122.51844629563956,0.0,0.0,0.0,0.0,0.0,0.0,0.0	-16.178554535,37.68,-122.51530239589606,0.0,0.0,0.0,0.0,0.0,0.0,0.0	-15.151465416,37.68,-122.51215849615255,0.0,0.0,0.0,0.0,0.0,0.0,0.0	-13.612147331,37.68,-122.50901459640905,0.0,0.0,0.0,0.0,0.0,0.0,0.0	-12.258563995,37.68,-122.50587069666554,0.0,0.0,0.0,0.0,0.0,0.0,0.0	-10.602371216,37.68,-122.50272679692203,0.0,0.0,0.0,0.0,0.0,0.0,0.0	-5.861018181,37.68,-122.49958289717853,0.0,0.0,0.0,0.0,0.0,0.0,0.0	1.0,37.68,-122.49643899743504,0.0,0.0,0.0,0.0,0.0,0.0,0.0	149.697601318,37.68,-122.49329509769153,0.0,0.0,0.0,0.0,0.0,0.0,0.0	146.299133301,37.68,-122.49015119794802,0.0,0.0,0.0,0.0,0.0,0.0,0.0	131.473434448,37.68,-122.48700729820452,0.0,0.0,0.0,0.0,0.0,0.0,0.0	129.91960144,37.68,-122.48386339846101,0.0,0.0,0.0,0.0,0.0,0.0,0.0	123.5885849,37.68,-122.4807194987175,0.0,0.0,0.0,0.0,0.0,0.0,0.0	118.738265991,37.68,-122.47757559897401,0.0,0.0,0.0,0.0,0.0,0.0,0.0	124.73790741,37.68,-122.47443169923051,0.0,0.0,0.0,0.0,0.0,0.0,0.0	80.62676239,37.68,-122.471287799487,0.0,0.0,0.0,0.0,0.0,0.0,0.0	70.093605042,37.68,-122.4681438997435,0.0,0.0,0.0,0.0,0.0,0.0,0.0	60.818824768,37.68,-122.46499999999999,0.0,0.0,0.0,0.0,0.0,0.0,0.0	38.53232193,37.68,-122.46185610025648,0.0,0.0,0.0,0.0,0.0,0.0,0.0	52.513076782,37.68,-122.45871220051298,0.0,0.0,0.0,0.0,0.0,0.0,0.0	56.746032715,37.68,-122.45556830076949,0.0,0.0,0.0,0.0,0.0,0.0,0.0	72.793167114,37.68,-122.45242440102598,0.0,0.0,0.0,0.0,0.0,0.0,0.0	83.627189636,37.68,-122.44928050128247,0.0,0.0,0.0,0.0,0.0,0.0,0.0	98.286491394,37.68,-122.44613660153897,0.0,0.0,0.0,0.0,0.0,0.0,0.0	134.126541138,37.68,-122.44299270179546,0.0,0.0,0.0,0.0,0.0,0.0,0.0	218.747436523,37.68,-122.43984880205196,0.0,0.0,0.0,0.0,0.0,0.0,0.0	153.022537231,37.68,-122.43670490230846,0.0,0.0,0.0,0.0,0.0,0.0,0.0	204.77003479,37.68,-122.43356100256496,0.0,0.0,0.0,0.0,0.0,0.0,0.0	272.834320068,37.68,-122.43041710282145,0.0,0.0,0.0,0.0,0.0,0.0,0.0	311.480377197,37.68,-122.42727320307795,0.0,0.0,0.0,0.0,0.0,0.0,0.0	309.269165039,37.68,-122.42412930333444,0.0,0.0,0.0,0.0,0.0,0.0,0.0	293.357879639,37.68,-122.42098540359093,0.0,0.0,0.0,0.0,0.0,0.0,0.0	215.794052124,37.68,-122.41784150384743,0.0,0.0,0.0,0.0,0.0,0.0,0.0	222.035293579,37.68,-122.41469760410394,0.0,0.0,0.0,0.0,0.0,0.0,0.0	192.961807251,37.68,-122.41155370436043,0.0,0.0,0.0,0.0,0.0,0.0,0.0	124.498184204,37.68,-122.40840980461692,0.0,0.0,0.0,0.0,0.0,0.0,0.0	68.200370789,37.68,-122.40526590487342,0.0,0.0,0.0,0.0,0.0,0.0,0.0	64.13885498,37.68,-122.40212200512991,0.0,0.0,0.0,0.0,0.0,0.0,0.0	42.13376236,37.68,-122.3989781053864,0.0,0.0,0.0,0.0,0.0,0.0,0.0	35.279525757,37.68,-122.39583420564291,0.0,0.0,0.0,0.0,0.0,0.0,0.0	4.221851349,37.68,-122.39269030589941,0.0,0.0,0.0,0.0,0.0,0.0,0.0	0.99000001,37.68,-122.3895464061559,0.0,0.0,0.0,0.0,0.0,0.0,0.0	0.0,37.68,-122.3864025064124,0.0,0.0,0.0,0.0,0.0,0.0,0.0	-1.366617322,37.68,-122.38325860666889,0.0,0.0,0.0,0.0,0.0,0.0,0.0	-1.637482047,37.68,-122.38011470692538,0.0,0.0,0.0,0.0,0.0,0.0,0.0
-data:
