Name,Gender,Count,Year
Mary,F,7065,1880
Anna,F,2604,1880
Emma,F,2003,1880
Elizabeth,F,1939,1880
Minnie,F,1746,1880
Margaret,F,1578,1880
Ida,F,1472,1880
Alice,F,1414,1880
Bertha,F,1320,1880
Sarah,F,1288,1880
Annie,F,1258,1880
Clara,F,1226,1880
Ella,F,1156,1880
Florence,F,1063,1880
Cora,F,1045,1880
Martha,F,1040,1880
Laura,F,1012,1880
Nellie,F,995,1880
Grace,F,982,1880
Carrie,F,949,1880
Maude,F,859,1880
Mabel,F,808,1880
Bessie,F,796,1880
Jennie,F,793,1880
Gertrude,F,787,1880
John,M,9655,1880
William,M,9532,1880
James,M,5927,1880
Charles,M,5348,1880
George,M,5126,1880
Frank,M,3242,1880
Joseph,M,2632,1880
Thomas,M,2534,1880
Henry,M,2444,1880
Robert,M,2415,1880
Edward,M,2364,1880
Harry,M,2152,1880
Walter,M,1755,1880
Arthur,M,1599,1880
Fred,M,1569,1880
Albert,M,1493,1880
Samuel,M,1024,1880
David,M,869,1880
Louis,M,828,1880
Joe,M,731,1880
Charlie,M,730,1880
Clarence,M,730,1880
Richard,M,728,1880
Andrew,M,644,1880
Daniel,M,643,1880
Mary,F,6919,1881
Anna,F,2698,1881
Emma,F,2034,1881
Elizabeth,F,1852,1881
Margaret,F,1658,1881
Minnie,F,1653,1881
Ida,F,1439,1881
Annie,F,1326,1881
Bertha,F,1324,1881
Alice,F,1308,1881
Clara,F,1242,1881
Sarah,F,1226,1881
Ella,F,1148,1881
Nellie,F,1096,1881
Grace,F,1089,1881
Florence,F,1046,1881
Martha,F,1044,1881
Cora,F,969,1881
Laura,F,962,1881
Carrie,F,958,1881
Maude,F,923,1881
Bessie,F,903,1881
Mabel,F,893,1881
Gertrude,F,791,1881
Ethel,F,788,1881
John,M,8768,1881
William,M,8524,1881
James,M,5441,1881
George,M,4664,1881
Charles,M,4636,1881
Frank,M,2834,1881
Joseph,M,2456,1881
Henry,M,2339,1881
Thomas,M,2282,1881
Edward,M,2177,1881
Robert,M,2140,1881
Harry,M,2002,1881
Walter,M,1670,1881
Arthur,M,1575,1881
Fred,M,1418,1881
Albert,M,1319,1881
Samuel,M,919,1881
David,M,750,1881
Louis,M,746,1881
Clarence,M,668,1881
Charlie,M,668,1881
Richard,M,641,1881
Joe,M,639,1881
Andrew,M,588,1881
Ernest,M,571,1881
Mary,F,8148,1882
Anna,F,3143,1882
Emma,F,2303,1882
Elizabeth,F,2186,1882
Minnie,F,2004,1882
Margaret,F,1821,1882
Ida,F,1673,1882
Alice,F,1542,1882
Bertha,F,1508,1882
Annie,F,1492,1882
Clara,F,1490,1882
Sarah,F,1410,1882
Florence,F,1322,1882
Martha,F,1229,1882
Ella,F,1206,1882
Grace,F,1195,1882
Laura,F,1151,1882
Bessie,F,1144,1882
Nellie,F,1138,1882
Maude,F,1089,1882
Cora,F,1076,1882
Carrie,F,1037,1882
Mabel,F,997,1882
Ethel,F,989,1882
Mattie,F,966,1882
John,M,9557,1882
William,M,9298,1882
James,M,5892,1882
George,M,5193,1882
Charles,M,5091,1882
Frank,M,3176,1882
Joseph,M,2670,1882
Thomas,M,2610,1882
Henry,M,2579,1882
Robert,M,2500,1882
Edward,M,2477,1882
Harry,M,2232,1882
Walter,M,1805,1882
Arthur,M,1686,1882
Fred,M,1641,1882
Albert,M,1499,1882
Samuel,M,1003,1882
Louis,M,852,1882
David,M,838,1882
Clarence,M,837,1882
Charlie,M,753,1882
Richard,M,746,1882
Joe,M,739,1882
Andrew,M,673,1882
Will,M,666,1882
Mary,F,8012,1883
Anna,F,3306,1883
Emma,F,2367,1883
Elizabeth,F,2255,1883
Minnie,F,2035,1883
Margaret,F,1881,1883
Bertha,F,1682,1883
Ida,F,1634,1883
Annie,F,1589,1883
Clara,F,1548,1883
Alice,F,1488,1883
Sarah,F,1359,1883
Grace,F,1307,1883
Florence,F,1298,1883
Martha,F,1255,1883
Ella,F,1251,1883
Nellie,F,1246,1883
Bessie,F,1241,1883
Laura,F,1183,1883
Ethel,F,1132,1883
Carrie,F,1108,1883
Maude,F,1096,1883
Mabel,F,1086,1883
Cora,F,1081,1883
Gertrude,F,923,1883
John,M,8894,1883
William,M,8387,1883
James,M,5223,1883
Charles,M,4826,1883
George,M,4736,1883
Frank,M,2986,1883
Joseph,M,2515,1883
Henry,M,2383,1883
Robert,M,2334,1883
Thomas,M,2316,1883
Edward,M,2250,1883
Harry,M,2110,1883
Walter,M,1705,1883
Arthur,M,1591,1883
Fred,M,1502,1883
Albert,M,1496,1883
Samuel,M,937,1883
Clarence,M,837,1883
Louis,M,796,1883
David,M,734,1883
Richard,M,649,1883
Charlie,M,643,1883
Ernest,M,641,1883
Andrew,M,623,1883
Daniel,M,615,1883
Mary,F,9217,1884
Anna,F,3860,1884
Emma,F,2587,1884
Elizabeth,F,2549,1884
Minnie,F,2243,1884
Margaret,F,2142,1884
Ida,F,1882,1884
Clara,F,1852,1884
Bertha,F,1789,1884
Annie,F,1739,1884
Alice,F,1732,1884
Florence,F,1570,1884
Grace,F,1525,1884
Sarah,F,1518,1884
Bessie,F,1451,1884
Martha,F,1443,1884
Nellie,F,1417,1884
Ethel,F,1386,1884
Ella,F,1374,1884
Mabel,F,1270,1884
Laura,F,1246,1884
Carrie,F,1245,1884
Cora,F,1244,1884
Maude,F,1225,1884
Pearl,F,1138,1884
John,M,9388,1884
William,M,8897,1884
James,M,5693,1884
George,M,4961,1884
Charles,M,4802,1884
Frank,M,3218,1884
Joseph,M,2707,1884
Thomas,M,2572,1884
Henry,M,2474,1884
Robert,M,2468,1884
Edward,M,2439,1884
Harry,M,2323,1884
Walter,M,1902,1884
Arthur,M,1690,1884
Fred,M,1638,1884
Albert,M,1435,1884
Samuel,M,945,1884
Clarence,M,889,1884
Louis,M,886,1884
Grover,M,802,1884
David,M,761,1884
Joe,M,759,1884
Richard,M,749,1884
Charlie,M,746,1884
Ernest,M,690,1884
Mary,F,9128,1885
Anna,F,3994,1885
Emma,F,2728,1885
Elizabeth,F,2582,1885
Margaret,F,2204,1885
Minnie,F,2178,1885
Clara,F,1910,1885
Bertha,F,1860,1885
Ida,F,1854,1885
Annie,F,1703,1885
Alice,F,1681,1885
Florence,F,1667,1885
Bessie,F,1588,1885
Grace,F,1575,1885
Ethel,F,1495,1885
Nellie,F,1432,1885
Martha,F,1425,1885
Sarah,F,1424,1885
Ella,F,1395,1885
Mabel,F,1349,1885
Laura,F,1325,1885
Carrie,F,1283,1885
Cora,F,1253,1885
Maude,F,1222,1885
Rose,F,1164,1885
John,M,8756,1885
William,M,8044,1885
James,M,5175,1885
George,M,4674,1885
Charles,M,4599,1885
Frank,M,3067,1885
Joseph,M,2540,1885
Henry,M,2406,1885
Robert,M,2322,1885
Thomas,M,2266,1885
Edward,M,2220,1885
Harry,M,2198,1885
Walter,M,1808,1885
Fred,M,1562,1885
Arthur,M,1516,1885
Albert,M,1429,1885
Clarence,M,906,1885
Samuel,M,888,1885
Louis,M,809,1885
Grover,M,768,1885
Ernest,M,718,1885
David,M,712,1885
Charlie,M,705,1885
Roy,M,691,1885
Joe,M,681,1885
Mary,F,9889,1886
Anna,F,4283,1886
Emma,F,2764,1886
Elizabeth,F,2680,1886
Minnie,F,2372,1886
Margaret,F,2275,1886
Ida,F,2049,1886
Bertha,F,2001,1886
Clara,F,1916,1886
Florence,F,1860,1886
Alice,F,1811,1886
Bessie,F,1791,1886
Annie,F,1765,1886
Grace,F,1723,1886
Ethel,F,1699,1886
Sarah,F,1569,1886
Nellie,F,1492,1886
Martha,F,1491,1886
Ella,F,1464,1886
Mabel,F,1422,1886
Carrie,F,1396,1886
Laura,F,1372,1886
Edna,F,1314,1886
Lillian,F,1282,1886
Helen,F,1267,1886
John,M,9026,1886
William,M,8252,1886
James,M,5355,1886
George,M,4671,1886
Charles,M,4533,1886
Frank,M,3127,1886
Joseph,M,2594,1886
Robert,M,2443,1886
Henry,M,2404,1886
Thomas,M,2337,1886
Edward,M,2312,1886
Harry,M,2257,1886
Walter,M,1880,1886
Arthur,M,1656,1886
Fred,M,1599,1886
Albert,M,1488,1886
Clarence,M,995,1886
Samuel,M,870,1886
Louis,M,846,1886
Roy,M,767,1886
Joe,M,759,1886
Charlie,M,723,1886
Richard,M,720,1886
David,M,674,1886
Ernest,M,668,1886
Mary,F,9888,1887
Anna,F,4227,1887
Elizabeth,F,2681,1887
Emma,F,2647,1887
Margaret,F,2419,1887
Minnie,F,2215,1887
Bertha,F,2037,1887
Clara,F,1984,1887
Florence,F,1964,1887
Ida,F,1929,1887
Ethel,F,1907,1887
Annie,F,1844,1887
Bessie,F,1838,1887
Alice,F,1819,1887
Grace,F,1692,1887
Ella,F,1521,1887
Martha,F,1504,1887
Mabel,F,1494,1887
Nellie,F,1457,1887
Sarah,F,1436,1887
Helen,F,1405,1887
Laura,F,1364,1887
Carrie,F,1344,1887
Edna,F,1339,1887
Pearl,F,1316,1887
John,M,8110,1887
William,M,7470,1887
James,M,4768,1887
George,M,4284,1887
Charles,M,4031,1887
Frank,M,2883,1887
Joseph,M,2456,1887
Henry,M,2228,1887
Thomas,M,2151,1887
Robert,M,2125,1887
Edward,M,2125,1887
Harry,M,2057,1887
Walter,M,1704,1887
Arthur,M,1489,1887
Fred,M,1454,1887
Albert,M,1294,1887
Clarence,M,892,1887
Samuel,M,802,1887
Louis,M,791,1887
Roy,M,726,1887
Joe,M,685,1887
David,M,673,1887
Ernest,M,653,1887
Charlie,M,642,1887
Richard,M,622,1887
Mary,F,11754,1888
Anna,F,4982,1888
Elizabeth,F,3224,1888
Emma,F,3087,1888
Margaret,F,2904,1888
Minnie,F,2654,1888
Bertha,F,2450,1888
Florence,F,2444,1888
Ethel,F,2374,1888
Bessie,F,2278,1888
Clara,F,2230,1888
Ida,F,2229,1888
Alice,F,2202,1888
Annie,F,2188,1888
Grace,F,2090,1888
Helen,F,1847,1888
Mabel,F,1830,1888
Ella,F,1774,1888
Martha,F,1769,1888
Sarah,F,1755,1888
Nellie,F,1736,1888
Edna,F,1687,1888
Lillian,F,1656,1888
Carrie,F,1647,1888
Laura,F,1624,1888
John,M,9247,1888
William,M,8705,1888
James,M,5562,1888
George,M,4912,1888
Charles,M,4591,1888
Frank,M,3459,1888
Joseph,M,2993,1888
Robert,M,2814,1888
Harry,M,2759,1888
Henry,M,2596,1888
Edward,M,2470,1888
Thomas,M,2449,1888
Walter,M,2040,1888
Arthur,M,1710,1888
Fred,M,1665,1888
Albert,M,1569,1888
Clarence,M,1022,1888
Samuel,M,931,1888
Louis,M,884,1888
Roy,M,856,1888
David,M,801,1888
Charlie,M,796,1888
Joe,M,789,1888
Willie,M,786,1888
Benjamin,M,781,1888
Mary,F,11648,1889
Anna,F,5062,1889
Elizabeth,F,3058,1889
Margaret,F,2917,1889
Emma,F,2884,1889
Minnie,F,2624,1889
Florence,F,2465,1889
Ethel,F,2463,1889
Bessie,F,2343,1889
Clara,F,2319,1889
Bertha,F,2293,1889
Alice,F,2145,1889
Annie,F,2123,1889
Ida,F,2122,1889
Grace,F,2049,1889
Mabel,F,1947,1889
Helen,F,1909,1889
Edna,F,1815,1889
Nellie,F,1752,1889
Sarah,F,1730,1889
Martha,F,1711,1889
Ella,F,1647,1889
Lillian,F,1640,1889
Pearl,F,1588,1889
Laura,F,1567,1889
John,M,8548,1889
William,M,7772,1889
James,M,5020,1889
George,M,4430,1889
Charles,M,4199,1889
Frank,M,2975,1889
Joseph,M,2729,1889
Harry,M,2559,1889
Robert,M,2513,1889
Edward,M,2299,1889
Henry,M,2286,1889
Thomas,M,2233,1889
Walter,M,1916,1889
Arthur,M,1668,1889
Fred,M,1554,1889
Albert,M,1353,1889
Clarence,M,984,1889
Roy,M,888,1889
Louis,M,837,1889
Samuel,M,810,1889
Benjamin,M,760,1889
David,M,757,1889
Ernest,M,736,1889
Richard,M,711,1889
Joe,M,709,1889
Mary,F,12078,1890
Anna,F,5233,1890
Elizabeth,F,3112,1890
Margaret,F,3100,1890
Emma,F,2980,1890
Florence,F,2744,1890
Ethel,F,2718,1890
Minnie,F,2650,1890
Clara,F,2496,1890
Bertha,F,2388,1890
Bessie,F,2370,1890
Helen,F,2312,1890
Grace,F,2278,1890
Alice,F,2271,1890
Annie,F,2220,1890
Ida,F,2178,1890
Mabel,F,2058,1890
Edna,F,1973,1890
Lillian,F,1862,1890
Nellie,F,1821,1890
Sarah,F,1786,1890
Martha,F,1784,1890
Ella,F,1758,1890
Pearl,F,1741,1890
Rose,F,1725,1890
John,M,8502,1890
William,M,7494,1890
James,M,5097,1890
George,M,4458,1890
Charles,M,4061,1890
Frank,M,3078,1890
Joseph,M,2670,1890
Robert,M,2541,1890
Henry,M,2349,1890
Harry,M,2345,1890
Edward,M,2282,1890
Thomas,M,2200,1890
Walter,M,1905,1890
Arthur,M,1610,1890
Fred,M,1506,1890
Albert,M,1417,1890
Clarence,M,1018,1890
Roy,M,941,1890
Louis,M,860,1890
Samuel,M,815,1890
Charlie,M,797,1890
Ernest,M,774,1890
Willie,M,758,1890
Earl,M,744,1890
Richard,M,743,1890
Mary,F,11704,1891
Anna,F,5099,1891
Margaret,F,3065,1891
Elizabeth,F,3059,1891
Emma,F,2884,1891
Florence,F,2716,1891
Ethel,F,2689,1891
Minnie,F,2428,1891
Helen,F,2417,1891
Bertha,F,2372,1891
Clara,F,2360,1891
Bessie,F,2323,1891
Annie,F,2096,1891
Grace,F,2088,1891
Mabel,F,2029,1891
Alice,F,2015,1891
Ida,F,2002,1891
Edna,F,1963,1891
Ruth,F,1857,1891
Lillian,F,1812,1891
Martha,F,1744,1891
Rose,F,1696,1891
Ella,F,1685,1891
Sarah,F,1669,1891
Nellie,F,1647,1891
John,M,7680,1891
William,M,6763,1891
James,M,4516,1891
George,M,3931,1891
Charles,M,3640,1891
Frank,M,2652,1891
Joseph,M,2572,1891
Robert,M,2240,1891
Harry,M,2132,1891
Henry,M,2049,1891
Edward,M,1989,1891
Thomas,M,1982,1891
Walter,M,1668,1891
Arthur,M,1514,1891
Fred,M,1362,1891
Albert,M,1207,1891
Clarence,M,1007,1891
Roy,M,838,1891
Louis,M,786,1891
Samuel,M,753,1891
Willie,M,739,1891
Ernest,M,715,1891
Charlie,M,707,1891
Carl,M,675,1891
Earl,M,674,1891
Mary,F,13172,1892
Anna,F,5542,1892
Elizabeth,F,3461,1892
Margaret,F,3435,1892
Ruth,F,3290,1892
Florence,F,3154,1892
Emma,F,3128,1892
Ethel,F,3035,1892
Helen,F,2936,1892
Clara,F,2661,1892
Bertha,F,2617,1892
Minnie,F,2609,1892
Bessie,F,2541,1892
Alice,F,2373,1892
Annie,F,2348,1892
Grace,F,2299,1892
Ida,F,2259,1892
Edna,F,2218,1892
Mabel,F,2170,1892
Lillian,F,2154,1892
Marie,F,2066,1892
Rose,F,2023,1892
Gertrude,F,1924,1892
Martha,F,1915,1892
Hazel,F,1897,1892
John,M,9039,1892
William,M,7782,1892
James,M,5398,1892
George,M,4760,1892
Charles,M,4319,1892
Frank,M,3150,1892
Joseph,M,3064,1892
Robert,M,2710,1892
Harry,M,2460,1892
Henry,M,2452,1892
Edward,M,2416,1892
Thomas,M,2413,1892
Walter,M,2229,1892
Arthur,M,1768,1892
Fred,M,1628,1892
Albert,M,1500,1892
Clarence,M,1276,1892
Roy,M,1048,1892
Willie,M,948,1892
Samuel,M,902,1892
Earl,M,888,1892
Louis,M,865,1892
Joe,M,819,1892
David,M,813,1892
Carl,M,808,1892
Mary,F,12784,1893
Anna,F,5695,1893
Ruth,F,3658,1893
Margaret,F,3565,1893
Elizabeth,F,3360,1893
Helen,F,3249,1893
Florence,F,3231,1893
Ethel,F,3119,1893
Emma,F,2968,1893
Bertha,F,2623,1893
Clara,F,2532,1893
Minnie,F,2510,1893
Alice,F,2434,1893
Edna,F,2378,1893
Bessie,F,2352,1893
Grace,F,2308,1893
Annie,F,2251,1893
Ida,F,2247,1893
Marie,F,2212,1893
Lillian,F,2193,1893
Mabel,F,2191,1893
Hazel,F,2052,1893
Rose,F,2012,1893
Gertrude,F,1811,1893
Martha,F,1805,1893
John,M,8049,1893
William,M,7223,1893
James,M,5030,1893
George,M,4320,1893
Charles,M,3723,1893
Joseph,M,2997,1893
Frank,M,2917,1893
Robert,M,2563,1893
Edward,M,2309,1893
Harry,M,2245,1893
Henry,M,2162,1893
Thomas,M,2157,1893
Walter,M,2004,1893
Arthur,M,1635,1893
Fred,M,1493,1893
Albert,M,1353,1893
Clarence,M,1169,1893
Roy,M,919,1893
Willie,M,882,1893
Samuel,M,851,1893
Earl,M,819,1893
Louis,M,816,1893
Ernest,M,796,1893
Carl,M,786,1893
Paul,M,743,1893
Mary,F,13151,1894
Anna,F,5565,1894
Margaret,F,3700,1894
Helen,F,3676,1894
Elizabeth,F,3425,1894
Ruth,F,3372,1894
Ethel,F,3287,1894
Florence,F,3233,1894
Emma,F,2937,1894
Marie,F,2649,1894
Clara,F,2603,1894
Minnie,F,2592,1894
Bessie,F,2520,1894
Bertha,F,2496,1894
Edna,F,2458,1894
Lillian,F,2441,1894
Alice,F,2414,1894
Annie,F,2393,1894
Grace,F,2361,1894
Mabel,F,2221,1894
Ida,F,2195,1894
Rose,F,2126,1894
Hazel,F,2103,1894
Martha,F,1968,1894
Gertrude,F,1908,1894
John,M,8237,1894
William,M,7274,1894
James,M,5110,1894
George,M,4365,1894
Charles,M,3788,1894
Joseph,M,2977,1894
Frank,M,2863,1894
Robert,M,2497,1894
Henry,M,2278,1894
Harry,M,2189,1894
Edward,M,2179,1894
Thomas,M,2170,1894
Walter,M,2010,1894
Arthur,M,1712,1894
Fred,M,1475,1894
Albert,M,1447,1894
Clarence,M,1185,1894
Roy,M,1018,1894
Willie,M,986,1894
Earl,M,896,1894
Louis,M,869,1894
Carl,M,861,1894
Paul,M,824,1894
Ernest,M,821,1894
Richard,M,808,1894
Mary,F,13447,1895
Anna,F,5950,1895
Helen,F,4023,1895
Margaret,F,3931,1895
Elizabeth,F,3603,1895
Ruth,F,3551,1895
Florence,F,3471,1895
Ethel,F,3391,1895
Marie,F,3011,1895
Emma,F,2952,1895
Bertha,F,2626,1895
Clara,F,2613,1895
Minnie,F,2567,1895
Edna,F,2560,1895
Bessie,F,2542,1895
Lillian,F,2495,1895
Alice,F,2457,1895
Grace,F,2448,1895
Annie,F,2390,1895
Mabel,F,2359,1895
Rose,F,2262,1895
Hazel,F,2252,1895
Ida,F,2170,1895
Gertrude,F,2129,1895
Martha,F,2096,1895
John,M,8320,1895
William,M,7277,1895
James,M,5335,1895
George,M,4289,1895
Charles,M,3633,1895
Frank,M,3012,1895
Joseph,M,2992,1895
Robert,M,2635,1895
Henry,M,2221,1895
Edward,M,2203,1895
Thomas,M,2153,1895
Harry,M,2128,1895
Walter,M,2015,1895
Arthur,M,1666,1895
Fred,M,1483,1895
Albert,M,1391,1895
Clarence,M,1326,1895
Willie,M,1071,1895
Roy,M,1028,1895
Paul,M,933,1895
Louis,M,913,1895
Earl,M,851,1895
Carl,M,851,1895
Ernest,M,834,1895
Samuel,M,814,1895
Mary,F,13811,1896
Anna,F,5860,1896
Helen,F,4392,1896
Margaret,F,4050,1896
Ruth,F,3905,1896
Ethel,F,3502,1896
Elizabeth,F,3471,1896
Florence,F,3323,1896
Marie,F,3087,1896
Emma,F,2872,1896
Lillian,F,2702,1896
Alice,F,2651,1896
Edna,F,2604,1896
Clara,F,2582,1896
Bertha,F,2565,1896
Minnie,F,2530,1896
Grace,F,2485,1896
Bessie,F,2435,1896
Annie,F,2358,1896
Rose,F,2341,1896
Mabel,F,2283,1896
Hazel,F,2226,1896
Gertrude,F,2221,1896
Ida,F,2159,1896
Pearl,F,2101,1896
John,M,8138,1896
William,M,7747,1896
James,M,5206,1896
George,M,4286,1896
Charles,M,3639,1896
Joseph,M,3051,1896
Frank,M,2845,1896
Robert,M,2719,1896
Edward,M,2296,1896
Henry,M,2183,1896
Harry,M,2091,1896
Thomas,M,2088,1896
Walter,M,2017,1896
Arthur,M,1821,1896
Albert,M,1434,1896
Fred,M,1393,1896
Clarence,M,1254,1896
Willie,M,1092,1896
Roy,M,1027,1896
Paul,M,964,1896
Earl,M,892,1896
Louis,M,871,1896
Harold,M,862,1896
Raymond,M,859,1896
Carl,M,852,1896
Mary,F,13413,1897
Anna,F,5429,1897
Helen,F,4519,1897
Margaret,F,4146,1897
Ruth,F,3878,1897
Elizabeth,F,3442,1897
Florence,F,3369,1897
Ethel,F,3182,1897
Marie,F,3078,1897
Emma,F,2698,1897
Lillian,F,2683,1897
Edna,F,2567,1897
Bertha,F,2502,1897
Grace,F,2458,1897
Clara,F,2454,1897
Alice,F,2431,1897
Bessie,F,2407,1897
Hazel,F,2339,1897
Rose,F,2316,1897
Annie,F,2307,1897
Minnie,F,2284,1897
Mabel,F,2222,1897
Gertrude,F,2135,1897
Ida,F,2108,1897
Pearl,F,2076,1897
John,M,7550,1897
William,M,7198,1897
James,M,5113,1897
George,M,4078,1897
Charles,M,3341,1897
Joseph,M,2827,1897
Frank,M,2726,1897
Robert,M,2701,1897
Edward,M,2121,1897
Henry,M,1994,1897
Thomas,M,1980,1897
Walter,M,1895,1897
Harry,M,1879,1897
Arthur,M,1647,1897
Albert,M,1377,1897
Fred,M,1301,1897
Clarence,M,1201,1897
Willie,M,1151,1897
Roy,M,999,1897
Paul,M,923,1897
Harold,M,860,1897
Raymond,M,837,1897
Louis,M,831,1897
Earl,M,829,1897
Carl,M,828,1897
Mary,F,14406,1898
Anna,F,5773,1898
Helen,F,5230,1898
Margaret,F,4696,1898
Ruth,F,4249,1898
Florence,F,3790,1898
Elizabeth,F,3659,1898
Ethel,F,3531,1898
Marie,F,3435,1898
Lillian,F,3061,1898
Alice,F,2846,1898
Edna,F,2813,1898
Emma,F,2788,1898
Clara,F,2731,1898
Grace,F,2726,1898
Bessie,F,2647,1898
Bertha,F,2642,1898
Annie,F,2470,1898
Hazel,F,2439,1898
Rose,F,2436,1898
Minnie,F,2409,1898
Frances,F,2379,1898
Mabel,F,2331,1898
Gertrude,F,2302,1898
Martha,F,2184,1898
John,M,8159,1898
William,M,7400,1898
James,M,5321,1898
George,M,4853,1898
Charles,M,3557,1898
Joseph,M,3171,1898
Robert,M,2932,1898
Frank,M,2925,1898
Edward,M,2337,1898
Thomas,M,2161,1898
Henry,M,2145,1898
Harry,M,2129,1898
Walter,M,2002,1898
Arthur,M,1619,1898
Fred,M,1447,1898
Albert,M,1417,1898
Clarence,M,1326,1898
Willie,M,1134,1898
Dewey,M,1115,1898
Roy,M,1049,1898
Paul,M,991,1898
Harold,M,963,1898
Raymond,M,929,1898
Carl,M,919,1898
Earl,M,883,1898
Mary,F,13172,1899
Anna,F,5115,1899
Helen,F,5048,1899
Margaret,F,4249,1899
Ruth,F,3912,1899
Florence,F,3314,1899
Elizabeth,F,3287,1899
Marie,F,3156,1899
Ethel,F,2999,1899
Lillian,F,2703,1899
Edna,F,2534,1899
Alice,F,2523,1899
Emma,F,2445,1899
Clara,F,2441,1899
Grace,F,2353,1899
Bertha,F,2294,1899
Mildred,F,2291,1899
Annie,F,2289,1899
Bessie,F,2280,1899
Gladys,F,2228,1899
Rose,F,2197,1899
Mabel,F,2127,1899
Gertrude,F,2110,1899
Frances,F,2058,1899
Minnie,F,2036,1899
John,M,6990,1899
William,M,6086,1899
James,M,4597,1899
George,M,4018,1899
Charles,M,3147,1899
Joseph,M,2679,1899
Robert,M,2609,1899
Frank,M,2550,1899
Edward,M,1901,1899
Henry,M,1831,1899
Thomas,M,1811,1899
Walter,M,1750,1899
Harry,M,1732,1899
Arthur,M,1357,1899
Albert,M,1210,1899
Fred,M,1182,1899
Clarence,M,1139,1899
Willie,M,1088,1899
Harold,M,914,1899
Roy,M,912,1899
Paul,M,885,1899
Raymond,M,869,1899
Earl,M,821,1899
Joe,M,780,1899
Carl,M,774,1899
Mary,F,16705,1900
Helen,F,6342,1900
Anna,F,6114,1900
Margaret,F,5304,1900
Ruth,F,4765,1900
Elizabeth,F,4096,1900
Florence,F,3920,1900
Ethel,F,3896,1900
Marie,F,3856,1900
Lillian,F,3414,1900
Annie,F,3324,1900
Edna,F,3102,1900
Emma,F,3095,1900
Alice,F,3059,1900
Bessie,F,3044,1900
Bertha,F,3019,1900
Grace,F,2942,1900
Rose,F,2844,1900
Clara,F,2826,1900
Mildred,F,2800,1900
Gladys,F,2733,1900
Minnie,F,2673,1900
Gertrude,F,2580,1900
Pearl,F,2512,1900
Mabel,F,2509,1900
John,M,9828,1900
William,M,8579,1900
James,M,7245,1900
George,M,5403,1900
Charles,M,4098,1900
Robert,M,3821,1900
Joseph,M,3714,1900
Frank,M,3477,1900
Edward,M,2720,1900
Henry,M,2606,1900
Thomas,M,2556,1900
Walter,M,2298,1900
Harry,M,2272,1900
Willie,M,2113,1900
Arthur,M,1853,1900
Albert,M,1741,1900
Fred,M,1646,1900
Clarence,M,1483,1900
Paul,M,1288,1900
Harold,M,1245,1900
Roy,M,1215,1900
Joe,M,1179,1900
Raymond,M,1150,1900
Richard,M,1141,1900
Charlie,M,1124,1900
Mary,F,13136,1901
Helen,F,5247,1901
Anna,F,4923,1901
Margaret,F,4424,1901
Ruth,F,3974,1901
Elizabeth,F,3216,1901
Marie,F,3157,1901
Florence,F,3131,1901
Ethel,F,3067,1901
Lillian,F,2681,1901
Gladys,F,2676,1901
Alice,F,2562,1901
Edna,F,2488,1901
Mildred,F,2424,1901
Grace,F,2398,1901
Annie,F,2396,1901
Emma,F,2374,1901
Clara,F,2319,1901
Bertha,F,2257,1901
Rose,F,2212,1901
Bessie,F,2183,1901
Dorothy,F,2173,1901
Mabel,F,2097,1901
Hazel,F,2097,1901
Frances,F,2071,1901
John,M,6900,1901
William,M,5990,1901
James,M,4735,1901
George,M,3609,1901
Charles,M,3049,1901
Joseph,M,2766,1901
Robert,M,2543,1901
Frank,M,2402,1901
Edward,M,1917,1901
Henry,M,1870,1901
Thomas,M,1820,1901
Walter,M,1718,1901
Harry,M,1594,1901
Arthur,M,1329,1901
Albert,M,1317,1901
Willie,M,1294,1901
Clarence,M,1196,1901
Fred,M,1133,1901
Paul,M,924,1901
Roy,M,917,1901
Harold,M,915,1901
Raymond,M,888,1901
Earl,M,818,1901
Carl,M,817,1901
Louis,M,797,1901
Mary,F,14486,1902
Helen,F,5967,1902
Anna,F,5288,1902
Margaret,F,5011,1902
Ruth,F,4384,1902
Elizabeth,F,3694,1902
Florence,F,3509,1902
Marie,F,3424,1902
Ethel,F,3295,1902
Alice,F,3135,1902
Lillian,F,3063,1902
Gladys,F,2809,1902
Edna,F,2754,1902
Mildred,F,2750,1902
Dorothy,F,2707,1902
Annie,F,2664,1902
Grace,F,2642,1902
Emma,F,2514,1902
Bessie,F,2448,1902
Rose,F,2444,1902
Clara,F,2432,1902
Bertha,F,2372,1902
Frances,F,2326,1902
Mabel,F,2280,1902
Hazel,F,2238,1902
John,M,7907,1902
William,M,6617,1902
James,M,5592,1902
George,M,4223,1902
Charles,M,3361,1902
Robert,M,3180,1902
Joseph,M,3098,1902
Frank,M,2756,1902
Edward,M,2294,1902
Henry,M,2154,1902
Thomas,M,2134,1902
Walter,M,1858,1902
Harry,M,1750,1902
Willie,M,1565,1902
Arthur,M,1487,1902
Albert,M,1375,1902
Clarence,M,1292,1902
Fred,M,1286,1902
Harold,M,1077,1902
Paul,M,1067,1902
Raymond,M,1064,1902
Roy,M,1002,1902
Joe,M,955,1902
Carl,M,952,1902
Louis,M,912,1902
Mary,F,14275,1903
Helen,F,6129,1903
Anna,F,5098,1903
Margaret,F,5045,1903
Ruth,F,4517,1903
Elizabeth,F,3724,1903
Marie,F,3469,1903
Florence,F,3468,1903
Ethel,F,3257,1903
Mildred,F,3088,1903
Dorothy,F,3078,1903
Alice,F,2996,1903
Lillian,F,2972,1903
Gladys,F,2674,1903
Edna,F,2667,1903
Grace,F,2616,1903
Annie,F,2551,1903
Rose,F,2478,1903
Frances,F,2365,1903
Clara,F,2342,1903
Bessie,F,2339,1903
Bertha,F,2309,1903
Emma,F,2308,1903
Gertrude,F,2253,1903
Mabel,F,2163,1903
John,M,7608,1903
William,M,6311,1903
James,M,5479,1903
George,M,3961,1903
Charles,M,3213,1903
Joseph,M,3121,1903
Robert,M,3044,1903
Frank,M,2644,1903
Edward,M,2268,1903
Thomas,M,1962,1903
Henry,M,1922,1903
Walter,M,1840,1903
Harry,M,1647,1903
Willie,M,1454,1903
Arthur,M,1435,1903
Albert,M,1337,1903
Clarence,M,1261,1903
Fred,M,1204,1903
Paul,M,1081,1903
Harold,M,1065,1903
Raymond,M,1051,1903
Roy,M,975,1903
Carl,M,910,1903
Joe,M,895,1903
Louis,M,889,1903
Mary,F,14961,1904
Helen,F,6488,1904
Anna,F,5330,1904
Margaret,F,5302,1904
Ruth,F,4900,1904
Elizabeth,F,3833,1904
Marie,F,3595,1904
Florence,F,3572,1904
Mildred,F,3525,1904
Dorothy,F,3477,1904
Ethel,F,3296,1904
Lillian,F,3139,1904
Alice,F,3131,1904
Gladys,F,2976,1904
Edna,F,2762,1904
Frances,F,2657,1904
Rose,F,2631,1904
Annie,F,2631,1904
Grace,F,2513,1904
Bertha,F,2363,1904
Bessie,F,2340,1904
Emma,F,2312,1904
Hazel,F,2301,1904
Clara,F,2281,1904
Gertrude,F,2269,1904
John,M,8108,1904
William,M,6416,1904
James,M,5855,1904
George,M,4219,1904
Robert,M,3414,1904
Charles,M,3406,1904
Joseph,M,3291,1904
Frank,M,2799,1904
Edward,M,2335,1904
Henry,M,2085,1904
Thomas,M,2057,1904
Walter,M,1873,1904
Harry,M,1722,1904
Willie,M,1675,1904
Arthur,M,1495,1904
Albert,M,1453,1904
Clarence,M,1310,1904
Fred,M,1223,1904
Paul,M,1194,1904
Harold,M,1186,1904
Roy,M,1123,1904
Raymond,M,1093,1904
Joe,M,959,1904
Richard,M,957,1904
Carl,M,953,1904
Mary,F,16067,1905
Helen,F,6811,1905
Margaret,F,5690,1905
Anna,F,5424,1905
Ruth,F,5068,1905
Elizabeth,F,4121,1905
Dorothy,F,3937,1905
Mildred,F,3758,1905
Marie,F,3643,1905
Alice,F,3610,1905
Florence,F,3478,1905
Ethel,F,3401,1905
Lillian,F,3185,1905
Gladys,F,2996,1905
Edna,F,2953,1905
Frances,F,2887,1905
Annie,F,2793,1905
Rose,F,2724,1905
Grace,F,2630,1905
Bessie,F,2446,1905
Bertha,F,2434,1905
Clara,F,2397,1905
Louise,F,2367,1905
Irene,F,2357,1905
Hazel,F,2351,1905
John,M,8059,1905
William,M,6495,1905
James,M,6042,1905
George,M,4256,1905
Charles,M,3608,1905
Robert,M,3410,1905
Joseph,M,3302,1905
Frank,M,2837,1905
Edward,M,2366,1905
Thomas,M,2135,1905
Henry,M,2126,1905
Walter,M,1902,1905
Willie,M,1782,1905
Harry,M,1619,1905
Albert,M,1532,1905
Arthur,M,1505,1905
Clarence,M,1377,1905
Fred,M,1284,1905
Paul,M,1262,1905
Harold,M,1258,1905
Raymond,M,1159,1905
Richard,M,1033,1905
Joe,M,1024,1905
Roy,M,1016,1905
Louis,M,981,1905
Mary,F,16370,1906
Helen,F,7176,1906
Margaret,F,6096,1906
Anna,F,5502,1906
Ruth,F,5140,1906
Dorothy,F,4326,1906
Elizabeth,F,4320,1906
Alice,F,4192,1906
Mildred,F,3873,1906
Florence,F,3691,1906
Marie,F,3690,1906
Ethel,F,3511,1906
Lillian,F,3293,1906
Frances,F,3026,1906
Edna,F,3011,1906
Gladys,F,3000,1906
Rose,F,2901,1906
Annie,F,2774,1906
Grace,F,2626,1906
Irene,F,2423,1906
Bessie,F,2396,1906
Gertrude,F,2375,1906
Hazel,F,2315,1906
Louise,F,2307,1906
Bertha,F,2302,1906
John,M,8264,1906
William,M,6566,1906
James,M,5908,1906
George,M,4201,1906
Robert,M,3635,1906
Charles,M,3607,1906
Joseph,M,3527,1906
Frank,M,2798,1906
Edward,M,2398,1906
Thomas,M,2176,1906
Henry,M,2112,1906
Walter,M,1934,1906
Willie,M,1756,1906
Harry,M,1631,1906
Arthur,M,1486,1906
Albert,M,1469,1906
Harold,M,1330,1906
Clarence,M,1319,1906
Paul,M,1308,1906
Fred,M,1193,1906
Raymond,M,1133,1906
Louis,M,1101,1906
Richard,M,1084,1906
Roy,M,1024,1906
Joe,M,1020,1906
Mary,F,17580,1907
Helen,F,7579,1907
Margaret,F,6713,1907
Anna,F,5575,1907
Ruth,F,5573,1907
Dorothy,F,4967,1907
Elizabeth,F,4624,1907
Mildred,F,4277,1907
Alice,F,4107,1907
Marie,F,3880,1907
Florence,F,3750,1907
Ethel,F,3698,1907
Lillian,F,3542,1907
Gladys,F,3303,1907
Edna,F,3301,1907
Frances,F,3299,1907
Rose,F,3116,1907
Evelyn,F,3035,1907
Annie,F,2891,1907
Grace,F,2747,1907
Louise,F,2619,1907
Irene,F,2617,1907
Hazel,F,2530,1907
Gertrude,F,2499,1907
Catherine,F,2457,1907
John,M,8983,1907
William,M,6904,1907
James,M,6707,1907
George,M,4445,1907
Robert,M,4020,1907
Charles,M,3884,1907
Joseph,M,3844,1907
Frank,M,2943,1907
Edward,M,2576,1907
Henry,M,2203,1907
Thomas,M,2174,1907
Walter,M,2095,1907
Willie,M,1968,1907
Harry,M,1813,1907
Albert,M,1636,1907
Arthur,M,1553,1907
Harold,M,1452,1907
Clarence,M,1389,1907
Fred,M,1371,1907
Paul,M,1358,1907
Raymond,M,1290,1907
Richard,M,1235,1907
Joe,M,1177,1907
Roy,M,1128,1907
Louis,M,1111,1907
Mary,F,18665,1908
Helen,F,8439,1908
Margaret,F,6976,1908
Ruth,F,6180,1908
Anna,F,5860,1908
Dorothy,F,5703,1908
Elizabeth,F,4904,1908
Mildred,F,4624,1908
Alice,F,4270,1908
Marie,F,4076,1908
Florence,F,3883,1908
Ethel,F,3786,1908
Lillian,F,3634,1908
Frances,F,3593,1908
Gladys,F,3580,1908
Rose,F,3382,1908
Edna,F,3365,1908
Louise,F,2937,1908
Grace,F,2901,1908
Evelyn,F,2857,1908
Annie,F,2820,1908
Catherine,F,2750,1908
Irene,F,2732,1908
Hazel,F,2698,1908
Gertrude,F,2562,1908
John,M,9343,1908
William,M,7529,1908
James,M,7012,1908
George,M,4584,1908
Robert,M,4219,1908
Joseph,M,4162,1908
Charles,M,3929,1908
Frank,M,3146,1908
Edward,M,2707,1908
Thomas,M,2301,1908
Henry,M,2283,1908
Walter,M,2192,1908
Willie,M,1964,1908
Harry,M,1934,1908
Albert,M,1642,1908
Arthur,M,1601,1908
Harold,M,1542,1908
Paul,M,1478,1908
Clarence,M,1428,1908
Raymond,M,1381,1908
Fred,M,1381,1908
Louis,M,1317,1908
Richard,M,1244,1908
Joe,M,1209,1908
Ralph,M,1138,1908
Mary,F,19259,1909
Helen,F,9250,1909
Margaret,F,7358,1909
Ruth,F,6509,1909
Dorothy,F,6253,1909
Anna,F,5804,1909
Elizabeth,F,5176,1909
Mildred,F,5054,1909
Marie,F,4301,1909
Alice,F,4170,1909
Florence,F,3789,1909
Frances,F,3780,1909
Ethel,F,3661,1909
Lillian,F,3596,1909
Gladys,F,3538,1909
Edna,F,3429,1909
Rose,F,3374,1909
Evelyn,F,3157,1909
Louise,F,3019,1909
Irene,F,2961,1909
Grace,F,2912,1909
Annie,F,2904,1909
Catherine,F,2897,1909
Hazel,F,2708,1909
Gertrude,F,2622,1909
John,M,9590,1909
William,M,7913,1909
James,M,7595,1909
George,M,4688,1909
Robert,M,4563,1909
Joseph,M,4348,1909
Charles,M,4029,1909
Frank,M,3244,1909
Edward,M,2935,1909
Thomas,M,2468,1909
Henry,M,2411,1909
Walter,M,2287,1909
Willie,M,2175,1909
Harry,M,1924,1909
Albert,M,1816,1909
Harold,M,1725,1909
Paul,M,1676,1909
Arthur,M,1665,1909
Clarence,M,1518,1909
Raymond,M,1441,1909
Richard,M,1427,1909
Fred,M,1355,1909
Joe,M,1292,1909
Louis,M,1231,1909
Carl,M,1215,1909
Mary,F,22848,1910
Helen,F,10479,1910
Margaret,F,8226,1910
Dorothy,F,7318,1910
Ruth,F,7212,1910
Anna,F,6436,1910
Elizabeth,F,5800,1910
Mildred,F,5692,1910
Marie,F,4790,1910
Alice,F,4671,1910
Frances,F,4448,1910
Florence,F,4282,1910
Ethel,F,4146,1910
Lillian,F,4127,1910
Gladys,F,3842,1910
Rose,F,3837,1910
Evelyn,F,3777,1910
Edna,F,3664,1910
Annie,F,3519,1910
Louise,F,3457,1910
Irene,F,3281,1910
Catherine,F,3161,1910
Grace,F,3145,1910
Hazel,F,3032,1910
Thelma,F,2976,1910
John,M,11450,1910
James,M,9194,1910
William,M,8844,1910
Robert,M,5609,1910
George,M,5441,1910
Joseph,M,5228,1910
Charles,M,4784,1910
Frank,M,3768,1910
Edward,M,3407,1910
Henry,M,2899,1910
Willie,M,2897,1910
Thomas,M,2851,1910
Walter,M,2596,1910
Albert,M,2183,1910
Paul,M,2005,1910
Harry,M,1978,1910
Arthur,M,1942,1910
Harold,M,1909,1910
Raymond,M,1737,1910
Clarence,M,1706,1910
Richard,M,1654,1910
Fred,M,1587,1910
Jack,M,1576,1910
Louis,M,1569,1910
Joe,M,1553,1910
Mary,F,24390,1911
Helen,F,11801,1911
Margaret,F,9279,1911
Dorothy,F,8869,1911
Ruth,F,8003,1911
Anna,F,6753,1911
Elizabeth,F,6298,1911
Mildred,F,6271,1911
Marie,F,5017,1911
Frances,F,4967,1911
Alice,F,4813,1911
Florence,F,4424,1911
Lillian,F,4367,1911
Rose,F,4151,1911
Ethel,F,4141,1911
Evelyn,F,4076,1911
Edna,F,3957,1911
Gladys,F,3933,1911
Louise,F,3725,1911
Catherine,F,3565,1911
Irene,F,3502,1911
Ruby,F,3372,1911
Grace,F,3304,1911
Annie,F,3298,1911
Hazel,F,3290,1911
John,M,13446,1911
William,M,10593,1911
James,M,9952,1911
George,M,6586,1911
Robert,M,6526,1911
Joseph,M,6488,1911
Charles,M,5725,1911
Frank,M,4314,1911
Edward,M,4164,1911
Thomas,M,3292,1911
Henry,M,3167,1911
Walter,M,3074,1911
Harry,M,2538,1911
Willie,M,2492,1911
Albert,M,2478,1911
Harold,M,2448,1911
Paul,M,2393,1911
Arthur,M,2376,1911
Raymond,M,2088,1911
Richard,M,2030,1911
Louis,M,1838,1911
Fred,M,1808,1911
Clarence,M,1775,1911
Ralph,M,1674,1911
Jack,M,1668,1911
Mary,F,32304,1912
Helen,F,16133,1912
Dorothy,F,12645,1912
Margaret,F,12536,1912
Ruth,F,11280,1912
Mildred,F,8764,1912
Anna,F,8586,1912
Elizabeth,F,8527,1912
Frances,F,6680,1912
Marie,F,6642,1912
Alice,F,6285,1912
Florence,F,5739,1912
Evelyn,F,5620,1912
Lillian,F,5568,1912
Rose,F,5431,1912
Edna,F,5136,1912
Louise,F,5116,1912
Ethel,F,5073,1912
Gladys,F,4980,1912
Virginia,F,4810,1912
Catherine,F,4666,1912
Irene,F,4646,1912
Ruby,F,4452,1912
Grace,F,4418,1912
Hazel,F,4197,1912
John,M,24588,1912
William,M,19626,1912
James,M,17644,1912
Robert,M,12836,1912
Joseph,M,12062,1912
George,M,11734,1912
Charles,M,11070,1912
Edward,M,7936,1912
Frank,M,7912,1912
Thomas,M,6087,1912
Walter,M,5809,1912
Henry,M,5643,1912
Harold,M,5102,1912
Paul,M,4785,1912
Arthur,M,4685,1912
Harry,M,4624,1912
Albert,M,4587,1912
Raymond,M,4374,1912
Richard,M,4188,1912
Louis,M,3591,1912
Clarence,M,3590,1912
Willie,M,3508,1912
Ralph,M,3435,1912
Carl,M,3224,1912
Howard,M,3212,1912
Mary,F,36642,1913
Helen,F,18888,1913
Dorothy,F,14674,1913
Margaret,F,14486,1913
Ruth,F,12609,1913
Mildred,F,9921,1913
Anna,F,9687,1913
Elizabeth,F,9505,1913
Frances,F,7694,1913
Marie,F,7353,1913
Alice,F,6934,1913
Evelyn,F,6683,1913
Florence,F,6279,1913
Rose,F,6171,1913
Virginia,F,6036,1913
Lillian,F,6015,1913
Louise,F,5577,1913
Edna,F,5558,1913
Gladys,F,5428,1913
Ethel,F,5369,1913
Irene,F,5335,1913
Catherine,F,5302,1913
Ruby,F,4913,1913
Josephine,F,4822,1913
Grace,F,4669,1913
John,M,29329,1913
William,M,23538,1913
James,M,20832,1913
Robert,M,15684,1913
Joseph,M,14471,1913
George,M,13874,1913
Charles,M,13190,1913
Edward,M,9474,1913
Frank,M,9237,1913
Thomas,M,7096,1913
Walter,M,6890,1913
Henry,M,6391,1913
Harold,M,6157,1913
Paul,M,5966,1913
Harry,M,5458,1913
Albert,M,5449,1913
Arthur,M,5422,1913
Raymond,M,5310,1913
Richard,M,5107,1913
Louis,M,4258,1913
Clarence,M,4046,1913
Ralph,M,3963,1913
Carl,M,3935,1913
Willie,M,3760,1913
Donald,M,3703,1913
Mary,F,45346,1914
Helen,F,23221,1914
Dorothy,F,18782,1914
Margaret,F,17763,1914
Ruth,F,15839,1914
Anna,F,11865,1914
Mildred,F,11649,1914
Elizabeth,F,11367,1914
Frances,F,9677,1914
Marie,F,8829,1914
Evelyn,F,8506,1914
Alice,F,8198,1914
Florence,F,7886,1914
Virginia,F,7601,1914
Rose,F,7574,1914
Lillian,F,7354,1914
Louise,F,6648,1914
Catherine,F,6613,1914
Edna,F,6289,1914
Gladys,F,6227,1914
Ethel,F,6204,1914
Irene,F,6197,1914
Josephine,F,5896,1914
Ruby,F,5625,1914
Grace,F,5594,1914
John,M,37947,1914
William,M,29753,1914
James,M,26262,1914
Robert,M,21188,1914
Joseph,M,18829,1914
George,M,17602,1914
Charles,M,16937,1914
Edward,M,12319,1914
Frank,M,12002,1914
Walter,M,8962,1914
Thomas,M,8850,1914
Henry,M,8110,1914
Paul,M,7733,1914
Harold,M,7563,1914
Albert,M,6942,1914
Raymond,M,6821,1914
Richard,M,6669,1914
Arthur,M,6641,1914
Harry,M,6588,1914
Louis,M,5495,1914
Ralph,M,5009,1914
Clarence,M,4909,1914
Donald,M,4835,1914
Carl,M,4807,1914
Willie,M,4709,1914
Mary,F,58187,1915
Helen,F,30866,1915
Dorothy,F,25154,1915
Margaret,F,23054,1915
Ruth,F,21878,1915
Mildred,F,15254,1915
Anna,F,15119,1915
Elizabeth,F,14103,1915
Frances,F,12786,1915
Evelyn,F,11595,1915
Marie,F,11363,1915
Virginia,F,10952,1915
Alice,F,10525,1915
Florence,F,10105,1915
Lillian,F,9546,1915
Rose,F,9375,1915
Irene,F,8323,1915
Louise,F,8313,1915
Catherine,F,8181,1915
Edna,F,8144,1915
Gladys,F,7857,1915
Josephine,F,7606,1915
Ethel,F,7379,1915
Ruby,F,7237,1915
Martha,F,7216,1915
John,M,47576,1915
William,M,38563,1915
James,M,33773,1915
Robert,M,28737,1915
Joseph,M,23051,1915
George,M,22307,1915
Charles,M,21960,1915
Edward,M,15889,1915
Frank,M,15006,1915
Thomas,M,11490,1915
Walter,M,11255,1915
Harold,M,10444,1915
Paul,M,10328,1915
Henry,M,10138,1915
Richard,M,9143,1915
Raymond,M,8981,1915
Albert,M,8825,1915
Arthur,M,8564,1915
Harry,M,8470,1915
Donald,M,7115,1915
Ralph,M,6816,1915
Carl,M,6613,1915
Louis,M,6518,1915
Clarence,M,6267,1915
Howard,M,6103,1915
Mary,F,61438,1916
Helen,F,32661,1916
Dorothy,F,27418,1916
Margaret,F,24953,1916
Ruth,F,23189,1916
Mildred,F,15633,1916
Anna,F,15228,1916
Elizabeth,F,14940,1916
Frances,F,13746,1916
Virginia,F,12487,1916
Evelyn,F,11889,1916
Marie,F,11682,1916
Alice,F,10719,1916
Florence,F,10412,1916
Rose,F,9605,1916
Lillian,F,9592,1916
Irene,F,9035,1916
Louise,F,8630,1916
Edna,F,8625,1916
Catherine,F,8469,1916
Josephine,F,8127,1916
Gladys,F,8019,1916
Ruby,F,7686,1916
Martha,F,7610,1916
Ethel,F,7601,1916
John,M,50043,1916
William,M,40418,1916
James,M,35568,1916
Robert,M,31741,1916
Joseph,M,23883,1916
Charles,M,23612,1916
George,M,23381,1916
Edward,M,17005,1916
Frank,M,15291,1916
Thomas,M,11998,1916
Walter,M,11760,1916
Paul,M,10790,1916
Harold,M,10698,1916
Henry,M,10656,1916
Richard,M,10134,1916
Raymond,M,9565,1916
Albert,M,9044,1916
Arthur,M,8921,1916
Harry,M,8476,1916
Donald,M,7737,1916
Ralph,M,7085,1916
Louis,M,6817,1916
Carl,M,6786,1916
Clarence,M,6304,1916
Howard,M,6171,1916
Mary,F,64280,1917
Helen,F,34251,1917
Dorothy,F,28852,1917
Margaret,F,25560,1917
Ruth,F,23568,1917
Mildred,F,16256,1917
Anna,F,15160,1917
Elizabeth,F,15131,1917
Frances,F,14363,1917
Virginia,F,14261,1917
Evelyn,F,12532,1917
Marie,F,11813,1917
Alice,F,10990,1917
Florence,F,10538,1917
Lillian,F,9843,1917
Rose,F,9783,1917
Irene,F,9163,1917
Catherine,F,8689,1917
Louise,F,8584,1917
Edna,F,8422,1917
Josephine,F,8326,1917
Martha,F,8261,1917
Gladys,F,8075,1917
Ethel,F,7865,1917
Doris,F,7819,1917
John,M,51852,1917
William,M,42422,1917
James,M,37338,1917
Robert,M,35220,1917
Joseph,M,24761,1917
George,M,24196,1917
Charles,M,24143,1917
Edward,M,17501,1917
Frank,M,15768,1917
Thomas,M,12611,1917
Walter,M,12582,1917
Harold,M,11194,1917
Paul,M,11156,1917
Richard,M,10914,1917
Henry,M,10696,1917
Raymond,M,9956,1917
Arthur,M,9282,1917
Albert,M,9157,1917
Harry,M,8856,1917
Donald,M,8729,1917
Ralph,M,7391,1917
Jack,M,6874,1917
Louis,M,6771,1917
Carl,M,6699,1917
Clarence,M,6587,1917
Mary,F,67365,1918
Helen,F,36148,1918
Dorothy,F,32030,1918
Margaret,F,27139,1918
Ruth,F,25535,1918
Mildred,F,17258,1918
Virginia,F,16421,1918
Frances,F,16131,1918
Elizabeth,F,15853,1918
Anna,F,15666,1918
Evelyn,F,13493,1918
Marie,F,12589,1918
Alice,F,11590,1918
Florence,F,11318,1918
Lillian,F,9986,1918
Irene,F,9774,1918
Rose,F,9568,1918
Louise,F,9111,1918
Doris,F,9061,1918
Catherine,F,8842,1918
Betty,F,8803,1918
Gladys,F,8734,1918
Edna,F,8698,1918
Josephine,F,8682,1918
Martha,F,8342,1918
John,M,56558,1918
William,M,45291,1918
James,M,42115,1918
Robert,M,40619,1918
Charles,M,26921,1918
George,M,26318,1918
Joseph,M,26261,1918
Edward,M,19489,1918
Frank,M,17018,1918
Thomas,M,13910,1918
Walter,M,13338,1918
Richard,M,12323,1918
Harold,M,12185,1918
Paul,M,11755,1918
Raymond,M,11604,1918
Henry,M,11354,1918
Arthur,M,10105,1918
Donald,M,9972,1918
Albert,M,9935,1918
Harry,M,9896,1918
Jack,M,8341,1918
Ralph,M,8162,1918
Clarence,M,7187,1918
Louis,M,7082,1918
Carl,M,7003,1918
Mary,F,65836,1919
Helen,F,33706,1919
Dorothy,F,31733,1919
Margaret,F,26238,1919
Ruth,F,24562,1919
Mildred,F,17300,1919
Virginia,F,15636,1919
Elizabeth,F,15287,1919
Frances,F,15107,1919
Anna,F,14498,1919
Evelyn,F,13321,1919
Marie,F,12008,1919
Alice,F,11141,1919
Florence,F,10482,1919
Betty,F,10106,1919
Irene,F,9712,1919
Lillian,F,9516,1919
Doris,F,9433,1919
Rose,F,9195,1919
Louise,F,8812,1919
Gladys,F,8717,1919
Edna,F,8404,1919
Catherine,F,8335,1919
Ruby,F,8334,1919
Martha,F,8322,1919
John,M,53523,1919
William,M,43970,1919
James,M,42392,1919
Robert,M,41025,1919
Charles,M,25192,1919
George,M,25170,1919
Joseph,M,24266,1919
Edward,M,18536,1919
Frank,M,15701,1919
Thomas,M,13434,1919
Walter,M,12879,1919
Richard,M,12441,1919
Harold,M,12021,1919
Raymond,M,11384,1919
Paul,M,11305,1919
Henry,M,10613,1919
Donald,M,9904,1919
Albert,M,9607,1919
Arthur,M,9540,1919
Harry,M,8990,1919
Jack,M,8263,1919
Ralph,M,7709,1919
Willie,M,6942,1919
Howard,M,6843,1919
Clarence,M,6825,1919
Mary,F,70983,1920
Dorothy,F,36643,1920
Helen,F,35097,1920
Margaret,F,27994,1920
Ruth,F,26102,1920
Mildred,F,18060,1920
Virginia,F,17314,1920
Elizabeth,F,15908,1920
Frances,F,15883,1920
Anna,F,14581,1920
Betty,F,14016,1920
Evelyn,F,13838,1920
Marie,F,12743,1920
Doris,F,11892,1920
Alice,F,11596,1920
Florence,F,10731,1920
Irene,F,10072,1920
Lillian,F,10049,1920
Louise,F,9179,1920
Rose,F,9011,1920
Catherine,F,8878,1920
Gladys,F,8819,1920
Martha,F,8709,1920
Marjorie,F,8658,1920
Eleanor,F,8497,1920
John,M,56913,1920
William,M,50146,1920
Robert,M,48679,1920
James,M,47908,1920
Charles,M,28309,1920
George,M,26891,1920
Joseph,M,25587,1920
Edward,M,20097,1920
Frank,M,16430,1920
Richard,M,15010,1920
Thomas,M,14936,1920
Harold,M,13678,1920
Walter,M,13294,1920
Paul,M,12570,1920
Raymond,M,12193,1920
Donald,M,11941,1920
Henry,M,11305,1920
Arthur,M,10236,1920
Albert,M,9997,1920
Jack,M,9599,1920
Harry,M,9406,1920
Ralph,M,8556,1920
Kenneth,M,7840,1920
Howard,M,7466,1920
David,M,7444,1920
Mary,F,73984,1921
Dorothy,F,39087,1921
Helen,F,34822,1921
Margaret,F,28468,1921
Ruth,F,25783,1921
Virginia,F,19032,1921
Mildred,F,17880,1921
Betty,F,17638,1921
Frances,F,15993,1921
Elizabeth,F,15800,1921
Anna,F,14476,1921
Evelyn,F,14278,1921
Doris,F,13152,1921
Marie,F,12501,1921
Alice,F,11955,1921
Marjorie,F,11209,1921
Florence,F,10720,1921
Irene,F,10624,1921
Lillian,F,9770,1921
Rose,F,9352,1921
Martha,F,9264,1921
Louise,F,9180,1921
Catherine,F,8887,1921
Gladys,F,8814,1921
Jean,F,8592,1921
John,M,58215,1921
Robert,M,52779,1921
William,M,51862,1921
James,M,49750,1921
Charles,M,29242,1921
George,M,27476,1921
Joseph,M,26182,1921
Edward,M,20817,1921
Frank,M,16705,1921
Richard,M,16376,1921
Thomas,M,15308,1921
Harold,M,13811,1921
Donald,M,13776,1921
Paul,M,13169,1921
Walter,M,13004,1921
Raymond,M,12645,1921
Henry,M,11411,1921
Jack,M,10757,1921
Arthur,M,10527,1921
Albert,M,10158,1921
Harry,M,9731,1921
Kenneth,M,8959,1921
Ralph,M,8860,1921
Warren,M,7798,1921
David,M,7765,1921
Mary,F,72176,1922
Dorothy,F,37716,1922
Helen,F,32510,1922
Margaret,F,26862,1922
Ruth,F,23633,1922
Betty,F,20894,1922
Virginia,F,19144,1922
Mildred,F,16412,1922
Elizabeth,F,15243,1922
Frances,F,15054,1922
Doris,F,13798,1922
Anna,F,13408,1922
Evelyn,F,13319,1922
Marie,F,11912,1922
Alice,F,11277,1922
Marjorie,F,10385,1922
Irene,F,10173,1922
Florence,F,10036,1922
Lillian,F,9430,1922
Jean,F,9109,1922
Martha,F,9021,1922
Louise,F,8886,1922
Rose,F,8791,1922
Catherine,F,8537,1922
Gladys,F,8042,1922
John,M,57281,1922
Robert,M,53796,1922
William,M,51112,1922
James,M,49803,1922
Charles,M,28839,1922
George,M,27350,1922
Joseph,M,25699,1922
Edward,M,20419,1922
Richard,M,17537,1922
Frank,M,16013,1922
Thomas,M,15261,1922
Donald,M,14913,1922
Harold,M,13593,1922
Paul,M,12922,1922
Walter,M,12631,1922
Raymond,M,12129,1922
Henry,M,11207,1922
Jack,M,10847,1922
Arthur,M,10114,1922
Albert,M,9896,1922
Kenneth,M,9258,1922
Harry,M,9077,1922
Ralph,M,8484,1922
David,M,7865,1922
Eugene,M,7849,1922
Mary,F,71635,1923
Dorothy,F,39043,1923
Helen,F,31486,1923
Margaret,F,26135,1923
Betty,F,25990,1923
Ruth,F,23638,1923
Virginia,F,18326,1923
Mildred,F,15989,1923
Elizabeth,F,15460,1923
Frances,F,14881,1923
Doris,F,14610,1923
Evelyn,F,13174,1923
Anna,F,12865,1923
Marie,F,11513,1923
Alice,F,11331,1923
Marjorie,F,10220,1923
Irene,F,10053,1923
Florence,F,9746,1923
Jean,F,9511,1923
Lillian,F,9327,1923
Martha,F,8961,1923
Louise,F,8882,1923
Rose,F,8440,1923
Catherine,F,8437,1923
Ruby,F,8232,1923
John,M,57467,1923
Robert,M,56113,1923
William,M,52136,1923
James,M,50463,1923
Charles,M,28966,1923
George,M,27024,1923
Joseph,M,25561,1923
Edward,M,20597,1923
Richard,M,18887,1923
Donald,M,16433,1923
Frank,M,15903,1923
Thomas,M,15886,1923
Harold,M,13874,1923
Paul,M,13362,1923
Raymond,M,12460,1923
Walter,M,12433,1923
Jack,M,11190,1923
Henry,M,11067,1923
Arthur,M,9924,1923
Albert,M,9825,1923
Kenneth,M,9734,1923
Harry,M,9261,1923
Ralph,M,8629,1923
David,M,8230,1923
Eugene,M,7947,1923
Mary,F,73534,1924
Dorothy,F,39996,1924
Helen,F,31194,1924
Betty,F,30600,1924
Margaret,F,26546,1924
Ruth,F,23600,1924
Virginia,F,18620,1924
Mildred,F,15853,1924
Doris,F,15786,1924
Frances,F,15183,1924
Elizabeth,F,14950,1924
Evelyn,F,13358,1924
Anna,F,13076,1924
Marie,F,11575,1924
Alice,F,11537,1924
Jean,F,10721,1924
Marjorie,F,10069,1924
Irene,F,9928,1924
Shirley,F,9489,1924
Florence,F,9472,1924
Martha,F,9320,1924
Lois,F,9299,1924
Lillian,F,9100,1924
Louise,F,8853,1924
Rose,F,8479,1924
Robert,M,60799,1924
John,M,59052,1924
William,M,53506,1924
James,M,52941,1924
Charles,M,30460,1924
George,M,27374,1924
Joseph,M,25421,1924
Richard,M,21244,1924
Edward,M,21126,1924
Donald,M,17929,1924
Thomas,M,16555,1924
Frank,M,16044,1924
Harold,M,14149,1924
Paul,M,13339,1924
Raymond,M,12872,1924
Walter,M,12696,1924
Jack,M,11921,1924
Henry,M,11195,1924
Kenneth,M,10355,1924
Arthur,M,10172,1924
Albert,M,9880,1924
Harry,M,9115,1924
Ralph,M,8766,1924
David,M,8758,1924
Eugene,M,8346,1924
Mary,F,70586,1925
Dorothy,F,38570,1925
Betty,F,32812,1925
Helen,F,29173,1925
Margaret,F,24462,1925
Ruth,F,22247,1925
Virginia,F,17490,1925
Doris,F,16075,1925
Mildred,F,14453,1925
Elizabeth,F,13936,1925
Frances,F,13825,1925
Evelyn,F,12505,1925
Anna,F,12250,1925
Jean,F,11598,1925
Alice,F,11576,1925
Marie,F,10930,1925
Shirley,F,10513,1925
Lois,F,9573,1925
Irene,F,9440,1925
Gloria,F,9381,1925
Marjorie,F,9306,1925
Barbara,F,9155,1925
Martha,F,8762,1925
Florence,F,8585,1925
Lillian,F,8352,1925
Robert,M,60896,1925
John,M,57195,1925
William,M,53309,1925
James,M,52679,1925
Charles,M,29580,1925
George,M,26561,1925
Joseph,M,24614,1925
Richard,M,23269,1925
Edward,M,20090,1925
Donald,M,19193,1925
Thomas,M,16688,1925
Frank,M,15329,1925
Paul,M,14174,1925
Harold,M,13597,1925
Raymond,M,12442,1925
Walter,M,12130,1925
Jack,M,12011,1925
Henry,M,10618,1925
Kenneth,M,10146,1925
Arthur,M,9986,1925
Albert,M,9511,1925
David,M,8915,1925
Harry,M,8611,1925
Eugene,M,8517,1925
Ralph,M,8467,1925
Mary,F,67833,1926
Dorothy,F,36618,1926
Betty,F,32964,1926
Helen,F,26885,1926
Margaret,F,23073,1926
Ruth,F,20225,1926
Doris,F,16295,1926
Virginia,F,16161,1926
Mildred,F,13548,1926
Frances,F,13355,1926
Elizabeth,F,12837,1926
Jean,F,12168,1926
Evelyn,F,11780,1926
Shirley,F,11761,1926
Anna,F,11698,1926
Barbara,F,11079,1926
Alice,F,10956,1926
Marie,F,10629,1926
Lois,F,9817,1926
Gloria,F,9199,1926
Irene,F,9169,1926
Marjorie,F,8640,1926
Patricia,F,8586,1926
Martha,F,8556,1926
Rose,F,8509,1926
Robert,M,61130,1926
John,M,56108,1926
James,M,53197,1926
William,M,51922,1926
Charles,M,29521,1926
George,M,25909,1926
Richard,M,25143,1926
Joseph,M,23756,1926
Donald,M,20912,1926
Edward,M,19375,1926
Thomas,M,16592,1926
Frank,M,14493,1926
Paul,M,13653,1926
Harold,M,13311,1926
Raymond,M,12809,1926
Jack,M,12195,1926
Walter,M,11774,1926
Kenneth,M,10342,1926
Henry,M,9994,1926
Arthur,M,9465,1926
Albert,M,9146,1926
David,M,9041,1926
Eugene,M,9016,1926
Ralph,M,8455,1926
Harry,M,8215,1926
Mary,F,70642,1927
Dorothy,F,35993,1927
Betty,F,35423,1927
Helen,F,25317,1927
Margaret,F,21964,1927
Ruth,F,19412,1927
Doris,F,16512,1927
Virginia,F,15733,1927
Shirley,F,13314,1927
Barbara,F,13161,1927
Mildred,F,13053,1927
Frances,F,12988,1927
Elizabeth,F,12523,1927
Jean,F,12512,1927
Evelyn,F,11495,1927
Anna,F,11215,1927
Alice,F,10679,1927
Patricia,F,10554,1927
Lois,F,10505,1927
Marie,F,10317,1927
Irene,F,8607,1927
Gloria,F,8534,1927
Rose,F,8497,1927
Martha,F,8304,1927
Marjorie,F,8115,1927
Robert,M,61674,1927
John,M,55949,1927
James,M,53675,1927
William,M,51476,1927
Charles,M,31941,1927
Richard,M,26768,1927
George,M,25949,1927
Donald,M,23834,1927
Joseph,M,23505,1927
Edward,M,19114,1927
Thomas,M,17027,1927
Frank,M,14377,1927
Paul,M,13605,1927
Harold,M,13226,1927
Raymond,M,12807,1927
Jack,M,12802,1927
Walter,M,11346,1927
Kenneth,M,10848,1927
Henry,M,9871,1927
Eugene,M,9742,1927
David,M,9426,1927
Arthur,M,9338,1927
Albert,M,9128,1927
Ralph,M,8434,1927
Harry,M,8019,1927
Mary,F,66872,1928
Betty,F,36083,1928
Dorothy,F,33733,1928
Helen,F,22937,1928
Margaret,F,20295,1928
Ruth,F,17859,1928
Doris,F,16574,1928
Barbara,F,14872,1928
Virginia,F,14500,1928
Shirley,F,14215,1928
Patricia,F,12331,1928
Jean,F,12209,1928
Frances,F,12137,1928
Elizabeth,F,11767,1928
Mildred,F,11652,1928
Anna,F,10575,1928
Evelyn,F,10533,1928
Lois,F,10425,1928
Alice,F,10139,1928
Dolores,F,9614,1928
Marie,F,9286,1928
Martha,F,8252,1928
Norma,F,8165,1928
Rose,F,8161,1928
Gloria,F,8119,1928
Robert,M,60701,1928
John,M,53761,1928
James,M,52753,1928
William,M,49119,1928
Charles,M,31244,1928
Richard,M,28794,1928
Donald,M,25705,1928
George,M,24391,1928
Joseph,M,22319,1928
Edward,M,18492,1928
Thomas,M,16582,1928
Frank,M,13570,1928
Paul,M,13159,1928
Harold,M,12669,1928
Jack,M,12494,1928
Raymond,M,11947,1928
Kenneth,M,11167,1928
Walter,M,10651,1928
David,M,9992,1928
Eugene,M,9709,1928
Henry,M,9313,1928
Arthur,M,8880,1928
Albert,M,8812,1928
Ralph,M,8100,1928
Herbert,M,8065,1928
Mary,F,63511,1929
Betty,F,36677,1929
Dorothy,F,31477,1929
Helen,F,20982,1929
Margaret,F,19211,1929
Doris,F,16498,1929
Barbara,F,16038,1929
Ruth,F,16022,1929
Shirley,F,14576,1929
Patricia,F,13624,1929
Virginia,F,13234,1929
Jean,F,11865,1929
Joan,F,11666,1929
Dolores,F,11506,1929
Elizabeth,F,11248,1929
Frances,F,11092,1929
Lois,F,10295,1929
Mildred,F,10255,1929
Evelyn,F,9886,1929
Anna,F,9750,1929
Alice,F,9480,1929
Marie,F,9158,1929
Joyce,F,8596,1929
Phyllis,F,7995,1929
Norma,F,7894,1929
Robert,M,59808,1929
James,M,52133,1929
John,M,52110,1929
William,M,47814,1929
Charles,M,29929,1929
Richard,M,29570,1929
Donald,M,27181,1929
George,M,23021,1929
Joseph,M,21165,1929
Edward,M,17220,1929
Thomas,M,16274,1929
Frank,M,12966,1929
Paul,M,12431,1929
Jack,M,12167,1929
Raymond,M,11909,1929
Harold,M,11677,1929
David,M,11301,1929
Kenneth,M,10841,1929
Walter,M,9850,1929
Eugene,M,9045,1929
Henry,M,8571,1929
Arthur,M,8470,1929
Billy,M,8320,1929
Albert,M,8079,1929
Herbert,M,7881,1929
Mary,F,64153,1930
Betty,F,38238,1930
Dorothy,F,30409,1930
Helen,F,19913,1930
Margaret,F,18351,1930
Barbara,F,18280,1930
Patricia,F,15751,1930
Joan,F,15478,1930
Doris,F,15464,1930
Ruth,F,14942,1930
Shirley,F,14775,1930
Virginia,F,13197,1930
Dolores,F,12842,1930
Jean,F,11986,1930
Elizabeth,F,10995,1930
Frances,F,10644,1930
Lois,F,10114,1930
Joyce,F,9658,1930
Evelyn,F,9536,1930
Alice,F,9516,1930
Mildred,F,9355,1930
Marilyn,F,9288,1930
Anna,F,9081,1930
Nancy,F,9068,1930
Norma,F,8511,1930
Robert,M,62152,1930
James,M,53957,1930
John,M,52447,1930
William,M,47271,1930
Richard,M,32186,1930
Charles,M,31867,1930
Donald,M,29051,1930
George,M,22787,1930
Joseph,M,20981,1930
Edward,M,17351,1930
Thomas,M,17007,1930
Paul,M,12954,1930
Frank,M,12535,1930
Jack,M,12429,1930
David,M,12275,1930
Raymond,M,11713,1930
Kenneth,M,11704,1930
Harold,M,11661,1930
Walter,M,9731,1930
Billy,M,9286,1930
Eugene,M,9028,1930
Henry,M,8594,1930
Arthur,M,8284,1930
Albert,M,7948,1930
Ralph,M,7634,1930
Mary,F,60299,1931
Betty,F,36105,1931
Dorothy,F,26524,1931
Barbara,F,21803,1931
Joan,F,19119,1931
Helen,F,17664,1931
Margaret,F,17332,1931
Patricia,F,16470,1931
Shirley,F,14405,1931
Doris,F,13629,1931
Ruth,F,13131,1931
Virginia,F,11886,1931
Jean,F,11013,1931
Dolores,F,10806,1931
Joyce,F,10580,1931
Elizabeth,F,10292,1931
Nancy,F,10036,1931
Frances,F,9718,1931
Marilyn,F,9664,1931
Lois,F,9348,1931
Alice,F,8816,1931
Norma,F,8759,1931
Gloria,F,8547,1931
Evelyn,F,8491,1931
Anna,F,8429,1931
Robert,M,60520,1931
James,M,51213,1931
John,M,48422,1931
William,M,43280,1931
Richard,M,31823,1931
Charles,M,29933,1931
Donald,M,29102,1931
George,M,20686,1931
Joseph,M,19327,1931
Thomas,M,16846,1931
Edward,M,15647,1931
Paul,M,12255,1931
David,M,11783,1931
Kenneth,M,11568,1931
Jack,M,11489,1931
Frank,M,11472,1931
Raymond,M,10854,1931
Harold,M,10694,1931
Billy,M,9263,1931
Walter,M,8940,1931
Eugene,M,8152,1931
Henry,M,7805,1931
Arthur,M,7525,1931
Albert,M,7131,1931
Ralph,M,6960,1931
Mary,F,59881,1932
Betty,F,34420,1932
Barbara,F,26318,1932
Dorothy,F,24977,1932
Joan,F,21044,1932
Patricia,F,17990,1932
Margaret,F,16556,1932
Helen,F,16376,1932
Shirley,F,14476,1932
Doris,F,12910,1932
Ruth,F,12256,1932
Joyce,F,11362,1932
Nancy,F,10948,1932
Virginia,F,10755,1932
Jean,F,10670,1932
Marilyn,F,10567,1932
Elizabeth,F,9999,1932
Dolores,F,9630,1932
Frances,F,9552,1932
Lois,F,9519,1932
Alice,F,8536,1932
Norma,F,8406,1932
Evelyn,F,7958,1932
Anna,F,7924,1932
Gloria,F,7813,1932
Robert,M,59268,1932
James,M,51931,1932
John,M,48625,1932
William,M,42127,1932
Richard,M,31809,1932
Charles,M,31093,1932
Donald,M,29792,1932
George,M,20438,1932
Joseph,M,18565,1932
Thomas,M,16835,1932
Edward,M,15190,1932
David,M,12139,1932
Paul,M,12067,1932
Kenneth,M,11742,1932
Frank,M,11497,1932
Ronald,M,11143,1932
Jack,M,10717,1932
Harold,M,10433,1932
Raymond,M,10346,1932
Billy,M,9435,1932
Walter,M,8668,1932
Eugene,M,8046,1932
Henry,M,7470,1932
Gerald,M,7347,1932
Arthur,M,6916,1932
Mary,F,55517,1933
Betty,F,31531,1933
Barbara,F,26949,1933
Dorothy,F,22052,1933
Joan,F,19294,1933
Patricia,F,18632,1933
Margaret,F,15240,1933
Helen,F,14644,1933
Shirley,F,14320,1933
Doris,F,12025,1933
Nancy,F,11869,1933
Joyce,F,11191,1933
Ruth,F,11137,1933
Jean,F,9966,1933
Virginia,F,9719,1933
Marilyn,F,9126,1933
Elizabeth,F,9016,1933
Frances,F,8882,1933
Lois,F,8655,1933
Carol,F,8220,1933
Dolores,F,8022,1933
Alice,F,7697,1933
Norma,F,7483,1933
Donna,F,7360,1933
Janet,F,7342,1933
Robert,M,54219,1933
James,M,51110,1933
John,M,46225,1933
William,M,39047,1933
Richard,M,31331,1933
Charles,M,28990,1933
Donald,M,28450,1933
George,M,18355,1933
Joseph,M,17162,1933
Thomas,M,16506,1933
Edward,M,13797,1933
Ronald,M,12061,1933
David,M,12027,1933
Paul,M,11854,1933
Kenneth,M,11410,1933
Frank,M,10964,1933
Jack,M,9838,1933
Harold,M,9543,1933
Raymond,M,9512,1933
Billy,M,8939,1933
Walter,M,7755,1933
Gerald,M,7422,1933
Eugene,M,7352,1933
Henry,M,6726,1933
Arthur,M,6526,1933
Mary,F,56931,1934
Betty,F,31088,1934
Barbara,F,29239,1934
Shirley,F,22841,1934
Dorothy,F,21281,1934
Patricia,F,20844,1934
Joan,F,19465,1934
Margaret,F,15145,1934
Helen,F,14101,1934
Nancy,F,13520,1934
Doris,F,11627,1934
Joyce,F,11459,1934
Ruth,F,10565,1934
Carol,F,10274,1934
Virginia,F,10002,1934
Jean,F,9718,1934
Marilyn,F,9382,1934
Elizabeth,F,9346,1934
Frances,F,9207,1934
Lois,F,8387,1934
Janet,F,8070,1934
Beverly,F,7887,1934
Donna,F,7870,1934
Norma,F,7787,1934
Alice,F,7784,1934
Robert,M,55843,1934
James,M,54269,1934
John,M,46742,1934
William,M,40176,1934
Richard,M,33167,1934
Donald,M,30407,1934
Charles,M,29791,1934
George,M,18500,1934
Thomas,M,17372,1934
Joseph,M,17110,1934
Ronald,M,14088,1934
David,M,14003,1934
Edward,M,13917,1934
Paul,M,12196,1934
Kenneth,M,11801,1934
Frank,M,10636,1934
Jack,M,9985,1934
Harold,M,9926,1934
Raymond,M,9587,1934
Billy,M,9562,1934
Walter,M,8092,1934
Gerald,M,7816,1934
Bobby,M,7530,1934
Eugene,M,7145,1934
Jerry,M,7135,1934
Mary,F,55074,1935
Shirley,F,42365,1935
Barbara,F,30697,1935
Betty,F,28675,1935
Patricia,F,22879,1935
Dorothy,F,19406,1935
Joan,F,18221,1935
Margaret,F,14727,1935
Nancy,F,14544,1935
Helen,F,12784,1935
Carol,F,11734,1935
Joyce,F,11368,1935
Doris,F,10604,1935
Marilyn,F,10418,1935
Ruth,F,9989,1935
Virginia,F,9867,1935
Elizabeth,F,9075,1935
Jean,F,8852,1935
Frances,F,8770,1935
Beverly,F,7992,1935
Lois,F,7989,1935
Janet,F,7856,1935
Donna,F,7793,1935
Martha,F,7621,1935
Alice,F,7443,1935
Robert,M,56525,1935
James,M,55002,1935
John,M,47510,1935
William,M,40200,1935
Richard,M,33947,1935
Charles,M,29982,1935
Donald,M,29673,1935
George,M,18564,1935
Thomas,M,17685,1935
Joseph,M,17182,1935
David,M,15662,1935
Ronald,M,15489,1935
Edward,M,13844,1935
Paul,M,12563,1935
Kenneth,M,12066,1935
Frank,M,10421,1935
Raymond,M,9564,1935
Jack,M,9438,1935
Billy,M,9241,1935
Harold,M,9170,1935
Gerald,M,8458,1935
Jerry,M,8451,1935
Walter,M,7816,1935
Bobby,M,7726,1935
Joe,M,7554,1935
Mary,F,54374,1936
Shirley,F,35162,1936
Barbara,F,31682,1936
Betty,F,25867,1936
Patricia,F,23916,1936
Dorothy,F,17666,1936
Joan,F,17071,1936
Nancy,F,16754,1936
Margaret,F,14596,1936
Carol,F,14519,1936
Helen,F,12234,1936
Joyce,F,11988,1936
Marilyn,F,11064,1936
Virginia,F,9650,1936
Doris,F,9227,1936
Ruth,F,9217,1936
Beverly,F,8901,1936
Elizabeth,F,8860,1936
Frances,F,8789,1936
Jean,F,8536,1936
Janet,F,8081,1936
Donna,F,7932,1936
Carolyn,F,7907,1936
Martha,F,7391,1936
Phyllis,F,7374,1936
Robert,M,58501,1936
James,M,54696,1936
John,M,47679,1936
William,M,39398,1936
Richard,M,33492,1936
Charles,M,29100,1936
Donald,M,28640,1936
Thomas,M,18343,1936
George,M,18197,1936
David,M,17477,1936
Joseph,M,17452,1936
Ronald,M,16918,1936
Edward,M,14194,1936
Kenneth,M,12486,1936
Paul,M,12306,1936
Frank,M,10186,1936
Raymond,M,9458,1936
Jerry,M,9270,1936
Gerald,M,9017,1936
Jack,M,8857,1936
Harold,M,8629,1936
Billy,M,8587,1936
Joe,M,8023,1936
Bobby,M,7735,1936
Larry,M,7612,1936
Mary,F,55643,1937
Barbara,F,34917,1937
Patricia,F,26838,1937
Shirley,F,26823,1937
Betty,F,25337,1937
Carol,F,17336,1937
Nancy,F,17074,1937
Dorothy,F,16573,1937
Joan,F,15301,1937
Margaret,F,15143,1937
Joyce,F,11809,1937
Helen,F,11454,1937
Marilyn,F,9739,1937
Beverly,F,9632,1937
Ruth,F,9602,1937
Virginia,F,9516,1937
Elizabeth,F,9385,1937
Janet,F,9363,1937
Frances,F,9057,1937
Carolyn,F,8940,1937
Donna,F,8887,1937
Doris,F,8882,1937
Jean,F,8392,1937
Martha,F,7954,1937
Janice,F,7768,1937
Robert,M,61842,1937
James,M,56562,1937
John,M,48753,1937
William,M,40724,1937
Richard,M,32975,1937
Charles,M,30521,1937
Donald,M,27869,1937
David,M,20980,1937
Thomas,M,19771,1937
George,M,18439,1937
Ronald,M,18140,1937
Joseph,M,17323,1937
Edward,M,14930,1937
Kenneth,M,13218,1937
Paul,M,12880,1937
Larry,M,10320,1937
Jerry,M,10302,1937
Frank,M,10126,1937
Raymond,M,9571,1937
Gerald,M,9424,1937
Harold,M,8551,1937
Billy,M,8298,1937
Jack,M,8196,1937
Bobby,M,7745,1937
Joe,M,7744,1937
Mary,F,56225,1938
Barbara,F,39277,1938
Patricia,F,27558,1938
Betty,F,25505,1938
Shirley,F,23766,1938
Carol,F,19421,1938
Nancy,F,18951,1938
Dorothy,F,16357,1938
Margaret,F,15330,1938
Joan,F,14303,1938
Joyce,F,12697,1938
Judith,F,10878,1938
Helen,F,10837,1938
Sandra,F,10806,1938
Carolyn,F,10586,1938
Janet,F,9870,1938
Elizabeth,F,9802,1938
Beverly,F,9770,1938
Marilyn,F,9745,1938
Donna,F,9693,1938
Ruth,F,9303,1938
Virginia,F,9269,1938
Frances,F,8922,1938
Janice,F,8711,1938
Doris,F,8602,1938
Robert,M,62270,1938
James,M,59102,1938
John,M,50518,1938
William,M,42432,1938
Richard,M,34386,1938
Charles,M,31152,1938
Donald,M,26677,1938
David,M,22994,1938
Thomas,M,21380,1938
Ronald,M,20297,1938
George,M,18436,1938
Joseph,M,17740,1938
Edward,M,14550,1938
Kenneth,M,14399,1938
Paul,M,13360,1938
Larry,M,12393,1938
Jerry,M,12172,1938
Frank,M,10261,1938
Gerald,M,9972,1938
Raymond,M,9726,1938
Michael,M,9076,1938
Gary,M,8862,1938
Harold,M,8560,1938
Billy,M,8254,1938
Jack,M,8142,1938
Mary,F,54900,1939
Barbara,F,37257,1939
Patricia,F,29701,1939
Betty,F,23642,1939
Shirley,F,20445,1939
Carol,F,20166,1939
Nancy,F,19722,1939
Judith,F,16626,1939
Dorothy,F,15169,1939
Margaret,F,14951,1939
Joan,F,14143,1939
Joyce,F,13393,1939
Sandra,F,11970,1939
Carolyn,F,11290,1939
Linda,F,10713,1939
Helen,F,10419,1939
Janet,F,10120,1939
Elizabeth,F,9709,1939
Marilyn,F,9538,1939
Donna,F,9371,1939
Virginia,F,9227,1939
Ruth,F,9063,1939
Sharon,F,9014,1939
Janice,F,8779,1939
Beverly,F,8704,1939
Robert,M,59659,1939
James,M,59636,1939
John,M,51025,1939
William,M,42073,1939
Richard,M,35385,1939
Charles,M,30786,1939
David,M,25359,1939
Donald,M,24055,1939
Thomas,M,22128,1939
Ronald,M,19835,1939
George,M,17888,1939
Joseph,M,17723,1939
Kenneth,M,14715,1939
Larry,M,14531,1939
Edward,M,14428,1939
Jerry,M,13729,1939
Paul,M,13336,1939
Michael,M,10829,1939
Gerald,M,10057,1939
Frank,M,9990,1939
Gary,M,9681,1939
Raymond,M,9252,1939
Harold,M,8300,1939
Billy,M,7475,1939
Walter,M,7323,1939
Mary,F,56214,1940
Barbara,F,36735,1940
Patricia,F,32667,1940
Judith,F,22385,1940
Betty,F,22077,1940
Carol,F,21759,1940
Nancy,F,19737,1940
Linda,F,18369,1940
Shirley,F,17880,1940
Sandra,F,16154,1940
Margaret,F,15062,1940
Dorothy,F,14875,1940
Joyce,F,14802,1940
Joan,F,13292,1940
Carolyn,F,12657,1940
Judy,F,11383,1940
Sharon,F,11120,1940
Helen,F,10203,1940
Janet,F,10105,1940
Elizabeth,F,9956,1940
Virginia,F,9554,1940
Janice,F,9318,1940
Donna,F,9232,1940
Ruth,F,8887,1940
Marilyn,F,8703,1940
James,M,62481,1940
Robert,M,61194,1940
John,M,54784,1940
William,M,44781,1940
Richard,M,37425,1940
Charles,M,31690,1940
David,M,27691,1940
Thomas,M,23992,1940
Donald,M,23113,1940
Ronald,M,20740,1940
George,M,18313,1940
Joseph,M,18207,1940
Larry,M,17200,1940
Jerry,M,15213,1940
Kenneth,M,15131,1940
Edward,M,14404,1940
Paul,M,14097,1940
Michael,M,13228,1940
Gary,M,12573,1940
Frank,M,10596,1940
Gerald,M,10237,1940
Raymond,M,9568,1940
Harold,M,8078,1940
Dennis,M,7845,1940
Walter,M,7723,1940
Mary,F,58049,1941
Barbara,F,39543,1941
Patricia,F,36904,1941
Carol,F,24187,1941
Linda,F,23721,1941
Judith,F,23318,1941
Betty,F,20904,1941
Nancy,F,20883,1941
Sandra,F,19498,1941
Shirley,F,16955,1941
Carolyn,F,16273,1941
Margaret,F,15695,1941
Joyce,F,15683,1941
Dorothy,F,14566,1941
Sharon,F,14271,1941
Judy,F,13967,1941
Joan,F,13380,1941
Janet,F,11137,1941
Karen,F,10831,1941
Donna,F,10446,1941
Elizabeth,F,10268,1941
Janice,F,10061,1941
Virginia,F,10044,1941
Helen,F,9887,1941
Martha,F,9157,1941
James,M,66752,1941
Robert,M,64247,1941
John,M,57519,1941
William,M,47797,1941
Richard,M,39111,1941
Charles,M,32739,1941
David,M,30553,1941
Thomas,M,26643,1941
Ronald,M,24407,1941
Donald,M,22640,1941
Larry,M,20135,1941
Joseph,M,19808,1941
George,M,19260,1941
Jerry,M,16799,1941
Kenneth,M,16143,1941
Michael,M,15935,1941
Edward,M,15581,1941
Paul,M,15167,1941
Gary,M,14568,1941
Gerald,M,10941,1941
Frank,M,10795,1941
Raymond,M,9947,1941
Dennis,M,9562,1941
Harold,M,8103,1941
Roger,M,8094,1941
Mary,F,63255,1942
Barbara,F,44739,1942
Patricia,F,39464,1942
Linda,F,31614,1942
Carol,F,30271,1942
Sandra,F,24993,1942
Judith,F,24792,1942
Nancy,F,23328,1942
Betty,F,21659,1942
Carolyn,F,19977,1942
Sharon,F,19648,1942
Shirley,F,17749,1942
Joyce,F,16728,1942
Margaret,F,16548,1942
Judy,F,15667,1942
Karen,F,15386,1942
Dorothy,F,15035,1942
Joan,F,14514,1942
Janet,F,13064,1942
Donna,F,12986,1942
Susan,F,12015,1942
Elizabeth,F,11185,1942
Virginia,F,10802,1942
Kathleen,F,10696,1942
Janice,F,10286,1942
James,M,77180,1942
Robert,M,71841,1942
John,M,66041,1942
William,M,54891,1942
Richard,M,43592,1942
David,M,35905,1942
Charles,M,35855,1942
Thomas,M,31097,1942
Ronald,M,27136,1942
Donald,M,23956,1942
Joseph,M,22429,1942
Larry,M,22099,1942
Michael,M,21728,1942
George,M,21275,1942
Kenneth,M,18210,1942
Jerry,M,17487,1942
Edward,M,17469,1942
Gary,M,17067,1942
Paul,M,16493,1942
Dennis,M,13281,1942
Frank,M,12248,1942
Gerald,M,11483,1942
Douglas,M,11234,1942
Raymond,M,11116,1942
Roger,M,9174,1942
Mary,F,66176,1943
Barbara,F,43432,1943
Patricia,F,39621,1943
Linda,F,38439,1943
Carol,F,31685,1943
Sandra,F,25990,1943
Judith,F,25214,1943
Sharon,F,24713,1943
Nancy,F,23987,1943
Betty,F,21596,1943
Carolyn,F,20364,1943
Shirley,F,17816,1943
Judy,F,17383,1943
Margaret,F,17153,1943
Karen,F,16816,1943
Joyce,F,16486,1943
Donna,F,14914,1943
Susan,F,14888,1943
Dorothy,F,14794,1943
Janet,F,13316,1943
Joan,F,13232,1943
Kathleen,F,12153,1943
Elizabeth,F,11644,1943
Diane,F,11326,1943
Virginia,F,10846,1943
James,M,80275,1943
Robert,M,74890,1943
John,M,68928,1943
William,M,55904,1943
Richard,M,46338,1943
David,M,37243,1943
Charles,M,36630,1943
Thomas,M,32874,1943
Ronald,M,29240,1943
Michael,M,24745,1943
Donald,M,24420,1943
Larry,M,22979,1943
Joseph,M,22827,1943
George,M,21692,1943
Kenneth,M,19112,1943
Gary,M,17868,1943
Jerry,M,17729,1943
Edward,M,17713,1943
Paul,M,17249,1943
Dennis,M,14114,1943
Frank,M,12245,1943
Raymond,M,11392,1943
Gerald,M,11368,1943
Roger,M,10772,1943
Daniel,M,9168,1943
Mary,F,62472,1944
Barbara,F,39196,1944
Linda,F,38415,1944
Patricia,F,36872,1944
Carol,F,30456,1944
Sandra,F,26023,1944
Nancy,F,23217,1944
Sharon,F,22432,1944
Judith,F,22431,1944
Betty,F,19760,1944
Carolyn,F,18670,1944
Judy,F,17119,1944
Susan,F,16330,1944
Margaret,F,16320,1944
Shirley,F,16310,1944
Karen,F,15944,1944
Donna,F,15173,1944
Joyce,F,14768,1944
Dorothy,F,13380,1944
Kathleen,F,13004,1944
Janet,F,12592,1944
Joan,F,11920,1944
Elizabeth,F,11034,1944
Diane,F,10710,1944
Gloria,F,9968,1944
James,M,76951,1944
Robert,M,70855,1944
John,M,66611,1944
William,M,52373,1944
Richard,M,45643,1944
David,M,37379,1944
Charles,M,34663,1944
Thomas,M,31603,1944
Michael,M,26717,1944
Ronald,M,25514,1944
Donald,M,23466,1944
Larry,M,22025,1944
Joseph,M,21175,1944
George,M,20419,1944
Gary,M,20058,1944
Kenneth,M,18093,1944
Paul,M,16659,1944
Edward,M,16481,1944
Jerry,M,16283,1944
Dennis,M,13679,1944
Frank,M,11342,1944
Raymond,M,10634,1944
Roger,M,10581,1944
Gerald,M,10021,1944
Daniel,M,9314,1944
Mary,F,59281,1945
Linda,F,41465,1945
Barbara,F,38274,1945
Patricia,F,35843,1945
Carol,F,30388,1945
Sandra,F,24700,1945
Nancy,F,21456,1945
Sharon,F,20838,1945
Judith,F,20192,1945
Susan,F,19221,1945
Betty,F,18390,1945
Carolyn,F,17244,1945
Judy,F,17001,1945
Shirley,F,16150,1945
Margaret,F,15685,1945
Karen,F,15680,1945
Donna,F,15398,1945
Joyce,F,13950,1945
Kathleen,F,13802,1945
Janet,F,12326,1945
Dorothy,F,12323,1945
Diane,F,12223,1945
Gloria,F,11037,1945
Janice,F,10782,1945
Joan,F,10394,1945
James,M,74466,1945
Robert,M,69945,1945
John,M,66118,1945
William,M,50218,1945
Richard,M,46045,1945
David,M,37107,1945
Charles,M,32467,1945
Thomas,M,31873,1945
Michael,M,29902,1945
Ronald,M,23664,1945
Larry,M,22824,1945
Donald,M,22139,1945
Gary,M,21345,1945
Joseph,M,20821,1945
George,M,19324,1945
Kenneth,M,18098,1945
Paul,M,16994,1945
Edward,M,15871,1945
Dennis,M,14990,1945
Jerry,M,14702,1945
Frank,M,10874,1945
Roger,M,10570,1945
Raymond,M,9856,1945
Daniel,M,9708,1945
Gerald,M,8857,1945
Mary,F,67467,1946
Linda,F,52710,1946
Patricia,F,46298,1946
Barbara,F,45125,1946
Carol,F,34283,1946
Sandra,F,31694,1946
Nancy,F,28345,1946
Susan,F,28268,1946
Sharon,F,27825,1946
Judith,F,22310,1946
Judy,F,20478,1946
Carolyn,F,19902,1946
Donna,F,19767,1946
Betty,F,19710,1946
Karen,F,19647,1946
Kathleen,F,18760,1946
Margaret,F,18135,1946
Shirley,F,17869,1946
Diane,F,15835,1946
Joyce,F,15209,1946
Janet,F,14142,1946
Janice,F,14038,1946
Dorothy,F,12798,1946
Brenda,F,12688,1946
Elizabeth,F,11753,1946
James,M,87436,1946
Robert,M,84138,1946
John,M,79266,1946
William,M,60030,1946
Richard,M,58871,1946
David,M,46444,1946
Michael,M,41192,1946
Thomas,M,38876,1946
Charles,M,38212,1946
Ronald,M,31856,1946
Larry,M,28449,1946
Gary,M,26931,1946
Donald,M,26271,1946
Joseph,M,24284,1946
Kenneth,M,22039,1946
George,M,21574,1946
Dennis,M,21446,1946
Paul,M,21063,1946
Edward,M,18585,1946
Jerry,M,17568,1946
Daniel,M,12867,1946
Frank,M,12667,1946
Roger,M,12410,1946
Stephen,M,11833,1946
Raymond,M,11288,1946
Linda,F,99693,1947
Mary,F,71689,1947
Patricia,F,51278,1947
Barbara,F,48800,1947
Sandra,F,34779,1947
Carol,F,33543,1947
Nancy,F,32445,1947
Susan,F,31951,1947
Sharon,F,28533,1947
Donna,F,23518,1947
Kathleen,F,22095,1947
Judith,F,21996,1947
Karen,F,21648,1947
Judy,F,21036,1947
Carolyn,F,20741,1947
Margaret,F,20102,1947
Betty,F,18964,1947
Diane,F,17775,1947
Shirley,F,17647,1947
Joyce,F,15914,1947
Brenda,F,15830,1947
Janice,F,15409,1947
Janet,F,15236,1947
Cheryl,F,13890,1947
Elizabeth,F,13439,1947
James,M,94763,1947
Robert,M,91654,1947
John,M,88321,1947
William,M,67001,1947
Richard,M,58531,1947
David,M,57809,1947
Michael,M,50505,1947
Thomas,M,44840,1947
Charles,M,40779,1947
Larry,M,34945,1947
Ronald,M,34900,1947
Gary,M,30030,1947
Donald,M,28260,1947
Joseph,M,27521,1947
Kenneth,M,24584,1947
George,M,23913,1947
Dennis,M,23686,1947
Paul,M,22793,1947
Edward,M,20539,1947
Jerry,M,18791,1947
Stephen,M,15328,1947
Daniel,M,15189,1947
Frank,M,13995,1947
Steven,M,13529,1947
Roger,M,12760,1947
Linda,F,96216,1948
Mary,F,68598,1948
Barbara,F,46824,1948
Patricia,F,46140,1948
Susan,F,35988,1948
Sandra,F,31062,1948
Nancy,F,29412,1948
Carol,F,28977,1948
Sharon,F,26143,1948
Kathleen,F,23257,1948
Donna,F,22033,1948
Karen,F,21996,1948
Margaret,F,18873,1948
Carolyn,F,18623,1948
Judith,F,17787,1948
Judy,F,17705,1948
Brenda,F,17699,1948
Betty,F,16625,1948
Diane,F,16607,1948
Shirley,F,16122,1948
Joyce,F,14381,1948
Pamela,F,14281,1948
Janice,F,14162,1948
Janet,F,13977,1948
Cheryl,F,13220,1948
James,M,88604,1948
Robert,M,85475,1948
John,M,82832,1948
William,M,61970,1948
David,M,56624,1948
Michael,M,52566,1948
Richard,M,50969,1948
Thomas,M,43778,1948
Charles,M,38678,1948
Ronald,M,33524,1948
Larry,M,33434,1948
Gary,M,28396,1948
Joseph,M,26802,1948
Donald,M,26443,1948
Kenneth,M,23553,1948
George,M,21926,1948
Dennis,M,21763,1948
Paul,M,21252,1948
Edward,M,18983,1948
Stephen,M,17060,1948
Jerry,M,16808,1948
Daniel,M,16509,1948
Steven,M,15979,1948
Roger,M,12818,1948
Frank,M,12698,1948
Linda,F,91016,1949
Mary,F,66869,1949
Patricia,F,46325,1949
Barbara,F,42599,1949
Susan,F,37709,1949
Sandra,F,30643,1949
Nancy,F,29248,1949
Carol,F,26781,1949
Kathleen,F,26357,1949
Sharon,F,25713,1949
Karen,F,22468,1949
Donna,F,22056,1949
Brenda,F,20544,1949
Margaret,F,19452,1949
Deborah,F,19210,1949
Judith,F,17610,1949
Carolyn,F,17404,1949
Shirley,F,17282,1949
Diane,F,17251,1949
Judy,F,15979,1949
Pamela,F,15132,1949
Betty,F,14937,1949
Janet,F,14859,1949
Janice,F,14453,1949
Elizabeth,F,13714,1949
James,M,86859,1949
Robert,M,83876,1949
John,M,81180,1949
William,M,61504,1949
Michael,M,60046,1949
David,M,59610,1949
Richard,M,50947,1949
Thomas,M,45195,1949
Charles,M,40047,1949
Larry,M,31817,1949
Ronald,M,31497,1949
Gary,M,28933,1949
Donald,M,27121,1949
Joseph,M,26407,1949
Kenneth,M,23588,1949
Dennis,M,21747,1949
Paul,M,21589,1949
George,M,21309,1949
Stephen,M,20488,1949
Steven,M,19923,1949
Edward,M,19172,1949
Daniel,M,18240,1949
Jerry,M,15870,1949
Mark,M,13726,1949
Roger,M,12821,1949
Linda,F,80431,1950
Mary,F,65482,1950
Patricia,F,47944,1950
Barbara,F,41555,1950
Susan,F,38017,1950
Nancy,F,29617,1950
Deborah,F,29062,1950
Sandra,F,28896,1950
Carol,F,26163,1950
Kathleen,F,25705,1950
Sharon,F,24612,1950
Karen,F,24132,1950
Donna,F,21629,1950
Brenda,F,20798,1950
Margaret,F,18110,1950
Diane,F,17636,1950
Pamela,F,16202,1950
Janet,F,16193,1950
Shirley,F,15891,1950
Carolyn,F,15587,1950
Judith,F,15352,1950
Janice,F,15010,1950
Cynthia,F,14447,1950
Elizabeth,F,14334,1950
Judy,F,14207,1950
James,M,86223,1950
Robert,M,83551,1950
John,M,79412,1950
Michael,M,65138,1950
David,M,60729,1950
William,M,60679,1950
Richard,M,51004,1950
Thomas,M,45596,1950
Charles,M,39097,1950
Gary,M,33740,1950
Larry,M,31478,1950
Ronald,M,29908,1950
Joseph,M,27022,1950
Donald,M,26999,1950
Kenneth,M,23813,1950
Steven,M,23250,1950
Dennis,M,22862,1950
Paul,M,21743,1950
Stephen,M,20511,1950
George,M,20182,1950
Daniel,M,19189,1950
Edward,M,18715,1950
Mark,M,16605,1950
Jerry,M,15262,1950
Gregory,M,13311,1950
Linda,F,73982,1951
Mary,F,65722,1951
Patricia,F,56446,1951
Deborah,F,42053,1951
Barbara,F,40619,1951
Susan,F,40228,1951
Nancy,F,30346,1951
Karen,F,27998,1951
Sandra,F,27666,1951
Kathleen,F,26716,1951
Carol,F,24781,1951
Donna,F,24075,1951
Sharon,F,23921,1951
Brenda,F,21717,1951
Diane,F,19841,1951
Pamela,F,18570,1951
Margaret,F,17692,1951
Debra,F,17065,1951
Janet,F,16947,1951
Cynthia,F,16295,1951
Janice,F,15959,1951
Carolyn,F,15208,1951
Elizabeth,F,15118,1951
Christine,F,15018,1951
Judith,F,14936,1951
James,M,87257,1951
Robert,M,86355,1951
John,M,81570,1951
Michael,M,72805,1951
David,M,64789,1951
William,M,62783,1951
Richard,M,54539,1951
Thomas,M,48275,1951
Charles,M,39408,1951
Gary,M,38161,1951
Larry,M,30559,1951
Ronald,M,29048,1951
Steven,M,28363,1951
Joseph,M,28148,1951
Donald,M,27915,1951
Kenneth,M,25843,1951
Dennis,M,24265,1951
Paul,M,22852,1951
Stephen,M,22472,1951
Mark,M,21202,1951
Daniel,M,21121,1951
George,M,20213,1951
Edward,M,19913,1951
Jerry,M,15165,1951
Gregory,M,14103,1951
Linda,F,67081,1952
Mary,F,65627,1952
Patricia,F,53098,1952
Deborah,F,49812,1952
Susan,F,41348,1952
Barbara,F,39863,1952
Nancy,F,31739,1952
Karen,F,28957,1952
Debra,F,26832,1952
Sandra,F,26097,1952
Kathleen,F,25767,1952
Carol,F,23999,1952
Donna,F,23716,1952
Sharon,F,23387,1952
Brenda,F,21439,1952
Diane,F,21063,1952
Pamela,F,20880,1952
Cynthia,F,19879,1952
Janet,F,17921,1952
Christine,F,17548,1952
Margaret,F,17101,1952
Elizabeth,F,16023,1952
Janice,F,14978,1952
Carolyn,F,14272,1952
Judith,F,14064,1952
James,M,87066,1952
Robert,M,86588,1952
John,M,83138,1952
Michael,M,79039,1952
David,M,71753,1952
William,M,63039,1952
Richard,M,58353,1952
Thomas,M,48650,1952
Charles,M,38865,1952
Gary,M,38753,1952
Steven,M,32037,1952
Joseph,M,28510,1952
Donald,M,28269,1952
Larry,M,28241,1952
Ronald,M,27801,1952
Kenneth,M,25910,1952
Mark,M,25678,1952
Dennis,M,24552,1952
Paul,M,24293,1952
Daniel,M,23420,1952
Stephen,M,23054,1952
George,M,19820,1952
Edward,M,19504,1952
Gregory,M,15190,1952
Bruce,M,14480,1952
Mary,F,64390,1953
Linda,F,61281,1953
Deborah,F,52199,1953
Patricia,F,51021,1953
Susan,F,44297,1953
Barbara,F,38474,1953
Debra,F,36855,1953
Nancy,F,30620,1953
Karen,F,29858,1953
Pamela,F,25759,1953
Sandra,F,25500,1953
Cynthia,F,25138,1953
Donna,F,24226,1953
Kathleen,F,23731,1953
Sharon,F,23041,1953
Carol,F,22291,1953
Diane,F,21350,1953
Brenda,F,20123,1953
Janet,F,17771,1953
Margaret,F,16196,1953
Elizabeth,F,16098,1953
Janice,F,14627,1953
Kathy,F,13400,1953
Rebecca,F,12961,1953
Carolyn,F,12918,1953
Robert,M,86245,1953
James,M,86071,1953
Michael,M,84202,1953
John,M,80167,1953
David,M,76119,1953
William,M,61830,1953
Richard,M,58389,1953
Thomas,M,47009,1953
Charles,M,38420,1953
Gary,M,36966,1953
Steven,M,33724,1953
Mark,M,29343,1953
Joseph,M,29267,1953
Donald,M,28360,1953
Ronald,M,27714,1953
Paul,M,25509,1953
Kenneth,M,25507,1953
Larry,M,25207,1953
Dennis,M,23658,1953
Daniel,M,23499,1953
Stephen,M,21808,1953
George,M,19177,1953
Edward,M,18984,1953
Gregory,M,16160,1953
Jeffrey,M,15950,1953
Mary,F,68019,1954
Linda,F,55371,1954
Deborah,F,54675,1954
Patricia,F,49149,1954
Susan,F,47162,1954
Debra,F,45897,1954
Barbara,F,36369,1954
Karen,F,32456,1954
Nancy,F,30269,1954
Cynthia,F,27615,1954
Donna,F,27428,1954
Pamela,F,27362,1954
Sandra,F,26062,1954
Kathleen,F,22455,1954
Carol,F,22247,1954
Sharon,F,22219,1954
Diane,F,22052,1954
Brenda,F,19610,1954
Janet,F,18477,1954
Elizabeth,F,16586,1954
Margaret,F,15226,1954
Cheryl,F,15015,1954
Kathy,F,14175,1954
Denise,F,13717,1954
Janice,F,13505,1954
Michael,M,88564,1954
Robert,M,86333,1954
James,M,86312,1954
John,M,81176,1954
David,M,79560,1954
William,M,61431,1954
Richard,M,57043,1954
Thomas,M,47157,1954
Gary,M,37921,1954
Charles,M,37467,1954
Steven,M,36630,1954
Mark,M,36198,1954
Joseph,M,31224,1954
Donald,M,29279,1954
Ronald,M,27624,1954
Paul,M,26221,1954
Kenneth,M,26185,1954
Daniel,M,25275,1954
Larry,M,24612,1954
Stephen,M,21879,1954
Dennis,M,20757,1954
Edward,M,19493,1954
Jeffrey,M,19051,1954
George,M,18703,1954
Gregory,M,17624,1954
Mary,F,63173,1955
Deborah,F,52317,1955
Linda,F,51300,1955
Debra,F,50560,1955
Susan,F,47419,1955
Patricia,F,46226,1955
Barbara,F,33616,1955
Karen,F,33219,1955
Nancy,F,30024,1955
Donna,F,27941,1955
Cynthia,F,27178,1955
Pamela,F,26689,1955
Sandra,F,25111,1955
Diane,F,23291,1955
Carol,F,22047,1955
Sharon,F,22044,1955
Kathleen,F,22016,1955
Brenda,F,19115,1955
Cheryl,F,19110,1955
Janet,F,17920,1955
Elizabeth,F,16697,1955
Kathy,F,15324,1955
Denise,F,14560,1955
Margaret,F,14440,1955
Janice,F,13178,1955
Michael,M,88352,1955
David,M,86301,1955
James,M,84184,1955
Robert,M,83755,1955
John,M,80122,1955
William,M,59985,1955
Richard,M,53564,1955
Thomas,M,45855,1955
Mark,M,42244,1955
Steven,M,37841,1955
Charles,M,35361,1955
Gary,M,34433,1955
Joseph,M,31587,1955
Donald,M,27727,1955
Kenneth,M,26744,1955
Paul,M,26698,1955
Daniel,M,26458,1955
Ronald,M,26173,1955
Larry,M,22820,1955
Jeffrey,M,22531,1955
Stephen,M,22155,1955
Timothy,M,20738,1955
Dennis,M,20434,1955
Gregory,M,19815,1955
Edward,M,19280,1955
Mary,F,61743,1956
Debra,F,48324,1956
Linda,F,48085,1956
Deborah,F,47837,1956
Susan,F,46562,1956
Patricia,F,43330,1956
Karen,F,40052,1956
Cynthia,F,32339,1956
Barbara,F,32302,1956
Donna,F,29852,1956
Nancy,F,28784,1956
Pamela,F,26927,1956
Sharon,F,26881,1956
Sandra,F,24302,1956
Diane,F,22518,1956
Carol,F,21407,1956
Kathleen,F,21377,1956
Cheryl,F,21279,1956
Brenda,F,19343,1956
Kathy,F,17177,1956
Janet,F,16758,1956
Elizabeth,F,16353,1956
Denise,F,14509,1956
Teresa,F,14464,1956
Margaret,F,13914,1956
Michael,M,90691,1956
James,M,84903,1956
Robert,M,83912,1956
David,M,81650,1956
John,M,80806,1956
William,M,58990,1956
Richard,M,52912,1956
Mark,M,48829,1956
Thomas,M,44841,1956
Steven,M,38410,1956
Charles,M,35239,1956
Joseph,M,32748,1956
Gary,M,31839,1956
Donald,M,28226,1956
Ronald,M,27723,1956
Kenneth,M,27433,1956
Paul,M,26897,1956
Daniel,M,26653,1956
Timothy,M,23289,1956
Jeffrey,M,23282,1956
Larry,M,22324,1956
Kevin,M,21763,1956
Stephen,M,21204,1956
Gregory,M,21081,1956
Edward,M,19437,1956
Mary,F,61103,1957
Susan,F,45952,1957
Linda,F,44515,1957
Debra,F,42727,1957
Karen,F,40590,1957
Deborah,F,40095,1957
Cynthia,F,39340,1957
Patricia,F,39282,1957
Barbara,F,29691,1957
Donna,F,28042,1957
Nancy,F,27516,1957
Pamela,F,25014,1957
Brenda,F,24338,1957
Sharon,F,24299,1957
Sandra,F,22766,1957
Cheryl,F,22644,1957
Diane,F,22089,1957
Carol,F,21898,1957
Cindy,F,20272,1957
Kathy,F,20235,1957
Kathleen,F,19742,1957
Elizabeth,F,17491,1957
Janet,F,15753,1957
Teresa,F,15686,1957
Denise,F,15144,1957
Michael,M,92786,1957
James,M,84343,1957
David,M,82404,1957
Robert,M,81776,1957
John,M,79032,1957
William,M,56850,1957
Mark,M,52843,1957
Richard,M,52446,1957
Thomas,M,44624,1957
Steven,M,36844,1957
Charles,M,34282,1957
Joseph,M,31853,1957
Gary,M,29531,1957
Kenneth,M,28060,1957
Donald,M,27909,1957
Daniel,M,27339,1957
Ronald,M,27211,1957
Paul,M,27012,1957
Timothy,M,24733,1957
Kevin,M,24286,1957
Jeffrey,M,23980,1957
Larry,M,21938,1957
Gregory,M,21475,1957
Stephen,M,19727,1957
Edward,M,18711,1957
Mary,F,55846,1958
Susan,F,45172,1958
Linda,F,41905,1958
Karen,F,38488,1958
Patricia,F,37966,1958
Debra,F,35524,1958
Deborah,F,32942,1958
Cynthia,F,31013,1958
Barbara,F,27877,1958
Donna,F,26955,1958
Pamela,F,25280,1958
Nancy,F,24819,1958
Cheryl,F,24118,1958
Kathy,F,23940,1958
Sandra,F,21833,1958
Brenda,F,21337,1958
Sharon,F,21114,1958
Diane,F,20815,1958
Lisa,F,20200,1958
Carol,F,19684,1958
Kathleen,F,19203,1958
Elizabeth,F,18536,1958
Julie,F,18213,1958
Debbie,F,17860,1958
Cindy,F,16585,1958
Michael,M,90598,1958
David,M,82679,1958
James,M,78773,1958
Robert,M,77334,1958
John,M,76049,1958
William,M,54254,1958
Mark,M,52697,1958
Richard,M,49999,1958
Thomas,M,42087,1958
Steven,M,32963,1958
Charles,M,32243,1958
Joseph,M,30110,1958
Timothy,M,28794,1958
Kenneth,M,26686,1958
Paul,M,26257,1958
Daniel,M,25615,1958
Gary,M,25290,1958
Donald,M,25015,1958
Ronald,M,24822,1958
Kevin,M,24661,1958
Jeffrey,M,24223,1958
Larry,M,20079,1958
Gregory,M,19809,1958
Brian,M,19276,1958
Scott,M,19178,1958
Mary,F,54504,1959
Susan,F,41616,1959
Linda,F,40412,1959
Karen,F,36783,1959
Donna,F,36469,1959
Patricia,F,35224,1959
Debra,F,31387,1959
Cynthia,F,30185,1959
Deborah,F,29549,1959
Lisa,F,25702,1959
Barbara,F,25357,1959
Pamela,F,24712,1959
Sandra,F,23361,1959
Nancy,F,23078,1959
Kathy,F,21814,1959
Brenda,F,21423,1959
Sharon,F,21291,1959
Cheryl,F,20949,1959
Diane,F,19972,1959
Debbie,F,19542,1959
Elizabeth,F,18422,1959
Carol,F,18137,1959
Kathleen,F,17629,1959
Teresa,F,17401,1959
Cindy,F,16972,1959
Michael,M,85291,1959
David,M,83967,1959
James,M,78644,1959
John,M,76445,1959
Robert,M,74542,1959
Mark,M,56946,1959
William,M,51385,1959
Richard,M,47204,1959
Thomas,M,40291,1959
Steven,M,33595,1959
Charles,M,30796,1959
Timothy,M,30784,1959
Joseph,M,29537,1959
Kevin,M,26794,1959
Kenneth,M,26641,1959
Jeffrey,M,26280,1959
Paul,M,25709,1959
Daniel,M,25156,1959
Donald,M,23877,1959
Gary,M,23301,1959
Ronald,M,23122,1959
Brian,M,20735,1959
Gregory,M,19885,1959
Scott,M,19765,1959
Larry,M,18432,1959
Mary,F,51468,1960
Susan,F,39208,1960
Linda,F,37315,1960
Karen,F,36380,1960
Donna,F,34138,1960
Lisa,F,33695,1960
Patricia,F,32105,1960
Debra,F,26728,1960
Cynthia,F,26712,1960
Deborah,F,25261,1960
Sandra,F,24568,1960
Barbara,F,24455,1960
Brenda,F,23965,1960
Pamela,F,22091,1960
Nancy,F,21892,1960
Sharon,F,20412,1960
Cheryl,F,19117,1960
Elizabeth,F,18859,1960
Teresa,F,18835,1960
Lori,F,18688,1960
Kathy,F,18479,1960
Diane,F,17909,1960
Carol,F,17463,1960
Debbie,F,17060,1960
Laura,F,17060,1960
David,M,85908,1960
Michael,M,84139,1960
James,M,76804,1960
John,M,76086,1960
Robert,M,72344,1960
Mark,M,58719,1960
William,M,49344,1960
Richard,M,43538,1960
Thomas,M,39273,1960
Steven,M,33875,1960
Timothy,M,30485,1960
Joseph,M,29744,1960
Charles,M,29665,1960
Jeffrey,M,28829,1960
Kevin,M,28388,1960
Kenneth,M,27691,1960
Daniel,M,25938,1960
Paul,M,25633,1960
Donald,M,22734,1960
Brian,M,21990,1960
Ronald,M,21701,1960
Gary,M,21684,1960
Scott,M,21593,1960
Gregory,M,20302,1960
Anthony,M,19492,1960
Mary,F,47688,1961
Lisa,F,42719,1961
Susan,F,37530,1961
Linda,F,35592,1961
Karen,F,34697,1961
Patricia,F,28889,1961
Donna,F,28674,1961
Cynthia,F,24389,1961
Sandra,F,24154,1961
Deborah,F,24105,1961
Brenda,F,23781,1961
Barbara,F,22998,1961
Debra,F,22161,1961
Lori,F,21875,1961
Pamela,F,21690,1961
Nancy,F,20728,1961
Sharon,F,20458,1961
Teresa,F,18909,1961
Elizabeth,F,18855,1961
Cheryl,F,18299,1961
Laura,F,17900,1961
Kimberly,F,17356,1961
Julie,F,17041,1961
Carol,F,16668,1961
Kathy,F,16384,1961
Michael,M,86968,1961
David,M,84805,1961
John,M,79973,1961
James,M,75959,1961
Robert,M,72963,1961
Mark,M,57786,1961
William,M,48035,1961
Richard,M,41140,1961
Thomas,M,37568,1961
Steven,M,32273,1961
Jeffrey,M,32028,1961
Joseph,M,29454,1961
Charles,M,29196,1961
Kevin,M,28919,1961
Timothy,M,28246,1961
Kenneth,M,26101,1961
Daniel,M,25898,1961
Paul,M,25641,1961
Scott,M,23941,1961
Brian,M,22562,1961
Gary,M,22168,1961
Donald,M,21409,1961
Gregory,M,21360,1961
Ronald,M,20841,1961
Anthony,M,20204,1961
Lisa,F,46074,1962
Mary,F,43498,1962
Susan,F,35750,1962
Karen,F,35188,1962
Linda,F,31463,1962
Patricia,F,26532,1962
Donna,F,25722,1962
Cynthia,F,24024,1962
Deborah,F,22894,1962
Sandra,F,22418,1962
Lori,F,22395,1962
Brenda,F,21275,1962
Pamela,F,21271,1962
Barbara,F,20641,1962
Debra,F,20593,1962
Kimberly,F,20362,1962
Sharon,F,19629,1962
Teresa,F,18519,1962
Nancy,F,18024,1962
Elizabeth,F,17804,1962
Laura,F,17490,1962
Julie,F,17089,1962
Tammy,F,16746,1962
Cheryl,F,16588,1962
Robin,F,15129,1962
Michael,M,85056,1962
David,M,81335,1962
John,M,78420,1962
James,M,72561,1962
Robert,M,70201,1962
Mark,M,53527,1962
William,M,44859,1962
Richard,M,39418,1962
Thomas,M,36525,1962
Jeffrey,M,33536,1962
Scott,M,30699,1962
Steven,M,30686,1962
Joseph,M,30089,1962
Kevin,M,28331,1962
Charles,M,27588,1962
Timothy,M,27107,1962
Daniel,M,25542,1962
Kenneth,M,25240,1962
Paul,M,23806,1962
Brian,M,23227,1962
Gregory,M,21971,1962
Gary,M,20888,1962
Donald,M,20422,1962
Anthony,M,20108,1962
Ronald,M,19964,1962
Lisa,F,56040,1963
Mary,F,41543,1963
Susan,F,33990,1963
Karen,F,32487,1963
Linda,F,27723,1963
Donna,F,25406,1963
Patricia,F,25374,1963
Lori,F,23903,1963
Sandra,F,21623,1963
Cynthia,F,21585,1963
Kimberly,F,21225,1963
Tammy,F,21193,1963
Deborah,F,21049,1963
Pamela,F,20588,1963
Brenda,F,19608,1963
Laura,F,18512,1963
Barbara,F,18295,1963
Teresa,F,17963,1963
Sharon,F,17801,1963
Elizabeth,F,17597,1963
Debra,F,17335,1963
Julie,F,16303,1963
Nancy,F,16267,1963
Cheryl,F,15046,1963
Robin,F,14434,1963
Michael,M,83757,1963
John,M,78616,1963
David,M,78450,1963
James,M,71291,1963
Robert,M,69997,1963
Mark,M,49332,1963
William,M,44444,1963
Richard,M,40767,1963
Thomas,M,35490,1963
Jeffrey,M,31699,1963
Kevin,M,30611,1963
Scott,M,30401,1963
Joseph,M,30080,1963
Steven,M,29322,1963
Timothy,M,27182,1963
Charles,M,26762,1963
Paul,M,26667,1963
Kenneth,M,25226,1963
Daniel,M,24816,1963
Brian,M,24122,1963
Gregory,M,21420,1963
Anthony,M,20242,1963
Ronald,M,19781,1963
Gary,M,18924,1963
Donald,M,18896,1963
Lisa,F,54271,1964
Mary,F,40987,1964
Susan,F,31515,1964
Karen,F,30247,1964
Patricia,F,26090,1964
Kimberly,F,24131,1964
Donna,F,23807,1964
Linda,F,23632,1964
Cynthia,F,20319,1964
Tammy,F,20045,1964
Pamela,F,19824,1964
Deborah,F,19305,1964
Sandra,F,19249,1964
Laura,F,18967,1964
Lori,F,18620,1964
Elizabeth,F,17294,1964
Julie,F,17283,1964
Brenda,F,17105,1964
Barbara,F,16483,1964
Sharon,F,16447,1964
Teresa,F,16422,1964
Angela,F,16257,1964
Michelle,F,16181,1964
Debra,F,15329,1964
Denise,F,14727,1964
Michael,M,82619,1964
John,M,82519,1964
David,M,75036,1964
James,M,73021,1964
Robert,M,69983,1964
Mark,M,45264,1964
William,M,44223,1964
Richard,M,40100,1964
Thomas,M,34451,1964
Jeffrey,M,30729,1964
Joseph,M,30563,1964
Steven,M,29709,1964
Kevin,M,29355,1964
Scott,M,28504,1964
Timothy,M,28097,1964
Paul,M,26877,1964
Charles,M,25903,1964
Kenneth,M,24857,1964
Daniel,M,24343,1964
Brian,M,24174,1964
Anthony,M,20125,1964
Gregory,M,19885,1964
Christopher,M,19628,1964
Ronald,M,18842,1964
Donald,M,18050,1964
Lisa,F,60269,1965
Mary,F,34271,1965
Karen,F,32870,1965
Kimberly,F,28837,1965
Susan,F,26322,1965
Patricia,F,23553,1965
Donna,F,19700,1965
Linda,F,19343,1965
Cynthia,F,19242,1965
Angela,F,18752,1965
Tammy,F,18012,1965
Pamela,F,17468,1965
Deborah,F,17084,1965
Julie,F,16988,1965
Sandra,F,16370,1965
Elizabeth,F,16323,1965
Laura,F,16218,1965
Michelle,F,16215,1965
Lori,F,15700,1965
Jennifer,F,15206,1965
Christine,F,15201,1965
Sharon,F,15130,1965
Brenda,F,15057,1965
Teresa,F,14577,1965
Barbara,F,14023,1965
Michael,M,81002,1965
John,M,71499,1965
David,M,67828,1965
James,M,67674,1965
Robert,M,63112,1965
William,M,40111,1965
Mark,M,38245,1965
Richard,M,36826,1965
Thomas,M,31606,1965
Jeffrey,M,29577,1965
Joseph,M,28633,1965
Timothy,M,28332,1965
Kevin,M,28183,1965
Steven,M,27977,1965
Scott,M,25436,1965
Paul,M,24921,1965
Daniel,M,24834,1965
Christopher,M,24639,1965
Brian,M,24550,1965
Charles,M,23500,1965
Kenneth,M,22677,1965
Anthony,M,20329,1965
Gregory,M,18205,1965
Ronald,M,17617,1965
Eric,M,16830,1965
Lisa,F,56918,1966
Kimberly,F,32231,1966
Mary,F,28889,1966
Michelle,F,27159,1966
Karen,F,25449,1966
Susan,F,23775,1966
Patricia,F,20111,1966
Tammy,F,18620,1966
Angela,F,18535,1966
Jennifer,F,18215,1966
Cynthia,F,17417,1966
Donna,F,17037,1966
Julie,F,16332,1966
Pamela,F,16250,1966
Deborah,F,16248,1966
Elizabeth,F,15886,1966
Sandra,F,15852,1966
Linda,F,15564,1966
Laura,F,15553,1966
Christine,F,15547,1966
Lori,F,14671,1966
Melissa,F,14253,1966
Tina,F,13892,1966
Dawn,F,13603,1966
Brenda,F,13295,1966
Michael,M,79984,1966
David,M,66417,1966
James,M,65163,1966
John,M,65015,1966
Robert,M,59309,1966
William,M,38240,1966
Mark,M,34802,1966
Richard,M,34458,1966
Jeffrey,M,30199,1966
Thomas,M,29005,1966
Timothy,M,28927,1966
Christopher,M,27867,1966
Steven,M,27699,1966
Brian,M,27255,1966
Joseph,M,26983,1966
Scott,M,26036,1966
Kevin,M,25594,1966
Paul,M,23578,1966
Daniel,M,23270,1966
Charles,M,22251,1966
Kenneth,M,20834,1966
Anthony,M,20627,1966
Gregory,M,17006,1966
Ronald,M,16954,1966
Eric,M,16472,1966
Lisa,F,52436,1967
Kimberly,F,33096,1967
Michelle,F,30826,1967
Mary,F,25318,1967
Susan,F,22262,1967
Karen,F,21540,1967
Angela,F,19551,1967
Tammy,F,18651,1967
Melissa,F,18377,1967
Jennifer,F,18238,1967
Patricia,F,17753,1967
Amy,F,16123,1967
Elizabeth,F,16116,1967
Christine,F,15992,1967
Laura,F,15819,1967
Julie,F,15545,1967
Pamela,F,15368,1967
Cynthia,F,15341,1967
Donna,F,14787,1967
Sandra,F,14738,1967
Tina,F,14160,1967
Deborah,F,14012,1967
Kelly,F,13717,1967
Lori,F,13563,1967
Stephanie,F,13353,1967
Michael,M,82412,1967
David,M,66802,1967
James,M,61688,1967
John,M,61603,1967
Robert,M,56371,1967
William,M,37619,1967
Mark,M,34914,1967
Richard,M,33583,1967
Christopher,M,29417,1967
Brian,M,28648,1967
Timothy,M,28587,1967
Thomas,M,28251,1967
Jeffrey,M,28084,1967
Steven,M,27030,1967
Joseph,M,25927,1967
Scott,M,25534,1967
Kevin,M,24603,1967
Paul,M,22824,1967
Daniel,M,22193,1967
Charles,M,21290,1967
Anthony,M,20884,1967
Kenneth,M,19260,1967
Eric,M,17831,1967
Ronald,M,16442,1967
Gregory,M,15776,1967
Lisa,F,49533,1968
Michelle,F,33223,1968
Kimberly,F,31907,1968
Jennifer,F,26851,1968
Melissa,F,21731,1968
Mary,F,21725,1968
Angela,F,20671,1968
Tammy,F,20060,1968
Karen,F,19561,1968
Susan,F,19504,1968
Laura,F,18741,1968
Kelly,F,17139,1968
Amy,F,17092,1968
Christine,F,16523,1968
Patricia,F,15804,1968
Julie,F,15751,1968
Elizabeth,F,14886,1968
Tina,F,14772,1968
Cynthia,F,14051,1968
Pamela,F,14032,1968
Dawn,F,13441,1968
Lori,F,13126,1968
Stephanie,F,12954,1968
Donna,F,12749,1968
Tracy,F,12742,1968
Michael,M,81974,1968
David,M,63683,1968
John,M,60906,1968
James,M,60666,1968
Robert,M,58186,1968
William,M,36928,1968
Mark,M,35402,1968
Richard,M,32977,1968
Christopher,M,31467,1968
Brian,M,29922,1968
Jeffrey,M,28367,1968
Thomas,M,27424,1968
Timothy,M,26497,1968
Scott,M,26024,1968
Steven,M,25493,1968
Joseph,M,25396,1968
Kevin,M,23862,1968
Daniel,M,22015,1968
Paul,M,21869,1968
Charles,M,21569,1968
Anthony,M,20230,1968
Eric,M,18502,1968
Kenneth,M,18078,1968
Matthew,M,15824,1968
Ronald,M,15415,1968
Lisa,F,45028,1969
Michelle,F,34319,1969
Jennifer,F,33704,1969
Kimberly,F,33076,1969
Melissa,F,23019,1969
Amy,F,21462,1969
Angela,F,21062,1969
Mary,F,19851,1969
Tammy,F,19051,1969
Laura,F,17921,1969
Susan,F,17805,1969
Julie,F,17739,1969
Karen,F,17635,1969
Christine,F,16752,1969
Kelly,F,16328,1969
Elizabeth,F,15295,1969
Tracy,F,15108,1969
Patricia,F,14958,1969
Stephanie,F,14487,1969
Lori,F,14020,1969
Dawn,F,13768,1969
Tina,F,13606,1969
Cynthia,F,13516,1969
Pamela,F,13356,1969
Sandra,F,12187,1969
Michael,M,85159,1969
David,M,63675,1969
James,M,59894,1969
John,M,58737,1969
Robert,M,58303,1969
William,M,37608,1969
Christopher,M,35674,1969
Mark,M,33390,1969
Brian,M,31669,1969
Richard,M,31087,1969
Jeffrey,M,28965,1969
Scott,M,28655,1969
Thomas,M,27466,1969
Steven,M,26535,1969
Joseph,M,26177,1969
Kevin,M,23555,1969
Timothy,M,23359,1969
Daniel,M,23165,1969
Charles,M,21664,1969
Anthony,M,20904,1969
Eric,M,20746,1969
Paul,M,20687,1969
Kenneth,M,17550,1969
Matthew,M,17461,1969
Jason,M,16490,1969
Jennifer,F,46150,1970
Lisa,F,38965,1970
Kimberly,F,34133,1970
Michelle,F,34046,1970
Amy,F,25213,1970
Angela,F,24930,1970
Melissa,F,23734,1970
Tammy,F,19586,1970
Mary,F,19203,1970
Tracy,F,18465,1970
Julie,F,17158,1970
Karen,F,16700,1970
Laura,F,16492,1970
Christine,F,16062,1970
Susan,F,15739,1970
Dawn,F,15681,1970
Stephanie,F,15387,1970
Elizabeth,F,15112,1970
Heather,F,14670,1970
Kelly,F,14608,1970
Tina,F,13863,1970
Shannon,F,13547,1970
Lori,F,13449,1970
Patricia,F,13406,1970
Cynthia,F,12913,1970
Michael,M,85271,1970
James,M,61740,1970
David,M,61729,1970
John,M,58496,1970
Robert,M,57179,1970
Christopher,M,41751,1970
William,M,38889,1970
Brian,M,31918,1970
Mark,M,31464,1970
Richard,M,30440,1970
Jeffrey,M,30142,1970
Scott,M,28572,1970
Jason,M,27274,1970
Kevin,M,26970,1970
Steven,M,26795,1970
Joseph,M,26718,1970
Thomas,M,26674,1970
Eric,M,23573,1970
Daniel,M,23521,1970
Timothy,M,22427,1970
Charles,M,22412,1970
Anthony,M,21176,1970
Paul,M,20197,1970
Matthew,M,20188,1970
Kenneth,M,16803,1970
Jennifer,F,56771,1971
Michelle,F,33159,1971
Lisa,F,32910,1971
Kimberly,F,30706,1971
Amy,F,26237,1971
Angela,F,25900,1971
Melissa,F,23876,1971
Tammy,F,17656,1971
Mary,F,16702,1971
Julie,F,15324,1971
Stephanie,F,15134,1971
Heather,F,15019,1971
Tracy,F,14329,1971
Dawn,F,14288,1971
Karen,F,14213,1971
Laura,F,13874,1971
Susan,F,13783,1971
Christine,F,13677,1971
Elizabeth,F,13605,1971
Tina,F,13265,1971
Shannon,F,12647,1971
Kelly,F,12599,1971
Rebecca,F,12192,1971
Cynthia,F,12144,1971
Lori,F,11829,1971
Michael,M,77585,1971
James,M,54603,1971
David,M,53118,1971
John,M,51508,1971
Robert,M,50635,1971
Christopher,M,48224,1971
William,M,35416,1971
Jason,M,34179,1971
Brian,M,32625,1971
Scott,M,30902,1971
Richard,M,26157,1971
Jeffrey,M,25835,1971
Mark,M,25132,1971
Kevin,M,24850,1971
Joseph,M,24514,1971
Steven,M,23683,1971
Thomas,M,23150,1971
Eric,M,22964,1971
Matthew,M,22542,1971
Daniel,M,21787,1971
Timothy,M,20089,1971
Charles,M,19851,1971
Anthony,M,19225,1971
Paul,M,17468,1971
Gregory,M,14762,1971
Jennifer,F,63602,1972
Michelle,F,29287,1972
Lisa,F,27543,1972
Kimberly,F,26281,1972
Amy,F,25872,1972
Angela,F,23562,1972
Melissa,F,22494,1972
Stephanie,F,16890,1972
Heather,F,16320,1972
Nicole,F,15755,1972
Tammy,F,14211,1972
Julie,F,14063,1972
Mary,F,13756,1972
Rebecca,F,13253,1972
Elizabeth,F,12183,1972
Christine,F,11986,1972
Laura,F,11777,1972
Tina,F,11522,1972
Tracy,F,11436,1972
Dawn,F,11340,1972
Karen,F,11180,1972
Shannon,F,10966,1972
Kelly,F,10943,1972
Susan,F,10574,1972
Christina,F,10173,1972
Michael,M,71391,1972
Christopher,M,52173,1972
James,M,47064,1972
David,M,46326,1972
John,M,43162,1972
Robert,M,43015,1972
Jason,M,37434,1972
Brian,M,36309,1972
William,M,30512,1972
Matthew,M,22931,1972
Scott,M,22840,1972
Joseph,M,22456,1972
Kevin,M,22357,1972
Richard,M,22303,1972
Daniel,M,22091,1972
Eric,M,22031,1972
Jeffrey,M,21677,1972
Mark,M,21494,1972
Steven,M,19853,1972
Thomas,M,19561,1972
Timothy,M,17605,1972
Anthony,M,17459,1972
Charles,M,16969,1972
Paul,M,14561,1972
Chad,M,13391,1972
Jennifer,F,62447,1973
Amy,F,26964,1973
Michelle,F,26936,1973
Kimberly,F,23531,1973
Lisa,F,22673,1973
Melissa,F,22480,1973
Angela,F,20898,1973
Heather,F,19346,1973
Stephanie,F,17264,1973
Rebecca,F,14869,1973
Nicole,F,13922,1973
Julie,F,12784,1973
Elizabeth,F,12358,1973
Mary,F,12313,1973
Tammy,F,11245,1973
Christina,F,10888,1973
Christine,F,10549,1973
Kelly,F,10514,1973
Laura,F,10343,1973
Tracy,F,9913,1973
Dawn,F,9890,1973
Shannon,F,9803,1973
Karen,F,9352,1973
Tina,F,9308,1973
Susan,F,9279,1973
Michael,M,67808,1973
Christopher,M,48309,1973
Jason,M,46678,1973
James,M,42838,1973
David,M,41085,1973
John,M,39169,1973
Robert,M,38698,1973
Brian,M,35688,1973
William,M,28015,1973
Matthew,M,24535,1973
Daniel,M,23673,1973
Joseph,M,21327,1973
Eric,M,20802,1973
Kevin,M,20771,1973
Mark,M,20372,1973
Richard,M,19943,1973
Jeffrey,M,19215,1973
Scott,M,18981,1973
Thomas,M,17924,1973
Steven,M,17177,1973
Anthony,M,16415,1973
Timothy,M,16035,1973
Charles,M,15751,1973
Paul,M,12903,1973
Chad,M,12885,1973
Jennifer,F,63106,1974
Amy,F,29564,1974
Michelle,F,25828,1974
Heather,F,23180,1974
Angela,F,22803,1974
Kimberly,F,22427,1974
Melissa,F,22166,1974
Lisa,F,19777,1974
Stephanie,F,16983,1974
Rebecca,F,15165,1974
Nicole,F,13114,1974
Elizabeth,F,12263,1974
Mary,F,11739,1974
Julie,F,11360,1974
Kelly,F,10849,1974
Christina,F,10848,1974
Jessica,F,10655,1974
Shannon,F,10608,1974
Christine,F,9901,1974
Sarah,F,9790,1974
Laura,F,9716,1974
Dawn,F,9417,1974
Tracy,F,9285,1974
Tammy,F,9238,1974
Tina,F,8668,1974
Michael,M,67535,1974
Jason,M,54751,1974
Christopher,M,48590,1974
David,M,41793,1974
James,M,41336,1974
John,M,37618,1974
Robert,M,37009,1974
Brian,M,34451,1974
Matthew,M,27197,1974
William,M,26977,1974
Daniel,M,23834,1974
Joseph,M,21835,1974
Eric,M,20188,1974
Kevin,M,19464,1974
Jeffrey,M,19322,1974
Mark,M,18907,1974
Richard,M,18636,1974
Scott,M,18031,1974
Steven,M,17667,1974
Thomas,M,17270,1974
Anthony,M,16390,1974
Timothy,M,15892,1974
Charles,M,15151,1974
Jeremy,M,13296,1974
Ryan,M,13179,1974
Jennifer,F,58187,1975
Amy,F,32253,1975
Heather,F,24302,1975
Melissa,F,24167,1975
Angela,F,23360,1975
Michelle,F,22667,1975
Kimberly,F,20258,1975
Lisa,F,18139,1975
Stephanie,F,15775,1975
Nicole,F,14277,1975
Rebecca,F,13926,1975
Christina,F,12980,1975
Jessica,F,12928,1975
Amanda,F,12656,1975
Elizabeth,F,12473,1975
Kelly,F,11737,1975
Sarah,F,11170,1975
Julie,F,11144,1975
Mary,F,10972,1975
Laura,F,10312,1975
Shannon,F,9370,1975
Christine,F,9103,1975
Dawn,F,8744,1975
Tracy,F,8510,1975
April,F,8244,1975
Michael,M,68422,1975
Jason,M,52172,1975
Christopher,M,46577,1975
James,M,39574,1975
David,M,39155,1975
Robert,M,35308,1975
John,M,35075,1975
Brian,M,30586,1975
Matthew,M,28530,1975
William,M,25562,1975
Daniel,M,23816,1975
Joseph,M,22127,1975
Eric,M,19796,1975
Jeffrey,M,18317,1975
Kevin,M,18065,1975
Richard,M,17688,1975
Scott,M,17310,1975
Steven,M,17054,1975
Mark,M,16742,1975
Thomas,M,16535,1975
Anthony,M,16488,1975
Timothy,M,15948,1975
Ryan,M,15297,1975
Jeremy,M,15189,1975
Charles,M,14578,1975
Jennifer,F,59472,1976
Amy,F,31339,1976
Melissa,F,25094,1976
Heather,F,24192,1976
Angela,F,22039,1976
Michelle,F,19551,1976
Kimberly,F,18962,1976
Jessica,F,18369,1976
Lisa,F,17348,1976
Amanda,F,15589,1976
Stephanie,F,15180,1976
Rebecca,F,14490,1976
Nicole,F,14452,1976
Christina,F,14035,1976
Sarah,F,13996,1976
Elizabeth,F,13546,1976
Shannon,F,13369,1976
Jamie,F,12538,1976
Kelly,F,11791,1976
Laura,F,11251,1976
Julie,F,10840,1976
Mary,F,10319,1976
Rachel,F,8454,1976
Erin,F,8383,1976
Andrea,F,8352,1976
Michael,M,66917,1976
Jason,M,52650,1976
Christopher,M,45194,1976
David,M,39273,1976
James,M,38298,1976
John,M,33979,1976
Robert,M,33791,1976
Brian,M,30524,1976
Matthew,M,29952,1976
Daniel,M,24704,1976
William,M,24433,1976
Joseph,M,24056,1976
Eric,M,21363,1976
Jeremy,M,20128,1976
Kevin,M,18476,1976
Ryan,M,17486,1976
Jeffrey,M,17014,1976
Joshua,M,16846,1976
Richard,M,16753,1976
Steven,M,16652,1976
Timothy,M,16621,1976
Anthony,M,16603,1976
Thomas,M,16122,1976
Scott,M,15719,1976
Mark,M,15511,1976
Jennifer,F,58964,1977
Melissa,F,26880,1977
Amy,F,26730,1977
Jessica,F,24845,1977
Heather,F,23773,1977
Angela,F,20999,1977
Michelle,F,19540,1977
Kimberly,F,18285,1977
Amanda,F,18280,1977
Kelly,F,18234,1977
Sarah,F,18096,1977
Lisa,F,17013,1977
Elizabeth,F,16431,1977
Stephanie,F,15417,1977
Nicole,F,15247,1977
Christina,F,14500,1977
Rebecca,F,14196,1977
Jamie,F,12895,1977
Shannon,F,12519,1977
Laura,F,11320,1977
Mary,F,10654,1977
Julie,F,10205,1977
Erin,F,10198,1977
Andrea,F,9783,1977
Crystal,F,9725,1977
Michael,M,67588,1977
Jason,M,55636,1977
Christopher,M,46725,1977
David,M,40516,1977
James,M,40043,1977
Robert,M,34217,1977
John,M,34199,1977
Brian,M,32494,1977
Matthew,M,31967,1977
Joseph,M,26485,1977
Daniel,M,26074,1977
William,M,24757,1977
Kevin,M,22461,1977
Joshua,M,22069,1977
Jeremy,M,21611,1977
Ryan,M,21249,1977
Eric,M,20745,1977
Timothy,M,17976,1977
Jeffrey,M,17479,1977
Richard,M,17442,1977
Anthony,M,16804,1977
Thomas,M,16591,1977
Steven,M,16489,1977
Andrew,M,16018,1977
Mark,M,15419,1977
Jennifer,F,56318,1978
Melissa,F,28327,1978
Jessica,F,26103,1978
Amy,F,23214,1978
Heather,F,22270,1978
Amanda,F,20519,1978
Angela,F,20518,1978
Sarah,F,19976,1978
Michelle,F,18856,1978
Nicole,F,17280,1978
Lisa,F,17034,1978
Kelly,F,16977,1978
Kimberly,F,16878,1978
Elizabeth,F,16809,1978
Christina,F,16369,1978
Stephanie,F,16232,1978
Rebecca,F,13795,1978
Crystal,F,12592,1978
Laura,F,11242,1978
Jamie,F,10982,1978
Erin,F,10787,1978
Shannon,F,10599,1978
Andrea,F,10461,1978
Mary,F,10040,1978
Rachel,F,9802,1978
Michael,M,67133,1978
Jason,M,51604,1978
Christopher,M,47236,1978
David,M,40684,1978
James,M,39902,1978
Matthew,M,34285,1978
John,M,34018,1978
Robert,M,33379,1978
Brian,M,29435,1978
Joseph,M,26667,1978
Daniel,M,26442,1978
Joshua,M,25206,1978
William,M,24174,1978
Ryan,M,21322,1978
Kevin,M,20096,1978
Eric,M,19763,1978
Timothy,M,19597,1978
Jeremy,M,19510,1978
Jeffrey,M,16993,1978
Anthony,M,16809,1978
Richard,M,16733,1978
Andrew,M,16722,1978
Thomas,M,16483,1978
Steven,M,16391,1978
Nicholas,M,16343,1978
Jennifer,F,56716,1979
Melissa,F,34050,1979
Amanda,F,31925,1979
Jessica,F,27782,1979
Amy,F,21609,1979
Sarah,F,21017,1979
Heather,F,20834,1979
Angela,F,20257,1979
Nicole,F,19509,1979
Michelle,F,19266,1979
Elizabeth,F,18075,1979
Kimberly,F,17637,1979
Lisa,F,17285,1979
Christina,F,16453,1979
Stephanie,F,16204,1979
Kelly,F,15296,1979
Rebecca,F,14550,1979
Crystal,F,13468,1979
Jamie,F,12156,1979
Laura,F,11880,1979
Erin,F,11259,1979
Amber,F,11080,1979
April,F,10902,1979
Mary,F,10556,1979
Shannon,F,10370,1979
Michael,M,67718,1979
Christopher,M,50667,1979
Jason,M,50371,1979
David,M,42062,1979
James,M,39351,1979
Matthew,M,35625,1979
John,M,35412,1979
Robert,M,34018,1979
Joshua,M,31125,1979
Brian,M,28664,1979
Joseph,M,28653,1979
Daniel,M,28521,1979
William,M,24680,1979
Ryan,M,23211,1979
Nicholas,M,21343,1979
Jeremy,M,21007,1979
Eric,M,20269,1979
Timothy,M,19078,1979
Kevin,M,18734,1979
Andrew,M,18617,1979
Anthony,M,17517,1979
Justin,M,17392,1979
Adam,M,17050,1979
Jeffrey,M,16867,1979
Richard,M,16713,1979
Jennifer,F,58378,1980
Amanda,F,35811,1980
Jessica,F,33923,1980
Melissa,F,31634,1980
Sarah,F,25759,1980
Heather,F,19973,1980
Nicole,F,19917,1980
Amy,F,19833,1980
Elizabeth,F,19531,1980
Michelle,F,19120,1980
Kimberly,F,18500,1980
Angela,F,17967,1980
Stephanie,F,17841,1980
Tiffany,F,16229,1980
Christina,F,16140,1980
Lisa,F,15666,1980
Rebecca,F,15280,1980
Crystal,F,14253,1980
Kelly,F,13710,1980
Erin,F,13428,1980
Laura,F,12917,1980
Amber,F,12553,1980
Rachel,F,11619,1980
Jamie,F,11529,1980
Mary,F,11475,1980
Michael,M,68687,1980
Christopher,M,49082,1980
Jason,M,48166,1980
David,M,41890,1980
James,M,39314,1980
Matthew,M,37839,1980
Joshua,M,36054,1980
John,M,35277,1980
Robert,M,34269,1980
Joseph,M,30185,1980
Daniel,M,29895,1980
Brian,M,28718,1980
Justin,M,26763,1980
William,M,25638,1980
Ryan,M,24798,1980
Eric,M,22614,1980
Nicholas,M,21025,1980
Jeremy,M,19892,1980
Andrew,M,19734,1980
Timothy,M,19147,1980
Jonathan,M,18988,1980
Adam,M,18867,1980
Kevin,M,17976,1980
Anthony,M,17608,1980
Thomas,M,17565,1980
Jennifer,F,57048,1981
Jessica,F,42532,1981
Amanda,F,34373,1981
Sarah,F,28174,1981
Melissa,F,28005,1981
Amy,F,20344,1981
Nicole,F,20311,1981
Stephanie,F,20213,1981
Elizabeth,F,20169,1981
Heather,F,17946,1981
Michelle,F,17782,1981
Rebecca,F,16737,1981
Kimberly,F,16689,1981
Tiffany,F,16416,1981
Angela,F,15926,1981
Crystal,F,15888,1981
Christina,F,14392,1981
Lisa,F,14295,1981
Erin,F,13853,1981
Amber,F,13813,1981
Laura,F,13291,1981
Rachel,F,12590,1981
Kelly,F,11873,1981
Andrea,F,11685,1981
April,F,11405,1981
Michael,M,68759,1981
Christopher,M,50221,1981
Matthew,M,43328,1981
Jason,M,41928,1981
David,M,40633,1981
Joshua,M,39027,1981
James,M,38289,1981
John,M,34872,1981
Robert,M,34397,1981
Daniel,M,30989,1981
Joseph,M,30764,1981
Justin,M,27308,1981
Ryan,M,26814,1981
Brian,M,26582,1981
William,M,24801,1981
Jonathan,M,22593,1981
Eric,M,20715,1981
Andrew,M,20234,1981
Brandon,M,20205,1981
Adam,M,20042,1981
Nicholas,M,19777,1981
Jeremy,M,19111,1981
Anthony,M,18574,1981
Timothy,M,18228,1981
Kevin,M,17456,1981
Jennifer,F,57118,1982
Jessica,F,45449,1982
Amanda,F,34214,1982
Sarah,F,28488,1982
Melissa,F,25866,1982
Nicole,F,21706,1982
Stephanie,F,20861,1982
Elizabeth,F,20507,1982
Crystal,F,19098,1982
Amy,F,18800,1982
Michelle,F,17765,1982
Heather,F,17495,1982
Tiffany,F,17174,1982
Kimberly,F,16101,1982
Rebecca,F,15729,1982
Angela,F,15002,1982
Ashley,F,14854,1982
Amber,F,14677,1982
Christina,F,14518,1982
Erin,F,14362,1982
Rachel,F,13873,1982
Laura,F,13310,1982
Lisa,F,12637,1982
Emily,F,12521,1982
Kelly,F,12170,1982
Michael,M,68228,1982
Christopher,M,59229,1982
Matthew,M,46050,1982
Jason,M,40634,1982
David,M,40456,1982
James,M,38875,1982
Joshua,M,38003,1982
John,M,34707,1982
Robert,M,34414,1982
Daniel,M,32654,1982
Joseph,M,31041,1982
Justin,M,29111,1982
Ryan,M,26686,1982
Brian,M,25830,1982
William,M,25606,1982
Jonathan,M,23114,1982
Andrew,M,22836,1982
Brandon,M,20215,1982
Adam,M,20102,1982
Eric,M,19879,1982
Anthony,M,19651,1982
Nicholas,M,19642,1982
Thomas,M,17579,1982
Kevin,M,17465,1982
Timothy,M,17463,1982
Jennifer,F,54355,1983
Jessica,F,45284,1983
Amanda,F,33750,1983
Ashley,F,33291,1983
Sarah,F,27230,1983
Melissa,F,23474,1983
Nicole,F,22400,1983
Stephanie,F,22331,1983
Heather,F,20747,1983
Elizabeth,F,19842,1983
Crystal,F,17907,1983
Amy,F,17096,1983
Michelle,F,16838,1983
Tiffany,F,15959,1983
Kimberly,F,15370,1983
Christina,F,15358,1983
Amber,F,14893,1983
Erin,F,14837,1983
Rebecca,F,14714,1983
Rachel,F,14592,1983
Megan,F,14124,1983
Angela,F,13218,1983
Laura,F,13199,1983
Lauren,F,12944,1983
Emily,F,12377,1983
Michael,M,67997,1983
Christopher,M,59329,1983
Matthew,M,50208,1983
David,M,39206,1983
Joshua,M,36688,1983
James,M,36344,1983
Jason,M,35118,1983
Daniel,M,34748,1983
John,M,33158,1983
Robert,M,32744,1983
Joseph,M,30444,1983
Justin,M,28301,1983
Ryan,M,27849,1983
Brian,M,26047,1983
Andrew,M,25564,1983
William,M,25396,1983
Brandon,M,23516,1983
Adam,M,23489,1983
Jonathan,M,22756,1983
Eric,M,20356,1983
Nicholas,M,19894,1983
Anthony,M,19832,1983
Steven,M,18311,1983
Thomas,M,17565,1983
Kevin,M,17378,1983
Jennifer,F,50563,1984
Jessica,F,45858,1984
Ashley,F,38774,1984
Amanda,F,33913,1984
Sarah,F,25889,1984
Stephanie,F,23025,1984
Nicole,F,22271,1984
Melissa,F,21897,1984
Heather,F,21489,1984
Elizabeth,F,20361,1984
Megan,F,16984,1984
Crystal,F,16561,1984
Amy,F,15990,1984
Tiffany,F,15861,1984
Rachel,F,15838,1984
Danielle,F,15670,1984
Michelle,F,15499,1984
Amber,F,15369,1984
Laura,F,14818,1984
Christina,F,14705,1984
Lauren,F,14475,1984
Kimberly,F,14446,1984
Rebecca,F,13349,1984
Emily,F,12786,1984
Erin,F,12622,1984
Michael,M,67741,1984
Christopher,M,60019,1984
Matthew,M,49769,1984
Joshua,M,40266,1984
David,M,38492,1984
Daniel,M,36533,1984
James,M,35856,1984
John,M,32611,1984
Robert,M,31772,1984
Joseph,M,30511,1984
Jason,M,29952,1984
Ryan,M,28726,1984
Justin,M,26772,1984
Andrew,M,25919,1984
Brandon,M,25671,1984
William,M,24902,1984
Brian,M,24723,1984
Adam,M,23940,1984
Jonathan,M,23344,1984
Nicholas,M,21018,1984
Anthony,M,20958,1984
Eric,M,20956,1984
Steven,M,18219,1984
Kevin,M,17862,1984
Thomas,M,17597,1984
Jessica,F,48348,1985
Ashley,F,47008,1985
Jennifer,F,42660,1985
Amanda,F,39056,1985
Sarah,F,24878,1985
Stephanie,F,23244,1985
Nicole,F,22967,1985
Heather,F,21152,1985
Elizabeth,F,20545,1985
Megan,F,20012,1985
Melissa,F,19963,1985
Christina,F,16600,1985
Rachel,F,16361,1985
Laura,F,16002,1985
Lauren,F,15768,1985
Amber,F,15506,1985
Brittany,F,15437,1985
Danielle,F,15417,1985
Kimberly,F,14913,1985
Amy,F,14429,1985
Crystal,F,14398,1985
Michelle,F,13976,1985
Tiffany,F,13681,1985
Emily,F,13143,1985
Rebecca,F,12704,1985
Michael,M,64936,1985
Christopher,M,59616,1985
Matthew,M,47079,1985
Joshua,M,42198,1985
Daniel,M,38564,1985
David,M,38527,1985
James,M,35864,1985
Robert,M,32095,1985
John,M,31499,1985
Joseph,M,30219,1985
Andrew,M,30180,1985
Ryan,M,29909,1985
Brandon,M,29307,1985
Jason,M,26036,1985
Justin,M,25536,1985
William,M,24608,1985
Jonathan,M,24116,1985
Brian,M,23068,1985
Nicholas,M,22384,1985
Anthony,M,22099,1985
Eric,M,20843,1985
Adam,M,20165,1985
Kevin,M,18813,1985
Steven,M,18728,1985
Thomas,M,17607,1985
Jessica,F,52684,1986
Ashley,F,49672,1986
Amanda,F,40532,1986
Jennifer,F,36189,1986
Sarah,F,28164,1986
Stephanie,F,22648,1986
Nicole,F,21292,1986
Brittany,F,20313,1986
Heather,F,19789,1986
Elizabeth,F,19074,1986
Megan,F,18591,1986
Melissa,F,17667,1986
Amber,F,16955,1986
Lauren,F,16683,1986
Rachel,F,15456,1986
Danielle,F,14943,1986
Tiffany,F,14483,1986
Kimberly,F,14418,1986
Christina,F,14386,1986
Laura,F,14173,1986
Samantha,F,14092,1986
Amy,F,13451,1986
Michelle,F,13303,1986
Emily,F,13236,1986
Crystal,F,12689,1986
Michael,M,64236,1986
Christopher,M,56697,1986
Matthew,M,46924,1986
Joshua,M,37541,1986
David,M,37149,1986
Daniel,M,36574,1986
James,M,34055,1986
Andrew,M,33859,1986
Robert,M,31351,1986
John,M,30208,1986
Ryan,M,29525,1986
Joseph,M,28832,1986
Brandon,M,27253,1986
Justin,M,26636,1986
William,M,24333,1986
Jonathan,M,23973,1986
Nicholas,M,22800,1986
Jason,M,22417,1986
Anthony,M,21959,1986
Brian,M,21029,1986
Kevin,M,19935,1986
Eric,M,19528,1986
Kyle,M,19315,1986
Adam,M,18155,1986
Steven,M,18099,1986
Jessica,F,55996,1987
Ashley,F,54853,1987
Amanda,F,41786,1987
Jennifer,F,32708,1987
Sarah,F,27895,1987
Stephanie,F,22402,1987
Brittany,F,22231,1987
Nicole,F,20286,1987
Heather,F,18982,1987
Elizabeth,F,18608,1987
Samantha,F,17944,1987
Megan,F,17823,1987
Melissa,F,17674,1987
Danielle,F,17009,1987
Amber,F,16749,1987
Lauren,F,16708,1987
Rachel,F,15644,1987
Tiffany,F,14743,1987
Emily,F,14711,1987
Christina,F,13818,1987
Michelle,F,13034,1987
Laura,F,13032,1987
Kimberly,F,13030,1987
Amy,F,11787,1987
Rebecca,F,11626,1987
Michael,M,63663,1987
Christopher,M,54494,1987
Matthew,M,46507,1987
Joshua,M,40004,1987
David,M,36796,1987
Andrew,M,36205,1987
Daniel,M,35875,1987
James,M,32660,1987
Justin,M,31492,1987
Robert,M,30240,1987
John,M,29553,1987
Joseph,M,28519,1987
Ryan,M,28490,1987
Brandon,M,24823,1987
William,M,24203,1987
Nicholas,M,23249,1987
Anthony,M,23123,1987
Jonathan,M,23120,1987
Kevin,M,20421,1987
Brian,M,20363,1987
Eric,M,20203,1987
Kyle,M,19866,1987
Jason,M,19349,1987
Thomas,M,18137,1987
Steven,M,17769,1987
Jessica,F,51557,1988
Ashley,F,49975,1988
Amanda,F,39459,1988
Sarah,F,28374,1988
Jennifer,F,27893,1988
Brittany,F,26817,1988
Stephanie,F,22844,1988
Samantha,F,20700,1988
Nicole,F,20314,1988
Elizabeth,F,20042,1988
Lauren,F,19638,1988
Megan,F,18570,1988
Tiffany,F,18363,1988
Heather,F,18033,1988
Amber,F,16676,1988
Melissa,F,16545,1988
Danielle,F,16254,1988
Emily,F,15871,1988
Rachel,F,15348,1988
Kayla,F,13432,1988
Michelle,F,13339,1988
Christina,F,12954,1988
Laura,F,12127,1988
Courtney,F,12043,1988
Kimberly,F,11949,1988
Michael,M,64168,1988
Christopher,M,53015,1988
Matthew,M,45875,1988
Joshua,M,42650,1988
Andrew,M,35745,1988
David,M,35330,1988
Justin,M,35055,1988
Daniel,M,34718,1988
James,M,32521,1988
Robert,M,30317,1988
John,M,29423,1988
Joseph,M,29019,1988
Ryan,M,27750,1988
Nicholas,M,25300,1988
Jonathan,M,24348,1988
William,M,24125,1988
Brandon,M,23744,1988
Anthony,M,23643,1988
Eric,M,20174,1988
Kevin,M,20170,1988
Kyle,M,19896,1988
Brian,M,19529,1988
Thomas,M,18808,1988
Steven,M,17864,1988
Timothy,M,16808,1988
Jessica,F,47887,1989
Ashley,F,47588,1989
Brittany,F,37791,1989
Amanda,F,36834,1989
Sarah,F,27796,1989
Samantha,F,24792,1989
Jennifer,F,24004,1989
Stephanie,F,22766,1989
Lauren,F,21065,1989
Elizabeth,F,20298,1989
Megan,F,19780,1989
Nicole,F,19034,1989
Emily,F,17324,1989
Amber,F,16760,1989
Heather,F,16248,1989
Tiffany,F,15716,1989
Danielle,F,15366,1989
Rachel,F,15357,1989
Melissa,F,15204,1989
Kayla,F,14904,1989
Courtney,F,13452,1989
Michelle,F,13376,1989
Christina,F,13140,1989
Rebecca,F,12435,1989
Laura,F,11742,1989
Michael,M,65409,1989
Christopher,M,53184,1989
Matthew,M,45374,1989
Joshua,M,44099,1989
David,M,35223,1989
Daniel,M,35009,1989
Andrew,M,34818,1989
Justin,M,32852,1989
James,M,32720,1989
Robert,M,30073,1989
Joseph,M,29882,1989
John,M,29853,1989
Ryan,M,28407,1989
Nicholas,M,28231,1989
William,M,24674,1989
Anthony,M,24423,1989
Jonathan,M,23607,1989
Brandon,M,23310,1989
Kevin,M,21209,1989
Kyle,M,20879,1989
Eric,M,18978,1989
Steven,M,18929,1989
Thomas,M,18436,1989
Brian,M,18108,1989
Zachary,M,18078,1989
Jessica,F,46486,1990
Ashley,F,45560,1990
Brittany,F,36537,1990
Amanda,F,34413,1990
Samantha,F,25868,1990
Sarah,F,25825,1990
Stephanie,F,24864,1990
Jennifer,F,22236,1990
Elizabeth,F,20749,1990
Lauren,F,20507,1990
Megan,F,20259,1990
Emily,F,19368,1990
Nicole,F,17953,1990
Kayla,F,17538,1990
Amber,F,15866,1990
Rachel,F,15710,1990
Courtney,F,15380,1990
Danielle,F,14339,1990
Heather,F,14220,1990
Melissa,F,14000,1990
Rebecca,F,13675,1990
Michelle,F,13424,1990
Tiffany,F,13162,1990
Chelsea,F,12784,1990
Christina,F,11928,1990
Michael,M,65318,1990
Christopher,M,52359,1990
Matthew,M,44822,1990
Joshua,M,43233,1990
Daniel,M,33831,1990
David,M,33747,1990
Andrew,M,33675,1990
James,M,32357,1990
Justin,M,30650,1990
Joseph,M,30134,1990
Ryan,M,29257,1990
John,M,29090,1990
Robert,M,28885,1990
Nicholas,M,27914,1990
Anthony,M,25087,1990
William,M,24909,1990
Jonathan,M,24077,1990
Kyle,M,22710,1990
Brandon,M,22162,1990
Jacob,M,22023,1990
Tyler,M,20643,1990
Zachary,M,20432,1990
Kevin,M,20412,1990
Eric,M,19429,1990
Steven,M,18763,1990
Ashley,F,43477,1991
Jessica,F,43395,1991
Brittany,F,29090,1991
Amanda,F,28896,1991
Samantha,F,25648,1991
Sarah,F,25231,1991
Stephanie,F,22775,1991
Jennifer,F,20673,1991
Elizabeth,F,20395,1991
Emily,F,20311,1991
Megan,F,19278,1991
Kayla,F,18545,1991
Lauren,F,18411,1991
Rachel,F,16343,1991
Nicole,F,16047,1991
Amber,F,14993,1991
Danielle,F,13618,1991
Chelsea,F,13509,1991
Courtney,F,13441,1991
Melissa,F,13348,1991
Rebecca,F,13300,1991
Michelle,F,12213,1991
Heather,F,11703,1991
Jasmine,F,11525,1991
Katherine,F,11495,1991
Michael,M,60807,1991
Christopher,M,47110,1991
Matthew,M,41647,1991
Joshua,M,41226,1991
Andrew,M,31541,1991
Daniel,M,30932,1991
James,M,30513,1991
David,M,30417,1991
Joseph,M,29839,1991
John,M,27809,1991
Ryan,M,27534,1991
Nicholas,M,27357,1991
Robert,M,26836,1991
Justin,M,26794,1991
Brandon,M,26022,1991
Tyler,M,25210,1991
Jacob,M,25197,1991
Anthony,M,24447,1991
William,M,23858,1991
Jonathan,M,22975,1991
Kyle,M,21610,1991
Zachary,M,21387,1991
Kevin,M,20261,1991
Cody,M,18980,1991
Eric,M,18051,1991
Ashley,F,38461,1992
Jessica,F,38361,1992
Amanda,F,25039,1992
Brittany,F,24983,1992
Sarah,F,24636,1992
Samantha,F,24409,1992
Emily,F,21834,1992
Stephanie,F,19679,1992
Elizabeth,F,19034,1992
Megan,F,17842,1992
Jennifer,F,17819,1992
Lauren,F,17216,1992
Kayla,F,16517,1992
Nicole,F,16325,1992
Chelsea,F,16177,1992
Rachel,F,15840,1992
Taylor,F,14952,1992
Danielle,F,14098,1992
Amber,F,13917,1992
Rebecca,F,13110,1992
Courtney,F,12604,1992
Victoria,F,11906,1992
Kelsey,F,11713,1992
Melissa,F,11710,1992
Michelle,F,11511,1992
Michael,M,54409,1992
Christopher,M,42473,1992
Matthew,M,37733,1992
Joshua,M,36220,1992
Andrew,M,30538,1992
Brandon,M,29627,1992
Daniel,M,29157,1992
Tyler,M,28804,1992
James,M,28509,1992
David,M,28425,1992
Joseph,M,27902,1992
Nicholas,M,27761,1992
Ryan,M,27018,1992
John,M,26255,1992
Jacob,M,25667,1992
Zachary,M,24800,1992
Robert,M,24095,1992
Justin,M,23621,1992
Anthony,M,23176,1992
William,M,23066,1992
Jonathan,M,21415,1992
Kyle,M,20714,1992
Alexander,M,20069,1992
Cody,M,19875,1992
Kevin,M,19646,1992
Jessica,F,34993,1993
Ashley,F,34849,1993
Sarah,F,24256,1993
Samantha,F,23668,1993
Emily,F,23596,1993
Brittany,F,21723,1993
Taylor,F,21271,1993
Amanda,F,20811,1993
Elizabeth,F,17559,1993
Stephanie,F,17187,1993
Megan,F,16385,1993
Lauren,F,16194,1993
Nicole,F,16183,1993
Rachel,F,15973,1993
Jennifer,F,15748,1993
Kayla,F,15452,1993
Amber,F,14065,1993
Danielle,F,12992,1993
Victoria,F,12926,1993
Courtney,F,12577,1993
Hannah,F,12509,1993
Rebecca,F,12321,1993
Jasmine,F,12062,1993
Kelsey,F,11379,1993
Chelsea,F,11287,1993
Michael,M,49568,1993
Christopher,M,38236,1993
Matthew,M,35780,1993
Joshua,M,33589,1993
Tyler,M,29799,1993
Brandon,M,28735,1993
Daniel,M,28694,1993
Nicholas,M,28115,1993
Jacob,M,27485,1993
Andrew,M,27322,1993
David,M,27039,1993
Joseph,M,27013,1993
Ryan,M,26729,1993
James,M,26255,1993
Zachary,M,25537,1993
John,M,24995,1993
Robert,M,22447,1993
William,M,22219,1993
Anthony,M,21789,1993
Justin,M,21541,1993
Alexander,M,20529,1993
Jonathan,M,19952,1993
Kyle,M,19455,1993
Cody,M,19151,1993
Kevin,M,19082,1993
Jessica,F,32122,1994
Ashley,F,30283,1994
Emily,F,24153,1994
Samantha,F,22824,1994
Sarah,F,22298,1994
Taylor,F,20734,1994
Brittany,F,18900,1994
Amanda,F,18718,1994
Elizabeth,F,16786,1994
Megan,F,16580,1994
Nicole,F,16011,1994
Kayla,F,15885,1994
Rachel,F,15492,1994
Lauren,F,15158,1994
Stephanie,F,14750,1994
Hannah,F,14495,1994
Jennifer,F,14001,1994
Alexis,F,13039,1994
Victoria,F,12694,1994
Danielle,F,12454,1994
Amber,F,12343,1994
Courtney,F,12019,1994
Jasmine,F,11713,1994
Rebecca,F,11283,1994
Morgan,F,10655,1994
Michael,M,44475,1994
Christopher,M,34806,1994
Matthew,M,33654,1994
Joshua,M,31375,1994
Tyler,M,30480,1994
Brandon,M,29490,1994
Jacob,M,29419,1994
Daniel,M,28062,1994
Nicholas,M,27767,1994
Andrew,M,26015,1994
Joseph,M,25732,1994
Zachary,M,25137,1994
David,M,24874,1994
James,M,24777,1994
John,M,24186,1994
Ryan,M,24066,1994
Austin,M,23192,1994
Anthony,M,21602,1994
William,M,21491,1994
Justin,M,20939,1994
Robert,M,20559,1994
Alexander,M,20098,1994
Jonathan,M,19068,1994
Kyle,M,18398,1994
Cody,M,17589,1994
Jessica,F,27939,1995
Ashley,F,26606,1995
Emily,F,24383,1995
Samantha,F,21645,1995
Sarah,F,21394,1995
Taylor,F,20426,1995
Hannah,F,17018,1995
Brittany,F,16477,1995
Amanda,F,16354,1995
Elizabeth,F,16192,1995
Kayla,F,16087,1995
Rachel,F,16047,1995
Megan,F,15530,1995
Alexis,F,14334,1995
Lauren,F,13444,1995
Stephanie,F,12977,1995
Courtney,F,12775,1995
Jennifer,F,12683,1995
Nicole,F,12277,1995
Victoria,F,12252,1995
Brianna,F,11881,1995
Amber,F,10965,1995
Morgan,F,10877,1995
Danielle,F,10653,1995
Jasmine,F,10279,1995
Michael,M,41410,1995
Matthew,M,32879,1995
Christopher,M,32677,1995
Jacob,M,31134,1995
Joshua,M,30720,1995
Nicholas,M,29161,1995
Tyler,M,29160,1995
Brandon,M,26904,1995
Daniel,M,26727,1995
Austin,M,25907,1995
Andrew,M,25858,1995
Joseph,M,25352,1995
John,M,23244,1995
Zachary,M,23129,1995
Ryan,M,23087,1995
David,M,23046,1995
James,M,22736,1995
Justin,M,21580,1995
Anthony,M,20482,1995
William,M,20160,1995
Alexander,M,19454,1995
Robert,M,18586,1995
Jonathan,M,18155,1995
Kyle,M,16761,1995
Kevin,M,15858,1995
Emily,F,25150,1996
Jessica,F,24200,1996
Ashley,F,23678,1996
Sarah,F,21044,1996
Samantha,F,20551,1996
Taylor,F,19153,1996
Hannah,F,18596,1996
Alexis,F,16592,1996
Rachel,F,16120,1996
Elizabeth,F,16004,1996
Kayla,F,15269,1996
Megan,F,14770,1996
Amanda,F,13980,1996
Brittany,F,13797,1996
Madison,F,13410,1996
Lauren,F,12594,1996
Brianna,F,11925,1996
Victoria,F,11859,1996
Jennifer,F,11729,1996
Stephanie,F,11644,1996
Courtney,F,11344,1996
Nicole,F,11134,1996
Alyssa,F,11024,1996
Rebecca,F,10626,1996
Morgan,F,10295,1996
Michael,M,38373,1996
Matthew,M,32077,1996
Jacob,M,31924,1996
Christopher,M,30902,1996
Joshua,M,29174,1996
Nicholas,M,27722,1996
Tyler,M,26955,1996
Brandon,M,25847,1996
Austin,M,25663,1996
Andrew,M,25244,1996
Daniel,M,25125,1996
Joseph,M,24758,1996
David,M,23024,1996
Zachary,M,22368,1996
John,M,22186,1996
Ryan,M,21810,1996
James,M,21164,1996
William,M,20544,1996
Anthony,M,20507,1996
Justin,M,20011,1996
Jonathan,M,18602,1996
Alexander,M,17964,1996
Robert,M,17676,1996
Christian,M,15823,1996
Kyle,M,15600,1996
Emily,F,25735,1997
Jessica,F,21045,1997
Ashley,F,20896,1997
Sarah,F,20716,1997
Hannah,F,20596,1997
Samantha,F,20170,1997
Taylor,F,19504,1997
Alexis,F,17171,1997
Elizabeth,F,15428,1997
Madison,F,15189,1997
Megan,F,14244,1997
Kayla,F,13885,1997
Rachel,F,13798,1997
Lauren,F,13248,1997
Alyssa,F,12649,1997
Amanda,F,12243,1997
Brianna,F,12007,1997
Jennifer,F,11840,1997
Victoria,F,11793,1997
Brittany,F,11529,1997
Nicole,F,10744,1997
Morgan,F,10342,1997
Stephanie,F,9778,1997
Jasmine,F,9680,1997
Rebecca,F,9632,1997
Michael,M,37557,1997
Jacob,M,34163,1997
Matthew,M,31518,1997
Christopher,M,29106,1997
Joshua,M,28288,1997
Nicholas,M,27257,1997
Andrew,M,25208,1997
Brandon,M,25196,1997
Austin,M,25118,1997
Tyler,M,24878,1997
Daniel,M,23950,1997
Joseph,M,23603,1997
Zachary,M,21928,1997
David,M,21896,1997
John,M,21386,1997
Ryan,M,20528,1997
James,M,20407,1997
Anthony,M,20033,1997
William,M,20020,1997
Justin,M,18744,1997
Jonathan,M,18541,1997
Alexander,M,17112,1997
Robert,M,16303,1997
Kyle,M,15920,1997
Christian,M,15059,1997
Emily,F,26188,1998
Hannah,F,21375,1998
Samantha,F,20194,1998
Sarah,F,19896,1998
Ashley,F,19874,1998
Alexis,F,19778,1998
Taylor,F,18576,1998
Jessica,F,18238,1998
Madison,F,17787,1998
Elizabeth,F,15193,1998
Alyssa,F,13709,1998
Kayla,F,13422,1998
Megan,F,13256,1998
Lauren,F,12907,1998
Rachel,F,12210,1998
Victoria,F,12148,1998
Brianna,F,12047,1998
Abigail,F,11100,1998
Amanda,F,10928,1998
Jennifer,F,10692,1998
Olivia,F,10610,1998
Emma,F,10449,1998
Morgan,F,10217,1998
Nicole,F,9911,1998
Brittany,F,9844,1998
Michael,M,36619,1998
Jacob,M,36027,1998
Matthew,M,31145,1998
Joshua,M,28095,1998
Christopher,M,27007,1998
Nicholas,M,26633,1998
Brandon,M,23830,1998
Tyler,M,23712,1998
Andrew,M,23662,1998
Austin,M,23477,1998
Joseph,M,23186,1998
Daniel,M,23162,1998
David,M,20892,1998
William,M,20835,1998
John,M,20631,1998
Zachary,M,20580,1998
Ryan,M,20198,1998
James,M,19689,1998
Anthony,M,19634,1998
Justin,M,17971,1998
Jonathan,M,17649,1998
Alexander,M,17466,1998
Robert,M,15527,1998
Kyle,M,15276,1998
Dylan,M,14540,1998
Emily,F,26542,1999
Hannah,F,21679,1999
Alexis,F,19237,1999
Sarah,F,19117,1999
Samantha,F,19043,1999
Ashley,F,18136,1999
Madison,F,18054,1999
Taylor,F,16906,1999
Jessica,F,16350,1999
Elizabeth,F,15350,1999
Alyssa,F,14036,1999
Lauren,F,13911,1999
Kayla,F,13292,1999
Brianna,F,12417,1999
Megan,F,12229,1999
Victoria,F,11874,1999
Emma,F,11750,1999
Abigail,F,11686,1999
Rachel,F,11631,1999
Olivia,F,11257,1999
Jennifer,F,10615,1999
Amanda,F,9749,1999
Sydney,F,9649,1999
Morgan,F,9607,1999
Nicole,F,9515,1999
Jacob,M,35371,1999
Michael,M,33915,1999
Matthew,M,30418,1999
Joshua,M,27264,1999
Nicholas,M,25639,1999
Christopher,M,25604,1999
Andrew,M,23866,1999
Joseph,M,23219,1999
Daniel,M,22705,1999
Tyler,M,22667,1999
Brandon,M,21602,1999
Ryan,M,21013,1999
Austin,M,20767,1999
William,M,20716,1999
John,M,20365,1999
David,M,20352,1999
Zachary,M,19982,1999
Anthony,M,19472,1999
James,M,18555,1999
Justin,M,18277,1999
Alexander,M,17420,1999
Jonathan,M,17066,1999
Dylan,M,15981,1999
Noah,M,14931,1999
Christian,M,14782,1999
Emily,F,25959,2000
Hannah,F,23087,2000
Madison,F,19968,2000
Ashley,F,18000,2000
Sarah,F,17715,2000
Alexis,F,17631,2000
Samantha,F,17264,2000
Jessica,F,15711,2000
Elizabeth,F,15117,2000
Taylor,F,15080,2000
Lauren,F,14176,2000
Alyssa,F,13553,2000
Kayla,F,13313,2000
Abigail,F,13094,2000
Brianna,F,12880,2000
Olivia,F,12855,2000
Emma,F,12560,2000
Megan,F,11436,2000
Grace,F,11284,2000
Victoria,F,10926,2000
Rachel,F,10687,2000
Anna,F,10613,2000
Sydney,F,10243,2000
Destiny,F,9850,2000
Morgan,F,9502,2000
Jacob,M,34491,2000
Michael,M,32043,2000
Matthew,M,28580,2000
Joshua,M,27542,2000
Christopher,M,24937,2000
Nicholas,M,24654,2000
Andrew,M,23657,2000
Joseph,M,22843,2000
Daniel,M,22337,2000
Tyler,M,21506,2000
William,M,20669,2000
Brandon,M,20337,2000
Ryan,M,20269,2000
John,M,20113,2000
Zachary,M,19852,2000
David,M,19787,2000
Anthony,M,19655,2000
James,M,17991,2000
Justin,M,17783,2000
Alexander,M,17290,2000
Jonathan,M,16888,2000
Christian,M,16057,2000
Austin,M,15946,2000
Dylan,M,15405,2000
Ethan,M,15225,2000
Emily,F,25059,2001
Madison,F,22166,2001
Hannah,F,20723,2001
Ashley,F,16531,2001
Alexis,F,16404,2001
Sarah,F,15927,2001
Samantha,F,15867,2001
Abigail,F,14807,2001
Elizabeth,F,14792,2001
Olivia,F,13977,2001
Jessica,F,13925,2001
Taylor,F,13693,2001
Emma,F,13326,2001
Alyssa,F,13272,2001
Lauren,F,12782,2001
Grace,F,12089,2001
Kayla,F,11892,2001
Brianna,F,11776,2001
Anna,F,10592,2001
Megan,F,10300,2001
Victoria,F,10179,2001
Destiny,F,9752,2001
Sydney,F,9639,2001
Rachel,F,9555,2001
Jasmine,F,8958,2001
Jacob,M,32573,2001
Michael,M,29689,2001
Matthew,M,26812,2001
Joshua,M,26024,2001
Christopher,M,23132,2001
Nicholas,M,22848,2001
Andrew,M,22422,2001
Joseph,M,22030,2001
Daniel,M,21013,2001
William,M,20110,2001
Anthony,M,19737,2001
David,M,19362,2001
Tyler,M,19275,2001
John,M,18903,2001
Ryan,M,18289,2001
Zachary,M,18185,2001
Ethan,M,17962,2001
Brandon,M,17892,2001
James,M,17073,2001
Alexander,M,16719,2001
Dylan,M,16497,2001
Justin,M,16231,2001
Jonathan,M,16146,2001
Christian,M,15457,2001
Austin,M,14954,2001
Emily,F,24469,2002
Madison,F,21773,2002
Hannah,F,18827,2002
Emma,F,16557,2002
Alexis,F,15636,2002
Ashley,F,15344,2002
Abigail,F,15302,2002
Sarah,F,14778,2002
Samantha,F,14671,2002
Olivia,F,14630,2002
Elizabeth,F,14620,2002
Alyssa,F,12847,2002
Lauren,F,12326,2002
Isabella,F,12171,2002
Grace,F,12056,2002
Jessica,F,11921,2002
Brianna,F,11524,2002
Taylor,F,11468,2002
Kayla,F,11310,2002
Anna,F,10394,2002
Victoria,F,9785,2002
Megan,F,9210,2002
Sydney,F,9034,2002
Rachel,F,8943,2002
Chloe,F,8902,2002
Jacob,M,30586,2002
Michael,M,28258,2002
Joshua,M,25997,2002
Matthew,M,25154,2002
Ethan,M,22112,2002
Andrew,M,22036,2002
Joseph,M,21918,2002
Christopher,M,21689,2002
Nicholas,M,21390,2002
Daniel,M,21350,2002
William,M,20136,2002
Anthony,M,19590,2002
David,M,18704,2002
Tyler,M,18266,2002
Alexander,M,17718,2002
Ryan,M,17658,2002
John,M,17476,2002
James,M,16968,2002
Zachary,M,16622,2002
Brandon,M,16281,2002
Jonathan,M,15514,2002
Justin,M,14906,2002
Dylan,M,14821,2002
Christian,M,14596,2002
Samuel,M,14579,2002
Emily,F,25693,2003
Emma,F,22719,2003
Madison,F,20201,2003
Hannah,F,17638,2003
Olivia,F,16154,2003
Abigail,F,15932,2003
Alexis,F,14867,2003
Ashley,F,14519,2003
Elizabeth,F,14122,2003
Samantha,F,13869,2003
Sarah,F,13785,2003
Isabella,F,13781,2003
Grace,F,12781,2003
Alyssa,F,12750,2003
Lauren,F,11051,2003
Kayla,F,10957,2003
Brianna,F,10584,2003
Jessica,F,10454,2003
Taylor,F,10314,2003
Sophia,F,9686,2003
Anna,F,9463,2003
Victoria,F,9251,2003
Natalie,F,9151,2003
Chloe,F,9082,2003
Sydney,F,8911,2003
Jacob,M,29658,2003
Michael,M,27129,2003
Joshua,M,25103,2003
Matthew,M,24010,2003
Andrew,M,22162,2003
Joseph,M,21392,2003
Ethan,M,21361,2003
Daniel,M,21069,2003
Christopher,M,20753,2003
Anthony,M,20149,2003
William,M,19999,2003
Nicholas,M,19696,2003
Ryan,M,19578,2003
David,M,18640,2003
Tyler,M,18185,2003
Alexander,M,17714,2003
John,M,17249,2003
James,M,16895,2003
Dylan,M,15703,2003
Zachary,M,15540,2003
Brandon,M,15245,2003
Jonathan,M,14993,2003
Samuel,M,14687,2003
Benjamin,M,14086,2003
Christian,M,13908,2003
Emily,F,25041,2004
Emma,F,21620,2004
Madison,F,20628,2004
Olivia,F,16108,2004
Hannah,F,15613,2004
Abigail,F,15435,2004
Isabella,F,15021,2004
Ashley,F,14377,2004
Samantha,F,13787,2004
Elizabeth,F,13574,2004
Alexis,F,13477,2004
Sarah,F,12754,2004
Grace,F,12536,2004
Alyssa,F,12109,2004
Sophia,F,10919,2004
Lauren,F,9983,2004
Brianna,F,9804,2004
Kayla,F,9773,2004
Natalie,F,9689,2004
Anna,F,9529,2004
Jessica,F,9470,2004
Taylor,F,9303,2004
Chloe,F,8729,2004
Hailey,F,8685,2004
Ava,F,8645,2004
Jacob,M,27906,2004
Michael,M,25470,2004
Joshua,M,24213,2004
Matthew,M,22882,2004
Ethan,M,22210,2004
Andrew,M,21714,2004
Daniel,M,21012,2004
William,M,20235,2004
Joseph,M,20145,2004
Christopher,M,19636,2004
Anthony,M,19613,2004
Ryan,M,19497,2004
Nicholas,M,18519,2004
David,M,18407,2004
Alexander,M,17925,2004
Tyler,M,17450,2004
James,M,16469,2004
John,M,16467,2004
Dylan,M,14852,2004
Nathan,M,14633,2004
Jonathan,M,14375,2004
Brandon,M,14135,2004
Samuel,M,14128,2004
Christian,M,13925,2004
Benjamin,M,13829,2004
Emily,F,23950,2005
Emma,F,20359,2005
Madison,F,19578,2005
Abigail,F,15756,2005
Olivia,F,15699,2005
Isabella,F,15198,2005
Hannah,F,14853,2005
Samantha,F,13642,2005
Ava,F,13606,2005
Ashley,F,13275,2005
Elizabeth,F,12742,2005
Sophia,F,12678,2005
Alexis,F,11976,2005
Grace,F,11865,2005
Sarah,F,11552,2005
Alyssa,F,10891,2005
Mia,F,10845,2005
Natalie,F,10742,2005
Chloe,F,9598,2005
Brianna,F,9370,2005
Lauren,F,9248,2005
Anna,F,9110,2005
Ella,F,9071,2005
Taylor,F,8676,2005
Kayla,F,8620,2005
Jacob,M,25851,2005
Michael,M,23827,2005
Joshua,M,23261,2005
Matthew,M,21481,2005
Ethan,M,21318,2005
Andrew,M,20740,2005
Daniel,M,20234,2005
Anthony,M,19385,2005
Joseph,M,19235,2005
Christopher,M,19173,2005
William,M,19060,2005
David,M,18141,2005
Alexander,M,18128,2005
Ryan,M,17988,2005
Nicholas,M,17076,2005
Tyler,M,16988,2005
James,M,16140,2005
John,M,15791,2005
Jonathan,M,14442,2005
Nathan,M,14364,2005
Samuel,M,14269,2005
Christian,M,14209,2005
Noah,M,13905,2005
Dylan,M,13782,2005
Benjamin,M,13585,2005
Emily,F,21411,2006
Emma,F,19128,2006
Madison,F,18635,2006
Isabella,F,18231,2006
Ava,F,16941,2006
Abigail,F,15633,2006
Olivia,F,15507,2006
Hannah,F,14554,2006
Sophia,F,13503,2006
Samantha,F,12470,2006
Elizabeth,F,12440,2006
Ashley,F,12353,2006
Mia,F,12027,2006
Alexis,F,11239,2006
Sarah,F,11159,2006
Grace,F,10974,2006
Natalie,F,10950,2006
Chloe,F,10403,2006
Alyssa,F,10177,2006
Brianna,F,9370,2006
Ella,F,9211,2006
Anna,F,8611,2006
Taylor,F,8565,2006
Lauren,F,8498,2006
Hailey,F,8423,2006
Jacob,M,24867,2006
Michael,M,22651,2006
Joshua,M,22334,2006
Ethan,M,20522,2006
Matthew,M,20339,2006
Daniel,M,20079,2006
Andrew,M,19732,2006
Christopher,M,19688,2006
Anthony,M,19413,2006
William,M,18963,2006
Joseph,M,18467,2006
Alexander,M,18235,2006
David,M,17667,2006
Ryan,M,16432,2006
Noah,M,16340,2006
James,M,16254,2006
Nicholas,M,15674,2006
Tyler,M,15549,2006
John,M,15176,2006
Logan,M,15151,2006
Christian,M,14487,2006
Jonathan,M,14387,2006
Nathan,M,14278,2006
Benjamin,M,13765,2006
Samuel,M,13645,2006
Emily,F,19366,2007
Isabella,F,19143,2007
Emma,F,18388,2007
Ava,F,18053,2007
Madison,F,17968,2007
Sophia,F,17031,2007
Olivia,F,16588,2007
Abigail,F,15476,2007
Hannah,F,13322,2007
Elizabeth,F,13070,2007
Addison,F,11949,2007
Samantha,F,11883,2007
Ashley,F,11428,2007
Alyssa,F,11275,2007
Mia,F,10921,2007
Chloe,F,10759,2007
Natalie,F,10443,2007
Sarah,F,10010,2007
Alexis,F,9923,2007
Grace,F,9768,2007
Ella,F,9553,2007
Brianna,F,8855,2007
Hailey,F,8439,2007
Taylor,F,7965,2007
Anna,F,7900,2007
Jacob,M,24308,2007
Michael,M,22024,2007
Ethan,M,21039,2007
Joshua,M,20667,2007
Daniel,M,20264,2007
Christopher,M,20029,2007
Anthony,M,19637,2007
William,M,18894,2007
Matthew,M,18753,2007
Andrew,M,18460,2007
Alexander,M,18150,2007
David,M,17563,2007
Joseph,M,17361,2007
Noah,M,16603,2007
James,M,15973,2007
Ryan,M,15721,2007
Logan,M,15330,2007
Jayden,M,15252,2007
John,M,14440,2007
Nicholas,M,14362,2007
Tyler,M,14105,2007
Christian,M,14062,2007
Jonathan,M,13809,2007
Nathan,M,13604,2007
Samuel,M,13366,2007
Emma,F,18826,2008
Isabella,F,18628,2008
Emily,F,17445,2008
Olivia,F,17087,2008
Ava,F,17050,2008
Madison,F,17046,2008
Sophia,F,16090,2008
Abigail,F,15087,2008
Elizabeth,F,12025,2008
Chloe,F,11835,2008
Samantha,F,11190,2008
Addison,F,10767,2008
Natalie,F,10202,2008
Mia,F,10173,2008
Alexis,F,9734,2008
Alyssa,F,9652,2008
Hannah,F,9575,2008
Ashley,F,9408,2008
Ella,F,9362,2008
Sarah,F,9053,2008
Grace,F,9041,2008
Taylor,F,8344,2008
Brianna,F,8277,2008
Lily,F,8127,2008
Hailey,F,7871,2008
Jacob,M,22622,2008
Michael,M,20651,2008
Ethan,M,20221,2008
Joshua,M,19228,2008
Daniel,M,19030,2008
Alexander,M,18710,2008
Anthony,M,18413,2008
William,M,18403,2008
Christopher,M,17966,2008
Matthew,M,17602,2008
Jayden,M,17166,2008
Andrew,M,16778,2008
Joseph,M,16597,2008
David,M,16346,2008
Noah,M,15803,2008
Aiden,M,15590,2008
James,M,15188,2008
Ryan,M,14686,2008
Logan,M,13861,2008
John,M,13335,2008
Nathan,M,13262,2008
Elijah,M,13239,2008
Christian,M,13068,2008
Gabriel,M,13040,2008
Benjamin,M,12958,2008
Isabella,F,22319,2009
Emma,F,17910,2009
Olivia,F,17443,2009
Sophia,F,16951,2009
Ava,F,15877,2009
Emily,F,15362,2009
Madison,F,15254,2009
Abigail,F,14401,2009
Chloe,F,11918,2009
Mia,F,11437,2009
Elizabeth,F,11055,2009
Addison,F,10669,2009
Alexis,F,9944,2009
Samantha,F,9667,2009
Ella,F,9657,2009
Natalie,F,9420,2009
Grace,F,8321,2009
Lily,F,8101,2009
Alyssa,F,7979,2009
Ashley,F,7815,2009
Sarah,F,7791,2009
Taylor,F,7590,2009
Hannah,F,7583,2009
Brianna,F,7357,2009
Hailey,F,7324,2009
Jacob,M,21202,2009
Ethan,M,19855,2009
Michael,M,18960,2009
Alexander,M,18253,2009
William,M,17935,2009
Joshua,M,17668,2009
Daniel,M,17563,2009
Jayden,M,17313,2009
Noah,M,17261,2009
Christopher,M,16367,2009
Anthony,M,16325,2009
Aiden,M,16029,2009
Matthew,M,16007,2009
David,M,15455,2009
Joseph,M,14949,2009
Andrew,M,14876,2009
Logan,M,14466,2009
James,M,14221,2009
Benjamin,M,13121,2009
Ryan,M,13120,2009
Elijah,M,12845,2009
Gabriel,M,12833,2009
Christian,M,12654,2009
Samuel,M,12175,2009
Nathan,M,12135,2009
Isabella,F,22935,2010
Sophia,F,20655,2010
Emma,F,17364,2010
Olivia,F,17037,2010
Ava,F,15442,2010
Emily,F,14281,2010
Abigail,F,14257,2010
Madison,F,13194,2010
Chloe,F,11763,2010
Mia,F,10649,2010
Addison,F,10332,2010
Elizabeth,F,10280,2010
Ella,F,9883,2010
Natalie,F,8789,2010
Samantha,F,8410,2010
Alexis,F,8278,2010
Lily,F,7992,2010
Grace,F,7689,2010
Hailey,F,7025,2010
Hannah,F,6998,2010
Alyssa,F,6993,2010
Lillian,F,6957,2010
Avery,F,6677,2010
Leah,F,6543,2010
Nevaeh,F,6441,2010
Jacob,M,22154,2010
Ethan,M,18017,2010
Michael,M,17381,2010
Jayden,M,17200,2010
William,M,17071,2010
Alexander,M,16767,2010
Noah,M,16478,2010
Daniel,M,15865,2010
Aiden,M,15546,2010
Anthony,M,15508,2010
Joshua,M,15463,2010
Mason,M,14857,2010
Christopher,M,14296,2010
Andrew,M,14268,2010
David,M,14223,2010
Matthew,M,14145,2010
Logan,M,14030,2010
Elijah,M,13919,2010
James,M,13898,2010
Joseph,M,13851,2010
Gabriel,M,12886,2010
Benjamin,M,12438,2010
Ryan,M,11981,2010
Samuel,M,11971,2010
Jackson,M,11823,2010
Sophia,F,21861,2011
Isabella,F,19930,2011
Emma,F,18822,2011
Olivia,F,17334,2011
Ava,F,15514,2011
Emily,F,14277,2011
Abigail,F,13261,2011
Madison,F,12406,2011
Mia,F,11542,2011
Chloe,F,11007,2011
Elizabeth,F,10106,2011
Ella,F,9597,2011
Addison,F,9311,2011
Natalie,F,8646,2011
Lily,F,8192,2011
Grace,F,7640,2011
Samantha,F,7398,2011
Avery,F,7344,2011
Sofia,F,7331,2011
Aubrey,F,7187,2011
Brooklyn,F,7178,2011
Lillian,F,6932,2011
Victoria,F,6895,2011
Evelyn,F,6709,2011
Hannah,F,6584,2011
Jacob,M,20401,2011
Mason,M,19528,2011
William,M,17359,2011
Jayden,M,17017,2011
Noah,M,16881,2011
Michael,M,16822,2011
Ethan,M,16696,2011
Alexander,M,15716,2011
Aiden,M,15518,2011
Daniel,M,15304,2011
Anthony,M,14289,2011
Matthew,M,14179,2011
Elijah,M,13997,2011
Joshua,M,13796,2011
Liam,M,13449,2011
Andrew,M,13296,2011
James,M,13272,2011
David,M,13254,2011
Benjamin,M,13079,2011
Christopher,M,13026,2011
Logan,M,12997,2011
Joseph,M,12994,2011
Jackson,M,12407,2011
Gabriel,M,12361,2011
Ryan,M,11503,2011
Sophia,F,22335,2012
Emma,F,20972,2012
Isabella,F,19134,2012
Olivia,F,17332,2012
Ava,F,15548,2012
Emily,F,13664,2012
Abigail,F,12728,2012
Mia,F,12037,2012
Madison,F,11416,2012
Elizabeth,F,9729,2012
Chloe,F,9670,2012
Ella,F,9211,2012
Avery,F,8318,2012
Addison,F,8183,2012
Aubrey,F,8059,2012
Lily,F,7969,2012
Natalie,F,7908,2012
Sofia,F,7837,2012
Charlotte,F,7482,2012
Zoey,F,7481,2012
Grace,F,7393,2012
Hannah,F,7291,2012
Amelia,F,7248,2012
Harper,F,7199,2012
Lillian,F,7171,2012
Jacob,M,19104,2012
Mason,M,18993,2012
Ethan,M,17694,2012
Noah,M,17378,2012
William,M,16914,2012
Liam,M,16823,2012
Michael,M,16209,2012
Jayden,M,16150,2012
Alexander,M,15257,2012
Aiden,M,14924,2012
Daniel,M,14301,2012
Matthew,M,13991,2012
Elijah,M,13909,2012
James,M,13456,2012
Anthony,M,13226,2012
Benjamin,M,12833,2012
Joshua,M,12677,2012
Andrew,M,12641,2012
Joseph,M,12589,2012
David,M,12558,2012
Jackson,M,12497,2012
Logan,M,12488,2012
Christopher,M,11919,2012
Gabriel,M,11577,2012
Samuel,M,11468,2012
Sophia,F,21253,2013
Emma,F,20966,2013
Olivia,F,18453,2013
Isabella,F,17679,2013
Ava,F,15271,2013
Mia,F,13166,2013
Emily,F,13142,2013
Abigail,F,12429,2013
Madison,F,10604,2013
Elizabeth,F,9474,2013
Charlotte,F,9311,2013
Avery,F,9185,2013
Sofia,F,9169,2013
Chloe,F,8798,2013
Ella,F,8461,2013
Harper,F,8284,2013
Amelia,F,8051,2013
Aubrey,F,7984,2013
Addison,F,7740,2013
Evelyn,F,7668,2013
Natalie,F,7488,2013
Grace,F,7385,2013
Hannah,F,7306,2013
Zoey,F,7256,2013
Victoria,F,7214,2013
Noah,M,18287,2013
Jacob,M,18196,2013
Liam,M,18153,2013
Mason,M,17727,2013
William,M,16665,2013
Ethan,M,16259,2013
Michael,M,15540,2013
Alexander,M,14922,2013
Jayden,M,14798,2013
Daniel,M,14323,2013
Elijah,M,13826,2013
Aiden,M,13646,2013
James,M,13595,2013
Benjamin,M,13513,2013
Matthew,M,13360,2013
Jackson,M,12609,2013
David,M,12396,2013
Logan,M,12365,2013
Anthony,M,12293,2013
Joseph,M,12276,2013
Joshua,M,11855,2013
Andrew,M,11682,2013
Lucas,M,11558,2013
Gabriel,M,11244,2013
Samuel,M,11139,2013
Emma,F,20962,2014
Olivia,F,19836,2014
Sophia,F,18642,2014
Isabella,F,17133,2014
Ava,F,15725,2014
Mia,F,13533,2014
Emily,F,12667,2014
Abigail,F,12113,2014
Madison,F,10331,2014
Charlotte,F,10120,2014
Harper,F,9616,2014
Sofia,F,9611,2014
Elizabeth,F,9597,2014
Avery,F,9578,2014
Amelia,F,8804,2014
Evelyn,F,8753,2014
Ella,F,8568,2014
Chloe,F,8562,2014
Victoria,F,8008,2014
Grace,F,7659,2014
Aubrey,F,7632,2014
Zoey,F,7440,2014
Natalie,F,7114,2014
Addison,F,7008,2014
Lillian,F,6924,2014
Noah,M,19338,2014
Liam,M,18484,2014
Mason,M,17221,2014
Jacob,M,16916,2014
William,M,16847,2014
Ethan,M,15748,2014
Michael,M,15496,2014
Alexander,M,15444,2014
James,M,14462,2014
Daniel,M,13956,2014
Elijah,M,13881,2014
Benjamin,M,13827,2014
Logan,M,13668,2014
Aiden,M,13436,2014
Jayden,M,12993,2014
Matthew,M,12940,2014
David,M,12253,2014
Jackson,M,12240,2014
Lucas,M,12174,2014
Joseph,M,12151,2014
Anthony,M,11611,2014
Andrew,M,11187,2014
Samuel,M,11024,2014
Gabriel,M,10953,2014
Joshua,M,10926,2014
Emma,F,20485,2015
Olivia,F,19726,2015
Sophia,F,17451,2015
Ava,F,16410,2015
Isabella,F,15661,2015
Mia,F,14939,2015
Abigail,F,12420,2015
Emily,F,11806,2015
Charlotte,F,11415,2015
Harper,F,10310,2015
Madison,F,10107,2015
Amelia,F,9875,2015
Elizabeth,F,9766,2015
Sofia,F,9699,2015
Evelyn,F,9376,2015
Avery,F,9355,2015
Chloe,F,7950,2015
Ella,F,7917,2015
Grace,F,7679,2015
Victoria,F,7627,2015
Aubrey,F,7403,2015
Scarlett,F,7143,2015
Zoey,F,6975,2015
Addison,F,6734,2015
Lily,F,6679,2015
Noah,M,19678,2015
Liam,M,18407,2015
Mason,M,16667,2015
Jacob,M,15999,2015
William,M,15945,2015
Ethan,M,15099,2015
James,M,14861,2015
Alexander,M,14583,2015
Michael,M,14497,2015
Benjamin,M,13732,2015
Elijah,M,13707,2015
Daniel,M,13540,2015
Aiden,M,13504,2015
Logan,M,12936,2015
Matthew,M,12783,2015
Lucas,M,12329,2015
Jackson,M,12293,2015
David,M,11836,2015
Oliver,M,11667,2015
Jayden,M,11580,2015
Joseph,M,11528,2015
Gabriel,M,10909,2015
Samuel,M,10900,2015
Carter,M,10814,2015
Anthony,M,10660,2015
Emma,F,19548,2016
Olivia,F,19409,2016
Ava,F,16347,2016
Sophia,F,16182,2016
Isabella,F,14861,2016
Mia,F,14462,2016
Charlotte,F,13117,2016
Abigail,F,11794,2016
Emily,F,11004,2016
Amelia,F,10808,2016
Harper,F,10802,2016
Evelyn,F,10116,2016
Elizabeth,F,9602,2016
Sofia,F,9177,2016
Madison,F,9055,2016
Avery,F,8774,2016
Ella,F,7939,2016
Scarlett,F,7716,2016
Grace,F,7616,2016
Chloe,F,7481,2016
Victoria,F,7328,2016
Riley,F,7159,2016
Aria,F,6948,2016
Lily,F,6608,2016
Aubrey,F,6551,2016
Noah,M,19187,2016
Liam,M,18272,2016
William,M,15808,2016
Mason,M,15286,2016
James,M,14916,2016
Benjamin,M,14682,2016
Jacob,M,14554,2016
Michael,M,14139,2016
Elijah,M,13970,2016
Ethan,M,13854,2016
Alexander,M,13445,2016
Oliver,M,13065,2016
Daniel,M,12992,2016
Lucas,M,12904,2016
Matthew,M,12665,2016
Aiden,M,12265,2016
Jackson,M,11311,2016
Logan,M,11278,2016
David,M,11148,2016
Joseph,M,10961,2016
Samuel,M,10615,2016
Henry,M,10389,2016
Sebastian,M,10308,2016
Owen,M,10302,2016
Gabriel,M,10278,2016
Emma,F,19870,2017
Olivia,F,18777,2017
Ava,F,16015,2017
Isabella,F,15254,2017
Sophia,F,14936,2017
Mia,F,13519,2017
Charlotte,F,12965,2017
Amelia,F,11868,2017
Evelyn,F,10747,2017
Abigail,F,10645,2017
Harper,F,10521,2017
Emily,F,9813,2017
Elizabeth,F,8999,2017
Avery,F,8232,2017
Sofia,F,8175,2017
Ella,F,8083,2017
Madison,F,7907,2017
Scarlett,F,7719,2017
Victoria,F,7314,2017
Aria,F,7167,2017
Grace,F,7083,2017
Chloe,F,6981,2017
Camila,F,6776,2017
Penelope,F,6667,2017
Riley,F,6366,2017
Liam,M,18865,2017
Noah,M,18502,2017
William,M,15042,2017
James,M,14357,2017
Logan,M,14057,2017
Benjamin,M,13854,2017
Mason,M,13597,2017
Elijah,M,13444,2017
Jacob,M,13265,2017
Oliver,M,13224,2017
Lucas,M,13029,2017
Michael,M,12723,2017
Alexander,M,12574,2017
Ethan,M,12478,2017
Daniel,M,11753,2017
Matthew,M,11730,2017
Aiden,M,11352,2017
Joseph,M,10485,2017
Henry,M,10480,2017
Jackson,M,10466,2017
Samuel,M,10447,2017
David,M,10241,2017
Sebastian,M,10197,2017
Carter,M,9831,2017
Wyatt,M,9726,2017
Emma,F,18818,2018
Olivia,F,18055,2018
Ava,F,15028,2018
Isabella,F,14568,2018
Sophia,F,14004,2018
Charlotte,F,13036,2018
Mia,F,12738,2018
Amelia,F,12402,2018
Harper,F,10644,2018
Evelyn,F,10432,2018
Abigail,F,9877,2018
Emily,F,8716,2018
Elizabeth,F,8595,2018
Mila,F,8167,2018
Ella,F,8126,2018
Avery,F,8097,2018
Sofia,F,7663,2018
Camila,F,7508,2018
Aria,F,7435,2018
Scarlett,F,7223,2018
Victoria,F,7134,2018
Madison,F,7099,2018
Luna,F,6932,2018
Grace,F,6785,2018
Chloe,F,6677,2018
Liam,M,19974,2018
Noah,M,18429,2018
William,M,14645,2018
James,M,13642,2018
Oliver,M,13499,2018
Benjamin,M,13483,2018
Elijah,M,13012,2018
Lucas,M,12659,2018
Mason,M,12520,2018
Logan,M,12443,2018
Alexander,M,12109,2018
Ethan,M,11930,2018
Jacob,M,11891,2018
Michael,M,11750,2018
Daniel,M,11290,2018
Henry,M,10712,2018
Jackson,M,10423,2018
Sebastian,M,10135,2018
Aiden,M,10058,2018
Matthew,M,10004,2018
Samuel,M,9850,2018
David,M,9811,2018
Joseph,M,9677,2018
Carter,M,9382,2018
Owen,M,9335,2018
Olivia,F,18569,2019
Emma,F,17221,2019
Ava,F,14544,2019
Sophia,F,13813,2019
Isabella,F,13404,2019
Charlotte,F,13236,2019
Amelia,F,12940,2019
Mia,F,12503,2019
Harper,F,10494,2019
Evelyn,F,10441,2019
Abigail,F,9189,2019
Emily,F,8256,2019
Ella,F,8127,2019
Elizabeth,F,7920,2019
Camila,F,7845,2019
Luna,F,7798,2019
Sofia,F,7401,2019
Avery,F,7349,2019
Mila,F,7341,2019
Aria,F,7116,2019
Scarlett,F,7084,2019
Penelope,F,6733,2019
Layla,F,6518,2019
Chloe,F,6411,2019
Victoria,F,6379,2019
Liam,M,20622,2019
Noah,M,19172,2019
Oliver,M,13964,2019
William,M,13649,2019
Elijah,M,13428,2019
James,M,13193,2019
Benjamin,M,13036,2019
Lucas,M,12478,2019
Mason,M,11479,2019
Alexander,M,11325,2019
Ethan,M,11307,2019
Jacob,M,10786,2019
Henry,M,10766,2019
Michael,M,10614,2019
Daniel,M,10585,2019
Logan,M,10563,2019
Jackson,M,10169,2019
Sebastian,M,9881,2019
Jack,M,9402,2019
Aiden,M,9399,2019
Owen,M,9346,2019
Samuel,M,9321,2019
Matthew,M,9270,2019
Joseph,M,9174,2019
Levi,M,9062,2019
Olivia,F,17682,2020
Emma,F,15714,2020
Ava,F,13197,2020
Charlotte,F,13097,2020
Sophia,F,13095,2020
Amelia,F,12799,2020
Isabella,F,12217,2020
Mia,F,11264,2020
Evelyn,F,9516,2020
Harper,F,8848,2020
Camila,F,8164,2020
Abigail,F,7910,2020
Gianna,F,7899,2020
Luna,F,7845,2020
Ella,F,7367,2020
Elizabeth,F,7299,2020
Sofia,F,6987,2020
Emily,F,6914,2020
Avery,F,6744,2020
Mila,F,6642,2020
Scarlett,F,6518,2020
Eleanor,F,6378,2020
Madison,F,6249,2020
Layla,F,6221,2020
Penelope,F,6149,2020
Liam,M,19858,2020
Noah,M,18451,2020
Oliver,M,14275,2020
Elijah,M,13224,2020
William,M,12673,2020
James,M,12381,2020
Benjamin,M,12254,2020
Lucas,M,11381,2020
Henry,M,10789,2020
Alexander,M,10262,2020
Mason,M,10112,2020
Michael,M,9824,2020
Ethan,M,9551,2020
Daniel,M,9521,2020
Jacob,M,9306,2020
Logan,M,9161,2020
Jackson,M,9131,2020
Levi,M,9091,2020
Sebastian,M,9021,2020
Mateo,M,9004,2020
Jack,M,8942,2020
Owen,M,8667,2020
Theodore,M,8637,2020
Aiden,M,8613,2020
Samuel,M,8585,2020
Olivia,F,17841,2021
Emma,F,15543,2021
Charlotte,F,13362,2021
Amelia,F,13032,2021
Ava,F,12867,2021
Sophia,F,12578,2021
Isabella,F,11297,2021
Mia,F,11167,2021
Evelyn,F,9489,2021
Harper,F,8441,2021
Luna,F,8237,2021
Camila,F,8034,2021
Gianna,F,7475,2021
Elizabeth,F,7261,2021
Eleanor,F,7097,2021
Ella,F,7037,2021
Abigail,F,6985,2021
Sofia,F,6980,2021
Avery,F,6807,2021
Scarlett,F,6627,2021
Emily,F,6591,2021
Aria,F,6397,2021
Penelope,F,6364,2021
Layla,F,6347,2021
Chloe,F,6343,2021
Liam,M,20407,2021
Noah,M,18906,2021
Oliver,M,14707,2021
Elijah,M,12825,2021
James,M,12464,2021
William,M,12166,2021
Benjamin,M,11889,2021
Lucas,M,11582,2021
Henry,M,11367,2021
Theodore,M,9597,2021
Jack,M,9563,2021
Levi,M,9553,2021
Alexander,M,9418,2021
Jackson,M,9279,2021
Mateo,M,9177,2021
Daniel,M,9152,2021
Michael,M,9136,2021
Mason,M,9099,2021
Sebastian,M,8930,2021
Ethan,M,8858,2021
Logan,M,8831,2021
Owen,M,8768,2021
Samuel,M,8573,2021
Jacob,M,8481,2021
Asher,M,8363,2021
Olivia,F,16654,2022
Emma,F,14498,2022
Charlotte,F,12944,2022
Amelia,F,12409,2022
Sophia,F,12375,2022
Isabella,F,11747,2022
Ava,F,11105,2022
Mia,F,11068,2022
Evelyn,F,9330,2022
Luna,F,8967,2022
Harper,F,8223,2022
Camila,F,8000,2022
Sofia,F,7280,2022
Scarlett,F,7256,2022
Elizabeth,F,7014,2022
Eleanor,F,6925,2022
Emily,F,6495,2022
Mila,F,6485,2022
Chloe,F,6476,2022
Violet,F,6471,2022
Penelope,F,6424,2022
Gianna,F,6416,2022
Aria,F,6402,2022
Abigail,F,6300,2022
Ella,F,6284,2022
Liam,M,20563,2022
Noah,M,18735,2022
Oliver,M,15161,2022
James,M,12109,2022
Elijah,M,12075,2022
William,M,11349,2022
Henry,M,11270,2022
Lucas,M,10962,2022
Benjamin,M,10904,2022
Theodore,M,10814,2022
Mateo,M,10389,2022
Levi,M,9861,2022
Sebastian,M,9393,2022
Daniel,M,9109,2022
Jack,M,8930,2022
Michael,M,8888,2022
Alexander,M,8744,2022
Owen,M,8584,2022
Samuel,M,8414,2022
Asher,M,8410,2022
Ethan,M,8308,2022
Leo,M,8290,2022
Jackson,M,8114,2022
Mason,M,8038,2022
Ezra,M,8014,2022
Olivia,F,15313,2023
Emma,F,13579,2023
Charlotte,F,12628,2023
Amelia,F,12352,2023
Sophia,F,11984,2023
Mia,F,11395,2023
Isabella,F,10853,2023
Ava,F,9724,2023
Evelyn,F,9113,2023
Luna,F,7841,2023
Harper,F,7792,2023
Sofia,F,7665,2023
Camila,F,7577,2023
Eleanor,F,6757,2023
Elizabeth,F,6600,2023
Violet,F,6364,2023
Scarlett,F,6311,2023
Hazel,F,6181,2023
Emily,F,6172,2023
Lily,F,6170,2023
Gianna,F,6143,2023
Aurora,F,6080,2023
Penelope,F,6065,2023
Nora,F,6020,2023
Aria,F,6018,2023
Liam,M,20886,2023
Noah,M,19088,2023
Oliver,M,14782,2023
James,M,11727,2023
Elijah,M,11503,2023
Mateo,M,11279,2023
Theodore,M,11084,2023
Henry,M,10988,2023
Lucas,M,10882,2023
William,M,10653,2023
Benjamin,M,10212,2023
Levi,M,9384,2023
Sebastian,M,8890,2023
Jack,M,8710,2023
Ezra,M,8474,2023
Michael,M,8416,2023
Daniel,M,8391,2023
Leo,M,8152,2023
Samuel,M,8019,2023
Owen,M,8011,2023
Hudson,M,7951,2023
Alexander,M,7909,2023
Asher,M,7891,2023
Luca,M,7804,2023
Ethan,M,7802,2023
Olivia,F,14718,2024
Emma,F,13485,2024
Amelia,F,12740,2024
Charlotte,F,12552,2024
Mia,F,12113,2024
Sophia,F,12088,2024
Isabella,F,10770,2024
Evelyn,F,9116,2024
Ava,F,8662,2024
Sofia,F,8094,2024
Camila,F,7608,2024
Harper,F,7370,2024
Luna,F,7135,2024
Eleanor,F,7127,2024
Violet,F,6972,2024
Aurora,F,6917,2024
Elizabeth,F,6878,2024
Eliana,F,6423,2024
Hazel,F,6401,2024
Chloe,F,6385,2024
Ellie,F,6306,2024
Nora,F,6128,2024
Gianna,F,6097,2024
Lily,F,6093,2024
Emily,F,5955,2024
Liam,M,22164,2024
Noah,M,20337,2024
Oliver,M,15343,2024
Theodore,M,12011,2024
James,M,11793,2024
Henry,M,11547,2024
Mateo,M,11302,2024
Elijah,M,11171,2024
Lucas,M,10703,2024
William,M,10596,2024
Benjamin,M,9814,2024
Levi,M,9513,2024
Ezra,M,8774,2024
Sebastian,M,8562,2024
Jack,M,8434,2024
Daniel,M,8391,2024
Samuel,M,8310,2024
Michael,M,8189,2024
Ethan,M,8170,2024
Asher,M,8123,2024
John,M,8047,2024
Hudson,M,7990,2024
Luca,M,7959,2024
Leo,M,7793,2024
Elias,M,7653,2024
