radius:25.0
size:89^73
path:sample.svg
fields:latitude	longitude
geo:37.7,38.24,-123.05,-122.4
+data:
-65.217597961,38.24,-123.05120331167859	-61.111316681,38.24,-123.04214210857641	-55.186130524,38.24,-123.03308090547422	-44.767715454,38.24,-123.02401970237204	-33.185787201,38.24,-123.01495849926987	-20.029066086,38.24,-123.00589729616767	-1.600000024,38.24,-122.9968360930655	-1.600000024,38.24,-122.9877748899633	-1.600000024,38.24,-122.97871368686113	7.785282612,38.24,-122.96965248375895	14.400139809,38.24,-122.96059128065676	68.706481934,38.24,-122.95153007755458	133.85345459,38.24,-122.9424688744524	130.855758667,38.24,-122.93340767135021	134.565582275,38.24,-122.92434646824803	77.35446167,38.24,-122.91528526514584	20.344926834,38.24,-122.90622406204366	48.969875336,38.24,-122.89716285894148	52.756416321,38.24,-122.8881016558393	90.449943542,38.24,-122.87904045273712	149.926773071,38.24,-122.86997924963494	159.40953064,38.24,-122.86091804653275	134.247329712,38.24,-122.85185684343057	148.366378784,38.24,-122.84279564032839	95.438537598,38.24,-122.8337344372262	101.104187012,38.24,-122.82467323412402	95.665657043,38.24,-122.81561203102183	77.835266113,38.24,-122.80655082791965	109.162071228,38.24,-122.79748962481747	73.783874512,38.24,-122.78842842171528	33.637424469,38.24,-122.7793672186131	33.563613892,38.24,-122.77030601551093	67.976905823,38.24,-122.76124481240873	92.615318298,38.24,-122.75218360930656	105.515586853,38.24,-122.74312240620436	96.387771606,38.24,-122.73406120310219	87.499610901,38.24,-122.72500000000001	148.991912842,38.24,-122.71593879689782	65.903915405,38.24,-122.70687759379564	66.82901001,38.24,-122.69781639069346	31.931964874,38.24,-122.68875518759127	24.09670639,38.24,-122.67969398448909	34.523281097,38.24,-122.6706327813869	69.974067688,38.24,-122.66157157828472	25.815511703,38.24,-122.65251037518254	5.139189243,38.24,-122.64344917208035	5.714453697,38.24,-122.63438796897817	5.00551939,38.24,-122.625326765876	5.574496269,38.24,-122.6162655627738	9.687649727,38.24,-122.60720435967163	12.317461014,38.24,-122.59814315656945	16.296100616,38.24,-122.58908195346726	15.673650742,38.24,-122.58002075036508	50.110015869,38.24,-122.57095954726289	53.480682373,38.24,-122.56189834416071	78.854637146,38.24,-122.55283714105853	63.943634033,38.24,-122.54377593795634	56.911987305,38.24,-122.53471473485416	66.913887024,38.24,-122.52565353175198	102.081504822,38.24,-122.51659232864979	108.983963013,38.24,-122.50753112554762	133.681152344,38.24,-122.49846992244542	49.720909119,38.24,-122.48940871934325	16.590709686,38.24,-122.48034751624107	9.592291832,38.24,-122.47128631313888	7.261401176,38.24,-122.4622251100367	7.278871059,38.24,-122.45316390693452	2.308093071,38.24,-122.44410270383233	2.780114889,38.24,-122.43504150073015	2.599945068,38.24,-122.42598029762797	5.882183552,38.24,-122.41691909452578	19.704120636,38.24,-122.4078578914236	38.167545319,38.24,-122.39879668832141
-67.156219482,38.23386363636364,-123.05117578420563	-63.650676727,38.23386363636364,-123.04211534575546	-59.091876984,38.23386363636364,-123.03305490730531	-48.868587494,38.23386363636364,-123.02399446885515	-36.915607452,38.23386363636364,-123.014934030405	-20.351934433,38.23386363636364,-123.00587359195484	-1.600000024,38.23386363636364,-122.99681315350469	75.135871887,38.23386363636364,-122.98775271505453	-1.373729706,38.23386363636364,-122.97869227660438	4.27942276,38.23386363636364,-122.96963183815421	2.969968319,38.23386363636364,-122.96057139970407	26.745779037,38.23386363636364,-122.9515109612539	98.595108032,38.23386363636364,-122.94245052280375	60.656906128,38.23386363636364,-122.93339008435359	94.326271057,38.23386363636364,-122.92432964590344	50.453109741,38.23386363636364,-122.91526920745328	72.857704163,38.23386363636364,-122.90620876900313	112.86190033,38.23386363636364,-122.89714833055297	85.384567261,38.23386363636364,-122.88808789210282	92.732795715,38.23386363636364,-122.87902745365265	91.26940918,38.23386363636364,-122.8699670152025	163.135528564,38.23386363636364,-122.86090657675234	92.185371399,38.23386363636364,-122.85184613830218	197.297180176,38.23386363636364,-122.84278569985203	155.507827759,38.23386363636364,-122.83372526140187	104.320571899,38.23386363636364,-122.82466482295172	115.390716553,38.23386363636364,-122.81560438450155	112.130973816,38.23386363636364,-122.8065439460514	138.705978394,38.23386363636364,-122.79748350760124	107.802886963,38.23386363636364,-122.7884230691511	81.289260864,38.23386363636364,-122.77936263070093	60.41570282,38.23386363636364,-122.77030219225078	128.620727539,38.23386363636364,-122.76124175380062	87.331016541,38.23386363636364,-122.75218131535047	99.125007629,38.23386363636364,-122.7431208769003	69.516220093,38.23386363636364,-122.73406043845016	126.771339417,38.23386363636364,-122.725	114.597312927,38.23386363636364,-122.71593956154985	141.318618774,38.23386363636364,-122.70687912309968	84.607284546,38.23386363636364,-122.69781868464953	63.048599243,38.23386363636364,-122.68875824619937	37.417003632,38.23386363636364,-122.67969780774922	32.16947937,38.23386363636364,-122.67063736929906	41.699985504,38.23386363636364,-122.66157693084891	36.344154358,38.23386363636364,-122.65251649239875	11.13196373,38.23386363636364,-122.64345605394858	3.033468008,38.23386363636364,-122.63439561549843	3.791208506,38.23386363636364,-122.62533517704827	3.49301219,38.23386363636364,-122.61627473859812	5.123230934,38.23386363636364,-122.60721430014796	7.007168293,38.23386363636364,-122.59815386169781	10.266695023,38.23386363636364,-122.58909342324765	10.365209579,38.23386363636364,-122.5800329847975	25.254594803,38.23386363636364,-122.57097254634733	46.475589752,38.23386363636364,-122.56191210789719	70.208999634,38.23386363636364,-122.55285166944702	93.916519165,38.23386363636364,-122.54379123099687	82.021896362,38.23386363636364,-122.53473079254671	98.793540955,38.23386363636364,-122.52567035409656	103.083908081,38.23386363636364,-122.5166099156464	94.225097656,38.23386363636364,-122.50754947719625	240.242950439,38.23386363636364,-122.49848903874609	130.052062988,38.23386363636364,-122.48942860029594	31.915052414,38.23386363636364,-122.48036816184577	11.35828495,38.23386363636364,-122.47130772339563	5.635479927,38.23386363636364,-122.46224728494546	4.101109505,38.23386363636364,-122.4531868464953	2.996357679,38.23386363636364,-122.44412640804515	1.512223125,38.23386363636364,-122.43506596959499	0.936945379,38.23386363636364,-122.42600553114484	2.14830184,38.23386363636364,-122.41694509269468	13.465913773,38.23386363636364,-122.40788465424453	39.159324646,38.23386363636364,-122.39882421579436
-68.607940674,38.22772727272727,-123.05114826511895	-65.826087952,38.22772727272727,-123.04208859108788	-61.237438202,38.22772727272727,-123.0330289170568	-47.366077423,38.22772727272727,-123.0239692430257	-42.947864532,38.22772727272727,-123.01490956899463	-25.557851791,38.22772727272727,-123.00584989496355	-1.600000024,38.22772727272727,-122.99679022093247	-0.216761917,38.22772727272727,-122.98773054690137	19.243207932,38.22772727272727,-122.9786708728703	-0.379972935,38.22772727272727,-122.96961119883922	-0.321521848,38.22772727272727,-122.96055152480814	5.503347874,38.22772727272727,-122.95149185077706	47.195133209,38.22772727272727,-122.94243217674597	104.099510193,38.22772727272727,-122.93337250271489	149.164108276,38.22772727272727,-122.92431282868381	57.36264801,38.22772727272727,-122.91525315465273	43.393692017,38.22772727272727,-122.90619348062164	60.015937805,38.22772727272727,-122.89713380659056	74.371177673,38.22772727272727,-122.88807413255948	82.384750366,38.22772727272727,-122.8790144585284	116.802246094,38.22772727272727,-122.86995478449731	128.911849976,38.22772727272727,-122.86089511046623	109.799034119,38.22772727272727,-122.85183543643515	147.889190674,38.22772727272727,-122.84277576240407	166.955184937,38.22772727272727,-122.833716088373	110.679023743,38.22772727272727,-122.8246564143419	74.027061462,38.22772727272727,-122.81559674031082	192.728088379,38.22772727272727,-122.80653706627974	201.437316895,38.22772727272727,-122.79747739224867	116.432563782,38.22772727272727,-122.78841771821757	143.603378296,38.22772727272727,-122.7793580441865	129.787490845,38.22772727272727,-122.77029837015542	109.479370117,38.22772727272727,-122.76123869612434	76.308921814,38.22772727272727,-122.75217902209326	74.545646667,38.22772727272727,-122.74311934806217	74.377616882,38.22772727272727,-122.73405967403109	111.869132996,38.22772727272727,-122.72500000000001	82.070808411,38.22772727272727,-122.71594032596893	146.07749939,38.22772727272727,-122.70688065193784	109.975593567,38.22772727272727,-122.69782097790676	90.31237793,38.22772727272727,-122.68876130387568	69.150032043,38.22772727272727,-122.6797016298446	54.505184174,38.22772727272727,-122.67064195581352	63.076313019,38.22772727272727,-122.66158228178243	32.340187073,38.22772727272727,-122.65252260775135	16.142730713,38.22772727272727,-122.64346293372027	7.814878941,38.22772727272727,-122.6344032596892	5.899359703,38.22772727272727,-122.6253435856581	17.693693161,38.22772727272727,-122.61628391162702	2.438573122,38.22772727272727,-122.60722423759594	1.94361496,38.22772727272727,-122.59816456356486	4.056208611,38.22772727272727,-122.58910488953379	4.793741226,38.22772727272727,-122.5800452155027	8.299219131,38.22772727272727,-122.57098554147161	79.654449463,38.22772727272727,-122.56192586744054	92.121711731,38.22772727272727,-122.55286619340946	97.336326599,38.22772727272727,-122.54380651937836	108.156425476,38.22772727272727,-122.53474684534729	101.569633484,38.22772727272727,-122.5256871713162	97.036483765,38.22772727272727,-122.51662749728513	105.046348572,38.22772727272727,-122.50756782325404	181.748184204,38.22772727272727,-122.49850814922296	181.492965698,38.22772727272727,-122.48944847519188	161.159210205,38.22772727272727,-122.4803888011608	17.45857048,38.22772727272727,-122.47132912712972	8.047213554,38.22772727272727,-122.46226945309863	2.042541981,38.22772727272727,-122.45320977906755	2.615703344,38.22772727272727,-122.44415010503647	1.047134161,38.22772727272727,-122.43509043100539	2.297996044,38.22772727272727,-122.4260307569743	0.616260946,38.22772727272727,-122.41697108294322	3.44438386,38.22772727272727,-122.40791140891214	16.444992065,38.22772727272727,-122.39885173488106
-69.525184631,38.221590909090914,-123.05112075441579	-67.504653931,38.221590909090914,-123.04206184457091	-65.125640869,38.221590909090914,-123.03300293472603	-55.579605103,38.221590909090914,-123.02394402488115	-43.679603577,38.221590909090914,-123.01488511503626	-31.163789749,38.221590909090914,-123.00582620519138	-1.600000024,38.221590909090914,-122.99676729534649	-1.600000024,38.221590909090914,-122.9877083855016	66.54800415,38.221590909090914,-122.97864947565672	-0.305590183,38.221590909090914,-122.96959056581184	0.319868654,38.221590909090914,-122.96053165596696	3.855765581,38.221590909090914,-122.95147274612208	34.007946014,38.221590909090914,-122.9424138362772	93.488243103,38.221590909090914,-122.93335492643232	5.779602051,38.221590909090914,-122.92429601658743	117.977035522,38.221590909090914,-122.91523710674255	6.104557514,38.221590909090914,-122.90617819689766	6.601781368,38.221590909090914,-122.89711928705277	107.941314697,38.221590909090914,-122.88806037720789	133.173034668,38.221590909090914,-122.87900146736301	54.554141998,38.221590909090914,-122.86994255751813	105.896621704,38.221590909090914,-122.86088364767325	152.573852539,38.221590909090914,-122.85182473782837	142.620178223,38.221590909090914,-122.84276582798348	114.577201843,38.221590909090914,-122.8337069181386	117.621116638,38.221590909090914,-122.82464800829372	92.815734863,38.221590909090914,-122.81558909844884	186.577178955,38.221590909090914,-122.80653018860394	83.779548645,38.221590909090914,-122.79747127875906	203.783447266,38.221590909090914,-122.78841236891418	206.472610474,38.221590909090914,-122.7793534590693	185.557479858,38.221590909090914,-122.77029454922442	89.860877991,38.221590909090914,-122.76123563937954	66.280471802,38.221590909090914,-122.75217672953465	67.216339111,38.221590909090914,-122.74311781968977	69.666908264,38.221590909090914,-122.73405890984489	74.483535767,38.221590909090914,-122.72500000000001	97.920272827,38.221590909090914,-122.71594109015513	79.200447083,38.221590909090914,-122.70688218031023	122.743476868,38.221590909090914,-122.69782327046535	155.038238525,38.221590909090914,-122.68876436062047	88.963623047,38.221590909090914,-122.67970545077559	70.965049744,38.221590909090914,-122.6706465409307	82.65675354,38.221590909090914,-122.66158763108582	76.291923523,38.221590909090914,-122.65252872124094	33.755050659,38.221590909090914,-122.64346981139606	16.744352341,38.221590909090914,-122.63441090155118	24.374889374,38.221590909090914,-122.6253519917063	91.777946472,38.221590909090914,-122.6162930818614	6.927152157,38.221590909090914,-122.60723417201652	2.353594542,38.221590909090914,-122.59817526217164	1.785305738,38.221590909090914,-122.58911635232676	3.534609079,38.221590909090914,-122.58005744248187	5.685073376,38.221590909090914,-122.57099853263699	12.951887131,38.221590909090914,-122.56193962279211	100.208602905,38.221590909090914,-122.55288071294723	68.020324707,38.221590909090914,-122.54382180310235	73.217781067,38.221590909090914,-122.53476289325747	67.08997345,38.221590909090914,-122.52570398341258	97.134399414,38.221590909090914,-122.51664507356769	117.664573669,38.221590909090914,-122.5075861637228	159.131820679,38.221590909090914,-122.49852725387792	252.509979248,38.221590909090914,-122.48946834403304	119.002662659,38.221590909090914,-122.48040943418816	32.505977631,38.221590909090914,-122.47135052434328	10.811361313,38.221590909090914,-122.4622916144984	2.874320745,38.221590909090914,-122.45323270465352	0.715930283,38.221590909090914,-122.44417379480863	-0.073595747,38.221590909090914,-122.43511488496375	0.52753818,38.221590909090914,-122.42605597511886	2.164967299,38.221590909090914,-122.41699706527397	1.033021927,38.221590909090914,-122.4079381554291	0.931169987,38.221590909090914,-122.39887924558421
-70.692611694,38.21545454545455,-123.05109325209341	-68.542785645,38.21545454545455,-123.04203510620192	-66.289016724,38.21545454545455,-123.03297696031044	-62.953678131,38.21545454545455,-123.02391881441896	-52.437839508,38.21545454545455,-123.01486066852748	-39.023887634,38.21545454545455,-123.00580252263599	-27.791715622,38.21545454545455,-122.9967443767445	-17.443681717,38.21545454545455,-122.98768623085303	61.742950439,38.21545454545455,-122.97862808496154	68.275817871,38.21545454545455,-122.96956993907006	-0.282080829,38.21545454545455,-122.96051179317857	18.635593414,38.21545454545455,-122.9514536472871	-0.254152417,38.21545454545455,-122.94239550139561	44.952007294,38.21545454545455,-122.93333735550412	32.359016418,38.21545454545455,-122.92427920961264	148.259078979,38.21545454545455,-122.91522106372116	89.1926651,38.21545454545455,-122.90616291782968	201.105712891,38.21545454545455,-122.89710477193819	58.762275696,38.21545454545455,-122.8880466260467	105.641242981,38.21545454545455,-122.87898848015523	20.271360397,38.21545454545455,-122.86993033426374	138.334686279,38.21545454545455,-122.86087218837226	179.798461914,38.21545454545455,-122.85181404248077	84.259971619,38.21545454545455,-122.8427558965893	51.500114441,38.21545454545455,-122.83369775069781	49.14863205,38.21545454545455,-122.82463960480632	60.504905701,38.21545454545455,-122.81558145891483	87.15851593,38.21545454545455,-122.80652331302336	129.950942993,38.21545454545455,-122.79746516713188	231.220352173,38.21545454545455,-122.78840702124039	98.317153931,38.21545454545455,-122.7793488753489	159.371795654,38.21545454545455,-122.77029072945743	132.564819336,38.21545454545455,-122.76123258356594	70.937690735,38.21545454545455,-122.75217443767446	68.364982605,38.21545454545455,-122.74311629178297	158.7784729,38.21545454545455,-122.7340581458915	71.522666931,38.21545454545455,-122.72500000000001	71.771514893,38.21545454545455,-122.71594185410852	83.961517334,38.21545454545455,-122.70688370821703	103.567253113,38.21545454545455,-122.69782556232556	123.902351379,38.21545454545455,-122.68876741643408	90.451820374,38.21545454545455,-122.67970927054259	129.843612671,38.21545454545455,-122.6706511246511	138.524627686,38.21545454545455,-122.66159297875963	94.282623291,38.21545454545455,-122.65253483286814	41.092861176,38.21545454545455,-122.64347668697665	26.858776093,38.21545454545455,-122.63441854108517	50.214683533,38.21545454545455,-122.6253603951937	97.840148926,38.21545454545455,-122.61630224930221	72.276123047,38.21545454545455,-122.60724410341072	3.472770452,38.21545454545455,-122.59818595751923	2.140152216,38.21545454545455,-122.58912781162776	2.227844715,38.21545454545455,-122.58006966573627	1.417148948,38.21545454545455,-122.57101151984479	3.406888008,38.21545454545455,-122.5619533739533	29.069046021,38.21545454545455,-122.55289522806183	51.964263916,38.21545454545455,-122.54383708217034	131.091400146,38.21545454545455,-122.53477893627885	106.509819031,38.21545454545455,-122.52572079038737	73.90537262,38.21545454545455,-122.5166626444959	95.110603333,38.21545454545455,-122.50760449860441	181.139938354,38.21545454545455,-122.49854635271292	260.922393799,38.21545454545455,-122.48948820682143	144.086349487,38.21545454545455,-122.48043006092996	72.150123596,38.21545454545455,-122.47137191503847	16.183643341,38.21545454545455,-122.46231376914699	4.799028397,38.21545454545455,-122.4532556232555	0.873782992,38.21545454545455,-122.44419747736403	0.143546417,38.21545454545455,-122.43513933147254	0.381771743,38.21545454545455,-122.42608118558105	0.036716677,38.21545454545455,-122.41702303968957	0.268139035,38.21545454545455,-122.4079648937981	0.065666243,38.21545454545455,-122.39890674790661
-71.129135132,38.20931818181818,-123.05106575814904	-69.248664856,38.20931818181818,-123.04200837597823	-66.851280212,38.20931818181818,-123.03295099380742	-63.28263855,38.20931818181818,-123.02389361163662	-58.788150787,38.20931818181818,-123.01483622946581	-51.162078857,38.20931818181818,-123.005778847295	-37.858036041,38.20931818181818,-122.9967214651242	-24.286289215,38.20931818181818,-122.98766408295339	-1.600000024,38.20931818181818,-122.97860670078258	156.753387451,38.20931818181818,-122.96954931861178	35.411914825,38.20931818181818,-122.96049193644097	-0.258406907,38.20931818181818,-122.95143455427016	-0.248177752,38.20931818181818,-122.94237717209936	1.232227445,38.20931818181818,-122.93331978992855	23.466306686,38.20931818181818,-122.92426240775775	64.681716919,38.20931818181818,-122.91520502558694	166.762832642,38.20931818181818,-122.90614764341613	120.728088379,38.20931818181818,-122.89709026124532	126.73613739,38.20931818181818,-122.88803287907452	68.87915802,38.20931818181818,-122.8789754969037	126.148773193,38.20931818181818,-122.86991811473291	31.015930176,38.20931818181818,-122.8608607325621	29.283786774,38.20931818181818,-122.8518033503913	67.200630188,38.20931818181818,-122.84274596822048	80.077003479,38.20931818181818,-122.83368858604967	89.498092651,38.20931818181818,-122.82463120387888	45.515991211,38.20931818181818,-122.81557382170807	47.038181305,38.20931818181818,-122.80651643953726	52.031085968,38.20931818181818,-122.79745905736645	95.650039673,38.20931818181818,-122.78840167519564	172.622512817,38.20931818181818,-122.77934429302485	128.896835327,38.20931818181818,-122.77028691085404	105.337791443,38.20931818181818,-122.76122952868323	78.391899109,38.20931818181818,-122.75217214651242	109.097602844,38.20931818181818,-122.74311476434161	76.546333313,38.20931818181818,-122.7340573821708	69.052032471,38.20931818181818,-122.72500000000001	72.489341736,38.20931818181818,-122.7159426178292	130.567306519,38.20931818181818,-122.70688523565839	100.071281433,38.20931818181818,-122.69782785348758	77.553588867,38.20931818181818,-122.68877047131677	76.599647522,38.20931818181818,-122.67971308914598	68.705863953,38.20931818181818,-122.67065570697517	90.328186035,38.20931818181818,-122.66159832480436	115.689300537,38.20931818181818,-122.65254094263355	91.724121094,38.20931818181818,-122.64348356046274	36.195068359,38.20931818181818,-122.63442617829193	52.040790558,38.20931818181818,-122.62536879612114	65.27469635,38.20931818181818,-122.61631141395033	24.020542145,38.20931818181818,-122.60725403177952	8.86848259,38.20931818181818,-122.59819664960871	1.676819444,38.20931818181818,-122.5891392674379	2.175115824,38.20931818181818,-122.5800818852671	2.188808441,38.20931818181818,-122.5710245030963	0.108910523,38.20931818181818,-122.56196712092549	4.975450993,38.20931818181818,-122.55290973875468	17.203248978,38.20931818181818,-122.54385235658387	110.93636322,38.20931818181818,-122.53479497441306	68.7889328,38.20931818181818,-122.52573759224227	66.767333984,38.20931818181818,-122.51668021007146	79.274459839,38.20931818181818,-122.50762282790065	154.27130127,38.20931818181818,-122.49856544572984	227.957855225,38.20931818181818,-122.48950806355903	240.50920105,38.20931818181818,-122.48045068138823	112.630905151,38.20931818181818,-122.47139329921743	49.988422394,38.20931818181818,-122.46233591704662	11.350470543,38.20931818181818,-122.4532785348758	0.179364622,38.20931818181818,-122.444221152705	0.117947325,38.20931818181818,-122.4351637705342	1.984467268,38.20931818181818,-122.4261063883634	-0.116289124,38.20931818181818,-122.41704900619258	0.249739334,38.20931818181818,-122.40799162402178	-0.152195513,38.20931818181818,-122.39893424185097
-71.324630737,38.20318181818182,-123.05103827257993	-69.696815491,38.20318181818182,-123.04198165389715	-67.349952698,38.20318181818182,-123.03292503521438	-64.822235107,38.20318181818182,-123.0238684165316	-59.048694611,38.20318181818182,-123.01481179784882	-51.595661163,38.20318181818182,-123.00575517916604	-41.304416656,38.20318181818182,-122.99669856048328	-30.556533813,38.20318181818182,-122.9876419418005	-1.600000024,38.20318181818182,-122.97858532311773	0.785667837,38.20318181818182,-122.96952870443495	115.859237671,38.20318181818182,-122.96047208575217	15.537220001,38.20318181818182,-122.9514154670694	-0.242374733,38.20318181818182,-122.94235884838662	-0.232268721,38.20318181818182,-122.93330222970384	-0.221374363,38.20318181818182,-122.92424561102106	83.525337219,38.20318181818182,-122.91518899233829	137.523605347,38.20318181818182,-122.90613237365551	152.245422363,38.20318181818182,-122.89707575497273	209.216323853,38.20318181818182,-122.88801913628997	109.300636292,38.20318181818182,-122.87896251760719	83.309715271,38.20318181818182,-122.86990589892442	87.568161011,38.20318181818182,-122.86084928024164	107.795982361,38.20318181818182,-122.85179266155886	223.707839966,38.20318181818182,-122.84273604287608	133.117843628,38.20318181818182,-122.8336794241933	218.705673218,38.20318181818182,-122.82462280551053	189.014373779,38.20318181818182,-122.81556618682775	104.623130798,38.20318181818182,-122.80650956814497	103.878875732,38.20318181818182,-122.7974529494622	76.418319702,38.20318181818182,-122.78839633077942	92.278892517,38.20318181818182,-122.77933971209666	68.952682495,38.20318181818182,-122.77028309341388	169.813140869,38.20318181818182,-122.7612264747311	152.123886108,38.20318181818182,-122.75216985604833	79.608787537,38.20318181818182,-122.74311323736555	78.342964172,38.20318181818182,-122.73405661868277	73.72958374,38.20318181818182,-122.725	70.434432983,38.20318181818182,-122.71594338131722	75.330238342,38.20318181818182,-122.70688676263444	78.525192261,38.20318181818182,-122.69783014395166	76.53754425,38.20318181818182,-122.68877352526889	50.930473328,38.20318181818182,-122.67971690658611	91.387794495,38.20318181818182,-122.67066028790335	77.793884277,38.20318181818182,-122.66160366922057	76.010147095,38.20318181818182,-122.65254705053779	125.636047363,38.20318181818182,-122.64349043185501	55.654850006,38.20318181818182,-122.63443381317224	128.161315918,38.20318181818182,-122.62537719448946	83.897224426,38.20318181818182,-122.61632057580668	77.622261047,38.20318181818182,-122.6072639571239	26.502433777,38.20318181818182,-122.59820733844113	13.931803703,38.20318181818182,-122.58915071975835	2.149897099,38.20318181818182,-122.58009410107557	2.181951284,38.20318181818182,-122.5710374823928	-0.029701585,38.20318181818182,-122.56198086371003	1.07272017,38.20318181818182,-122.55292424502726	17.174951553,38.20318181818182,-122.54386762634448	69.713432312,38.20318181818182,-122.5348110076617	114.633071899,38.20318181818182,-122.52575438897892	66.268203735,38.20318181818182,-122.51669777029615	70.797142029,38.20318181818182,-122.50764115161337	103.190200806,38.20318181818182,-122.4985845329306	160.319900513,38.20318181818182,-122.48952791424782	189.406112671,38.20318181818182,-122.48047129556504	234.927536011,38.20318181818182,-122.47141467688226	83.511154175,38.20318181818182,-122.46235805819948	18.596178055,38.20318181818182,-122.45330143951672	39.386878967,38.20318181818182,-122.44424482083394	0.087397479,38.20318181818182,-122.43518820215117	-0.128449365,38.20318181818182,-122.42613158346839	-0.216364965,38.20318181818182,-122.41707496478561	0.124461927,38.20318181818182,-122.40801834610284	0.422400057,38.20318181818182,-122.39896172742006
-71.039726257,38.19704545454546,-123.05101079538336	-69.954109192,38.19704545454546,-123.04195493995604	-67.864509583,38.19704545454546,-123.03289908452874	-64.805809021,38.19704545454546,-123.02384322910142	-60.295841217,38.19704545454546,-123.0147873736741	-53.812076569,38.19704545454546,-123.00573151824679	-48.536811829,38.19704545454546,-122.99667566281947	-36.107704163,38.19704545454546,-122.98761980739215	-1.600000024,38.19704545454546,-122.97856395196484	-1.600000024,38.19704545454546,-122.96950809653752	64.925308228,38.19704545454546,-122.9604522411102	11.151002884,38.19704545454546,-122.9513963856829	-0.232180238,38.19704545454546,-122.94234053025558	-0.219922155,38.19704545454546,-122.93328467482826	-0.209669799,38.19704545454546,-122.92422881940094	28.533304214,38.19704545454546,-122.91517296397363	112.354026794,38.19704545454546,-122.90611710854631	99.986045837,38.19704545454546,-122.89706125311899	70.449203491,38.19704545454546,-122.88800539769169	179.923095703,38.19704545454546,-122.87894954226437	196.29284668,38.19704545454546,-122.86989368683705	92.328468323,38.19704545454546,-122.86083783140974	29.866704941,38.19704545454546,-122.85178197598242	161.678344727,38.19704545454546,-122.8427261205551	172.383529663,38.19704545454546,-122.8336702651278	86.907852173,38.19704545454546,-122.82461440970047	174.03968811,38.19704545454546,-122.81555855427315	172.991241455,38.19704545454546,-122.80650269884585	111.705741882,38.19704545454546,-122.79744684341853	68.693748474,38.19704545454546,-122.7883909879912	66.631072998,38.19704545454546,-122.7793351325639	162.360488892,38.19704545454546,-122.77027927713658	227.84362793,38.19704545454546,-122.76122342170926	283.835968018,38.19704545454546,-122.75216756628195	101.205665588,38.19704545454546,-122.74311171085463	192.9112854,38.19704545454546,-122.73405585542731	88.694847107,38.19704545454546,-122.72500000000001	76.912704468,38.19704545454546,-122.71594414457269	61.422657013,38.19704545454546,-122.70688828914537	62.025978088,38.19704545454546,-122.69783243371806	48.858276367,38.19704545454546,-122.68877657829074	45.172718048,38.19704545454546,-122.67972072286342	116.023986816,38.19704545454546,-122.6706648674361	56.038234711,38.19704545454546,-122.6616090120088	56.959594727,38.19704545454546,-122.65255315658148	92.69519043,38.19704545454546,-122.64349730115416	140.81552124,38.19704545454546,-122.63444144572685	67.080612183,38.19704545454546,-122.62538559029953	147.132278442,38.19704545454546,-122.61632973487221	112.215042114,38.19704545454546,-122.6072738794449	60.413791656,38.19704545454546,-122.59821802401758	14.117720604,38.19704545454546,-122.58916216859026	2.119612455,38.19704545454546,-122.58010631316296	2.084276676,38.19704545454546,-122.57105045773564	1.748989224,38.19704545454546,-122.56199460230832	2.153942108,38.19704545454546,-122.55293874688101	5.784493446,38.19704545454546,-122.54388289145369	35.020420074,38.19704545454546,-122.53482703602637	95.688941956,38.19704545454546,-122.52577118059907	119.957672119,38.19704545454546,-122.51671532517175	69.11013031,38.19704545454546,-122.50765946974442	109.839920044,38.19704545454546,-122.49860361431712	164.99407959,38.19704545454546,-122.4895477588898	130.468170166,38.19704545454546,-122.48049190346248	176.894821167,38.19704545454546,-122.47143604803517	210.596725464,38.19704545454546,-122.46238019260785	132.970443726,38.19704545454546,-122.45332433718053	1.289712071,38.19704545454546,-122.44426848175321	2.432290554,38.19704545454546,-122.4352126263259	-0.101164073,38.19704545454546,-122.42615677089859	-0.212165847,38.19704545454546,-122.41710091547127	-0.013646655,38.19704545454546,-122.40804506004396	0.245581001,38.19704545454546,-122.39898920461664
-71.280311584,38.190909090909095,-123.05098332655656	-70.046607971,38.190909090909095,-123.04192823415221	-68.17779541,38.190909090909095,-123.03287314174787	-65.427253723,38.190909090909095,-123.02381804934352	-61.603378296,38.190909090909095,-123.01476295693917	-53.666320801,38.190909090909095,-123.00570786453481	-48.363033295,38.190909090909095,-122.99665277213047	-40.516864777,38.190909090909095,-122.98759767972612	-27.86797905,38.190909090909095,-122.97854258732177	-1.600000024,38.190909090909095,-122.96948749491742	98.646766663,38.190909090909095,-122.96043240251308	73.013633728,38.190909090909095,-122.95137731010873	69.766792297,38.190909090909095,-122.94232221770437	-0.208860397,38.190909090909095,-122.93326712530002	-0.199910849,38.190909090909095,-122.92421203289568	23.278442383,38.190909090909095,-122.91515694049133	60.293949127,38.190909090909095,-122.90610184808698	124.594009399,38.190909090909095,-122.89704675568262	142.012207031,38.190909090909095,-122.88799166327829	212.713394165,38.190909090909095,-122.87893657087393	230.389678955,38.190909090909095,-122.86988147846958	221.426605225,38.190909090909095,-122.86082638606524	152.820266724,38.190909090909095,-122.85177129366089	65.146087646,38.190909090909095,-122.84271620125654	63.147266388,38.190909090909095,-122.83366110885218	215.378585815,38.190909090909095,-122.82460601644785	133.849502563,38.190909090909095,-122.81555092404349	254.874282837,38.190909090909095,-122.80649583163914	160.396377563,38.190909090909095,-122.79744073923479	134.330932617,38.190909090909095,-122.78838564683045	196.83795166,38.190909090909095,-122.7793305544261	158.073654175,38.190909090909095,-122.77027546202174	107.858413696,38.190909090909095,-122.76122036961739	162.09677124,38.190909090909095,-122.75216527721305	119.713920593,38.190909090909095,-122.7431101848087	294.251708984,38.190909090909095,-122.73405509240435	157.808959961,38.190909090909095,-122.72500000000001	84.371170044,38.190909090909095,-122.71594490759566	72.720161438,38.190909090909095,-122.7068898151913	75.292915344,38.190909090909095,-122.69783472278695	50.910755157,38.190909090909095,-122.68877963038261	40.66261673,38.190909090909095,-122.67972453797826	41.251392365,38.190909090909095,-122.6706694455739	48.024562836,38.190909090909095,-122.66161435316955	129.286315918,38.190909090909095,-122.65255926076522	149.284103394,38.190909090909095,-122.64350416836086	87.884887695,38.190909090909095,-122.63444907595651	54.367694855,38.190909090909095,-122.62539398355216	54.923503876,38.190909090909095,-122.61633889114782	21.476791382,38.190909090909095,-122.60728379874347	8.425732613,38.190909090909095,-122.59822870633911	3.322110891,38.190909090909095,-122.58917361393476	32.829879761,38.190909090909095,-122.58011852153042	2.150758982,38.190909090909095,-122.57106342912607	2.246552467,38.190909090909095,-122.56200833672172	2.174888134,38.190909090909095,-122.55295324431738	2.224164009,38.190909090909095,-122.54389815191303	22.589653015,38.190909090909095,-122.53484305950867	72.609825134,38.190909090909095,-122.52578796710432	64.935035706,38.190909090909095,-122.51673287469998	116.151695251,38.190909090909095,-122.50767778229563	70.766998291,38.190909090909095,-122.49862268989128	73.670906067,38.190909090909095,-122.48956759748692	115.991027832,38.190909090909095,-122.48051250508259	128.736328125,38.190909090909095,-122.47145741267823	132.721160889,38.190909090909095,-122.46240232027388	166.31703186,38.190909090909095,-122.45334722786953	42.407230377,38.190909090909095,-122.44429213546519	-0.32155785,38.190909090909095,-122.43523704306084	2.116605282,38.190909090909095,-122.42618195065648	-0.053212825,38.190909090909095,-122.41712685825213	0.001980999,38.190909090909095,-122.4080717658478	0.543921649,38.190909090909095,-122.39901667344344
-71.003250122,38.18477272727273,-123.05095586609679	-69.706954956,38.18477272727273,-123.04190153648298	-68.48664856,38.18477272727273,-123.03284720686919	-65.980766296,38.18477272727273,-123.02379287725539	-61.364387512,38.18477272727273,-123.01473854764158	-53.86000061,38.18477272727273,-123.00568421802778	-48.812885284,38.18477272727273,-122.99662988841399	-40.672672272,38.18477272727273,-122.98757555880019	-29.754905701,38.18477272727273,-122.97852122918638	-1.600000024,38.18477272727273,-122.9694668995726	89.295448303,38.18477272727273,-122.96041256995879	161.715545654,38.18477272727273,-122.95135824034499	80.382293701,38.18477272727273,-122.94230391073118	54.093208313,38.18477272727273,-122.9332495811174	-0.188680738,38.18477272727273,-122.92419525150359	-0.181800336,38.18477272727273,-122.91514092188979	33.283504486,38.18477272727273,-122.90608659227598	129.459136963,38.18477272727273,-122.8970322626622	117.962173462,38.18477272727273,-122.88797793304839	78.155250549,38.18477272727273,-122.87892360343459	128.943069458,38.18477272727273,-122.8698692738208	185.682769775,38.18477272727273,-122.860814944207	248.502105713,38.18477272727273,-122.85176061459319	106.931808472,38.18477272727273,-122.84270628497939	175.077819824,38.18477272727273,-122.8336519553656	281.382415771,38.18477272727273,-122.82459762575179	260.091766357,38.18477272727273,-122.81554329613799	272.611022949,38.18477272727273,-122.8064889665242	151.727142334,38.18477272727273,-122.7974346369104	162.939559937,38.18477272727273,-122.78838030729659	107.483001709,38.18477272727273,-122.77932597768279	172.45451355,38.18477272727273,-122.770271648069	225.924530029,38.18477272727273,-122.7612173184552	240.932098389,38.18477272727273,-122.75216298884139	209.753768921,38.18477272727273,-122.7431086592276	296.998748779,38.18477272727273,-122.7340543296138	121.360229492,38.18477272727273,-122.725	122.050559998,38.18477272727273,-122.71594567038619	125.170783997,38.18477272727273,-122.7068913407724	96.210792542,38.18477272727273,-122.6978370111586	73.103103638,38.18477272727273,-122.6887826815448	57.203315735,38.18477272727273,-122.679728351931	66.35319519,38.18477272727273,-122.6706740223172	34.752872467,38.18477272727273,-122.6616196927034	34.637844086,38.18477272727273,-122.6525653630896	37.161952972,38.18477272727273,-122.6435110334758	29.405817032,38.18477272727273,-122.634456703862	63.272342682,38.18477272727273,-122.6254023742482	28.248920441,38.18477272727273,-122.61634804463439	37.683006287,38.18477272727273,-122.6072937150206	40.795833588,38.18477272727273,-122.5982393854068	3.458507061,38.18477272727273,-122.589185055793	1.149999976,38.18477272727273,-122.5801307261792	2.2205863,38.18477272727273,-122.5710763965654	2.056662798,38.18477272727273,-122.5620220669516	1.689230919,38.18477272727273,-122.5529677373378	1.877038121,38.18477272727273,-122.543913407724	15.205200195,38.18477272727273,-122.5348590781102	51.979507446,38.18477272727273,-122.5258047484964	54.500835419,38.18477272727273,-122.51675041888261	89.808494568,38.18477272727273,-122.5076960892688	139.728302002,38.18477272727273,-122.498641759655	95.463165283,38.18477272727273,-122.4895874300412	26.652175903,38.18477272727273,-122.48053310042741	55.295257568,38.18477272727273,-122.4714787708136	45.725498199,38.18477272727273,-122.4624244411998	106.811561584,38.18477272727273,-122.45337011158601	69.884963989,38.18477272727273,-122.44431578197221	-0.107480399,38.18477272727273,-122.4352614523584	-0.146532744,38.18477272727273,-122.4262071227446	0.214899316,38.18477272727273,-122.41715279313081	-0.134723291,38.18477272727273,-122.408098463517	0.963942945,38.18477272727273,-122.3990441339032
-71.316833496,38.178636363636365,-123.0509284140013	-69.479171753,38.178636363636365,-123.04187484694572	-68.538833618,38.178636363636365,-123.03282127989011	-66.299667358,38.178636363636365,-123.02376771283453	-62.577518463,38.178636363636365,-123.01471414577894	-56.434833527,38.178636363636365,-123.00566057872335	-49.682971954,38.178636363636365,-122.99660701166775	-43.002128601,38.178636363636365,-122.98755344461216	-29.083156586,38.178636363636365,-122.97849987755657	-1.600000024,38.178636363636365,-122.96944631050098	-1.600000024,38.178636363636365,-122.96039274344538	148.667190552,38.178636363636365,-122.9513391763898	170.629974365,38.178636363636365,-122.9422856093342	86.33530426,38.178636363636365,-122.93323204227862	-0.178231671,38.178636363636365,-122.92417847522302	-0.171567768,38.178636363636365,-122.91512490816743	20.983819962,38.178636363636365,-122.90607134111184	88.031044006,38.178636363636365,-122.89701777405624	26.111818314,38.178636363636365,-122.88796420700065	102.814338684,38.178636363636365,-122.87891063994506	210.093307495,38.178636363636365,-122.86985707288947	240.106933594,38.178636363636365,-122.86080350583387	142.692672729,38.178636363636365,-122.85174993877828	137.625869751,38.178636363636365,-122.8426963717227	48.455291748,38.178636363636365,-122.83364280466711	63.313899994,38.178636363636365,-122.8245892376115	113.952316284,38.178636363636365,-122.81553567055592	218.105819702,38.178636363636365,-122.80648210350033	330.956634521,38.178636363636365,-122.79742853644474	282.955932617,38.178636363636365,-122.78837496938914	291.898071289,38.178636363636365,-122.77932140233355	283.079345703,38.178636363636365,-122.77026783527796	327.861724854,38.178636363636365,-122.76121426822237	259.868286133,38.178636363636365,-122.75216070116677	214.773529053,38.178636363636365,-122.74310713411118	211.044799805,38.178636363636365,-122.7340535670556	170.78894043,38.178636363636365,-122.725	138.781448364,38.178636363636365,-122.7159464329444	181.133926392,38.178636363636365,-122.70689286588882	97.744789124,38.178636363636365,-122.69783929883323	151.37878418,38.178636363636365,-122.68878573177763	110.920089722,38.178636363636365,-122.67973216472204	52.208278656,38.178636363636365,-122.67067859766645	57.813472748,38.178636363636365,-122.66162503061086	54.715953827,38.178636363636365,-122.65257146355526	78.122741699,38.178636363636365,-122.64351789649967	13.202492714,38.178636363636365,-122.63446432944409	69.350692749,38.178636363636365,-122.6254107623885	63.754081726,38.178636363636365,-122.6163571953329	15.635024071,38.178636363636365,-122.60730362827731	17.365438461,38.178636363636365,-122.59825006122172	39.598937988,38.178636363636365,-122.58919649416612	53.46680069,38.178636363636365,-122.58014292711053	2.0,38.178636363636365,-122.57108936005494	2.123574734,38.178636363636365,-122.56203579299935	2.083543062,38.178636363636365,-122.55298222594375	2.104147196,38.178636363636365,-122.54392865888816	-0.720043659,38.178636363636365,-122.53487509183257	16.691627502,38.178636363636365,-122.52582152477699	20.971103668,38.178636363636365,-122.51676795772138	48.461978912,38.178636363636365,-122.5077143906658	111.879852295,38.178636363636365,-122.49866082361021	140.983795166,38.178636363636365,-122.48960725655462	99.436462402,38.178636363636365,-122.48055368949902	19.39087677,38.178636363636365,-122.47150012244343	43.906482697,38.178636363636365,-122.46244655538784	16.107868195,38.178636363636365,-122.45339298833224	3.627228022,38.178636363636365,-122.44433942127665	-0.16579096,38.178636363636365,-122.43528585422106	-0.010833471,38.178636363636365,-122.42623228716548	1.896850348,38.178636363636365,-122.41717872010987	0.496959627,38.178636363636365,-122.40812515305429	0.272558808,38.178636363636365,-122.3990715859987
-71.466201782,38.1725,-123.05090097026736	-69.407608032,38.1725,-123.04184816553771	-69.04813385,38.1725,-123.03279536080807	-66.70715332,38.1725,-123.02374255607842	-62.765602112,38.1725,-123.01468975134877	-56.834972382,38.1725,-123.00563694661912	-49.431152344,38.1725,-122.99658414188947	-43.121543884,38.1725,-122.98753133715982	-34.427726746,38.1725,-122.97847853243017	-1.600000024,38.1725,-122.96942572770052	-11.019845009,38.1725,-122.96037292297088	96.671829224,38.1725,-122.95132011824123	182.996734619,38.1725,-122.94226731351158	54.729427338,38.1725,-122.93321450878193	3.583495855,38.1725,-122.92416170405228	-0.165206075,38.1725,-122.91510889932263	-0.165629402,38.1725,-122.90605609459298	9.656134605,38.1725,-122.89700328986333	77.927734375,38.1725,-122.88795048513369	147.797821045,38.1725,-122.87889768040404	196.587783813,38.1725,-122.86984487567439	215.597137451,38.1725,-122.86079207094474	153.404190063,38.1725,-122.85173926621509	58.363647461,38.1725,-122.84268646148544	109.252975464,38.1725,-122.8336336567558	153.024734497,38.1725,-122.82458085202614	50.229873657,38.1725,-122.8155280472965	116.835975647,38.1725,-122.80647524256685	141.710205078,38.1725,-122.7974224378372	162.989822388,38.1725,-122.78836963310755	177.899658203,38.1725,-122.7793168283779	273.078369141,38.1725,-122.77026402364825	267.015899658,38.1725,-122.7612112189186	253.654510498,38.1725,-122.75215841418895	155.066467285,38.1725,-122.7431056094593	196.267974854,38.1725,-122.73405280472966	172.790512085,38.1725,-122.72500000000001	188.25189209,38.1725,-122.71594719527036	171.564163208,38.1725,-122.70689439054071	209.08996582,38.1725,-122.69784158581105	127.903762817,38.1725,-122.6887887810814	115.989646912,38.1725,-122.67973597635175	73.345367432,38.1725,-122.6706831716221	88.502471924,38.1725,-122.66163036689245	221.087371826,38.1725,-122.6525775621628	193.521286011,38.1725,-122.64352475743316	64.582130432,38.1725,-122.6344719527035	39.86787796,38.1725,-122.62541914797386	61.981403351,38.1725,-122.61636634324421	149.694213867,38.1725,-122.60731353851456	138.101806641,38.1725,-122.59826073378491	26.850671768,38.1725,-122.58920792905526	13.094614029,38.1725,-122.58015512432561	3.644827127,38.1725,-122.57110231959597	2.10214591,38.1725,-122.56204951486632	2.036655664,38.1725,-122.55299671013667	1.70193243,38.1725,-122.54394390540702	2.213288784,38.1725,-122.53489110067737	14.654019356,38.1725,-122.52583829594772	21.341686249,38.1725,-122.51678549121807	32.447727203,38.1725,-122.50773268648842	61.923404694,38.1725,-122.49867988175878	155.360092163,38.1725,-122.48962707702913	113.983375549,38.1725,-122.48057427229948	65.809761047,38.1725,-122.47152146756983	8.573139191,38.1725,-122.46246866284018	3.358100414,38.1725,-122.45341585811053	1.159492254,38.1725,-122.44436305338088	-0.018469345,38.1725,-122.43531024865123	0.545317888,38.1725,-122.42625744392159	1.733805895,38.1725,-122.41720463919194	0.072290771,38.1725,-122.40815183446229	0.359285355,38.1725,-122.39909902973264
-72.679130554,38.16636363636364,-123.05087353489222	-69.355682373,38.16636363636364,-123.04182149225632	-68.631881714,38.16636363636364,-123.03276944962043	-66.798973083,38.16636363636364,-123.02371740698453	-64.305648804,38.16636363636364,-123.01466536434864	-58.886177063,38.16636363636364,-123.00561332171274	-50.581485748,38.16636363636364,-122.99656127907684	-46.04850769,38.16636363636364,-122.98750923644096	-38.22492218,38.16636363636364,-122.97845719380506	-25.972267151,38.16636363636364,-122.96940515116917	-15.912973404,38.16636363636364,-122.96035310853327	5.352112293,38.16636363636364,-122.95130106589737	79.358299255,38.16636363636364,-122.94224902326148	142.572418213,38.16636363636364,-122.93319698062558	63.174179077,38.16636363636364,-122.9241449379897	-0.163488075,38.16636363636364,-122.9150928953538	-0.163691804,38.16636363636364,-122.9060408527179	23.540716171,38.16636363636364,-122.89698881008201	32.890048981,38.16636363636364,-122.8879367674461	126.200073242,38.16636363636364,-122.87888472481022	182.234313965,38.16636363636364,-122.86983268217432	183.485336304,38.16636363636364,-122.86078063953842	139.185562134,38.16636363636364,-122.85172859690253	183.269287109,38.16636363636364,-122.84267655426663	232.751876831,38.16636363636364,-122.83362451163075	188.371307373,38.16636363636364,-122.82457246899484	86.259094238,38.16636363636364,-122.81552042635894	60.543605804,38.16636363636364,-122.80646838372306	118.818206787,38.16636363636364,-122.79741634108716	71.04132843,38.16636363636364,-122.78836429845126	129.775177002,38.16636363636364,-122.77931225581537	91.50617218,38.16636363636364,-122.77026021317947	116.599624634,38.16636363636364,-122.76120817054358	179.750457764,38.16636363636364,-122.75215612790768	126.257293701,38.16636363636364,-122.74310408527178	177.692825317,38.16636363636364,-122.7340520426359	181.170883179,38.16636363636364,-122.725	202.779632568,38.16636363636364,-122.71594795736411	277.158447266,38.16636363636364,-122.70689591472821	287.668762207,38.16636363636364,-122.6978438720923	224.242095947,38.16636363636364,-122.68879182945642	171.542175293,38.16636363636364,-122.67973978682052	75.574584961,38.16636363636364,-122.67068774418463	78.693626404,38.16636363636364,-122.66163570154873	113.703285217,38.16636363636364,-122.65258365891283	182.448760986,38.16636363636364,-122.64353161627695	68.173835754,38.16636363636364,-122.63447957364104	149.281677246,38.16636363636364,-122.62542753100516	135.928741455,38.16636363636364,-122.61637548836926	202.903686523,38.16636363636364,-122.60732344573336	171.779678345,38.16636363636364,-122.59827140309747	120.297790527,38.16636363636364,-122.58921936046157	18.83121109,38.16636363636364,-122.58016731782568	2.99131155,38.16636363636364,-122.57111527518978	23.736635208,38.16636363636364,-122.56206323255388	2.189190388,38.16636363636364,-122.553011189918	2.021852732,38.16636363636364,-122.5439591472821	1.762087345,38.16636363636364,-122.53490710464621	1.942060351,38.16636363636364,-122.52585506201031	7.918824196,38.16636363636364,-122.51680301937441	14.753031731,38.16636363636364,-122.50775097673852	61.03339386,38.16636363636364,-122.49869893410262	77.24823761,38.16636363636364,-122.48964689146673	98.476455688,38.16636363636364,-122.48059484883083	87.944892883,38.16636363636364,-122.47154280619493	32.190406799,38.16636363636364,-122.46249076355905	2.497606993,38.16636363636364,-122.45343872092315	2.14347887,38.16636363636364,-122.44438667828726	-0.182061583,38.16636363636364,-122.43533463565136	0.173948735,38.16636363636364,-122.42628259301546	1.208498359,38.16636363636364,-122.41723055037957	0.306722879,38.16636363636364,-122.40817850774367	0.250707269,38.16636363636364,-122.39912646510778
-71.060440063,38.160227272727276,-123.05084610787314	-69.269493103,38.160227272727276,-123.04179482709888	-68.015808105,38.160227272727276,-123.03274354632464	-66.9870224,38.160227272727276,-123.02369226555038	-63.564777374,38.160227272727276,-123.01464098477612	-58.944488525,38.160227272727276,-123.00558970400188	-52.852813721,38.160227272727276,-122.99653842322762	-47.038524628,38.160227272727276,-122.98748714245336	-40.365249634,38.160227272727276,-122.97843586167912	-30.85203743,38.160227272727276,-122.96938458090486	-19.242509842,38.160227272727276,-122.9603333001306	-0.279930234,38.160227272727276,-122.95128201935636	69.394882202,38.160227272727276,-122.9422307385821	52.788162231,38.160227272727276,-122.93317945780784	98.346443176,38.160227272727276,-122.92412817703358	42.489257812,38.160227272727276,-122.91507689625934	-0.161927879,38.160227272727276,-122.90602561548508	-0.161922589,38.160227272727276,-122.89697433471082	65.590866089,38.160227272727276,-122.88792305393658	146.985290527,38.160227272727276,-122.87887177316232	144.982925415,38.160227272727276,-122.86982049238806	135.81640625,38.160227272727276,-122.86076921161381	155.549591064,38.160227272727276,-122.85171793083956	253.416046143,38.160227272727276,-122.8426666500653	287.169006348,38.160227272727276,-122.83361536929105	244.360641479,38.160227272727276,-122.8245640885168	143.98815918,38.160227272727276,-122.81551280774254	195.173248291,38.160227272727276,-122.80646152696829	133.56690979,38.160227272727276,-122.79741024619403	186.037155151,38.160227272727276,-122.78835896541977	117.122642517,38.160227272727276,-122.77930768464553	283.48260498,38.160227272727276,-122.77025640387127	253.7890625,38.160227272727276,-122.76120512309701	127.371231079,38.160227272727276,-122.75215384232277	192.359649658,38.160227272727276,-122.74310256154851	261.45690918,38.160227272727276,-122.73405128077425	226.285400391,38.160227272727276,-122.72500000000001	170.638900757,38.160227272727276,-122.71594871922575	172.530487061,38.160227272727276,-122.70689743845149	162.673110962,38.160227272727276,-122.69784615767723	192.928894043,38.160227272727276,-122.68879487690299	94.619674683,38.160227272727276,-122.67974359612873	150.721313477,38.160227272727276,-122.67069231535447	115.258178711,38.160227272727276,-122.66164103458023	96.80670166,38.160227272727276,-122.65258975380597	227.378616333,38.160227272727276,-122.64353847303171	98.417182922,38.160227272727276,-122.63448719225747	160.743545532,38.160227272727276,-122.62543591148321	112.222145081,38.160227272727276,-122.61638463070895	348.771148682,38.160227272727276,-122.6073333499347	229.478164673,38.160227272727276,-122.59828206916045	162.035858154,38.160227272727276,-122.58923078838619	119.621955872,38.160227272727276,-122.58017950761194	5.69986105,38.160227272727276,-122.57112822683769	5.012701988,38.160227272727276,-122.56207694606343	2.128926516,38.160227272727276,-122.55302566528918	2.078952074,38.160227272727276,-122.54397438451493	-0.379393727,38.160227272727276,-122.53492310374067	-0.209294453,38.160227272727276,-122.52587182296642	1.261441231,38.160227272727276,-122.51682054219216	6.328413963,38.160227272727276,-122.5077692614179	20.862703323,38.160227272727276,-122.49871798064366	34.513534546,38.160227272727276,-122.4896666998694	48.00623703,38.160227272727276,-122.48061541909514	86.869491577,38.160227272727276,-122.47156413832089	101.307991028,38.160227272727276,-122.46251285754664	5.384671211,38.160227272727276,-122.45346157677238	0.024708729,38.160227272727276,-122.44441029599813	-0.115373321,38.160227272727276,-122.43535901522388	-0.29399696,38.160227272727276,-122.42630773444962	2.075877905,38.160227272727276,-122.41725645367536	1.318685651,38.160227272727276,-122.40820517290112	2.241191149,38.160227272727276,-122.39915389212686
0.0,38.15409090909091,-123.05081868920739	-69.395988464,38.15409090909091,-123.04176817006274	-68.267166138,38.15409090909091,-123.03271765091809	-66.467308044,38.15409090909091,-123.02366713177344	-63.636688232,38.15409090909091,-123.01461661262879	-58.921066284,38.15409090909091,-123.00556609348415	-54.441509247,38.15409090909091,-122.9965155743395	-46.749637604,38.15409090909091,-122.98746505519485	-39.069206238,38.15409090909091,-122.9784145360502	-31.860679626,38.15409090909091,-122.96936401690554	-1.600000024,38.15409090909091,-122.9603134977609	0.025223618,38.15409090909091,-122.95126297861624	21.485700607,38.15409090909091,-122.94221245947159	45.88974762,38.15409090909091,-122.93316194032694	73.680480957,38.15409090909091,-122.9241114211823	56.086940765,38.15409090909091,-122.91506090203765	-0.160365343,38.15409090909091,-122.906010382893	-0.160398826,38.15409090909091,-122.89695986374835	40.874217987,38.15409090909091,-122.8879093446037	135.17906189,38.15409090909091,-122.87885882545905	160.586624146,38.15409090909091,-122.8698083063144	140.94039917,38.15409090909091,-122.86075778716975	230.525375366,38.15409090909091,-122.8517072680251	263.107452393,38.15409090909091,-122.84265674888046	143.982208252,38.15409090909091,-122.8336062297358	102.512397766,38.15409090909091,-122.82455571059116	69.807853699,38.15409090909091,-122.8155051914465	188.776535034,38.15409090909091,-122.80645467230185	184.343811035,38.15409090909091,-122.7974041531572	224.624572754,38.15409090909091,-122.78835363401255	87.880088806,38.15409090909091,-122.7793031148679	233.859710693,38.15409090909091,-122.77025259572325	179.14074707,38.15409090909091,-122.76120207657861	225.825515747,38.15409090909091,-122.75215155743396	191.55859375,38.15409090909091,-122.74310103828931	164.456237793,38.15409090909091,-122.73405051914466	154.232818604,38.15409090909091,-122.72500000000001	122.311187744,38.15409090909091,-122.71594948085536	124.850654602,38.15409090909091,-122.7068989617107	134.746994019,38.15409090909091,-122.69784844256606	191.207214355,38.15409090909091,-122.6887979234214	267.718200684,38.15409090909091,-122.67974740427677	150.993133545,38.15409090909091,-122.67069688513212	174.730560303,38.15409090909091,-122.66164636598747	259.813873291,38.15409090909091,-122.65259584684281	198.779968262,38.15409090909091,-122.64354532769816	125.902786255,38.15409090909091,-122.63449480855351	187.844696045,38.15409090909091,-122.62544428940886	185.870407104,38.15409090909091,-122.61639377026421	231.409439087,38.15409090909091,-122.60734325111956	336.668731689,38.15409090909091,-122.59829273197491	294.182067871,38.15409090909091,-122.58924221283027	130.303512573,38.15409090909091,-122.58019169368562	29.810722351,38.15409090909091,-122.57114117454097	0.371249586,38.15409090909091,-122.56209065539632	-0.023551138,38.15409090909091,-122.55304013625167	0.230006292,38.15409090909091,-122.54398961710702	-0.480600208,38.15409090909091,-122.53493909796236	-0.16299428,38.15409090909091,-122.52588857881771	0.090614423,38.15409090909091,-122.51683805967306	2.255367041,38.15409090909091,-122.50778754052843	7.533591747,38.15409090909091,-122.49873702138377	26.778423309,38.15409090909091,-122.48968650223912	34.571922302,38.15409090909091,-122.48063598309447	57.649181366,38.15409090909091,-122.47158546394982	154.693069458,38.15409090909091,-122.46253494480517	48.323162079,38.15409090909091,-122.45348442566052	-0.003640517,38.15409090909091,-122.44443390651587	-0.353699833,38.15409090909091,-122.43538338737122	-0.124440767,38.15409090909091,-122.42633286822658	-0.102927297,38.15409090909091,-122.41728234908193	2.025150061,38.15409090909091,-122.40823182993728	2.575230122,38.15409090909091,-122.39918131079263
0.0,38.147954545454546,-123.0507912788922	-69.288658142,38.147954545454546,-123.0417415211452	-68.096809387,38.147954545454546,-123.03269176339819	-66.337722778,38.147954545454546,-123.02364200565118	-63.000629425,38.147954545454546,-123.01459224790418	-59.590545654,38.147954545454546,-123.00554249015718	-54.216327667,38.147954545454546,-122.99649273241018	-46.768047333,38.147954545454546,-122.98744297466317	-40.713108063,38.147954545454546,-122.97839321691616	-32.661140442,38.147954545454546,-122.96934345916915	-1.600000024,38.147954545454546,-122.96029370142215	0.436806053,38.147954545454546,-122.95124394367514	41.600341797,38.147954545454546,-122.94219418592813	43.466648102,38.147954545454546,-122.93314442818114	65.894638062,38.147954545454546,-122.92409467043413	38.020786285,38.147954545454546,-122.91504491268712	49.336524963,38.147954545454546,-122.90599515494011	-0.158921003,38.147954545454546,-122.89694539719311	-0.159075648,38.147954545454546,-122.8878956394461	46.941673279,38.147954545454546,-122.87884588169909	75.191642761,38.147954545454546,-122.86979612395209	172.064285278,38.147954545454546,-122.86074636620508	195.565261841,38.147954545454546,-122.85169660845808	202.105316162,38.147954545454546,-122.84264685071108	179.801483154,38.147954545454546,-122.83359709296407	96.485877991,38.147954545454546,-122.82454733521706	143.447463989,38.147954545454546,-122.81549757747005	223.868133545,38.147954545454546,-122.80644781972305	135.043121338,38.147954545454546,-122.79739806197604	165.510253906,38.147954545454546,-122.78834830422903	101.980003357,38.147954545454546,-122.77929854648204	161.933166504,38.147954545454546,-122.77024878873503	192.225570679,38.147954545454546,-122.76119903098802	174.892883301,38.147954545454546,-122.75214927324102	104.560005188,38.147954545454546,-122.74309951549401	106.128890991,38.147954545454546,-122.734049757747	205.294036865,38.147954545454546,-122.725	111.214317322,38.147954545454546,-122.71595024225299	117.036956787,38.147954545454546,-122.70690048450598	159.978408813,38.147954545454546,-122.69785072675899	185.167602539,38.147954545454546,-122.68880096901198	330.137023926,38.147954545454546,-122.67975121126497	336.913330078,38.147954545454546,-122.67070145351796	396.421905518,38.147954545454546,-122.66165169577096	313.805053711,38.147954545454546,-122.65260193802395	329.536987305,38.147954545454546,-122.64355218027694	209.080062866,38.147954545454546,-122.63450242252993	182.74772644,38.147954545454546,-122.62545266478294	196.969238281,38.147954545454546,-122.61640290703593	310.702056885,38.147954545454546,-122.60735314928893	399.985656738,38.147954545454546,-122.59830339154192	346.691741943,38.147954545454546,-122.58925363379491	247.954971313,38.147954545454546,-122.5802038760479	114.816619873,38.147954545454546,-122.5711541183009	0.682002783,38.147954545454546,-122.56210436055389	0.394408315,38.147954545454546,-122.55305460280688	0.135198832,38.147954545454546,-122.54400484505989	2.155556679,38.147954545454546,-122.53495508731288	-0.009925411,38.147954545454546,-122.52590532956587	-0.306096703,38.147954545454546,-122.51685557181887	-0.284955412,38.147954545454546,-122.50780581407186	-0.042784624,38.147954545454546,-122.49875605632485	1.183444858,38.147954545454546,-122.48970629857784	16.804935455,38.147954545454546,-122.48065654083084	19.790410995,38.147954545454546,-122.47160678308384	55.33499527,38.147954545454546,-122.46255702533684	32.863143921,38.147954545454546,-122.45350726758983	6.925706863,38.147954545454546,-122.44445750984282	-0.191491202,38.147954545454546,-122.43540775209581	-0.130636841,38.147954545454546,-122.4263579943488	-0.174152419,38.147954545454546,-122.4173082366018	0.080879129,38.147954545454546,-122.40825847885479	2.084712982,38.147954545454546,-122.39920872110778
-70.663948059,38.14181818181818,-123.05076387692489	-68.984596252,38.14181818181818,-123.04171488034365	-68.006072998,38.14181818181818,-123.03266588376239	-65.604156494,38.14181818181818,-123.02361688718115	-61.942470551,38.14181818181818,-123.0145678905999	-59.308773041,38.14181818181818,-123.00551889401865	-53.110450745,38.14181818181818,-122.99646989743741	-47.688179016,38.14181818181818,-122.98742090085616	-40.36523056,38.14181818181818,-122.97837190427492	-33.671356201,38.14181818181818,-122.96932290769367	-17.037631989,38.14181818181818,-122.96027391111242	7.58289814,38.14181818181818,-122.95122491453118	37.901153564,38.14181818181818,-122.94217591794992	19.071155548,38.14181818181818,-122.93312692136868	53.343963623,38.14181818181818,-122.92407792478744	89.856536865,38.14181818181818,-122.91502892820618	88.12714386,38.14181818181818,-122.90597993162494	-0.157390878,38.14181818181818,-122.8969309350437	-0.157257348,38.14181818181818,-122.88788193846244	-0.156929165,38.14181818181818,-122.8788329418812	41.260929108,38.14181818181818,-122.86978394529996	137.180297852,38.14181818181818,-122.86073494871872	133.869033813,38.14181818181818,-122.85168595213746	122.912872314,38.14181818181818,-122.84263695555622	170.771911621,38.14181818181818,-122.83358795897497	169.177032471,38.14181818181818,-122.82453896239372	105.964363098,38.14181818181818,-122.81548996581247	275.372497559,38.14181818181818,-122.80644096923123	229.212081909,38.14181818181818,-122.79739197264998	123.333732605,38.14181818181818,-122.78834297606873	325.347839355,38.14181818181818,-122.77929397948749	277.56842041,38.14181818181818,-122.77024498290623	189.260025024,38.14181818181818,-122.76119598632499	157.906005859,38.14181818181818,-122.75214698974375	116.500289917,38.14181818181818,-122.74309799316251	176.455795288,38.14181818181818,-122.73404899658125	151.143157959,38.14181818181818,-122.72500000000001	112.117904663,38.14181818181818,-122.71595100341877	114.654136658,38.14181818181818,-122.70690200683751	131.797195435,38.14181818181818,-122.69785301025627	234.168151855,38.14181818181818,-122.68880401367502	162.627502441,38.14181818181818,-122.67975501709377	210.593856812,38.14181818181818,-122.67070602051253	222.328811646,38.14181818181818,-122.66165702393128	349.844024658,38.14181818181818,-122.65260802735003	364.561462402,38.14181818181818,-122.64355903076878	128.176483154,38.14181818181818,-122.63451003418754	73.946914673,38.14181818181818,-122.6254610376063	99.792953491,38.14181818181818,-122.61641204102504	178.303588867,38.14181818181818,-122.6073630444438	325.876647949,38.14181818181818,-122.59831404786256	400.711791992,38.14181818181818,-122.5892650512813	239.103607178,38.14181818181818,-122.58021605470006	123.613586426,38.14181818181818,-122.57116705811882	3.322736025,38.14181818181818,-122.56211806153756	0.707828224,38.14181818181818,-122.55306906495632	-0.232215703,38.14181818181818,-122.54402006837508	-0.379038662,38.14181818181818,-122.53497107179382	2.056225777,38.14181818181818,-122.52592207521258	0.245502546,38.14181818181818,-122.51687307863133	-0.843546212,38.14181818181818,-122.50782408205008	-0.158599496,38.14181818181818,-122.49877508546884	0.298145801,38.14181818181818,-122.4897260888876	3.747712135,38.14181818181818,-122.48067709230635	5.068869114,38.14181818181818,-122.4716280957251	8.170770645,38.14181818181818,-122.46257909914385	9.607600212,38.14181818181818,-122.45353010256261	0.914165795,38.14181818181818,-122.44448110598135	1.64761734,38.14181818181818,-122.43543210940011	-0.083168395,38.14181818181818,-122.42638311281887	0.200309664,38.14181818181818,-122.41733411623761	3.057812929,38.14181818181818,-122.40828511965637	2.197030306,38.14181818181818,-122.39923612307513
-70.726264954,38.13568181818182,-123.05073648330267	-67.509529114,38.13568181818182,-123.04168824765537	-67.446655273,38.13568181818182,-123.03264001200807	-65.583297729,38.13568181818182,-123.02359177636079	-62.341217041,38.13568181818182,-123.01454354071349	-58.277664185,38.13568181818182,-123.00549530506619	-53.018104553,38.13568181818182,-122.99644706941889	-46.780750275,38.13568181818182,-122.98739883377159	-40.266605377,38.13568181818182,-122.9783505981243	-31.050588608,38.13568181818182,-122.96930236247701	-1.600000024,38.13568181818182,-122.96025412682971	28.954488754,38.13568181818182,-122.95120589118241	42.141426086,38.13568181818182,-122.94215765553511	34.469993591,38.13568181818182,-122.93310941988781	42.682884216,38.13568181818182,-122.92406118424051	97.651550293,38.13568181818182,-122.91501294859323	107.54082489,38.13568181818182,-122.90596471294593	25.310565948,38.13568181818182,-122.89691647729863	-0.155794278,38.13568181818182,-122.88786824165133	-0.155312613,38.13568181818182,-122.87882000600403	34.445934296,38.13568181818182,-122.86977177035675	101.152206421,38.13568181818182,-122.86072353470945	72.986938477,38.13568181818182,-122.85167529906215	63.831119537,38.13568181818182,-122.84262706341485	225.384033203,38.13568181818182,-122.83357882776755	190.360473633,38.13568181818182,-122.82453059212025	167.250946045,38.13568181818182,-122.81548235647297	230.379516602,38.13568181818182,-122.80643412082567	228.028686523,38.13568181818182,-122.79738588517837	144.307037354,38.13568181818182,-122.78833764953107	178.265304565,38.13568181818182,-122.77928941388377	344.085083008,38.13568181818182,-122.77024117823647	115.416969299,38.13568181818182,-122.76119294258919	203.854217529,38.13568181818182,-122.75214470694189	195.97543335,38.13568181818182,-122.74309647129459	188.453079224,38.13568181818182,-122.7340482356473	231.998474121,38.13568181818182,-122.725	176.626449585,38.13568181818182,-122.71595176435271	127.198860168,38.13568181818182,-122.70690352870541	173.456130981,38.13568181818182,-122.69785529305811	144.308532715,38.13568181818182,-122.68880705741081	189.6068573,38.13568181818182,-122.67975882176351	332.786132812,38.13568181818182,-122.67071058611621	251.470291138,38.13568181818182,-122.66166235046893	132.511245728,38.13568181818182,-122.65261411482163	194.845001221,38.13568181818182,-122.64356587917433	226.513442993,38.13568181818182,-122.63451764352703	82.555122375,38.13568181818182,-122.62546940787973	176.571090698,38.13568181818182,-122.61642117223244	172.867935181,38.13568181818182,-122.60737293658515	248.465515137,38.13568181818182,-122.59832470093785	244.891571045,38.13568181818182,-122.58927646529055	190.201507568,38.13568181818182,-122.58022822964325	67.768295288,38.13568181818182,-122.57117999399595	3.806790113,38.13568181818182,-122.56213175834867	-0.321021229,38.13568181818182,-122.55308352270137	0.349999994,38.13568181818182,-122.54403528705407	0.349999994,38.13568181818182,-122.53498705140677	0.476933509,38.13568181818182,-122.52593881575947	2.100021362,38.13568181818182,-122.51689058011218	-0.327574015,38.13568181818182,-122.50784234446489	-0.504959464,38.13568181818182,-122.49879410881759	-0.245565772,38.13568181818182,-122.48974587317029	-0.061697405,38.13568181818182,-122.480697637523	-0.281692535,38.13568181818182,-122.4716494018757	-0.110761411,38.13568181818182,-122.4626011662284	-0.416885555,38.13568181818182,-122.45355293058111	0.32885012,38.13568181818182,-122.44450469493381	-0.119175524,38.13568181818182,-122.43545645928651	0.013840382,38.13568181818182,-122.42640822363921	0.414114147,38.13568181818182,-122.41735998799192	2.002182722,38.13568181818182,-122.40831175234463	0.598185003,38.13568181818182,-122.39926351669733
-70.601043701,38.12954545454546,-123.05070909802284	-67.672386169,38.12954545454546,-123.04166162307776	-66.732521057,38.12954545454546,-123.03261414813268	-64.924247742,38.12954545454546,-123.0235666731876	-61.493423462,38.12954545454546,-123.01451919824252	-57.182788849,38.12954545454546,-123.00547172329745	-51.585819244,38.12954545454546,-122.99642424835237	-47.165866852,38.12954545454546,-122.98737677340728	-40.61151123,38.12954545454546,-122.9783292984622	-29.018751144,38.12954545454546,-122.96928182351712	-1.600000024,38.12954545454546,-122.96023434857204	26.804559708,38.12954545454546,-122.95118687362697	21.514266968,38.12954545454546,-122.94213939868189	29.800680161,38.12954545454546,-122.93309192373681	64.444717407,38.12954545454546,-122.92404444879173	88.848175049,38.12954545454546,-122.91499697384666	93.802772522,38.12954545454546,-122.90594949890158	26.554328918,38.12954545454546,-122.8969020239565	15.997163773,38.12954545454546,-122.88785454901142	-0.154084176,38.12954545454546,-122.87880707406633	-0.153727368,38.12954545454546,-122.86975959912125	32.979602814,38.12954545454546,-122.86071212417617	45.202354431,38.12954545454546,-122.8516646492311	136.945556641,38.12954545454546,-122.84261717428602	210.965118408,38.12954545454546,-122.83356969934094	188.813064575,38.12954545454546,-122.82452222439586	183.606887817,38.12954545454546,-122.81547474945079	229.304763794,38.12954545454546,-122.80642727450571	183.478210449,38.12954545454546,-122.79737979956063	153.573623657,38.12954545454546,-122.78833232461555	322.006958008,38.12954545454546,-122.77928484967047	270.809417725,38.12954545454546,-122.77023737472538	188.19871521,38.12954545454546,-122.7611898997803	269.828216553,38.12954545454546,-122.75214242483523	218.731781006,38.12954545454546,-122.74309494989015	217.60043335,38.12954545454546,-122.73404747494507	438.721984863,38.12954545454546,-122.725	170.125076294,38.12954545454546,-122.71595252505492	240.435668945,38.12954545454546,-122.70690505010984	230.143417358,38.12954545454546,-122.69785757516476	136.369003296,38.12954545454546,-122.68881010021968	166.875320435,38.12954545454546,-122.6797626252746	129.681686401,38.12954545454546,-122.67071515032953	314.175994873,38.12954545454546,-122.66166767538444	154.925857544,38.12954545454546,-122.65262020043936	85.678565979,38.12954545454546,-122.64357272549428	197.163024902,38.12954545454546,-122.6345252505492	49.740386963,38.12954545454546,-122.62547777560412	179.841201782,38.12954545454546,-122.61643030065905	133.925476074,38.12954545454546,-122.60738282571397	118.36504364,38.12954545454546,-122.59833535076889	112.198219299,38.12954545454546,-122.58928787582381	103.145599365,38.12954545454546,-122.58024040087874	39.842884064,38.12954545454546,-122.57119292593366	0.519999981,38.12954545454546,-122.56214545098858	0.639999986,38.12954545454546,-122.55309797604349	10.112415314,38.12954545454546,-122.54405050109841	0.349999994,38.12954545454546,-122.53500302615333	1.529964566,38.12954545454546,-122.52595555120826	2.003424406,38.12954545454546,-122.51690807626318	0.245301858,38.12954545454546,-122.5078606013181	0.08570008,38.12954545454546,-122.49881312637302	-0.587100685,38.12954545454546,-122.48976565142794	-0.209970951,38.12954545454546,-122.48071817648287	0.058215197,38.12954545454546,-122.47167070153779	0.069135115,38.12954545454546,-122.46262322659271	-0.230407223,38.12954545454546,-122.45357575164763	1.181396008,38.12954545454546,-122.44452827670254	-0.136855245,38.12954545454546,-122.43548080175746	0.076084659,38.12954545454546,-122.42643332681239	0.880730987,38.12954545454546,-122.41738585186731	0.465887427,38.12954545454546,-122.40833837692223	0.296544343,38.12954545454546,-122.39929090197715
-69.122589111,38.12340909090909,-123.05068172108265	-67.663780212,38.12340909090909,-123.04163500660813	-66.461517334,38.12340909090909,-123.03258829213362	-64.479736328,38.12340909090909,-123.0235415776591	-60.577259064,38.12340909090909,-123.01449486318458	-53.831985474,38.12340909090909,-123.00544814871006	-52.556144714,38.12340909090909,-122.99640143423555	-45.008304596,38.12340909090909,-122.98735471976103	-39.114814758,38.12340909090909,-122.97830800528651	-27.146192551,38.12340909090909,-122.96926129081199	-1.600000024,38.12340909090909,-122.96021457633748	40.021156311,38.12340909090909,-122.95116786186296	7.901032925,38.12340909090909,-122.94212114738843	30.094459534,38.12340909090909,-122.93307443291391	63.460098267,38.12340909090909,-122.9240277184394	50.883743286,38.12340909090909,-122.91498100396488	107.525856018,38.12340909090909,-122.90593428949036	131.510787964,38.12340909090909,-122.89688757501584	89.762702942,38.12340909090909,-122.88784086054133	-0.15293327,38.12340909090909,-122.87879414606681	-0.152367711,38.12340909090909,-122.86974743159229	14.539504051,38.12340909090909,-122.86070071711777	60.045917511,38.12340909090909,-122.85165400264326	128.230514526,38.12340909090909,-122.84260728816874	147.857055664,38.12340909090909,-122.83356057369421	132.650650024,38.12340909090909,-122.82451385921969	79.883102417,38.12340909090909,-122.81546714474518	140.664703369,38.12340909090909,-122.80642043027066	197.248687744,38.12340909090909,-122.79737371579614	235.420333862,38.12340909090909,-122.78832700132162	287.708892822,38.12340909090909,-122.77928028684711	199.538848877,38.12340909090909,-122.77023357237259	231.675247192,38.12340909090909,-122.76118685789807	299.704223633,38.12340909090909,-122.75214014342355	253.085250854,38.12340909090909,-122.74309342894904	157.532440186,38.12340909090909,-122.73404671447452	400.953033447,38.12340909090909,-122.725	138.335617065,38.12340909090909,-122.71595328552547	153.541992188,38.12340909090909,-122.70690657105096	162.353881836,38.12340909090909,-122.69785985657644	116.818252563,38.12340909090909,-122.68881314210192	138.321304321,38.12340909090909,-122.6797664276274	96.007171631,38.12340909090909,-122.67071971315289	187.39743042,38.12340909090909,-122.66167299867837	268.193756104,38.12340909090909,-122.65262628420385	119.193450928,38.12340909090909,-122.64357956972933	155.564620972,38.12340909090909,-122.63453285525482	37.158882141,38.12340909090909,-122.6254861407803	94.330177307,38.12340909090909,-122.61643942630577	45.332828522,38.12340909090909,-122.60739271183125	41.823417664,38.12340909090909,-122.59834599735674	45.600376129,38.12340909090909,-122.58929928288222	69.322425842,38.12340909090909,-122.5802525684077	7.301104069,38.12340909090909,-122.57120585393318	0.519999981,38.12340909090909,-122.56215913945867	35.526863098,38.12340909090909,-122.55311242498415	6.64392662,38.12340909090909,-122.54406571050963	48.515808105,38.12340909090909,-122.5350189960351	2.124629259,38.12340909090909,-122.5259722815606	0.75,38.12340909090909,-122.51692556708608	2.058672667,38.12340909090909,-122.50787885261155	-0.111602992,38.12340909090909,-122.49883213813703	-0.363975734,38.12340909090909,-122.48978542366252	1.534439325,38.12340909090909,-122.480738709188	0.011347019,38.12340909090909,-122.47169199471348	-0.12288519,38.12340909090909,-122.46264528023896	0.605683088,38.12340909090909,-122.45359856576445	1.785966873,38.12340909090909,-122.44455185128993	1.518628716,38.12340909090909,-122.43550513681541	0.471450835,38.12340909090909,-122.42645842234089	0.255683571,38.12340909090909,-122.41741170786638	-0.070017919,38.12340909090909,-122.40836499339186	-0.109225526,38.12340909090909,-122.39931827891733
-68.729576111,38.11727272727273,-123.0506543524794	-66.390464783,38.11727272727273,-123.04160839824387	-65.274772644,38.11727272727273,-123.03256244400832	-63.616661072,38.11727272727273,-123.02351648977279	-60.450870514,38.11727272727273,-123.01447053553724	-56.980846405,38.11727272727273,-123.00542458130171	-48.820095062,38.11727272727273,-122.99637862706616	-45.447532654,38.11727272727273,-122.98733267283063	-37.084060669,38.11727272727273,-122.97828671859509	-1.600000024,38.11727272727273,-122.96924076435955	-1.600000024,38.11727272727273,-122.96019481012401	13.280700684,38.11727272727273,-122.95114885588848	32.336959839,38.11727272727273,-122.94210290165293	42.524791718,38.11727272727273,-122.9330569474174	64.396575928,38.11727272727273,-122.92401099318185	71.797798157,38.11727272727273,-122.91496503894632	68.663002014,38.11727272727273,-122.90591908471077	134.974822998,38.11727272727273,-122.89687313047524	50.939117432,38.11727272727273,-122.8878271762397	82.240539551,38.11727272727273,-122.87878122200416	-0.151110545,38.11727272727273,-122.86973526776862	0.888408959,38.11727272727273,-122.86068931353309	25.463308334,38.11727272727273,-122.85164335929754	81.881072998,38.11727272727273,-122.84259740506201	81.662414551,38.11727272727273,-122.83355145082646	69.138534546,38.11727272727273,-122.82450549659093	142.221115112,38.11727272727273,-122.8154595423554	157.968490601,38.11727272727273,-122.80641358811985	106.180259705,38.11727272727273,-122.79736763388432	129.473266602,38.11727272727273,-122.78832167964877	134.168930054,38.11727272727273,-122.77927572541324	260.606231689,38.11727272727273,-122.7702297711777	192.289520264,38.11727272727273,-122.76118381694216	231.613418579,38.11727272727273,-122.75213786270662	126.793983459,38.11727272727273,-122.74309190847109	219.405990601,38.11727272727273,-122.73404595423554	310.371398926,38.11727272727273,-122.72500000000001	157.51020813,38.11727272727273,-122.71595404576446	297.80847168,38.11727272727273,-122.70690809152893	211.42300415,38.11727272727273,-122.69786213729338	165.159286499,38.11727272727273,-122.68881618305785	222.707107544,38.11727272727273,-122.6797702288223	110.252937317,38.11727272727273,-122.67072427458677	95.660316467,38.11727272727273,-122.66167832035123	85.176269531,38.11727272727273,-122.6526323661157	54.991313934,38.11727272727273,-122.64358641188015	142.769134521,38.11727272727273,-122.63454045764462	246.931030273,38.11727272727273,-122.62549450340907	65.456390381,38.11727272727273,-122.61644854917354	25.973331451,38.11727272727273,-122.607402594938	20.096055984,38.11727272727273,-122.59835664070246	24.999816895,38.11727272727273,-122.58931068646692	79.583106995,38.11727272727273,-122.58026473223138	16.475814819,38.11727272727273,-122.57121877799585	21.09752655,38.11727272727273,-122.5621728237603	19.072546005,38.11727272727273,-122.55312686952477	39.341762543,38.11727272727273,-122.54408091528923	21.441858292,38.11727272727273,-122.5350349610537	35.298488617,38.11727272727273,-122.52598900681815	16.013772964,38.11727272727273,-122.51694305258262	0.0,38.11727272727273,-122.50789709834707	1.852069974,38.11727272727273,-122.49885114411154	2.565822363,38.11727272727273,-122.489805189876	1.580393553,38.11727272727273,-122.48075923564046	0.152657419,38.11727272727273,-122.47171328140492	2.067394018,38.11727272727273,-122.46266732716938	0.603041589,38.11727272727273,-122.45362137293384	1.463291764,38.11727272727273,-122.4445754186983	0.300916314,38.11727272727273,-122.43552946446276	-0.018098209,38.11727272727273,-122.42648351022723	-0.280652672,38.11727272727273,-122.41743755599168	-0.430005819,38.11727272727273,-122.40839160175615	-0.430013925,38.11727272727273,-122.3993456475206
-67.718086243,38.11113636363637,-123.05062699221033	-65.750434875,38.11113636363637,-123.04158179798226	-64.910102844,38.11113636363637,-123.0325366037542	-62.698543549,38.11113636363637,-123.02349140952613	-56.601989746,38.11113636363637,-123.01444621529807	-56.295017242,38.11113636363637,-123.00540102107	-49.468509674,38.11113636363637,-122.99635582684193	-42.324840546,38.11113636363637,-122.98731063261387	-34.455116272,38.11113636363637,-122.9782654383858	-1.600000024,38.11113636363637,-122.96922024415774	8.961527824,38.11113636363637,-122.96017504992969	2.609999895,38.11113636363637,-122.95112985570162	26.538957596,38.11113636363637,-122.94208466147356	75.434051514,38.11113636363637,-122.9330394672455	60.419841766,38.11113636363637,-122.92399427301743	36.540840149,38.11113636363637,-122.91494907878936	51.812980652,38.11113636363637,-122.9059038845613	101.467353821,38.11113636363637,-122.89685869033323	113.768333435,38.11113636363637,-122.88781349610517	105.73550415,38.11113636363637,-122.8787683018771	48.477287292,38.11113636363637,-122.86972310764904	-0.079412065,38.11113636363637,-122.86067791342097	8.550240517,38.11113636363637,-122.8516327191929	37.923858643,38.11113636363637,-122.84258752496484	44.218505859,38.11113636363637,-122.83354233073678	92.643768311,38.11113636363637,-122.82449713650871	171.400039673,38.11113636363637,-122.81545194228065	34.36548233,38.11113636363637,-122.80640674805258	100.844245911,38.11113636363637,-122.79736155382453	149.169952393,38.11113636363637,-122.78831635959646	78.89402771,38.11113636363637,-122.7792711653684	194.013824463,38.11113636363637,-122.77022597114033	170.354980469,38.11113636363637,-122.76118077691227	84.277137756,38.11113636363637,-122.7521355826842	86.414237976,38.11113636363637,-122.74309038845614	171.396011353,38.11113636363637,-122.73404519422807	203.474517822,38.11113636363637,-122.72500000000001	233.54447937,38.11113636363637,-122.71595480577194	264.348236084,38.11113636363637,-122.70690961154388	218.08493042,38.11113636363637,-122.69786441731581	169.561309814,38.11113636363637,-122.68881922308775	182.181228638,38.11113636363637,-122.67977402885968	120.501228333,38.11113636363637,-122.67072883463162	65.307052612,38.11113636363637,-122.66168364040355	60.255805969,38.11113636363637,-122.65263844617549	76.454666138,38.11113636363637,-122.64359325194742	65.961921692,38.11113636363637,-122.63454805771936	68.313926697,38.11113636363637,-122.6255028634913	44.657333374,38.11113636363637,-122.61645766926324	30.663764954,38.11113636363637,-122.60741247503518	21.608772278,38.11113636363637,-122.59836728080711	13.045469284,38.11113636363637,-122.58932208657905	13.016290665,38.11113636363637,-122.58027689235098	5.706902981,38.11113636363637,-122.57123169812292	4.48871994,38.11113636363637,-122.56218650389485	42.552841187,38.11113636363637,-122.55314130966678	72.699028015,38.11113636363637,-122.54409611543872	3.067647696,38.11113636363637,-122.53505092121065	60.250137329,38.11113636363637,-122.52600572698259	39.550136566,38.11113636363637,-122.51696053275452	29.305295944,38.11113636363637,-122.50791533852646	0.023943292,38.11113636363637,-122.4988701442984	0.100000001,38.11113636363637,-122.48982495007033	0.100000001,38.11113636363637,-122.48077975584226	-1.338303208,38.11113636363637,-122.4717345616142	0.302208185,38.11113636363637,-122.46268936738615	-0.001894451,38.11113636363637,-122.45364417315808	-3e-09,38.11113636363637,-122.44459897893002	-0.010001967,38.11113636363637,-122.43555378470195	-0.3591685,38.11113636363637,-122.42650859047389	-0.490328014,38.11113636363637,-122.41746339624582	-0.584853113,38.11113636363637,-122.40841820201776	-0.641160548,38.11113636363637,-122.39937300778969
-67.149337769,38.105000000000004,-123.05059964027271	-64.482177734,38.105000000000004,-123.04155520582069	-64.224998474,38.105000000000004,-123.03251077136866	-61.935718536,38.105000000000004,-123.02346633691666	-56.4243927,38.105000000000004,-123.01442190246463	-53.777233124,38.105000000000004,-123.00537746801261	-49.012111664,38.105000000000004,-122.99633303356059	-40.459667206,38.105000000000004,-122.98728859910857	-1.600000024,38.105000000000004,-122.97824416465656	-1.600000024,38.105000000000004,-122.96919973020454	12.452092171,38.105000000000004,-122.96015529575251	13.691950798,38.105000000000004,-122.95111086130049	20.034999847,38.105000000000004,-122.94206642684847	31.644620895,38.105000000000004,-122.93302199239645	52.673744202,38.105000000000004,-122.92397755794444	113.030899048,38.105000000000004,-122.91493312349242	105.405807495,38.105000000000004,-122.9058886890404	167.19354248,38.105000000000004,-122.89684425458837	225.72895813,38.105000000000004,-122.88779982013635	136.131668091,38.105000000000004,-122.87875538568434	95.757446289,38.105000000000004,-122.86971095123232	6.052341461,38.105000000000004,-122.8606665167803	0.136763826,38.105000000000004,-122.85162208232828	0.754117608,38.105000000000004,-122.84257764787625	82.565002441,38.105000000000004,-122.83353321342425	82.485702515,38.105000000000004,-122.82448877897222	84.780921936,38.105000000000004,-122.8154443445202	67.24080658,38.105000000000004,-122.80639991006818	158.340515137,38.105000000000004,-122.79735547561616	94.088127136,38.105000000000004,-122.78831104116414	102.55847168,38.105000000000004,-122.77926660671213	164.392578125,38.105000000000004,-122.7702221722601	73.496017456,38.105000000000004,-122.76117773780808	68.805786133,38.105000000000004,-122.75213330335606	88.261207581,38.105000000000004,-122.74308886890404	78.778945923,38.105000000000004,-122.73404443445203	81.806167603,38.105000000000004,-122.72500000000001	126.950584412,38.105000000000004,-122.71595556554799	349.805511475,38.105000000000004,-122.70691113109596	348.561126709,38.105000000000004,-122.69786669664394	193.032958984,38.105000000000004,-122.68882226219193	205.200744629,38.105000000000004,-122.67977782773991	171.073379517,38.105000000000004,-122.67073339328789	124.647979736,38.105000000000004,-122.66168895883587	168.132263184,38.105000000000004,-122.65264452438385	100.527946472,38.105000000000004,-122.64360008993184	98.071105957,38.105000000000004,-122.63455565547982	72.32069397,38.105000000000004,-122.62551122102779	50.109729767,38.105000000000004,-122.61646678657577	29.826784134,38.105000000000004,-122.60742235212375	20.835027695,38.105000000000004,-122.59837791767173	15.079906464,38.105000000000004,-122.58933348321972	7.99156189,38.105000000000004,-122.5802890487677	6.846913338,38.105000000000004,-122.57124461431567	13.050536156,38.105000000000004,-122.56220017986365	61.143192291,38.105000000000004,-122.55315574541163	27.039365768,38.105000000000004,-122.54411131095962	2.624785423,38.105000000000004,-122.5350668765076	0.198434845,38.105000000000004,-122.52602244205558	2.375971317,38.105000000000004,-122.51697800760356	8.295306206,38.105000000000004,-122.50793357315153	2.11817503,38.105000000000004,-122.49888913869952	4.539339066,38.105000000000004,-122.4898447042475	0.251850903,38.105000000000004,-122.48080026979548	-0.209983915,38.105000000000004,-122.47175583534346	-0.110234149,38.105000000000004,-122.46271140089144	-0.44703728,38.105000000000004,-122.45366696643941	-0.184576094,38.105000000000004,-122.4446225319874	-0.368563503,38.105000000000004,-122.43557809753538	-0.650000334,38.105000000000004,-122.42653366308336	-0.819962144,38.105000000000004,-122.41748922863134	-0.950439274,38.105000000000004,-122.40844479417932	-1.040000558,38.105000000000004,-122.39940035972731
-66.837425232,38.09886363636364,-123.05057229666382	-63.631557465,38.09886363636364,-123.04152862175648	-63.351726532,38.09886363636364,-123.03248494684917	-60.881408691,38.09886363636364,-123.02344127194183	-57.159908295,38.09886363636364,-123.0143975970345	-50.165714264,38.09886363636364,-123.00535392212717	-43.617237091,38.09886363636364,-122.99631024721985	-39.306564331,38.09886363636364,-122.98726657231252	-25.322433472,38.09886363636364,-122.97822289740519	-1.600000024,38.09886363636364,-122.96917922249786	39.681598663,38.09886363636364,-122.96013554759054	23.880250931,38.09886363636364,-122.95109187268321	27.689523697,38.09886363636364,-122.94204819777588	38.721652985,38.09886363636364,-122.93300452286854	39.086193085,38.09886363636364,-122.92396084796123	33.995433807,38.09886363636364,-122.9149171730539	45.285861969,38.09886363636364,-122.90587349814656	115.992759705,38.09886363636364,-122.89682982323923	226.391891479,38.09886363636364,-122.88778614833191	151.444564819,38.09886363636364,-122.87874247342458	46.912853241,38.09886363636364,-122.86969879851725	41.355960846,38.09886363636364,-122.86065512360992	0.414302021,38.09886363636364,-122.8516114487026	0.262854189,38.09886363636364,-122.84256777379527	13.878879547,38.09886363636364,-122.83352409888793	40.519622803,38.09886363636364,-122.8244804239806	93.840629578,38.09886363636364,-122.81543674907329	68.050430298,38.09886363636364,-122.80639307416595	47.230182648,38.09886363636364,-122.79734939925862	187.169067383,38.09886363636364,-122.78830572435129	217.494277954,38.09886363636364,-122.77926204944397	159.960906982,38.09886363636364,-122.77021837453664	113.13394165,38.09886363636364,-122.76117469962931	55.543792725,38.09886363636364,-122.75213102472198	99.185874939,38.09886363636364,-122.74308734981466	64.300735474,38.09886363636364,-122.73404367490733	90.42766571,38.09886363636364,-122.725	129.12852478,38.09886363636364,-122.71595632509266	177.406234741,38.09886363636364,-122.70691265018534	266.922271729,38.09886363636364,-122.69786897527801	269.854278564,38.09886363636364,-122.68882530037068	308.160705566,38.09886363636364,-122.67978162546335	342.051300049,38.09886363636364,-122.67073795055603	272.245025635,38.09886363636364,-122.6616942756487	185.48588562,38.09886363636364,-122.65265060074137	131.095626831,38.09886363636364,-122.64360692583404	194.884384155,38.09886363636364,-122.63456325092672	151.343811035,38.09886363636364,-122.62551957601939	101.063575745,38.09886363636364,-122.61647590111205	50.256599426,38.09886363636364,-122.60743222620472	27.035375595,38.09886363636364,-122.5983885512974	37.936267853,38.09886363636364,-122.58934487639007	8.422958374,38.09886363636364,-122.58030120148274	5.182694435,38.09886363636364,-122.57125752657541	4.719152927,38.09886363636364,-122.56221385166809	0.955802858,38.09886363636364,-122.55317017676076	0.296697944,38.09886363636364,-122.54412650185343	4.489593506,38.09886363636364,-122.5350828269461	-0.030946877,38.09886363636364,-122.52603915203878	0.363255054,38.09886363636364,-122.51699547713145	28.512718201,38.09886363636364,-122.50795180222411	-0.276223034,38.09886363636364,-122.4989081273168	2.003891945,38.09886363636364,-122.48986445240946	0.242915258,38.09886363636364,-122.48082077750213	-0.558415234,38.09886363636364,-122.4717771025948	-0.486072093,38.09886363636364,-122.46273342768748	-0.583022237,38.09886363636364,-122.45368975278015	-0.529999971,38.09886363636364,-122.44464607787282	-0.547883868,38.09886363636364,-122.43560240296549	-0.830001712,38.09886363636364,-122.42655872805817	-0.951201081,38.09886363636364,-122.41751505315084	-1.150048733,38.09886363636364,-122.4084713782435	-1.213613868,38.09886363636364,-122.39942770333617
-63.899791718,38.092727272727274,-123.05054496138095	-62.449043274,38.092727272727274,-123.04150204578704	-59.689857483,38.092727272727274,-123.03245913019312	-59.700389862,38.092727272727274,-123.02341621459921	-56.192970276,38.092727272727274,-123.01437329900529	-49.898948669,38.092727272727274,-123.00533038341138	-43.621013641,38.092727272727274,-122.99628746781745	-35.64547348,38.092727272727274,-122.98724455222354	-19.45574379,38.092727272727274,-122.97820163662963	6.055166721,38.092727272727274,-122.96915872103571	17.753400803,38.092727272727274,-122.9601158054418	30.71905899,38.092727272727274,-122.95107288984788	31.364387512,38.092727272727274,-122.94202997425397	8.05513382,38.092727272727274,-122.93298705866005	24.017499924,38.092727272727274,-122.92394414306614	12.463728905,38.092727272727274,-122.91490122747223	130.237350464,38.092727272727274,-122.9058583118783	183.705093384,38.092727272727274,-122.8968153962844	286.74130249,38.092727272727274,-122.88777248069047	304.783813477,38.092727272727274,-122.87872956509656	176.060684204,38.092727272727274,-122.86968664950265	147.418991089,38.092727272727274,-122.86064373390873	100.567169189,38.092727272727274,-122.85160081831482	0.575432837,38.092727272727274,-122.8425579027209	0.988084435,38.092727272727274,-122.83351498712699	24.765464783,38.092727272727274,-122.82447207153307	22.099481583,38.092727272727274,-122.81542915593916	121.673683167,38.092727272727274,-122.80638624034525	40.486484528,38.092727272727274,-122.79734332475132	114.390174866,38.092727272727274,-122.78830040915742	126.046783447,38.092727272727274,-122.77925749356349	233.473144531,38.092727272727274,-122.77021457796958	107.105133057,38.092727272727274,-122.76117166237566	51.049999237,38.092727272727274,-122.75212874678175	55.380794525,38.092727272727274,-122.74308583118784	51.080001831,38.092727272727274,-122.73404291559392	100.492767334,38.092727272727274,-122.72500000000001	124.670135498,38.092727272727274,-122.71595708440609	104.183906555,38.092727272727274,-122.70691416881218	116.268417358,38.092727272727274,-122.69787125321825	277.586975098,38.092727272727274,-122.68882833762434	263.037872314,38.092727272727274,-122.67978542203043	241.44468689,38.092727272727274,-122.67074250643651	295.614837646,38.092727272727274,-122.6616995908426	397.125244141,38.092727272727274,-122.65265667524868	364.543945312,38.092727272727274,-122.64361375965477	225.740310669,38.092727272727274,-122.63457084406086	209.049057007,38.092727272727274,-122.62552792846694	105.331336975,38.092727272727274,-122.61648501287303	60.471138,38.092727272727274,-122.6074420972791	40.2394104,38.092727272727274,-122.5983991816852	108.141174316,38.092727272727274,-122.58935626609127	36.700176239,38.092727272727274,-122.58031335049736	19.067501068,38.092727272727274,-122.57127043490345	2.512958288,38.092727272727274,-122.56222751930953	0.460000008,38.092727272727274,-122.55318460371562	2.30850482,38.092727272727274,-122.5441416881217	0.445605844,38.092727272727274,-122.53509877252779	0.173601314,38.092727272727274,-122.52605585693387	0.140583709,38.092727272727274,-122.51701294133996	0.006894747,38.092727272727274,-122.50797002574605	0.082537442,38.092727272727274,-122.49892711015212	2.922501087,38.092727272727274,-122.48988419455821	0.358883768,38.092727272727274,-122.48084127896429	-0.387477607,38.092727272727274,-122.47179836337038	-0.519999981,38.092727272727274,-122.46275544777646	-0.711927474,38.092727272727274,-122.45371253218255	-1.781774521,38.092727272727274,-122.44466961658864	-0.818001091,38.092727272727274,-122.43562670099472	-0.989044547,38.092727272727274,-122.42658378540081	-1.070325255,38.092727272727274,-122.41754086980688	-1.2724154,38.092727272727274,-122.40849795421298	-1.356598139,38.092727272727274,-122.39945503861907
-63.225574493,38.08659090909091,-123.05051763442135	-62.73065567,38.08659090909091,-123.04147547790964	-60.672359467,38.08659090909091,-123.03243332139795	-58.277664185,38.08659090909091,-123.02339116488623	-54.687702179,38.08659090909091,-123.01434900837454	-48.318935394,38.08659090909091,-123.00530685186283	-41.878410339,38.08659090909091,-122.99626469535113	-32.2059021,38.08659090909091,-122.98722253883942	-1.600000024,38.08659090909091,-122.97818038232772	12.631831169,38.08659090909091,-122.96913822581601	22.413070679,38.08659090909091,-122.96009606930431	30.004535675,38.08659090909091,-122.9510539127926	43.423206329,38.08659090909091,-122.9420117562809	1.618395209,38.08659090909091,-122.9329695997692	61.916110992,38.08659090909091,-122.9239274432575	25.28395462,38.08659090909091,-122.91488528674579	46.104557037,38.08659090909091,-122.90584313023409	147.245452881,38.08659090909091,-122.89680097372238	270.888092041,38.08659090909091,-122.88775881721068	329.195098877,38.08659090909091,-122.87871666069897	320.471923828,38.08659090909091,-122.86967450418727	174.180099487,38.08659090909091,-122.86063234767556	64.973693848,38.08659090909091,-122.85159019116387	49.32554245,38.08659090909091,-122.84254803465215	1.74234724,38.08659090909091,-122.83350587814046	0.910223603,38.08659090909091,-122.82446372162875	26.737579346,38.08659090909091,-122.81542156511703	84.223686218,38.08659090909091,-122.80637940860534	131.245056152,38.08659090909091,-122.79733725209363	93.564323425,38.08659090909091,-122.78829509558193	43.855503082,38.08659090909091,-122.77925293907022	208.357254028,38.08659090909091,-122.77021078255852	115.18170929,38.08659090909091,-122.76116862604681	51.080001831,38.08659090909091,-122.75212646953511	70.779663086,38.08659090909091,-122.7430843130234	51.080001831,38.08659090909091,-122.7340421565117	51.080001831,38.08659090909091,-122.725	66.234237671,38.08659090909091,-122.7159578434883	76.030853271,38.08659090909091,-122.70691568697659	105.196746826,38.08659090909091,-122.69787353046489	124.50528717,38.08659090909091,-122.68883137395318	122.368782043,38.08659090909091,-122.67978921744148	300.440856934,38.08659090909091,-122.67074706092977	408.300262451,38.08659090909091,-122.66170490441807	380.391784668,38.08659090909091,-122.65266274790636	425.879943848,38.08659090909091,-122.64362059139467	283.989013672,38.08659090909091,-122.63457843488295	262.639282227,38.08659090909091,-122.62553627837126	220.318344116,38.08659090909091,-122.61649412185955	77.992462158,38.08659090909091,-122.60745196534785	102.627243042,38.08659090909091,-122.59840980883614	48.093959808,38.08659090909091,-122.58936765232444	69.453056335,38.08659090909091,-122.58032549581273	18.169384003,38.08659090909091,-122.57128333930102	3.657570839,38.08659090909091,-122.56224118278932	7.641707897,38.08659090909091,-122.55319902627761	1.159354687,38.08659090909091,-122.54415686976591	2.103287697,38.08659090909091,-122.5351147132542	2.12778163,38.08659090909091,-122.5260725567425	1.279999971,38.08659090909091,-122.5170304002308	-0.551855683,38.08659090909091,-122.5079882437191	-1.080754399,38.08659090909091,-122.49894608720739	-0.816838026,38.08659090909091,-122.48990393069569	0.09811113,38.08659090909091,-122.48086177418398	-0.371650189,38.08659090909091,-122.47181961767228	-0.629963875,38.08659090909091,-122.46277746116057	-0.730006635,38.08659090909091,-122.45373530464887	-0.86676085,38.08659090909091,-122.44469314813716	-0.969273627,38.08659090909091,-122.43565099162547	-1.161060691,38.08659090909091,-122.42660883511375	-1.340000033,38.08659090909091,-122.41756667860206	-1.472807407,38.08659090909091,-122.40852452209035	-1.651406407,38.08659090909091,-122.39948236557865
-63.005748749,38.08045454545455,-123.05049031578233	-63.673553467,38.08045454545455,-123.0414489181217	-59.636901855,38.08045454545455,-123.03240752046109	-57.136772156,38.08045454545455,-123.02336612280047	-52.776031494,38.08045454545455,-123.01432472513984	-46.220973969,38.08045454545455,-123.00528332747922	-39.508224487,38.08045454545455,-122.99624192981861	-27.633123398,38.08045454545455,-122.98720053215798	-1.600000024,38.08045454545455,-122.97815913449736	20.232814789,38.08045454545455,-122.96911773683675	15.768200874,38.08045454545455,-122.96007633917613	27.553043365,38.08045454545455,-122.9510349415155	31.781293869,38.08045454545455,-122.94199354385488	0.600000024,38.08045454545455,-122.93295214619427	46.022460938,38.08045454545455,-122.92391074853364	55.090366364,38.08045454545455,-122.91486935087302	55.052078247,38.08045454545455,-122.90582795321241	52.688400269,38.08045454545455,-122.89678655555178	134.482055664,38.08045454545455,-122.88774515789116	249.161972046,38.08045454545455,-122.87870376023054	401.11340332,38.08045454545455,-122.86966236256993	248.780075073,38.08045454545455,-122.8606209649093	255.443664551,38.08045454545455,-122.85157956724868	115.22252655,38.08045454545455,-122.84253816958807	1.773490071,38.08045454545455,-122.83349677192744	15.28644371,38.08045454545455,-122.82445537426682	22.675546646,38.08045454545455,-122.8154139766062	12.914762497,38.08045454545455,-122.80637257894558	102.407325745,38.08045454545455,-122.79733118128496	102.316772461,38.08045454545455,-122.78828978362434	7.399132729,38.08045454545455,-122.77924838596373	220.863998413,38.08045454545455,-122.7702069883031	251.812423706,38.08045454545455,-122.76116559064248	51.080001831,38.08045454545455,-122.75212419298185	65.047134399,38.08045454545455,-122.74308279532124	59.67117691,38.08045454545455,-122.73404139766062	110.78881073,38.08045454545455,-122.725	65.359870911,38.08045454545455,-122.71595860233938	59.599594116,38.08045454545455,-122.70691720467876	72.93119812,38.08045454545455,-122.69787580701814	103.934959412,38.08045454545455,-122.68883440935753	84.532562256,38.08045454545455,-122.6797930116969	139.309432983,38.08045454545455,-122.67075161403628	213.542251587,38.08045454545455,-122.66171021637565	167.996047974,38.08045454545455,-122.65266881871504	141.091156006,38.08045454545455,-122.64362742105442	230.022293091,38.08045454545455,-122.6345860233938	377.847625732,38.08045454545455,-122.62554462573318	232.534088135,38.08045454545455,-122.61650322807256	224.338806152,38.08045454545455,-122.60746183041194	128.420394897,38.08045454545455,-122.59842043275131	101.390579224,38.08045454545455,-122.5893790350907	75.458992004,38.08045454545455,-122.58033763743008	74.975234985,38.08045454545455,-122.57129623976945	29.8104496,38.08045454545455,-122.56225484210884	39.274593353,38.08045454545455,-122.55321344444822	2.465820551,38.08045454545455,-122.5441720467876	0.212931454,38.08045454545455,-122.53513064912697	0.889999986,38.08045454545455,-122.52608925146636	0.889999986,38.08045454545455,-122.51704785380574	0.889999986,38.08045454545455,-122.50800645614511	-1.015276313,38.08045454545455,-122.4989650584845	-0.407672226,38.08045454545455,-122.48992366082388	0.06853427,38.08045454545455,-122.48088226316325	-0.661457717,38.08045454545455,-122.47184086550263	-0.815726519,38.08045454545455,-122.46279946784202	-0.936381638,38.08045454545455,-122.4537580701814	-1.340000153,38.08045454545455,-122.44471667252077	-1.232957363,38.08045454545455,-122.43567527486016	-1.555133104,38.08045454545455,-122.42663387719954	-1.702611089,38.08045454545455,-122.41759247953891	-1.604867339,38.08045454545455,-122.40855108187829	-1.644394755,38.08045454545455,-122.39950968421768
-61.37443924,38.074318181818185,-123.05046300546114	-61.187877655,38.074318181818185,-123.04142236642055	-57.315505981,38.074318181818185,-123.03238172737997	-56.231063843,38.074318181818185,-123.02334108833938	-51.07277298,38.074318181818185,-123.01430044929879	-44.295219421,38.074318181818185,-123.00525981025821	-36.672672272,38.074318181818185,-122.99621917121762	-1.600000024,38.074318181818185,-122.98717853217703	-1.600000024,38.074318181818185,-122.97813789313645	41.480484009,38.074318181818185,-122.96909725409586	20.284843445,38.074318181818185,-122.96005661505527	40.696426392,38.074318181818185,-122.95101597601467	30.632614136,38.074318181818185,-122.9419753369741	41.25,38.074318181818185,-122.9329346979335	5.495616913,38.074318181818185,-122.92389405889291	30.006803513,38.074318181818185,-122.91485341985234	10.971840858,38.074318181818185,-122.90581278081174	46.43775177,38.074318181818185,-122.89677214177115	132.044082642,38.074318181818185,-122.88773150273057	172.557022095,38.074318181818185,-122.87869086368998	282.743835449,38.074318181818185,-122.86965022464939	198.104782104,38.074318181818185,-122.86060958560881	312.911254883,38.074318181818185,-122.85156894656822	262.581390381,38.074318181818185,-122.84252830752763	91.091140747,38.074318181818185,-122.83348766848705	1.976505637,38.074318181818185,-122.82444702944646	0.966195822,38.074318181818185,-122.81540639040587	26.050617218,38.074318181818185,-122.80636575136529	3.948821068,38.074318181818185,-122.7973251123247	14.137184143,38.074318181818185,-122.78828447328411	59.344455719,38.074318181818185,-122.77924383424353	47.721553802,38.074318181818185,-122.77020319520294	168.156188965,38.074318181818185,-122.76116255616235	119.884094238,38.074318181818185,-122.75212191712177	151.889572144,38.074318181818185,-122.74308127808118	108.089164734,38.074318181818185,-122.73404063904059	52.135765076,38.074318181818185,-122.725	135.56652832,38.074318181818185,-122.71595936095942	54.544006348,38.074318181818185,-122.70691872191883	161.492767334,38.074318181818185,-122.69787808287823	127.142707825,38.074318181818185,-122.68883744383766	78.722732544,38.074318181818185,-122.67979680479706	82.975532532,38.074318181818185,-122.67075616575647	100.917999268,38.074318181818185,-122.6617155267159	177.306350708,38.074318181818185,-122.6526748876753	253.825668335,38.074318181818185,-122.64363424863471	394.376739502,38.074318181818185,-122.63459360959413	341.060394287,38.074318181818185,-122.62555297055354	332.802093506,38.074318181818185,-122.61651233151295	272.879852295,38.074318181818185,-122.60747169247237	197.777755737,38.074318181818185,-122.59843105343178	150.623550415,38.074318181818185,-122.58939041439119	63.608592987,38.074318181818185,-122.58034977535061	60.20866394,38.074318181818185,-122.57130913631002	64.067390442,38.074318181818185,-122.56226849726943	95.715522766,38.074318181818185,-122.55322785822885	22.667413712,38.074318181818185,-122.54418721918826	3.889816999,38.074318181818185,-122.53514658014767	1.97851491,38.074318181818185,-122.52610594110708	-0.560627759,38.074318181818185,-122.5170653020665	-0.804472327,38.074318181818185,-122.5080246630259	-1.032233477,38.074318181818185,-122.49898402398532	-0.659946978,38.074318181818185,-122.48994338494474	-0.039908096,38.074318181818185,-122.48090274590415	-0.670950711,38.074318181818185,-122.47186210686355	-0.950895667,38.074318181818185,-122.46282146782298	-1.148877501,38.074318181818185,-122.45378082878239	-1.430012822,38.074318181818185,-122.4447401897418	-1.353485584,38.074318181818185,-122.43569955070122	-1.679997087,38.074318181818185,-122.42665891166062	-1.949154139,38.074318181818185,-122.41761827262003	-1.929999948,38.074318181818185,-122.40857763357945	-1.869407773,38.074318181818185,-122.39953699453886
-61.98948288,38.06818181818182,-123.05043570345508	-60.332344055,38.06818181818182,-123.04139582280355	-58.103141785,38.06818181818182,-123.03235594215202	-54.884914398,38.06818181818182,-123.0233160615005	-49.180679321,38.06818181818182,-123.01427618084897	-42.082363129,38.06818181818182,-123.00523630019742	-33.706451416,38.06818181818182,-122.9961964195459	-1.600000024,38.06818181818182,-122.98715653889437	23.229137421,38.06818181818182,-122.97811665824284	85.698303223,38.06818181818182,-122.96907677759131	8.780136108,38.06818181818182,-122.96003689693978	19.658397675,38.06818181818182,-122.95099701628826	20.815347672,38.06818181818182,-122.94195713563673	1.217489958,38.06818181818182,-122.9329172549852	0.600000024,38.06818181818182,-122.92387737433366	45.781848907,38.06818181818182,-122.91483749368213	48.75334549,38.06818181818182,-122.9057976130306	101.628601074,38.06818181818182,-122.89675773237907	88.724197388,38.06818181818182,-122.88771785172754	119.248664856,38.06818181818182,-122.87867797107602	201.739837646,38.06818181818182,-122.86963809042449	167.334533691,38.06818181818182,-122.86059820977296	254.40461731,38.06818181818182,-122.85155832912143	133.314041138,38.06818181818182,-122.84251844846989	67.862228394,38.06818181818182,-122.83347856781836	38.574859619,38.06818181818182,-122.82443868716683	2.003643513,38.06818181818182,-122.8153988065153	11.034342766,38.06818181818182,-122.80635892586378	6.959758759,38.06818181818182,-122.79731904521225	143.407546997,38.06818181818182,-122.78827916456072	57.624160767,38.06818181818182,-122.77923928390919	39.578487396,38.06818181818182,-122.77019940325766	99.066116333,38.06818181818182,-122.76115952260612	166.866165161,38.06818181818182,-122.7521196419546	247.698577881,38.06818181818182,-122.74307976130306	178.475982666,38.06818181818182,-122.73403988065154	79.895820618,38.06818181818182,-122.72500000000001	52.003173828,38.06818181818182,-122.71596011934848	95.189735413,38.06818181818182,-122.70692023869695	64.830154419,38.06818181818182,-122.69788035804542	157.623748779,38.06818181818182,-122.6888404773939	136.286865234,38.06818181818182,-122.67980059674235	320.945831299,38.06818181818182,-122.67076071609083	267.679382324,38.06818181818182,-122.6617208354393	130.714294434,38.06818181818182,-122.65268095478777	187.521408081,38.06818181818182,-122.64364107413624	357.279785156,38.06818181818182,-122.63460119348471	504.362579346,38.06818181818182,-122.62556131283318	450.595916748,38.06818181818182,-122.61652143218166	380.26739502,38.06818181818182,-122.60748155153013	344.941864014,38.06818181818182,-122.59844167087859	232.578323364,38.06818181818182,-122.58940179022706	193.663406372,38.06818181818182,-122.58036190957553	102.075187683,38.06818181818182,-122.571322028924	44.195575714,38.06818181818182,-122.56228214827247	21.040588379,38.06818181818182,-122.55324226762094	12.923753738,38.06818181818182,-122.54420238696942	5.881134987,38.06818181818182,-122.53516250631789	36.666984558,38.06818181818182,-122.52612262566636	-0.018244719,38.06818181818182,-122.51708274501482	-0.951055646,38.06818181818182,-122.50804286436329	-0.905335367,38.06818181818182,-122.49900298371176	-2.359999895,38.06818181818182,-122.48996310306023	-0.100000001,38.06818181818182,-122.4809232224087	-0.8238976,38.06818181818182,-122.47188334175718	-1.006004333,38.06818181818182,-122.46284346110565	-1.149723172,38.06818181818182,-122.45380358045412	-1.501715899,38.06818181818182,-122.44476369980259	-1.518004656,38.06818181818182,-122.43572381915105	-2.161109447,38.06818181818182,-122.42668393849952	-2.109137058,38.06818181818182,-122.417644057848	-1.921998382,38.06818181818182,-122.40860417719647	-2.321279764,38.06818181818182,-122.39956429654494
-58.571739197,38.062045454545455,-123.0504084097614	-59.516147614,38.062045454545455,-123.04136928726803	-58.123592377,38.062045454545455,-123.03233016477466	-53.569541931,38.062045454545455,-123.02329104228129	-46.801605225,38.062045454545455,-123.01425191978791	-39.594482422,38.062045454545455,-123.00521279729455	-1.600000024,38.062045454545455,-122.99617367480117	-1.600000024,38.062045454545455,-122.9871345523078	49.223911285,38.062045454545455,-122.97809542981443	40.341560364,38.062045454545455,-122.96905630732105	22.676408768,38.062045454545455,-122.96001718482768	8.035523415,38.062045454545455,-122.9509780623343	0.846722841,38.062045454545455,-122.94193893984094	0.848040521,38.062045454545455,-122.93289981734756	0.600000024,38.062045454545455,-122.92386069485418	74.604484558,38.062045454545455,-122.91482157236082	83.887023926,38.062045454545455,-122.90578244986744	10.667108536,38.062045454545455,-122.89674332737407	99.177314758,38.062045454545455,-122.8877042048807	128.658493042,38.062045454545455,-122.87866508238733	106.895751953,38.062045454545455,-122.86962595989395	156.098770142,38.062045454545455,-122.86058683740059	154.079956055,38.062045454545455,-122.85154771490721	192.028625488,38.062045454545455,-122.84250859241384	178.705612183,38.062045454545455,-122.83346946992047	44.601856232,38.062045454545455,-122.8244303474271	3.018230915,38.062045454545455,-122.81539122493372	3.830544949,38.062045454545455,-122.80635210244034	30.256399155,38.062045454545455,-122.79731297994698	91.334098816,38.062045454545455,-122.7882738574536	154.69644165,38.062045454545455,-122.77923473496023	51.754692078,38.062045454545455,-122.77019561246686	111.773826599,38.062045454545455,-122.76115648997349	114.373260498,38.062045454545455,-122.75211736748011	282.211151123,38.062045454545455,-122.74307824498675	131.90977478,38.062045454545455,-122.73403912249337	187.311004639,38.062045454545455,-122.725	66.162727356,38.062045454545455,-122.71596087750663	72.4477005,38.062045454545455,-122.70692175501325	61.188461304,38.062045454545455,-122.69788263251988	152.731445312,38.062045454545455,-122.68884351002652	344.935638428,38.062045454545455,-122.67980438753314	351.995483398,38.062045454545455,-122.67076526503976	332.195800781,38.062045454545455,-122.66172614254639	113.473403931,38.062045454545455,-122.65268702005302	134.164428711,38.062045454545455,-122.64364789755965	327.964324951,38.062045454545455,-122.63460877506627	354.439300537,38.062045454545455,-122.6255696525729	490.950042725,38.062045454545455,-122.61653053007953	549.998962402,38.062045454545455,-122.60749140758615	422.331451416,38.062045454545455,-122.59845228509279	117.712715149,38.062045454545455,-122.58941316259941	67.460853577,38.062045454545455,-122.58037404010604	43.889362335,38.062045454545455,-122.57133491761267	58.47051239,38.062045454545455,-122.5622957951193	129.686737061,38.062045454545455,-122.55325667262592	46.590133667,38.062045454545455,-122.54421755013256	9.066737175,38.062045454545455,-122.53517842763918	6.060213089,38.062045454545455,-122.5261393051458	1.419389963,38.062045454545455,-122.51710018265243	1.812270403,38.062045454545455,-122.50806106015906	-1.277475595,38.062045454545455,-122.49902193766569	2.038853884,38.062045454545455,-122.48998281517231	-0.348650247,38.062045454545455,-122.48094369267895	-0.9119519,38.062045454545455,-122.47190457018557	-1.238457322,38.062045454545455,-122.4628654476922	-1.418507576,38.062045454545455,-122.45382632519883	-1.640025496,38.062045454545455,-122.44478720270546	-1.637417316,38.062045454545455,-122.43574808021208	-2.277684927,38.062045454545455,-122.42670895771872	-2.239998579,38.062045454545455,-122.41766983522534	-2.442179918,38.062045454545455,-122.40863071273196	-2.452248812,38.062045454545455,-122.3995915902386
-53.520782471,38.05590909090909,-123.05038112437742	-57.288921356,38.05590909090909,-123.04134275981139	-57.161758423,38.05590909090909,-123.03230439524535	-51.943092346,38.05590909090909,-123.02326603067931	-44.533843994,38.05590909090909,-123.01422766611327	-36.658256531,38.05590909090909,-123.00518930154723	-1.600000024,38.05590909090909,-122.99615093698118	-1.600000024,38.05590909090909,-122.98711257241514	66.178833008,38.05590909090909,-122.9780742078491	16.145359039,38.05590909090909,-122.96903584328307	2.340106964,38.05590909090909,-122.95999747871703	42.603694916,38.05590909090909,-122.95095911415099	0.785534024,38.05590909090909,-122.94192074958495	0.792531729,38.05590909090909,-122.93288238501891	56.81312561,38.05590909090909,-122.92384402045288	63.490322113,38.05590909090909,-122.91480565588684	16.502086639,38.05590909090909,-122.90576729132079	46.528587341,38.05590909090909,-122.89672892675475	27.06001091,38.05590909090909,-122.88769056218871	107.857398987,38.05590909090909,-122.87865219762267	80.451095581,38.05590909090909,-122.86961383305663	135.082855225,38.05590909090909,-122.8605754684906	206.27961731,38.05590909090909,-122.85153710392456	126.73197937,38.05590909090909,-122.84249873935852	164.288009644,38.05590909090909,-122.83346037479248	101.211288452,38.05590909090909,-122.82442201022644	64.607139587,38.05590909090909,-122.81538364566039	28.145467758,38.05590909090909,-122.80634528109435	10.308365822,38.05590909090909,-122.79730691652831	68.055168152,38.05590909090909,-122.78826855196228	139.217849731,38.05590909090909,-122.77923018739624	93.331687927,38.05590909090909,-122.7701918228302	27.432420731,38.05590909090909,-122.76115345826416	193.327575684,38.05590909090909,-122.75211509369812	160.192108154,38.05590909090909,-122.74307672913208	236.363327026,38.05590909090909,-122.73403836456605	284.103881836,38.05590909090909,-122.725	202.786849976,38.05590909090909,-122.71596163543396	132.846405029,38.05590909090909,-122.70692327086792	62.489173889,38.05590909090909,-122.69788490630188	176.462493896,38.05590909090909,-122.68884654173584	252.115661621,38.05590909090909,-122.6798081771698	189.775634766,38.05590909090909,-122.67076981260377	107.873657227,38.05590909090909,-122.66173144803773	115.158966064,38.05590909090909,-122.65269308347169	196.947860718,38.05590909090909,-122.64365471890565	246.213851929,38.05590909090909,-122.63461635433961	219.106231689,38.05590909090909,-122.62557798977356	321.26373291,38.05590909090909,-122.61653962520752	452.004272461,38.05590909090909,-122.60750126064148	500.548980713,38.05590909090909,-122.59846289607545	344.783477783,38.05590909090909,-122.58942453150941	161.619674683,38.05590909090909,-122.58038616694337	166.821929932,38.05590909090909,-122.57134780237733	211.051055908,38.05590909090909,-122.5623094378113	186.900817871,38.05590909090909,-122.55327107324526	166.092559814,38.05590909090909,-122.54423270867922	94.754249573,38.05590909090909,-122.53519434411317	13.709134102,38.05590909090909,-122.52615597954713	1.33652842,38.05590909090909,-122.51711761498109	1.37736237,38.05590909090909,-122.50807925041505	0.247270405,38.05590909090909,-122.49904088584901	-0.100000001,38.05590909090909,-122.49000252128297	-0.100000001,38.05590909090909,-122.48096415671694	-0.720592558,38.05590909090909,-122.4719257921509	-1.140003681,38.05590909090909,-122.46288742758486	-1.363480806,38.05590909090909,-122.45384906301882	-1.648958087,38.05590909090909,-122.44481069845277	-1.874051929,38.05590909090909,-122.43577233388673	-2.553532839,38.05590909090909,-122.4267339693207	-2.252025127,38.05590909090909,-122.41769560475466	-2.574802637,38.05590909090909,-122.40865724018862	-2.887718439,38.05590909090909,-122.39961887562258
-56.59702301,38.04977272727273,-123.05035384730041	-58.675712585,38.04977272727273,-123.04131624043096	-55.817867279,38.04977272727273,-123.0322786335615	-50.101886749,38.04977272727273,-123.02324102669205	-43.022888184,38.04977272727273,-123.01420341982259	-33.597072601,38.04977272727273,-123.00516581295314	-16.432340622,38.04977272727273,-122.99612820608368	10.992956161,38.04977272727273,-122.98709059921423	58.260879517,38.04977272727273,-122.97805299234477	105.258888245,38.04977272727273,-122.96901538547532	64.966072083,38.04977272727273,-122.95997777860586	0.700695276,38.04977272727273,-122.9509401717364	0.717673063,38.04977272727273,-122.94190256486695	20.806642532,38.04977272727273,-122.9328649579975	54.16734314,38.04977272727273,-122.92382735112804	57.042999268,38.04977272727273,-122.91478974425857	32.348583221,38.04977272727273,-122.90575213738911	71.809989929,38.04977272727273,-122.89671453051966	19.757814407,38.04977272727273,-122.8876769236502	121.460571289,38.04977272727273,-122.87863931678075	33.247524261,38.04977272727273,-122.8696017099113	78.859710693,38.04977272727273,-122.86056410304184	124.406578064,38.04977272727273,-122.85152649617238	126.465713501,38.04977272727273,-122.84248888930293	271.176116943,38.04977272727273,-122.83345128243347	277.55456543,38.04977272727273,-122.82441367556402	165.781051636,38.04977272727273,-122.81537606869456	12.515532494,38.04977272727273,-122.8063384618251	9.805929184,38.04977272727273,-122.79730085495565	55.081851959,38.04977272727273,-122.7882632480862	76.38508606,38.04977272727273,-122.77922564121674	144.131408691,38.04977272727273,-122.77018803434729	32.137104034,38.04977272727273,-122.76115042747783	49.619159698,38.04977272727273,-122.75211282060837	167.996353149,38.04977272727273,-122.74307521373892	135.986923218,38.04977272727273,-122.73403760686946	293.076782227,38.04977272727273,-122.72500000000001	228.39855957,38.04977272727273,-122.71596239313055	243.890258789,38.04977272727273,-122.7069247862611	116.941375732,38.04977272727273,-122.69788717939164	97.605659485,38.04977272727273,-122.68884957252219	76.545097351,38.04977272727273,-122.67981196565273	127.24861908,38.04977272727273,-122.67077435878328	263.309082031,38.04977272727273,-122.66173675191382	258.498321533,38.04977272727273,-122.65269914504435	123.968772888,38.04977272727273,-122.6436615381749	298.345855713,38.04977272727273,-122.63462393130544	186.896896362,38.04977272727273,-122.62558632443599	171.283813477,38.04977272727273,-122.61654871756653	236.079101562,38.04977272727273,-122.60751111069708	347.862121582,38.04977272727273,-122.59847350382762	474.761749268,38.04977272727273,-122.58943589695816	301.800476074,38.04977272727273,-122.58039829008871	238.769454956,38.04977272727273,-122.57136068321925	294.622009277,38.04977272727273,-122.5623230763498	104.472465515,38.04977272727273,-122.55328546948034	81.523895264,38.04977272727273,-122.54424786261089	43.179931641,38.04977272727273,-122.53521025574143	41.390975952,38.04977272727273,-122.52617264887198	0.209931746,38.04977272727273,-122.51713504200252	1.413799405,38.04977272727273,-122.50809743513307	1.283776879,38.04977272727273,-122.49905982826361	0.154297307,38.04977272727273,-122.49002222139416	-0.100000001,38.04977272727273,-122.4809846145247	-0.948806942,38.04977272727273,-122.47194700765525	-1.323298454,38.04977272727273,-122.46290940078579	-1.539999962,38.04977272727273,-122.45387179391633	-2.002151966,38.04977272727273,-122.44483418704688	-1.909883499,38.04977272727273,-122.43579658017742	-2.635397434,38.04977272727273,-122.42675897330797	-2.640000105,38.04977272727273,-122.41772136643851	-2.782699823,38.04977272727273,-122.40868375956906	-3.070274353,38.04977272727273,-122.3996461526996
-58.066524506,38.04363636363637,-123.05032657852765	-56.887962341,38.04363636363637,-123.0412897291241	-53.486549377,38.04363636363637,-123.03225287972056	-47.737472534,38.04363636363637,-123.023216030317	-40.689487457,38.04363636363637,-123.01417918091346	-1.600000024,38.04363636363637,-123.00514233150992	-1.600000024,38.04363636363637,-122.99610548210637	19.47911644,38.04363636363637,-122.98706863270283	49.27400589,38.04363636363637,-122.97803178329927	68.777885437,38.04363636363637,-122.96899493389573	37.143966675,38.04363636363637,-122.95995808449219	70.780075073,38.04363636363637,-122.95092123508864	0.654948533,38.04363636363637,-122.9418843856851	1.333345056,38.04363636363637,-122.93284753628156	70.75478363,38.04363636363637,-122.923810686878	26.912761688,38.04363636363637,-122.91477383747446	0.916060269,38.04363636363637,-122.90573698807091	64.687294006,38.04363636363637,-122.89670013866737	42.889057159,38.04363636363637,-122.88766328926383	56.903503418,38.04363636363637,-122.87862643986027	83.255699158,38.04363636363637,-122.86958959045673	34.53660202,38.04363636363637,-122.86055274105318	129.139404297,38.04363636363637,-122.85151589164964	184.992462158,38.04363636363637,-122.8424790422461	234.618270874,38.04363636363637,-122.83344219284254	335.833374023,38.04363636363637,-122.824405343439	209.461364746,38.04363636363637,-122.81536849403545	66.055671692,38.04363636363637,-122.80633164463191	12.553146362,38.04363636363637,-122.79729479522837	22.665239334,38.04363636363637,-122.78825794582482	72.5284729,38.04363636363637,-122.77922109642127	92.895729065,38.04363636363637,-122.77018424701772	180.197113037,38.04363636363637,-122.76114739761418	83.263343811,38.04363636363637,-122.75211054821064	118.689544678,38.04363636363637,-122.7430736988071	116.802284241,38.04363636363637,-122.73403684940354	198.26663208,38.04363636363637,-122.725	210.64289856,38.04363636363637,-122.71596315059645	198.595687866,38.04363636363637,-122.70692630119291	205.446533203,38.04363636363637,-122.69788945178937	85.440101624,38.04363636363637,-122.68885260238581	208.311828613,38.04363636363637,-122.67981575298226	159.864654541,38.04363636363637,-122.67077890357872	121.496879578,38.04363636363637,-122.66174205417518	205.542068481,38.04363636363637,-122.65270520477164	204.043502808,38.04363636363637,-122.64366835536808	149.432601929,38.04363636363637,-122.63463150596453	240.000839233,38.04363636363637,-122.62559465656099	170.086853027,38.04363636363637,-122.61655780715745	95.932914734,38.04363636363637,-122.6075209577539	126.44732666,38.04363636363637,-122.59848410835036	339.518768311,38.04363636363637,-122.5894472589468	161.76600647,38.04363636363637,-122.58041040954326	341.446838379,38.04363636363637,-122.57137356013972	251.465194702,38.04363636363637,-122.56233671073618	130.921020508,38.04363636363637,-122.55329986133263	106.401748657,38.04363636363637,-122.54426301192908	55.109176636,38.04363636363637,-122.53522616252553	21.037870407,38.04363636363637,-122.52618931312199	0.000885433,38.04363636363637,-122.51715246371845	-0.611146569,38.04363636363637,-122.5081156143149	-0.621642709,38.04363636363637,-122.49907876491135	0.160945386,38.04363636363637,-122.4900419155078	-0.452658474,38.04363636363637,-122.48100506610426	-0.862930179,38.04363636363637,-122.47196821670072	-1.328713775,38.04363636363637,-122.46293136729717	-1.610728383,38.04363636363637,-122.45389451789362	-2.140076399,38.04363636363637,-122.44485766849007	-2.174018621,38.04363636363637,-122.43582081908653	-2.901557207,38.04363636363637,-122.42678396968299	-2.654313564,38.04363636363637,-122.41774712027944	-3.226209164,38.04363636363637,-122.4087102708759	-3.240018129,38.04363636363637,-122.39967342147234
-57.14478302,38.0375,-123.05029931805643	-57.192249298,38.0375,-123.0412632258882	-51.703857422,38.0375,-123.03222713371996	-45.072418213,38.0375,-123.02319104155173	-38.024871826,38.0375,-123.0141549493835	-25.101263046,38.0375,-123.00511885721527	-1.600000024,38.0375,-122.99608276504702	42.450073242,38.0375,-122.98704667287879	44.667896271,38.0375,-122.97801058071056	37.379241943,38.0375,-122.96897448854233	62.410457611,38.0375,-122.95993839637408	30.00170517,38.0375,-122.95090230420585	32.745681763,38.0375,-122.94186621203762	0.432642847,38.0375,-122.9328301198694	2.908672094,38.0375,-122.92379402770115	12.828810692,38.0375,-122.91475793553292	10.976931572,38.0375,-122.90572184336469	49.243515015,38.0375,-122.89668575119646	50.098278046,38.0375,-122.88764965902821	45.965385437,38.0375,-122.87861356685998	19.883655548,38.0375,-122.86957747469175	56.387813568,38.0375,-122.86054138252352	167.955276489,38.0375,-122.85150529035528	183.541625977,38.0375,-122.84246919818705	208.746734619,38.0375,-122.83343310601882	378.47277832,38.0375,-122.82439701385057	218.321395874,38.0375,-122.81536092168234	132.784286499,38.0375,-122.80632482951411	32.311149597,38.0375,-122.79728873734588	20.050205231,38.0375,-122.78825264517764	72.005966187,38.0375,-122.7792165530094	131.169464111,38.0375,-122.77018046084117	162.371780396,38.0375,-122.76114436867294	134.110015869,38.0375,-122.7521082765047	72.53679657,38.0375,-122.74307218433647	202.870498657,38.0375,-122.73403609216824	108.58454895,38.0375,-122.72500000000001	151.100509644,38.0375,-122.71596390783176	129.368438721,38.0375,-122.70692781566353	265.63873291,38.0375,-122.6978917234953	185.135574341,38.0375,-122.68885563132707	117.191841125,38.0375,-122.67981953915883	105.378173828,38.0375,-122.6707834469906	308.513641357,38.0375,-122.66174735482237	199.465576172,38.0375,-122.65271126265414	221.514556885,38.0375,-122.64367517048589	280.095428467,38.0375,-122.63463907831766	330.333984375,38.0375,-122.62560298614943	300.976867676,38.0375,-122.61656689398119	167.558334351,38.0375,-122.60753080181296	64.294578552,38.0375,-122.59849470964473	73.378013611,38.0375,-122.5894586174765	115.522705078,38.0375,-122.58042252530825	273.703430176,38.0375,-122.57138643314002	171.983825684,38.0375,-122.56235034097179	98.236915588,38.0375,-122.55331424880356	30.30573082,38.0375,-122.54427815663531	18.037004471,38.0375,-122.53524206446708	9.21732235,38.0375,-122.52620597229885	0.23823224,38.0375,-122.51716988013062	-0.483341962,38.0375,-122.50813378796238	2.054694414,38.0375,-122.49909769579415	0.141859651,38.0375,-122.49006160362592	-0.529731333,38.0375,-122.48102551145769	-0.8984496,38.0375,-122.47198941928944	-1.408570647,38.0375,-122.46295332712121	-1.690121651,38.0375,-122.45391723495298	-2.240822077,38.0375,-122.44488114278475	-2.112129688,38.0375,-122.4358450506165	-2.916831017,38.0375,-122.42680895844828	-2.939389944,38.0375,-122.41777286628005	-3.529335499,38.0375,-122.4087367741118	-3.30622673,38.0375,-122.39970068194357
-56.050537109,38.031363636363636,-123.05027206588404	-53.444709778,38.031363636363636,-123.0412367307206	-49.391647339,38.031363636363636,-123.03220139555715	-42.641914368,38.031363636363636,-123.0231660603937	-34.979717255,38.031363636363636,-123.01413072523026	-1.600000024,38.031363636363636,-123.00509539006681	15.781178474,38.031363636363636,-122.99606005490337	60.135772705,38.031363636363636,-122.98702471973992	58.393325806,38.031363636363636,-122.97798938457647	29.098989487,38.031363636363636,-122.96895404941303	62.788433075,38.031363636363636,-122.9599187142496	2.942794323,38.031363636363636,-122.95088337908615	2.534809351,38.031363636363636,-122.9418480439227	1.343748689,38.031363636363636,-122.93281270875926	0.300000012,38.031363636363636,-122.92377737359581	0.276807189,38.031363636363636,-122.91474203843237	1.679498672,38.031363636363636,-122.90570670326892	0.797001183,38.031363636363636,-122.89667136810547	17.660028458,38.031363636363636,-122.88763603294203	57.032398224,38.031363636363636,-122.87860069777858	66.116645813,38.031363636363636,-122.86956536261513	67.681938171,38.031363636363636,-122.86053002745169	123.812385559,38.031363636363636,-122.85149469228824	187.235961914,38.031363636363636,-122.8424593571248	205.637405396,38.031363636363636,-122.83342402196135	241.424835205,38.031363636363636,-122.8243886867979	265.038665771,38.031363636363636,-122.81535335163446	70.852142334,38.031363636363636,-122.80631801647101	82.774841309,38.031363636363636,-122.79728268130756	24.947389603,38.031363636363636,-122.78824734614413	41.519889832,38.031363636363636,-122.77921201098069	101.489624023,38.031363636363636,-122.77017667581724	183.376098633,38.031363636363636,-122.7611413406538	153.485961914,38.031363636363636,-122.75210600549035	34.533222198,38.031363636363636,-122.7430706703269	68.452194214,38.031363636363636,-122.73403533516345	243.260498047,38.031363636363636,-122.72500000000001	367.433654785,38.031363636363636,-122.71596466483656	287.86541748,38.031363636363636,-122.70692932967312	247.890686035,38.031363636363636,-122.69789399450967	343.440124512,38.031363636363636,-122.68885865934622	219.835464478,38.031363636363636,-122.67982332418278	119.52230072,38.031363636363636,-122.67078798901933	227.114730835,38.031363636363636,-122.66175265385588	391.563293457,38.031363636363636,-122.65271731869244	260.557647705,38.031363636363636,-122.64368198352899	231.66796875,38.031363636363636,-122.63464664836555	235.456436157,38.031363636363636,-122.6256113132021	391.540374756,38.031363636363636,-122.61657597803867	208.587493896,38.031363636363636,-122.60754064287522	213.333679199,38.031363636363636,-122.59850530771178	149.994873047,38.031363636363636,-122.58946997254833	50.659927368,38.031363636363636,-122.58043463738488	80.176757812,38.031363636363636,-122.57139930222144	131.392913818,38.031363636363636,-122.56236396705799	30.684724808,38.031363636363636,-122.55332863189454	16.39979744,38.031363636363636,-122.5442932967311	9.991836548,38.031363636363636,-122.53525796156765	4.672594547,38.031363636363636,-122.5262226264042	0.672067821,38.031363636363636,-122.51718729124076	0.920000017,38.031363636363636,-122.50815195607731	0.64988029,38.031363636363636,-122.49911662091387	0.152817115,38.031363636363636,-122.49008128575042	-0.439999998,38.031363636363636,-122.48104595058697	-0.816335082,38.031363636363636,-122.47201061542353	-1.260929942,38.031363636363636,-122.46297528026008	-1.74000001,38.031363636363636,-122.45393994509664	-2.191867113,38.031363636363636,-122.4449046099332	-2.158237696,38.031363636363636,-122.43586927476976	-3.264340878,38.031363636363636,-122.42683393960631	-3.538184643,38.031363636363636,-122.41779860444286	-4.596192837,38.031363636363636,-122.40876326927942	-4.529597282,38.031363636363636,-122.39972793411597
-55.05853653,38.02522727272728,-123.05024482200777	-52.682750702,38.02522727272728,-123.04121024361866	-46.884525299,38.02522727272728,-123.03217566522956	-40.213054657,38.02522727272728,-123.02314108684045	-30.4884758,38.02522727272728,-123.01410650845135	-1.600000024,38.02522727272728,-123.00507193006224	41.118694305,38.02522727272728,-122.99603735167314	81.576202393,38.02522727272728,-122.98700277328403	22.942394257,38.02522727272728,-122.97796819489493	52.102539062,38.02522727272728,-122.96893361650582	-1.600000024,38.02522727272728,-122.95989903811673	-9.607725143,38.02522727272728,-122.95086445972763	-10.047953606,38.02522727272728,-122.94182988133852	-1.600000024,38.02522727272728,-122.93279530294942	-1.600000024,38.02522727272728,-122.92376072456031	-5.042572021,38.02522727272728,-122.9147261461712	-1.600000024,38.02522727272728,-122.9056915677821	-1.600000024,38.02522727272728,-122.896656989393	-1.600000024,38.02522727272728,-122.88762241100389	4.141092777,38.02522727272728,-122.87858783261478	18.642419815,38.02522727272728,-122.86955325422568	125.843482971,38.02522727272728,-122.86051867583657	82.446205139,38.02522727272728,-122.85148409744747	144.486740112,38.02522727272728,-122.84244951905836	161.73500061,38.02522727272728,-122.83341494066926	288.162414551,38.02522727272728,-122.82438036228015	249.222381592,38.02522727272728,-122.81534578389105	171.952529907,38.02522727272728,-122.80631120550194	111.959838867,38.02522727272728,-122.79727662711284	48.658725739,38.02522727272728,-122.78824204872373	55.285030365,38.02522727272728,-122.77920747033464	80.092666626,38.02522727272728,-122.77017289194553	138.433532715,38.02522727272728,-122.76113831355643	231.822402954,38.02522727272728,-122.75210373516732	171.217727661,38.02522727272728,-122.74306915677822	86.998970032,38.02522727272728,-122.73403457838911	200.974685669,38.02522727272728,-122.72500000000001	427.091522217,38.02522727272728,-122.7159654216109	197.281463623,38.02522727272728,-122.7069308432218	177.333236694,38.02522727272728,-122.69789626483269	293.85925293,38.02522727272728,-122.68886168644359	170.623092651,38.02522727272728,-122.67982710805448	213.276626587,38.02522727272728,-122.67079252966538	246.974014282,38.02522727272728,-122.66175795127627	278.183654785,38.02522727272728,-122.65272337288717	292.971801758,38.02522727272728,-122.64368879449806	316.62612915,38.02522727272728,-122.63465421610896	258.540435791,38.02522727272728,-122.62561963771985	405.644256592,38.02522727272728,-122.61658505933075	371.675628662,38.02522727272728,-122.60755048094164	212.215606689,38.02522727272728,-122.59851590255255	262.863494873,38.02522727272728,-122.58948132416344	155.932525635,38.02522727272728,-122.58044674577434	58.837299347,38.02522727272728,-122.57141216738523	26.98302269,38.02522727272728,-122.56237758899613	58.438323975,38.02522727272728,-122.55334301060702	21.249378204,38.02522727272728,-122.54430843221792	13.419036865,38.02522727272728,-122.53527385382881	2.964694977,38.02522727272728,-122.5262392754397	2.988363743,38.02522727272728,-122.5172046970506	0.682757556,38.02522727272728,-122.5081701186615	2.015164137,38.02522727272728,-122.49913554027239	0.19179967,38.02522727272728,-122.49010096188329	-0.387537718,38.02522727272728,-122.48106638349418	-0.881302238,38.02522727272728,-122.47203180510508	-1.24697113,38.02522727272728,-122.46299722671597	-1.885429025,38.02522727272728,-122.45396264832686	-2.377546787,38.02522727272728,-122.44492806993776	-2.513551235,38.02522727272728,-122.43589349154865	-4.402837753,38.02522727272728,-122.42685891315955	-5.361545563,38.02522727272728,-122.41782433477046	-5.225503922,38.02522727272728,-122.40878975638135	-8.907735825,38.02522727272728,-122.39975517799225
-53.564353943,38.01909090909091,-123.05021758642489	-50.129348755,38.01909090909091,-123.04118376457976	-44.184726715,38.01909090909091,-123.03214994273462	-37.427703857,38.01909090909091,-123.02311612088948	-24.876951218,38.01909090909091,-123.01408229904435	-1.600000024,38.01909090909091,-123.00504847719921	24.412578583,38.01909090909091,-122.99601465535407	39.608989716,38.01909090909091,-122.98698083350894	74.784759521,38.01909090909091,-122.9779470116638	-1.600000024,38.01909090909091,-122.96891318981866	-1.600000024,38.01909090909091,-122.95987936797353	-13.940974236,38.01909090909091,-122.95084554612839	-15.170406342,38.01909090909091,-122.94181172428326	-13.040148735,38.01909090909091,-122.93277790243812	-11.7072649,38.01909090909091,-122.92374408059298	-11.992176056,38.01909090909091,-122.91471025874785	-1.600000024,38.01909090909091,-122.90567643690271	-14.66253376,38.01909090909091,-122.89664261505757	-1.600000024,38.01909090909091,-122.88760879321245	-1.600000024,38.01909090909091,-122.87857497136731	-1.600000024,38.01909090909091,-122.86954114952218	20.07006073,38.01909090909091,-122.86050732767704	74.947563171,38.01909090909091,-122.8514735058319	64.768165588,38.01909090909091,-122.84243968398677	230.8046875,38.01909090909091,-122.83340586214163	250.191299438,38.01909090909091,-122.8243720402965	332.355926514,38.01909090909091,-122.81533821845136	237.86630249,38.01909090909091,-122.80630439660622	157.120666504,38.01909090909091,-122.79727057476109	193.63835144,38.01909090909091,-122.78823675291595	91.834884644,38.01909090909091,-122.77920293107081	62.282714844,38.01909090909091,-122.77016910922568	99.527297974,38.01909090909091,-122.76113528738054	197.602020264,38.01909090909091,-122.7521014655354	246.95614624,38.01909090909091,-122.74306764369027	43.637302399,38.01909090909091,-122.73403382184513	41.337848663,38.01909090909091,-122.725	198.233383179,38.01909090909091,-122.71596617815486	183.033813477,38.01909090909091,-122.70693235630972	108.987510681,38.01909090909091,-122.69789853446458	158.032470703,38.01909090909091,-122.68886471261945	95.147979736,38.01909090909091,-122.67983089077431	106.972236633,38.01909090909091,-122.67079706892918	164.021820068,38.01909090909091,-122.66176324708404	122.068832397,38.01909090909091,-122.6527294252389	130.974731445,38.01909090909091,-122.64369560339377	147.34034729,38.01909090909091,-122.63466178154863	244.250778198,38.01909090909091,-122.6256279597035	410.812683105,38.01909090909091,-122.61659413785836	358.292541504,38.01909090909091,-122.60756031601322	138.701599121,38.01909090909091,-122.59852649416808	82.310165405,38.01909090909091,-122.58949267232295	151.168319702,38.01909090909091,-122.58045885047781	41.028083801,38.01909090909091,-122.57142502863267	49.795215607,38.01909090909091,-122.56239120678755	67.452377319,38.01909090909091,-122.55335738494242	25.586526871,38.01909090909091,-122.54432356309728	5.12757206,38.01909090909091,-122.53528974125214	7.776441097,38.01909090909091,-122.526255919407	0.614419162,38.01909090909091,-122.51722209756187	2.068276405,38.01909090909091,-122.50818827571673	2.025314331,38.01909090909091,-122.4991544538716	0.225926951,38.01909090909091,-122.49012063202646	-0.100000001,38.01909090909091,-122.48108681018132	-0.749461949,38.01909090909091,-122.47205298833619	-1.26191783,38.01909090909091,-122.46301916649105	-2.150004864,38.01909090909091,-122.45398534464591	-2.52277112,38.01909090909091,-122.44495152280078	-3.12245059,38.01909090909091,-122.43591770095564	-5.042407036,38.01909090909091,-122.4268838791105	-5.829433441,38.01909090909091,-122.41785005726537	-8.849271774,38.01909090909091,-122.40881623542023	-12.591669083,38.01909090909091,-122.3997824135751
-49.694328308,38.01295454545455,-123.05019035913273	-46.935684204,38.01295454545455,-123.04115729360126	-41.45634079,38.01295454545455,-123.0321242280698	-33.739379883,38.01295454545455,-123.02309116253834	-1.600000024,38.01295454545455,-123.01405809700687	14.930924416,38.01295454545455,-123.0050250314754	34.20192337,38.01295454545455,-122.99599196594394	21.98623085,38.01295454545455,-122.98695890041247	-1.600000024,38.01295454545455,-122.977925834881	-1.600000024,38.01295454545455,-122.96889276934955	-11.187222481,38.01295454545455,-122.95985970381808	-13.180826187,38.01295454545455,-122.95082663828661	-18.878044128,38.01295454545455,-122.94179357275515	-19.691526413,38.01295454545455,-122.93276050722369	-19.606534958,38.01295454545455,-122.92372744169222	-19.155975342,38.01295454545455,-122.91469437616075	-19.439302444,38.01295454545455,-122.90566131062928	-20.116857529,38.01295454545455,-122.89662824509783	-20.218067169,38.01295454545455,-122.88759517956636	-19.780546188,38.01295454545455,-122.87856211403489	-1.600000024,38.01295454545455,-122.86952904850344	-1.600000024,38.01295454545455,-122.86049598297197	-1.600000024,38.01295454545455,-122.8514629174405	92.674682617,38.01295454545455,-122.84242985190903	187.195510864,38.01295454545455,-122.83339678637758	250.360183716,38.01295454545455,-122.82436372084611	271.342315674,38.01295454545455,-122.81533065531464	110.17779541,38.01295454545455,-122.80629758978318	165.48449707,38.01295454545455,-122.79726452425172	222.389465332,38.01295454545455,-122.78823145872025	156.706451416,38.01295454545455,-122.77919839318878	55.131565094,38.01295454545455,-122.77016532765732	119.711166382,38.01295454545455,-122.76113226212586	141.490310669,38.01295454545455,-122.75209919659439	257.461212158,38.01295454545455,-122.74306613106292	215.188858032,38.01295454545455,-122.73403306553146	107.57849884,38.01295454545455,-122.725	89.932998657,38.01295454545455,-122.71596693446853	222.21862793,38.01295454545455,-122.70693386893707	86.338523865,38.01295454545455,-122.6979008034056	108.08379364,38.01295454545455,-122.68886773787413	179.171020508,38.01295454545455,-122.67983467234266	133.271270752,38.01295454545455,-122.67080160681121	91.503311157,38.01295454545455,-122.66176854127974	102.35823822,38.01295454545455,-122.65273547574827	111.283081055,38.01295454545455,-122.64370241021682	161.979202271,38.01295454545455,-122.63466934468535	175.532623291,38.01295454545455,-122.62563627915388	158.549835205,38.01295454545455,-122.61660321362241	227.89906311,38.01295454545455,-122.60757014809096	84.992599487,38.01295454545455,-122.59853708255949	62.271835327,38.01295454545455,-122.58950401702802	95.843849182,38.01295454545455,-122.58047095149655	84.798027039,38.01295454545455,-122.5714378859651	22.768321991,38.01295454545455,-122.56240482043363	10.994704247,38.01295454545455,-122.55337175490216	37.00553894,38.01295454545455,-122.5443386893707	14.470208168,38.01295454545455,-122.53530562383924	0.383779734,38.01295454545455,-122.52627255830777	1.710711241,38.01295454545455,-122.5172394927763	2.04104805,38.01295454545455,-122.50820642724484	2.030575275,38.01295454545455,-122.49917336171337	2.07537365,38.01295454545455,-122.4901402961819	0.045595083,38.01295454545455,-122.48110723065045	-0.100000001,38.01295454545455,-122.47207416511898	-1.331910849,38.01295454545455,-122.46304109958751	-2.264416933,38.01295454545455,-122.45400803405605	-2.94486618,38.01295454545455,-122.44497496852459	-3.619754314,38.01295454545455,-122.43594190299312	-5.995308876,38.01295454545455,-122.42690883746165	-7.688642502,38.01295454545455,-122.4178757719302	-12.247729301,38.01295454545455,-122.40884270639873	-14.47645092,38.01295454545455,-122.39980964086726
-47.269687653,38.00681818181818,-123.05016314012856	-42.025608063,38.00681818181818,-123.04113083068054	-37.958961487,38.00681818181818,-123.03209852123253	-29.411668777,38.00681818181818,-123.02306621178451	-1.600000024,38.00681818181818,-123.0140339023365	42.715553284,38.00681818181818,-123.00500159288848	87.799964905,38.00681818181818,-122.99596928344047	50.167186737,38.00681818181818,-122.98693697399246	-1.600000024,38.00681818181818,-122.97790466454444	-1.600000024,38.00681818181818,-122.96887235509642	-10.171572685,38.00681818181818,-122.9598400456484	-12.036777496,38.00681818181818,-122.95080773620039	-21.353534698,38.00681818181818,-122.94177542675237	-24.754489899,38.00681818181818,-122.93274311730435	-27.168498993,38.00681818181818,-122.92371080785634	-28.067966461,38.00681818181818,-122.91467849840832	-28.763128281,38.00681818181818,-122.9056461889603	-28.446428299,38.00681818181818,-122.8966138795123	-28.050201416,38.00681818181818,-122.88758157006428	-26.506326675,38.00681818181818,-122.87854926061627	-24.890623093,38.00681818181818,-122.86951695116825	-22.367872238,38.00681818181818,-122.86048464172023	-1.600000024,38.00681818181818,-122.85145233227222	-1.600000024,38.00681818181818,-122.8424200228242	75.728744507,38.00681818181818,-122.83338771337618	201.622055054,38.00681818181818,-122.82435540392817	208.980453491,38.00681818181818,-122.81532309448015	239.357543945,38.00681818181818,-122.80629078503215	75.371681213,38.00681818181818,-122.79725847558413	179.503890991,38.00681818181818,-122.78822616613611	263.339172363,38.00681818181818,-122.7791938566881	156.783920288,38.00681818181818,-122.77016154724008	53.985076904,38.00681818181818,-122.76112923779206	134.295455933,38.00681818181818,-122.75209692834405	206.941040039,38.00681818181818,-122.74306461889603	311.885986328,38.00681818181818,-122.73403230944801	261.026794434,38.00681818181818,-122.725	245.175521851,38.00681818181818,-122.71596769055198	110.734291077,38.00681818181818,-122.70693538110397	99.069297791,38.00681818181818,-122.69790307165596	166.073791504,38.00681818181818,-122.68887076220794	258.616027832,38.00681818181818,-122.67983845275992	224.392715454,38.00681818181818,-122.6708061433119	245.028625488,38.00681818181818,-122.66177383386389	203.554748535,38.00681818181818,-122.65274152441587	204.621170044,38.00681818181818,-122.64370921496786	129.412872314,38.00681818181818,-122.63467690551984	261.404266357,38.00681818181818,-122.62564459607182	158.971603394,38.00681818181818,-122.6166122866238	154.44039917,38.00681818181818,-122.6075799771758	186.241653442,38.00681818181818,-122.59854766772779	167.153015137,38.00681818181818,-122.58951535827977	55.019008636,38.00681818181818,-122.58048304883175	90.718109131,38.00681818181818,-122.57145073938374	75.774841309,38.00681818181818,-122.56241842993572	10.818144798,38.00681818181818,-122.5533861204877	8.306879997,38.00681818181818,-122.54435381103968	66.834892273,38.00681818181818,-122.53532150159167	2.497091293,38.00681818181818,-122.52628919214365	14.879512787,38.00681818181818,-122.51725688269563	109.290687561,38.00681818181818,-122.50822457324763	45.468269348,38.00681818181818,-122.49919226379961	20.37843132,38.00681818181818,-122.4901599543516	1.996243,38.00681818181818,-122.48112764490358	-0.100000001,38.00681818181818,-122.47209533545556	-0.100000001,38.00681818181818,-122.46306302600755	-0.100000001,38.00681818181818,-122.45403071655953	-3.679855585,38.00681818181818,-122.44499840711151	-4.26781702,38.00681818181818,-122.4359660976635	-8.476717949,38.00681818181818,-122.42693378821548	-9.414112091,38.00681818181818,-122.41790147876746	-14.82228756,38.00681818181818,-122.40886916931946	-10.714055061,38.00681818181818,-122.39983685987144
-44.401138306,38.00068181818182,-123.05013592940968	-39.927654266,38.00068181818182,-123.04110437581497	-1.600000024,38.00068181818182,-123.03207282222026	-1.600000024,38.00068181818182,-123.02304126862553	23.438783646,38.00068181818182,-123.01400971503082	109.435997009,38.00068181818182,-123.00497816143611	88.109664917,38.00068181818182,-122.9959466078414	78.696784973,38.00068181818182,-122.98691505424668	-1.600000024,38.00068181818182,-122.97788350065197	-7.559963703,38.00068181818182,-122.96885194705726	-9.589335442,38.00068181818182,-122.95982039346255	-11.140189171,38.00068181818182,-122.95078883986783	-17.92492485,38.00068181818182,-122.94175728627312	-29.022872925,38.00068181818182,-122.9327257326784	-31.532047272,38.00068181818182,-122.9236941790837	-33.026702881,38.00068181818182,-122.91466262548897	-33.131256104,38.00068181818182,-122.90563107189426	-34.060821533,38.00068181818182,-122.89659951829955	-34.097846985,38.00068181818182,-122.88756796470484	-33.458930969,38.00068181818182,-122.87853641111012	-31.78537178,38.00068181818182,-122.86950485751541	-30.025548935,38.00068181818182,-122.8604733039207	-25.878177643,38.00068181818182,-122.85144175032599	-1.600000024,38.00068181818182,-122.84241019673127	-1.600000024,38.00068181818182,-122.83337864313656	54.059497833,38.00068181818182,-122.82434708954185	131.173156738,38.00068181818182,-122.81531553594714	207.562316895,38.00068181818182,-122.80628398235241	80.56187439,38.00068181818182,-122.7972524287577	220.137145996,38.00068181818182,-122.78822087516299	373.882354736,38.00068181818182,-122.77918932156828	200.112792969,38.00068181818182,-122.77015776797357	54.640579224,38.00068181818182,-122.76112621437885	102.209777832,38.00068181818182,-122.75209466078414	162.900985718,38.00068181818182,-122.74306310718943	289.045379639,38.00068181818182,-122.73403155359472	406.236785889,38.00068181818182,-122.725	241.051712036,38.00068181818182,-122.71596844640528	119.622795105,38.00068181818182,-122.70693689281057	298.82925415,38.00068181818182,-122.69790533921586	243.715148926,38.00068181818182,-122.68887378562114	313.854156494,38.00068181818182,-122.67984223202643	312.494537354,38.00068181818182,-122.67081067843172	382.699279785,38.00068181818182,-122.66177912483701	388.762390137,38.00068181818182,-122.65274757124229	250.405395508,38.00068181818182,-122.64371601764758	196.656555176,38.00068181818182,-122.63468446405287	279.332672119,38.00068181818182,-122.62565291045816	174.225265503,38.00068181818182,-122.61662135686343	66.618667603,38.00068181818182,-122.60758980326872	95.363616943,38.00068181818182,-122.59855824967401	161.362808228,38.00068181818182,-122.5895266960793	104.888542175,38.00068181818182,-122.58049514248458	50.27804184,38.00068181818182,-122.57146358888987	72.703865051,38.00068181818182,-122.56243203529516	23.563188553,38.00068181818182,-122.55340048170045	10.210103989,38.00068181818182,-122.54436892810573	4.064404488,38.00068181818182,-122.53533737451102	11.700523376,38.00068181818182,-122.5263058209163	131.623657227,38.00068181818182,-122.5172742673216	173.790374756,38.00068181818182,-122.50824271372689	126.0493927,38.00068181818182,-122.49921116013216	45.549278259,38.00068181818182,-122.49017960653745	117.503089905,38.00068181818182,-122.48114805294274	74.242134094,38.00068181818182,-122.47211649934803	43.382602692,38.00068181818182,-122.46308494575331	-0.100000001,38.00068181818182,-122.4540533921586	-4.235450745,38.00068181818182,-122.44502183856389	-6.789330482,38.00068181818182,-122.43599028496918	-10.606534004,38.00068181818182,-122.42695873137446	-14.365530968,38.00068181818182,-122.41792717777975	-12.950484276,38.00068181818182,-122.40889562418504	-7.201560497,38.00068181818182,-122.39986407059033
-44.759513855,37.99454545454546,-123.05010872697338	-38.191997528,37.99454545454546,-123.0410779290019	-1.600000024,37.99454545454546,-123.03204713103041	-1.600000024,37.99454545454546,-123.02301633305893	25.501922607,37.99454545454546,-123.01398553508744	73.73273468,37.99454545454546,-123.00495473711597	44.436100006,37.99454545454546,-122.99592393914448	120.159759521,37.99454545454546,-122.986893141173	36.374485016,37.99454545454546,-122.97786234320151	-1.600000024,37.99454545454546,-122.96883154523003	-12.52944088,37.99454545454546,-122.95980074725856	-11.262769699,37.99454545454546,-122.95076994928706	-19.296672821,37.99454545454546,-122.94173915131559	-32.868900299,37.99454545454546,-122.9327083533441	-34.867431641,37.99454545454546,-122.92367755537262	-35.407344818,37.99454545454546,-122.91464675740113	-36.856769562,37.99454545454546,-122.90561595942965	-37.456912994,37.99454545454546,-122.89658516145818	-37.52495575,37.99454545454546,-122.88755436348669	-36.800872803,37.99454545454546,-122.87852356551521	-35.710781097,37.99454545454546,-122.86949276754372	-34.004375458,37.99454545454546,-122.86046196957224	-31.337535858,37.99454545454546,-122.85143117160075	-26.60218811,37.99454545454546,-122.84240037362927	-19.560405731,37.99454545454546,-122.83336957565778	-1.600000024,37.99454545454546,-122.82433877768631	83.481941223,37.99454545454546,-122.81530797971483	62.543315887,37.99454545454546,-122.80627718174334	149.683624268,37.99454545454546,-122.79724638377186	226.943725586,37.99454545454546,-122.78821558580037	360.0546875,37.99454545454546,-122.7791847878289	286.969268799,37.99454545454546,-122.7701539898574	100.481185913,37.99454545454546,-122.76112319188593	81.646087646,37.99454545454546,-122.75209239391445	174.256072998,37.99454545454546,-122.74306159594296	194.932235718,37.99454545454546,-122.73403079797149	360.408660889,37.99454545454546,-122.725	304.161651611,37.99454545454546,-122.71596920202852	130.351669312,37.99454545454546,-122.70693840405703	251.470169067,37.99454545454546,-122.69790760608555	122.620002747,37.99454545454546,-122.68887680811406	174.279281616,37.99454545454546,-122.67984601014258	296.981628418,37.99454545454546,-122.6708152121711	308.774505615,37.99454545454546,-122.66178441419962	380.447540283,37.99454545454546,-122.65275361622814	408.750610352,37.99454545454546,-122.64372281825665	341.175689697,37.99454545454546,-122.63469202028517	395.565979004,37.99454545454546,-122.62566122231368	209.708099365,37.99454545454546,-122.6166304243422	113.351753235,37.99454545454546,-122.60759962637073	79.344200134,37.99454545454546,-122.59856882839924	76.222969055,37.99454545454546,-122.58953803042776	86.017028809,37.99454545454546,-122.58050723245627	109.365882874,37.99454545454546,-122.5714764344848	185.445053101,37.99454545454546,-122.5624456365133	103.006744385,37.99454545454546,-122.55341483854183	49.179290771,37.99454545454546,-122.54438404057034	10.963123322,37.99454545454546,-122.53535324259886	34.119499207,37.99454545454546,-122.52632244462738	132.847000122,37.99454545454546,-122.51729164665589	202.000915527,37.99454545454546,-122.50826084868442	311.132354736,37.99454545454546,-122.49923005071292	113.719894409,37.99454545454546,-122.49019925274145	59.758678436,37.99454545454546,-122.48116845476996	3.776891708,37.99454545454546,-122.47213765679848	12.700016975,37.99454545454546,-122.46310685882699	-0.100000001,37.99454545454546,-122.45407606085551	-4.564424038,37.99454545454546,-122.44504526288404	-10.650478363,37.99454545454546,-122.43601446491255	-14.214456558,37.99454545454546,-122.42698366694107	-14.475671768,37.99454545454546,-122.41795286896958	-10.072711945,37.99454545454546,-122.4089220709981	-2.542809248,37.99454545454546,-122.39989127302661
-44.547702789,37.988409090909094,-123.05008153281696	-38.576904297,37.988409090909094,-123.04105149023871	-34.761787415,37.988409090909094,-123.03202144766047	-33.210559845,37.988409090909094,-123.02299140508221	-1.600000024,37.988409090909094,-123.01396136250396	-1.600000024,37.988409090909094,-123.00493131992572	-1.600000024,37.988409090909094,-122.99590127734747	-1.600000024,37.988409090909094,-122.98687123476921	-1.600000024,37.988409090909094,-122.97784119219097	-1.600000024,37.988409090909094,-122.96881114961272	-1.600000024,37.988409090909094,-122.95978110703447	-14.113724709,37.988409090909094,-122.95075106445623	-35.377948761,37.988409090909094,-122.94172102187797	-37.145771027,37.988409090909094,-122.93269097929972	-38.680438995,37.988409090909094,-122.92366093672148	-39.792198181,37.988409090909094,-122.91463089414323	-40.654453278,37.988409090909094,-122.90560085156498	-40.473140717,37.988409090909094,-122.89657080898672	-39.868087769,37.988409090909094,-122.88754076640848	-39.032726288,37.988409090909094,-122.87851072383023	-37.823230743,37.988409090909094,-122.86948068125199	-36.31546402,37.988409090909094,-122.86045063867373	-34.287044525,37.988409090909094,-122.85142059609548	-30.849594116,37.988409090909094,-122.84239055351723	-25.35336113,37.988409090909094,-122.83336051093899	-1.600000024,37.988409090909094,-122.82433046836074	-0.960000038,37.988409090909094,-122.81530042578248	155.909606934,37.988409090909094,-122.80627038320424	239.223770142,37.988409090909094,-122.79724034062599	195.902145386,37.988409090909094,-122.78821029804774	334.764953613,37.988409090909094,-122.7791802554695	273.09854126,37.988409090909094,-122.77015021289124	194.865783691,37.988409090909094,-122.76112017031299	153.351882935,37.988409090909094,-122.75209012773475	97.744506836,37.988409090909094,-122.7430600851565	162.945526123,37.988409090909094,-122.73403004257824	288.15612793,37.988409090909094,-122.725	412.768035889,37.988409090909094,-122.71596995742175	231.744827271,37.988409090909094,-122.7069399148435	122.620002747,37.988409090909094,-122.69790987226526	279.20803833,37.988409090909094,-122.688879829687	246.017593384,37.988409090909094,-122.67984978710875	175.032577515,37.988409090909094,-122.6708197445305	344.575653076,37.988409090909094,-122.66178970195226	433.220367432,37.988409090909094,-122.65275965937401	368.36517334,37.988409090909094,-122.64372961679575	288.563476562,37.988409090909094,-122.6346995742175	222.269668579,37.988409090909094,-122.62566953163926	291.227539062,37.988409090909094,-122.61663948906101	230.895019531,37.988409090909094,-122.60760944648275	129.27671814,37.988409090909094,-122.59857940390451	38.674606323,37.988409090909094,-122.58954936132626	40.663066864,37.988409090909094,-122.58051931874802	78.187171936,37.988409090909094,-122.57148927616977	37.615745544,37.988409090909094,-122.56245923359151	57.793228149,37.988409090909094,-122.55342919101327	97.317306519,37.988409090909094,-122.54439914843502	103.519111633,37.988409090909094,-122.53536910585677	49.90745163,37.988409090909094,-122.52633906327853	139.262130737,37.988409090909094,-122.51730902070027	142.764801025,37.988409090909094,-122.50827897812202	304.93347168,37.988409090909094,-122.49924893554378	72.16368866,37.988409090909094,-122.49021889296553	15.429927826,37.988409090909094,-122.48118885038727	2.393828869,37.988409090909094,-122.47215880780902	12.60319519,37.988409090909094,-122.46312876523078	31.652030945,37.988409090909094,-122.45409872265253	-0.188969836,37.988409090909094,-122.44506868007429	-17.854738235,37.988409090909094,-122.43603863749603	-16.879951477,37.988409090909094,-122.42700859491778	-13.206005096,37.988409090909094,-122.41797855233953	-3.453508615,37.988409090909094,-122.40894850976129	-0.773697734,37.988409090909094,-122.39991846718303
-46.986812592,37.98227272727273,-123.05005434693773	-42.897602081,37.98227272727273,-123.0410250595228	-42.482093811,37.98227272727273,-123.03199577210785	-41.925685883,37.98227272727273,-123.02296648469292	-38.571464539,37.98227272727273,-123.01393719727798	-34.601470947,37.98227272727273,-123.00490790986305	-31.58716774,37.98227272727273,-122.9958786224481	-1.600000024,37.98227272727273,-122.98684933503317	-23.038215637,37.98227272727273,-122.97782004761824	-19.101493835,37.98227272727273,-122.96879076020329	-17.968061447,37.98227272727273,-122.95976147278836	-30.89084053,37.98227272727273,-122.95073218537343	-40.303771973,37.98227272727273,-122.94170289795848	-42.70790863,37.98227272727273,-122.93267361054355	-44.161754608,37.98227272727273,-122.92364432312861	-44.172859192,37.98227272727273,-122.91461503571368	-43.552211761,37.98227272727273,-122.90558574829873	-42.767055511,37.98227272727273,-122.8965564608838	-41.761348724,37.98227272727273,-122.88752717346887	-40.730510712,37.98227272727273,-122.87849788605392	-39.557388306,37.98227272727273,-122.86946859863899	-38.160175323,37.98227272727273,-122.86043931122406	-36.43037796,37.98227272727273,-122.85141002380912	-34.12607193,37.98227272727273,-122.84238073639418	-29.904459,37.98227272727273,-122.83335144897924	-1.600000024,37.98227272727273,-122.82432216156431	-11.774165154,37.98227272727273,-122.81529287414936	-1.600000024,37.98227272727273,-122.80626358673443	209.11831665,37.98227272727273,-122.7972342993195	256.580230713,37.98227272727273,-122.78820501190457	267.573120117,37.98227272727273,-122.77917572448962	256.102233887,37.98227272727273,-122.77014643707469	342.618530273,37.98227272727273,-122.76111714965975	271.458770752,37.98227272727273,-122.7520878622448	153.760803223,37.98227272727273,-122.74305857482987	167.331054688,37.98227272727273,-122.73402928741494	252.619781494,37.98227272727273,-122.725	332.522369385,37.98227272727273,-122.71597071258506	427.666992188,37.98227272727273,-122.70694142517013	219.293167114,37.98227272727273,-122.6979121377552	186.674942017,37.98227272727273,-122.68888285034025	314.805236816,37.98227272727273,-122.67985356292532	376.125701904,37.98227272727273,-122.67082427551038	382.245605469,37.98227272727273,-122.66179498809544	396.927246094,37.98227272727273,-122.6527657006805	390.868347168,37.98227272727273,-122.64373641326557	225.81262207,37.98227272727273,-122.63470712585064	190.744140625,37.98227272727273,-122.62567783843569	170.926651001,37.98227272727273,-122.61664855102076	226.16645813,37.98227272727273,-122.60761926360583	68.401618958,37.98227272727273,-122.59858997619088	58.231369019,37.98227272727273,-122.58956068877595	71.53074646,37.98227272727273,-122.58053140136101	21.581420898,37.98227272727273,-122.57150211394608	26.465452194,37.98227272727273,-122.56247282653113	102.169593811,37.98227272727273,-122.5534435391162	31.60379982,37.98227272727273,-122.54441425170127	106.801727295,37.98227272727273,-122.53538496428632	68.483970642,37.98227272727273,-122.52635567687139	31.325805664,37.98227272727273,-122.51732638945646	43.110691071,37.98227272727273,-122.50829710204151	161.63142395,37.98227272727273,-122.49926781462658	127.789085388,37.98227272727273,-122.49023852721164	8.022851944,37.98227272727273,-122.48120923979671	0.329585612,37.98227272727273,-122.47217995238177	2.509814501,37.98227272727273,-122.46315066496683	9.336290359,37.98227272727273,-122.4541213775519	-2.630624533,37.98227272727273,-122.44509209013695	-20.25320816,37.98227272727273,-122.43606280272202	-18.460292816,37.98227272727273,-122.42703351530709	-6.735411644,37.98227272727273,-122.41800422789215	-0.812776387,37.98227272727273,-122.40897494047721	-0.715024829,37.98227272727273,-122.39994565306228
-55.312576294,37.976136363636364,-123.05002716933298	-50.518390656,37.976136363636364,-123.04099863685151	-51.146945953,37.976136363636364,-123.03197010437003	-51.85792923,37.976136363636364,-123.02294157188857	-49.275230408,37.976136363636364,-123.01391303940709	-45.743408203,37.976136363636364,-123.00488450692562	-42.77961731,37.976136363636364,-122.99585597444415	-39.833312988,37.976136363636364,-122.98682744196267	-40.152542114,37.976136363636364,-122.97779890948121	-38.964309692,37.976136363636364,-122.96877037699973	-45.301494598,37.976136363636364,-122.95974184451826	-46.589626312,37.976136363636364,-122.9507133120368	-50.218204498,37.976136363636364,-122.94168477955532	-48.863052368,37.976136363636364,-122.93265624707385	-48.7135849,37.976136363636364,-122.92362771459239	-47.330078125,37.976136363636364,-122.9145991821109	-45.897590637,37.976136363636364,-122.90557064962944	-44.692024231,37.976136363636364,-122.89654211714796	-43.467018127,37.976136363636364,-122.8875135846665	-42.180137634,37.976136363636364,-122.87848505218503	-40.946949005,37.976136363636364,-122.86945651970355	-39.727527618,37.976136363636364,-122.86042798722208	-38.192771912,37.976136363636364,-122.8513994547406	-36.300346375,37.976136363636364,-122.84237092225914	-33.252792358,37.976136363636364,-122.83334238977767	-28.736688614,37.976136363636364,-122.82431385729619	-23.914016724,37.976136363636364,-122.81528532481472	-1.600000024,37.976136363636364,-122.80625679233324	-1.600000024,37.976136363636364,-122.79722825985178	212.499328613,37.976136363636364,-122.78819972737031	218.472457886,37.976136363636364,-122.77917119488883	223.057891846,37.976136363636364,-122.77014266240737	342.027069092,37.976136363636364,-122.76111412992589	351.449401855,37.976136363636364,-122.75208559744442	210.645065308,37.976136363636364,-122.74305706496295	113.882919312,37.976136363636364,-122.73402853248147	193.152404785,37.976136363636364,-122.72500000000001	279.803741455,37.976136363636364,-122.71597146751854	357.030944824,37.976136363636364,-122.70694293503706	388.712432861,37.976136363636364,-122.6979144025556	144.651550293,37.976136363636364,-122.68888587007412	185.134078979,37.976136363636364,-122.67985733759265	383.051757812,37.976136363636364,-122.67082880511119	416.977081299,37.976136363636364,-122.6618002726297	501.834777832,37.976136363636364,-122.65277174014824	403.635803223,37.976136363636364,-122.64374320766676	290.344421387,37.976136363636364,-122.6347146751853	176.803421021,37.976136363636364,-122.62568614270383	132.822006226,37.976136363636364,-122.61665761022235	53.803329468,37.976136363636364,-122.60762907774088	66.537994385,37.976136363636364,-122.5986005452594	61.985980988,37.976136363636364,-122.58957201277794	127.531311035,37.976136363636364,-122.58054348029647	79.370979309,37.976136363636364,-122.57151494781499	15.038851738,37.976136363636364,-122.56248641533352	27.521335602,37.976136363636364,-122.55345788285206	51.014125824,37.976136363636364,-122.54442935037058	26.285749435,37.976136363636364,-122.53540081788911	41.401317596,37.976136363636364,-122.52637228540763	17.303623199,37.976136363636364,-122.51734375292617	87.513954163,37.976136363636364,-122.5083152204447	11.13511467,37.976136363636364,-122.49928668796322	13.172218323,37.976136363636364,-122.49025815548175	10.206613541,37.976136363636364,-122.48122962300027	-0.300000012,37.976136363636364,-122.47220109051881	-0.300000012,37.976136363636364,-122.46317255803734	-0.300000012,37.976136363636364,-122.45414402555586	-15.01649189,37.976136363636364,-122.4451154930744	-22.122730255,37.976136363636364,-122.43608696059292	-15.257561684,37.976136363636364,-122.42705842811145	-1.323597074,37.976136363636364,-122.41802989562999	-0.462646514,37.976136363636364,-122.4090013631485	-0.869139969,37.976136363636364,-122.39997283066704
-65.441345215,37.97,-123.05	-62.706012726,37.97,-123.04097222222222	-60.837734222,37.97,-123.03194444444445	-59.762825012,37.97,-123.02291666666666	-59.621204376,37.97,-123.01388888888889	-60.202095032,37.97,-123.00486111111111	-60.728504181,37.97,-122.99583333333334	-61.070842743,37.97,-122.98680555555555	-61.500724792,37.97,-122.97777777777777	-61.929389954,37.97,-122.96875	-61.362857819,37.97,-122.95972222222223	-59.596321106,37.97,-122.95069444444444	-56.3971138,37.97,-122.94166666666666	-53.537128448,37.97,-122.93263888888889	-51.057834625,37.97,-122.92361111111111	-49.10949707,37.97,-122.91458333333333	-47.477146149,37.97,-122.90555555555555	-46.388660431,37.97,-122.89652777777778	-44.822185516,37.97,-122.8875	-43.580432892,37.97,-122.87847222222223	-42.266311646,37.97,-122.86944444444444	-40.880683899,37.97,-122.86041666666667	-39.348518372,37.97,-122.85138888888889	-37.635059357,37.97,-122.84236111111112	-35.323394775,37.97,-122.83333333333333	-31.414979935,37.97,-122.82430555555555	-26.475906372,37.97,-122.81527777777778	-20.057937622,37.97,-122.80625	-1.600000024,37.97,-122.79722222222222	33.242713928,37.97,-122.78819444444444	174.080200195,37.97,-122.77916666666667	231.139343262,37.97,-122.7701388888889	330.719818115,37.97,-122.7611111111111	368.292266846,37.97,-122.75208333333333	176.082305908,37.97,-122.74305555555556	125.892234802,37.97,-122.73402777777778	159.501480103,37.97,-122.725	201.347579956,37.97,-122.71597222222222	288.9921875,37.97,-122.70694444444445	411.039398193,37.97,-122.69791666666667	253.28704834,37.97,-122.6888888888889	146.27243042,37.97,-122.67986111111111	190.298126221,37.97,-122.67083333333333	319.172485352,37.97,-122.66180555555556	204.359603882,37.97,-122.65277777777779	326.871704102,37.97,-122.64375	399.006072998,37.97,-122.63472222222222	261.341003418,37.97,-122.62569444444445	212.618240356,37.97,-122.61666666666667	244.783676147,37.97,-122.60763888888889	85.244979858,37.97,-122.59861111111111	109.904968262,37.97,-122.58958333333334	264.501831055,37.97,-122.58055555555556	43.971298218,37.97,-122.57152777777777	11.657377243,37.97,-122.5625	48.671390533,37.97,-122.55347222222223	105.295166016,37.97,-122.54444444444445	19.884473801,37.97,-122.53541666666668	3.197910786,37.97,-122.52638888888889	3.13431859,37.97,-122.51736111111111	19.9186306,37.97,-122.50833333333334	-0.300000012,37.97,-122.49930555555557	0.142866448,37.97,-122.49027777777778	-0.300000012,37.97,-122.48125	-0.300000012,37.97,-122.47222222222223	-0.300000012,37.97,-122.46319444444445	-0.982843935,37.97,-122.45416666666667	-20.993896484,37.97,-122.44513888888889	-22.609088898,37.97,-122.43611111111112	-7.936707973,37.97,-122.42708333333334	-0.298164338,37.97,-122.41805555555555	-1.3114568,37.97,-122.40902777777778	-0.299764216,37.97,-122.4
-66.65499115,37.96386363636364,-123.04997283893611	-64.262123108,37.96386363636364,-123.04094581563233	-62.64572525,37.96386363636364,-123.03191879232855	-61.404411316,37.96386363636364,-123.02289176902477	-60.67755127,37.96386363636364,-123.013864745721	-60.682495117,37.96386363636364,-123.00483772241721	-61.266815186,37.96386363636364,-122.99581069911343	-61.859703064,37.96386363636364,-122.98678367580965	-62.179504395,37.96386363636364,-122.97775665250587	-62.129722595,37.96386363636364,-122.96872962920209	-61.336391449,37.96386363636364,-122.9597026058983	-59.571979523,37.96386363636364,-122.95067558259453	-57.048427582,37.96386363636364,-122.94164855929074	-54.513233185,37.96386363636364,-122.93262153598697	-52.341026306,37.96386363636364,-122.92359451268318	-50.467746735,37.96386363636364,-122.91456748937941	-48.657932281,37.96386363636364,-122.90554046607562	-45.714969635,37.96386363636364,-122.89651344277185	-45.532527924,37.96386363636364,-122.88748641946806	-44.020080566,37.96386363636364,-122.87845939616427	-43.310161591,37.96386363636364,-122.8694323728605	-41.949878693,37.96386363636364,-122.86040534955671	-40.433135986,37.96386363636364,-122.85137832625294	-38.795093536,37.96386363636364,-122.84235130294915	-36.839588165,37.96386363636364,-122.83332427964538	-33.608390808,37.96386363636364,-122.8242972563416	-29.044744492,37.96386363636364,-122.81527023303782	-23.524869919,37.96386363636364,-122.80624320973403	-13.109394073,37.96386363636364,-122.79721618643025	29.682964325,37.96386363636364,-122.78818916312648	172.676849365,37.96386363636364,-122.77916213982269	189.518035889,37.96386363636364,-122.77013511651892	292.194610596,37.96386363636364,-122.76110809321513	386.615081787,37.96386363636364,-122.75208106991136	370.261657715,37.96386363636364,-122.74305404660757	210.106491089,37.96386363636364,-122.7340270233038	149.570907593,37.96386363636364,-122.72500000000001	205.769607544,37.96386363636364,-122.71597297669622	198.118484497,37.96386363636364,-122.70694595339245	324.146148682,37.96386363636364,-122.69791893008866	463.77142334,37.96386363636364,-122.68889190678489	343.818145752,37.96386363636364,-122.6798648834811	149.694503784,37.96386363636364,-122.67083786017733	140.069778442,37.96386363636364,-122.66181083687354	287.862670898,37.96386363636364,-122.65278381356977	407.372314453,37.96386363636364,-122.64375679026598	298.673461914,37.96386363636364,-122.6347297669622	332.253356934,37.96386363636364,-122.62570274365842	235.711288452,37.96386363636364,-122.61667572035464	236.294250488,37.96386363636364,-122.60764869705086	219.082992554,37.96386363636364,-122.59862167374708	129.826400757,37.96386363636364,-122.5895946504433	263.87588501,37.96386363636364,-122.58056762713952	52.979694366,37.96386363636364,-122.57154060383574	31.847673416,37.96386363636364,-122.56251358053196	36.988357544,37.96386363636364,-122.55348655722817	84.536888123,37.96386363636364,-122.5444595339244	55.653457642,37.96386363636364,-122.53543251062061	5.550956726,37.96386363636364,-122.52640548731684	1.02961421,37.96386363636364,-122.51737846401305	1.782793045,37.96386363636364,-122.50835144070928	1.9091084,37.96386363636364,-122.49932441740549	1.100000024,37.96386363636364,-122.49029739410172	-0.779969573,37.96386363636364,-122.48127037079793	-0.939071715,37.96386363636364,-122.47224334749414	-1.950597525,37.96386363636364,-122.46321632419037	-1.910781145,37.96386363636364,-122.45418930088658	-22.757564545,37.96386363636364,-122.44516227758281	-0.300000012,37.96386363636364,-122.43613525427902	37.771930695,37.96386363636364,-122.42710823097525	0.200000003,37.96386363636364,-122.41808120767146	0.25,37.96386363636364,-122.40905418436769	0.25,37.96386363636364,-122.4000271610639
-67.602783203,37.957727272727276,-123.0499456861386	-65.199302673,37.957727272727276,-123.0409194170792	-63.277938843,37.957727272727276,-123.03189314801979	-62.085128784,37.957727272727276,-123.02286687896039	-61.153736115,37.957727272727276,-123.01384060990098	-60.720478058,37.957727272727276,-123.00481434084158	-60.911956787,37.957727272727276,-122.99578807178217	-61.018028259,37.957727272727276,-122.98676180272275	-61.484607697,37.957727272727276,-122.97773553366335	-61.212306976,37.957727272727276,-122.96870926460394	-60.401584625,37.957727272727276,-122.95968299554454	-58.959095001,37.957727272727276,-122.95065672648514	-57.083808899,37.957727272727276,-122.94163045742573	-55.159591675,37.957727272727276,-122.93260418836633	-53.258857727,37.957727272727276,-122.92357791930692	-51.510894775,37.957727272727276,-122.91455165024752	-47.73878479,37.957727272727276,-122.90552538118811	-47.260478973,37.957727272727276,-122.89649911212871	-45.869155884,37.957727272727276,-122.8874728430693	-41.886211395,37.957727272727276,-122.87844657400989	-44.134872437,37.957727272727276,-122.86942030495048	-42.90562439,37.957727272727276,-122.86039403589108	-41.498363495,37.957727272727276,-122.85136776683167	-39.760253906,37.957727272727276,-122.84234149777227	-37.961914062,37.957727272727276,-122.83331522871286	-35.469509125,37.957727272727276,-122.82428895965346	-31.447517395,37.957727272727276,-122.81526269059405	-26.345596313,37.957727272727276,-122.80623642153465	-19.763355255,37.957727272727276,-122.79721015247524	-1.600000024,37.957727272727276,-122.78818388341584	119.549285889,37.957727272727276,-122.77915761435644	159.218078613,37.957727272727276,-122.77013134529703	236.26133728,37.957727272727276,-122.76110507623761	308.081359863,37.957727272727276,-122.75207880717821	390.16027832,37.957727272727276,-122.7430525381188	170.353591919,37.957727272727276,-122.7340262690594	75.46471405,37.957727272727276,-122.725	104.108825684,37.957727272727276,-122.71597373094059	148.443618774,37.957727272727276,-122.70694746188119	231.096221924,37.957727272727276,-122.69792119282178	322.695495605,37.957727272727276,-122.68889492376238	422.769622803,37.957727272727276,-122.67986865470297	354.578155518,37.957727272727276,-122.67084238564357	145.638061523,37.957727272727276,-122.66181611658416	256.285888672,37.957727272727276,-122.65278984752474	383.872772217,37.957727272727276,-122.64376357846534	301.729003906,37.957727272727276,-122.63473730940593	194.089996338,37.957727272727276,-122.62571104034653	232.875091553,37.957727272727276,-122.61668477128713	234.084793091,37.957727272727276,-122.60765850222772	243.191375732,37.957727272727276,-122.59863223316832	147.256896973,37.957727272727276,-122.58960596410891	108.37285614,37.957727272727276,-122.58057969504951	47.161064148,37.957727272727276,-122.5715534259901	72.297447205,37.957727272727276,-122.5625271569307	4.292209625,37.957727272727276,-122.5535008878713	48.708366394,37.957727272727276,-122.54447461881189	51.417579651,37.957727272727276,-122.53544834975247	121.360824585,37.957727272727276,-122.52642208069307	11.795770645,37.957727272727276,-122.51739581163366	2.487900734,37.957727272727276,-122.50836954257426	2.179418087,37.957727272727276,-122.49934327351485	2.882953644,37.957727272727276,-122.49031700445545	-0.300000012,37.957727272727276,-122.48129073539604	-1.309848428,37.957727272727276,-122.47226446633664	-2.069624186,37.957727272727276,-122.46323819727724	-7.837097168,37.957727272727276,-122.45421192821783	-25.898620605,37.957727272727276,-122.44518565915843	-15.365259171,37.957727272727276,-122.43615939009902	-0.300000012,37.957727272727276,-122.4271331210396	39.154190063,37.957727272727276,-122.4181068519802	0.25,37.957727272727276,-122.4090805829208	0.254592746,37.957727272727276,-122.40005431386139
-68.725639343,37.95159090909091,-123.0499185416048	-65.658195496,37.95159090909091,-123.04089302656021	-63.637046814,37.95159090909091,-123.03186751151564	-62.417030334,37.95159090909091,-123.02284199647106	-61.518154144,37.95159090909091,-123.01381648142649	-60.95942688,37.95159090909091,-123.0047909663819	-60.917118073,37.95159090909091,-122.99576545133733	-60.929664612,37.95159090909091,-122.98673993629275	-60.88741684,37.95159090909091,-122.97771442124818	-60.550075531,37.95159090909091,-122.9686889062036	-59.870204926,37.95159090909091,-122.95966339115903	-58.770004272,37.95159090909091,-122.95063787611444	-57.118515015,37.95159090909091,-122.94161236106987	-55.738319397,37.95159090909091,-122.93258684602529	-54.064678192,37.95159090909091,-122.9235613309807	-52.156291962,37.95159090909091,-122.91453581593613	-49.78144455,37.95159090909091,-122.90551030089155	-47.078350067,37.95159090909091,-122.89648478584698	-44.602405548,37.95159090909091,-122.8874592708024	-45.545940399,37.95159090909091,-122.87843375575783	-44.176029205,37.95159090909091,-122.86940824071324	-43.847946167,37.95159090909091,-122.86038272566867	-42.368186951,37.95159090909091,-122.85135721062409	-40.809432983,37.95159090909091,-122.84233169557952	-38.962944031,37.95159090909091,-122.83330618053493	-36.943336487,37.95159090909091,-122.82428066549035	-33.699920654,37.95159090909091,-122.81525515044578	-29.246038437,37.95159090909091,-122.8062296354012	-23.482225418,37.95159090909091,-122.79720412035662	-1.600000024,37.95159090909091,-122.78817860531204	106.30040741,37.95159090909091,-122.77915309026747	147.754516602,37.95159090909091,-122.77012757522289	157.930206299,37.95159090909091,-122.76110206017832	299.904083252,37.95159090909091,-122.75207654513373	205.510986328,37.95159090909091,-122.74305103008916	309.66885376,37.95159090909091,-122.73402551504458	204.919174194,37.95159090909091,-122.72500000000001	49.756126404,37.95159090909091,-122.71597448495542	100.274536133,37.95159090909091,-122.70694896991084	198.451660156,37.95159090909091,-122.69792345486627	267.378479004,37.95159090909091,-122.68889793982169	355.110107422,37.95159090909091,-122.67987242477712	462.96282959,37.95159090909091,-122.67084690973253	344.933197021,37.95159090909091,-122.66182139468796	123.760002136,37.95159090909091,-122.65279587964338	298.182373047,37.95159090909091,-122.64377036459881	265.155456543,37.95159090909091,-122.63474484955422	195.909164429,37.95159090909091,-122.62571933450965	347.352539062,37.95159090909091,-122.61669381946507	216.970001221,37.95159090909091,-122.60766830442049	225.001296997,37.95159090909091,-122.59864278937592	252.079986572,37.95159090909091,-122.58961727433133	88.71660614,37.95159090909091,-122.58059175928676	108.249580383,37.95159090909091,-122.57156624424218	78.207817078,37.95159090909091,-122.56254072919761	10.73686409,37.95159090909091,-122.55351521415302	2.448703527,37.95159090909091,-122.54448969910845	15.051970482,37.95159090909091,-122.53546418406387	39.91721344,37.95159090909091,-122.5264386690193	105.621788025,37.95159090909091,-122.51741315397472	79.038284302,37.95159090909091,-122.50838763893015	2.497060299,37.95159090909091,-122.49936212388556	3.956974745,37.95159090909091,-122.49033660884098	-0.300000012,37.95159090909091,-122.4813110937964	-1.697600603,37.95159090909091,-122.47228557875182	-2.599918127,37.95159090909091,-122.46326006370725	-12.867877007,37.95159090909091,-122.45423454866267	-22.086339951,37.95159090909091,-122.4452090336181	-16.131919861,37.95159090909091,-122.43618351857351	-0.300000012,37.95159090909091,-122.42715800352894	6.211313248,37.95159090909091,-122.41813248848436	65.101066589,37.95159090909091,-122.40910697343979	4.116161346,37.95159090909091,-122.4000814583952
-68.188400269,37.945454545454545,-123.04989140533199	-66.906356812,37.945454545454545,-123.04086664407276	-64.66178894,37.945454545454545,-123.03184188281355	-62.908935547,37.945454545454545,-123.02281712155433	-62.09885788,37.945454545454545,-123.0137923602951	-61.388240814,37.945454545454545,-123.00476759903589	-61.120342255,37.945454545454545,-122.99574283777666	-60.911026001,37.945454545454545,-122.98671807651743	-60.810024261,37.945454545454545,-122.97769331525822	-60.487537384,37.945454545454545,-122.968668553999	-59.894210815,37.945454545454545,-122.95964379273977	-58.989246368,37.945454545454545,-122.95061903148056	-57.787754059,37.945454545454545,-122.94159427022133	-56.518230438,37.945454545454545,-122.9325695089621	-55.811325073,37.945454545454545,-122.92354474770289	-51.199996948,37.945454545454545,-122.91451998644366	-50.756137848,37.945454545454545,-122.90549522518444	-50.482013702,37.945454545454545,-122.89647046392523	-48.199653625,37.945454545454545,-122.887445702666	-45.899856567,37.945454545454545,-122.87842094140677	-46.340076447,37.945454545454545,-122.86939618014756	-43.974399567,37.945454545454545,-122.86037141888833	-43.330055237,37.945454545454545,-122.85134665762911	-41.727890015,37.945454545454545,-122.84232189636988	-39.977661133,37.945454545454545,-122.83329713511067	-38.014232635,37.945454545454545,-122.82427237385144	-35.518032074,37.945454545454545,-122.81524761259222	-31.878622055,37.945454545454545,-122.806222851333	-27.032556534,37.945454545454545,-122.79719809007378	-1.600000024,37.945454545454545,-122.78817332881455	-1.600000024,37.945454545454545,-122.77914856755534	114.04850769,37.945454545454545,-122.77012380629611	207.09614563,37.945454545454545,-122.76109904503689	273.847900391,37.945454545454545,-122.75207428377767	132.174606323,37.945454545454545,-122.74304952251845	287.136749268,37.945454545454545,-122.73402476125922	273.051147461,37.945454545454545,-122.72500000000001	43.335857391,37.945454545454545,-122.71597523874078	67.246658325,37.945454545454545,-122.70695047748156	143.07951355,37.945454545454545,-122.69792571622234	163.016876221,37.945454545454545,-122.68890095496312	268.419799805,37.945454545454545,-122.67987619370389	441.585205078,37.945454545454545,-122.67085143244468	455.242614746,37.945454545454545,-122.66182667118545	377.32043457,37.945454545454545,-122.65280190992623	231.368087769,37.945454545454545,-122.64377714866701	292.647338867,37.945454545454545,-122.63475238740779	216.158676147,37.945454545454545,-122.62572762614856	274.455871582,37.945454545454545,-122.61670286488935	351.323455811,37.945454545454545,-122.60767810363012	301.121551514,37.945454545454545,-122.5986533423709	246.393341064,37.945454545454545,-122.58962858111168	290.032440186,37.945454545454545,-122.58060381985246	111.099266052,37.945454545454545,-122.57157905859323	116.969520569,37.945454545454545,-122.56255429733402	49.079784393,37.945454545454545,-122.55352953607479	16.614562988,37.945454545454545,-122.54450477481556	19.292461395,37.945454545454545,-122.53548001355635	16.169677734,37.945454545454545,-122.52645525229713	25.226917267,37.945454545454545,-122.5174304910379	-0.300000012,37.945454545454545,-122.50840572977869	68.169136047,37.945454545454545,-122.49938096851946	7.99162674,37.945454545454545,-122.49035620726023	-0.300000012,37.945454545454545,-122.48133144600101	-2.292549133,37.945454545454545,-122.4723066847418	-4.067860603,37.945454545454545,-122.46328192348257	-13.268245697,37.945454545454545,-122.45425716222334	-16.991182327,37.945454545454545,-122.44523240096413	-17.745157242,37.945454545454545,-122.4362076397049	-0.300000012,37.945454545454545,-122.42718287844568	-0.300000012,37.945454545454545,-122.41815811718647	34.943592072,37.945454545454545,-122.40913335592724	58.823703766,37.945454545454545,-122.40010859466801
-69.926239014,37.93931818181819,-123.04986427731748	-66.847442627,37.93931818181819,-123.04084026961422	-63.919437408,37.93931818181819,-123.03181626191096	-62.708702087,37.93931818181819,-123.02279225420769	-60.505561829,37.93931818181819,-123.01376824650443	-62.018714905,37.93931818181819,-123.00474423880117	-60.95721817,37.93931818181819,-122.9957202310979	-61.293941498,37.93931818181819,-122.98669622339463	-61.054477692,37.93931818181819,-122.97767221569137	-60.756622314,37.93931818181819,-122.96864820798811	-60.18862915,37.93931818181819,-122.95962420028485	-59.477245331,37.93931818181819,-122.95060019258159	-59.142601013,37.93931818181819,-122.94157618487831	-58.456306458,37.93931818181819,-122.93255217717505	-55.272480011,37.93931818181819,-122.9235281694718	-50.962547302,37.93931818181819,-122.91450416176853	-52.950206757,37.93931818181819,-122.90548015406527	-50.104560852,37.93931818181819,-122.896456146362	-50.081558228,37.93931818181819,-122.88743213865874	-47.444232941,37.93931818181819,-122.87840813095548	-47.40750885,37.93931818181819,-122.86938412325222	-46.04119873,37.93931818181819,-122.86036011554894	-44.279205322,37.93931818181819,-122.85133610784568	-42.709007263,37.93931818181819,-122.84231210014242	-40.930912018,37.93931818181819,-122.83328809243916	-38.969509125,37.93931818181819,-122.8242640847359	-36.783409119,37.93931818181819,-122.81524007703263	-34.041347504,37.93931818181819,-122.80621606932937	-30.92902565,37.93931818181819,-122.7971920616261	-23.54753685,37.93931818181819,-122.78816805392285	-1.600000024,37.93931818181819,-122.77914404621957	-1.600000024,37.93931818181819,-122.77012003851631	114.123771667,37.93931818181819,-122.76109603081305	188.115661621,37.93931818181819,-122.75207202310979	269.331176758,37.93931818181819,-122.74304801540653	260.031921387,37.93931818181819,-122.73402400770325	199.465957642,37.93931818181819,-122.725	118.960342407,37.93931818181819,-122.71597599229673	63.605686188,37.93931818181819,-122.70695198459347	36.596523285,37.93931818181819,-122.6979279768902	161.816131592,37.93931818181819,-122.68890396918694	206.800231934,37.93931818181819,-122.67987996148368	263.557739258,37.93931818181819,-122.67085595378042	422.726745605,37.93931818181819,-122.66183194607716	335.607513428,37.93931818181819,-122.65280793837388	197.623809814,37.93931818181819,-122.64378393067062	223.98866272,37.93931818181819,-122.63475992296736	225.512176514,37.93931818181819,-122.6257359152641	369.064178467,37.93931818181819,-122.61671190756084	443.890563965,37.93931818181819,-122.60768789985757	310.54119873,37.93931818181819,-122.5986638921543	442.402160645,37.93931818181819,-122.58963988445105	415.686431885,37.93931818181819,-122.58061587674779	302.42010498,37.93931818181819,-122.57159186904451	180.59236145,37.93931818181819,-122.56256786134125	188.963256836,37.93931818181819,-122.55354385363799	134.510025024,37.93931818181819,-122.54451984593473	4.601225853,37.93931818181819,-122.53549583823147	2.177662611,37.93931818181819,-122.5264718305282	1.133965373,37.93931818181819,-122.51744782282493	2.023622751,37.93931818181819,-122.50842381512167	-0.300000012,37.93931818181819,-122.49939980741841	4.263559341,37.93931818181819,-122.49037579971514	-0.300000012,37.93931818181819,-122.48135179201188	-2.857922554,37.93931818181819,-122.47232778430862	-8.61198616,37.93931818181819,-122.46330377660536	-12.060671806,37.93931818181819,-122.4542797689021	-16.217794418,37.93931818181819,-122.44525576119882	-13.251309395,37.93931818181819,-122.43623175349556	-14.526589394,37.93931818181819,-122.4272077457923	-1.778437018,37.93931818181819,-122.41818373808904	43.36523819,37.93931818181819,-122.40915973038577	58.934551239,37.93931818181819,-122.4001357226825
-71.663894653,37.93318181818182,-123.0498371575586	-67.932800293,37.93318181818182,-123.04081390318197	-65.005805969,37.93318181818182,-123.03179064880534	-63.204238892,37.93318181818182,-123.02276739442871	-64.210464478,37.93318181818182,-123.01374414005208	-62.294597626,37.93318181818182,-123.00472088567545	-62.226783752,37.93318181818182,-122.99569763129884	-60.267803192,37.93318181818182,-122.98667437692221	-58.912818909,37.93318181818182,-122.97765112254558	-59.227581024,37.93318181818182,-122.96862786816895	-60.241977692,37.93318181818182,-122.95960461379232	-61.940689087,37.93318181818182,-122.9505813594157	-60.349445343,37.93318181818182,-122.94155810503906	-59.145015717,37.93318181818182,-122.93253485066244	-54.886363983,37.93318181818182,-122.9235115962858	-54.678905487,37.93318181818182,-122.91448834190918	-53.307224274,37.93318181818182,-122.90546508753255	-52.546016693,37.93318181818182,-122.89644183315592	-52.789028168,37.93318181818182,-122.8874185787793	-50.076076508,37.93318181818182,-122.87839532440267	-50.234264374,37.93318181818182,-122.86937207002605	-46.557289124,37.93318181818182,-122.86034881564942	-44.871116638,37.93318181818182,-122.85132556127279	-43.508411407,37.93318181818182,-122.84230230689616	-41.87027359,37.93318181818182,-122.83327905251953	-39.980010986,37.93318181818182,-122.8242557981429	-37.809406281,37.93318181818182,-122.81523254376627	-35.512111664,37.93318181818182,-122.80620928938964	-32.753356934,37.93318181818182,-122.79718603501301	-28.107114792,37.93318181818182,-122.7881627806364	-20.77702713,37.93318181818182,-122.77913952625977	-1.600000024,37.93318181818182,-122.77011627188314	-1.600000024,37.93318181818182,-122.76109301750651	0.222908422,37.93318181818182,-122.75206976312988	143.551193237,37.93318181818182,-122.74304650875325	86.378730774,37.93318181818182,-122.73402325437662	137.17729187,37.93318181818182,-122.725	89.901878357,37.93318181818182,-122.71597674562337	40.550117493,37.93318181818182,-122.70695349124674	2.785522223,37.93318181818182,-122.6979302368701	5.784430504,37.93318181818182,-122.68890698249348	88.094863892,37.93318181818182,-122.67988372811686	231.868026733,37.93318181818182,-122.67086047374023	225.233459473,37.93318181818182,-122.6618372193636	413.170471191,37.93318181818182,-122.65281396498698	457.998474121,37.93318181818182,-122.64379071061035	286.281066895,37.93318181818182,-122.63476745623372	369.845855713,37.93318181818182,-122.62574420185709	413.921234131,37.93318181818182,-122.61672094748046	518.576049805,37.93318181818182,-122.60769769310383	485.15133667,37.93318181818182,-122.5986744387272	507.237060547,37.93318181818182,-122.58965118435057	491.900665283,37.93318181818182,-122.58062792997396	486.861785889,37.93318181818182,-122.57160467559733	214.30140686,37.93318181818182,-122.5625814212207	78.175628662,37.93318181818182,-122.55355816684407	68.202194214,37.93318181818182,-122.54453491246744	9.496116638,37.93318181818182,-122.53551165809081	1.78008163,37.93318181818182,-122.52648840371418	1.928395748,37.93318181818182,-122.51746514933755	2.169914961,37.93318181818182,-122.50844189496092	-0.055176873,37.93318181818182,-122.4994186405843	-0.54041189,37.93318181818182,-122.49039538620767	-3.313644171,37.93318181818182,-122.48137213183105	-2.875122309,37.93318181818182,-122.47234887745442	-5.370954037,37.93318181818182,-122.4633256230778	-13.571162224,37.93318181818182,-122.45430236870116	-17.105052948,37.93318181818182,-122.44527911432453	-11.926197052,37.93318181818182,-122.4362558599479	-17.972776413,37.93318181818182,-122.42723260557128	-0.300000012,37.93318181818182,-122.41820935119465	14.783855438,37.93318181818182,-122.40918609681802	21.435415268,37.93318181818182,-122.40016284244139
-71.859611511,37.92704545454546,-123.04981004605266	-70.03263855,37.92704545454546,-123.04078754477341	-68.415657043,37.92704545454546,-123.03176504349418	-67.042892456,37.92704545454546,-123.02274254221493	-65.253471375,37.92704545454546,-123.0137200409357	-64.105163574,37.92704545454546,-123.00469753965645	-62.1577034,37.92704545454546,-122.99567503837721	-60.835292816,37.92704545454546,-122.98665253709797	-61.425045013,37.92704545454546,-122.97763003581873	-61.218864441,37.92704545454546,-122.96860753453949	-63.441413879,37.92704545454546,-122.95958503326025	-62.169689178,37.92704545454546,-122.950562531981	-61.188102722,37.92704545454546,-122.94154003070177	-59.339881897,37.92704545454546,-122.93251752942253	-56.635196686,37.92704545454546,-122.9234950281433	-54.953861237,37.92704545454546,-122.91447252686405	-54.911323547,37.92704545454546,-122.90545002558481	-54.337749481,37.92704545454546,-122.89642752430557	-53.353107452,37.92704545454546,-122.88740502302633	-53.290161133,37.92704545454546,-122.87838252174708	-47.947357178,37.92704545454546,-122.86936002046785	-47.452590942,37.92704545454546,-122.8603375191886	-46.764656067,37.92704545454546,-122.85131501790937	-44.362289429,37.92704545454546,-122.84229251663012	-42.71579361,37.92704545454546,-122.83327001535089	-40.892097473,37.92704545454546,-122.82424751407164	-38.78175354,37.92704545454546,-122.81522501279241	-36.49156189,37.92704545454546,-122.80620251151316	-34.156230927,37.92704545454546,-122.79718001023393	-30.820959091,37.92704545454546,-122.78815750895468	-25.481002808,37.92704545454546,-122.77913500767545	-19.549116135,37.92704545454546,-122.7701125063962	-16.917993546,37.92704545454546,-122.76109000511697	-1.600000024,37.92704545454546,-122.75206750383772	-0.360251546,37.92704545454546,-122.74304500255849	69.240104675,37.92704545454546,-122.73402250127924	182.14491272,37.92704545454546,-122.72500000000001	198.607070923,37.92704545454546,-122.71597749872078	25.769943237,37.92704545454546,-122.70695499744153	39.135375977,37.92704545454546,-122.69793249616228	0.449999988,37.92704545454546,-122.68890999488305	40.284877777,37.92704545454546,-122.6798874936038	58.402721405,37.92704545454546,-122.67086499232457	201.162185669,37.92704545454546,-122.66184249104532	339.267425537,37.92704545454546,-122.65281998976609	464.427520752,37.92704545454546,-122.64379748848684	418.807037354,37.92704545454546,-122.6347749872076	548.863708496,37.92704545454546,-122.62575248592836	555.921142578,37.92704545454546,-122.61672998464913	629.875,37.92704545454546,-122.60770748336988	721.689208984,37.92704545454546,-122.59868498209065	744.552734375,37.92704545454546,-122.5896624808114	702.753662109,37.92704545454546,-122.58063997953217	474.561920166,37.92704545454546,-122.57161747825292	239.195968628,37.92704545454546,-122.56259497697368	200.275650024,37.92704545454546,-122.55357247569444	183.234451294,37.92704545454546,-122.5445499744152	42.858646393,37.92704545454546,-122.53552747313596	3.412885189,37.92704545454546,-122.52650497185672	2.883978844,37.92704545454546,-122.51748247057748	1.932034731,37.92704545454546,-122.50845996929824	0.30539,37.92704545454546,-122.499437468019	-0.300000012,37.92704545454546,-122.49041496673976	-0.300000012,37.92704545454546,-122.48139246546052	-3.150999308,37.92704545454546,-122.47236996418128	-4.921256065,37.92704545454546,-122.46334746290204	-11.30871582,37.92704545454546,-122.4543249616228	-14.574595451,37.92704545454546,-122.44530246034356	-9.507317543,37.92704545454546,-122.43627995906432	-14.724507332,37.92704545454546,-122.42725745778507	-0.300000012,37.92704545454546,-122.41823495650584	-0.300000012,37.92704545454546,-122.4092124552266	-0.300000012,37.92704545454546,-122.40018995394736
-74.9008255,37.92090909090909,-123.04978294279694	-72.81615448,37.92090909090909,-123.04076119438591	-72.229202271,37.92090909090909,-123.03173944597489	-68.956672668,37.92090909090909,-123.02271769756386	-66.622032166,37.92090909090909,-123.01369594915283	-63.992511749,37.92090909090909,-123.0046742007418	-62.714599609,37.92090909090909,-122.99565245233079	-63.63911438,37.92090909090909,-122.98663070391976	-62.538661957,37.92090909090909,-122.97760895550873	-65.099739075,37.92090909090909,-122.9685872070977	-63.3307724,37.92090909090909,-122.95956545868668	-63.549186707,37.92090909090909,-122.95054371027565	-61.285842896,37.92090909090909,-122.94152196186462	-60.235900879,37.92090909090909,-122.93250021345361	-56.65430069,37.92090909090909,-122.92347846504258	-58.331680298,37.92090909090909,-122.91445671663155	-55.283863068,37.92090909090909,-122.90543496822052	-55.103164673,37.92090909090909,-122.8964132198095	-54.991046906,37.92090909090909,-122.88739147139847	-49.695186615,37.92090909090909,-122.87836972298744	-51.361667633,37.92090909090909,-122.86934797457641	-49.460704803,37.92090909090909,-122.8603262261654	-45.494434357,37.92090909090909,-122.85130447775437	-45.15933609,37.92090909090909,-122.84228272934334	-43.549125671,37.92090909090909,-122.83326098093232	-41.807037354,37.92090909090909,-122.8242392325213	-39.813472748,37.92090909090909,-122.81521748411026	-37.460063934,37.92090909090909,-122.80619573569923	-35.231395721,37.92090909090909,-122.79717398728822	-32.988132477,37.92090909090909,-122.78815223887719	-28.109714508,37.92090909090909,-122.77913049046616	-23.401035309,37.92090909090909,-122.77010874205513	-20.797189713,37.92090909090909,-122.76108699364411	-14.612599373,37.92090909090909,-122.75206524523308	-1.600000024,37.92090909090909,-122.74304349682205	-1.600000024,37.92090909090909,-122.73402174841104	61.992713928,37.92090909090909,-122.72500000000001	112.263343811,37.92090909090909,-122.71597825158898	102.305007935,37.92090909090909,-122.70695650317795	34.025234222,37.92090909090909,-122.69793475476693	2.563125134,37.92090909090909,-122.6889130063559	1.028350115,37.92090909090909,-122.67989125794487	15.936727524,37.92090909090909,-122.67086950953384	176.041152954,37.92090909090909,-122.66184776112283	220.37677002,37.92090909090909,-122.6528260127118	437.930480957,37.92090909090909,-122.64380426430077	521.954711914,37.92090909090909,-122.63478251588975	526.420288086,37.92090909090909,-122.62576076747872	637.711853027,37.92090909090909,-122.6167390190677	743.756958008,37.92090909090909,-122.60771727065666	706.146362305,37.92090909090909,-122.59869552224565	577.961853027,37.92090909090909,-122.58967377383462	544.678344727,37.92090909090909,-122.58065202542359	352.560119629,37.92090909090909,-122.57163027701256	257.296295166,37.92090909090909,-122.56260852860154	95.441085815,37.92090909090909,-122.55358678019051	189.902297974,37.92090909090909,-122.54456503177948	177.008728027,37.92090909090909,-122.53554328336847	33.333751678,37.92090909090909,-122.52652153495744	64.538238525,37.92090909090909,-122.51749978654641	2.034407854,37.92090909090909,-122.50847803813538	3.498535395,37.92090909090909,-122.49945628972436	0.497857183,37.92090909090909,-122.49043454131333	-0.300000012,37.92090909090909,-122.4814127929023	-0.300000012,37.92090909090909,-122.47239104449127	-5.447289467,37.92090909090909,-122.46336929608026	-10.304215431,37.92090909090909,-122.45434754766923	-12.61408329,37.92090909090909,-122.4453257992582	-9.955552101,37.92090909090909,-122.43630405084718	-8.528406143,37.92090909090909,-122.42728230243615	-0.300000012,37.92090909090909,-122.41826055402512	-0.300000012,37.92090909090909,-122.4092388056141	-0.300000012,37.92090909090909,-122.40021705720308
-78.502891541,37.91477272727273,-123.04975584778877	-74.353889465,37.91477272727273,-123.04073485201687	-71.3984375,37.91477272727273,-123.03171385624495	-69.826332092,37.91477272727273,-123.02269286047304	-67.780288696,37.91477272727273,-123.01367186470114	-66.369766235,37.91477272727273,-123.00465086892922	-66.500823975,37.91477272727273,-122.99562987315731	-65.605072021,37.91477272727273,-122.98660887738541	-66.192581177,37.91477272727273,-122.97758788161349	-65.849411011,37.91477272727273,-122.96856688584158	-65.73992157,37.91477272727273,-122.95954589006968	-63.308673859,37.91477272727273,-122.95052489429776	-62.252296448,37.91477272727273,-122.94150389852585	-59.517963409,37.91477272727273,-122.93248290275395	-58.275505066,37.91477272727273,-122.92346190698203	-57.183513641,37.91477272727273,-122.91444091121012	-56.626953125,37.91477272727273,-122.90541991543822	-56.777671814,37.91477272727273,-122.8963989196663	-54.179595947,37.91477272727273,-122.88737792389439	-54.694320679,37.91477272727273,-122.87835692812249	-51.215766907,37.91477272727273,-122.86933593235057	-49.8175354,37.91477272727273,-122.86031493657866	-49.150665283,37.91477272727273,-122.85129394080676	-44.71559906,37.91477272727273,-122.84227294503484	-44.482624054,37.91477272727273,-122.83325194926293	-42.692211151,37.91477272727273,-122.82423095349101	-40.82144928,37.91477272727273,-122.8152099577191	-38.565105438,37.91477272727273,-122.8061889619472	-36.130889893,37.91477272727273,-122.79716796617528	-33.559337616,37.91477272727273,-122.78814697040337	-30.427167892,37.91477272727273,-122.77912597463147	-25.025634766,37.91477272727273,-122.77010497885955	-22.837553024,37.91477272727273,-122.76108398308764	-17.445884705,37.91477272727273,-122.75206298731574	-9.390974998,37.91477272727273,-122.74304199154382	-1.600000024,37.91477272727273,-122.73402099577191	56.232467651,37.91477272727273,-122.72500000000001	52.959266663,37.91477272727273,-122.71597900422809	71.86933136,37.91477272727273,-122.70695800845618	52.011623383,37.91477272727273,-122.69793701268428	2.084654093,37.91477272727273,-122.68891601691236	1.621210217,37.91477272727273,-122.67989502114045	1.208784819,37.91477272727273,-122.67087402536855	22.930250168,37.91477272727273,-122.66185302959663	148.857315063,37.91477272727273,-122.65283203382472	135.277511597,37.91477272727273,-122.64381103805282	485.101104736,37.91477272727273,-122.6347900422809	607.16809082,37.91477272727273,-122.62576904650899	618.606140137,37.91477272727273,-122.61674805073709	642.077636719,37.91477272727273,-122.60772705496517	457.848358154,37.91477272727273,-122.59870605919326	380.52947998,37.91477272727273,-122.58968506342136	353.066497803,37.91477272727273,-122.58066406764944	193.884017944,37.91477272727273,-122.57164307187753	126.738586426,37.91477272727273,-122.56262207610563	83.372932434,37.91477272727273,-122.5536010803337	189.124954224,37.91477272727273,-122.5445800845618	56.730739594,37.91477272727273,-122.5355590887899	80.306343079,37.91477272727273,-122.52653809301798	91.116600037,37.91477272727273,-122.51751709724607	2.875501156,37.91477272727273,-122.50849610147417	99.446212769,37.91477272727273,-122.49947510570225	85.268165588,37.91477272727273,-122.49045410993034	61.858448029,37.91477272727273,-122.48143311415843	-0.300000012,37.91477272727273,-122.47241211838652	-5.397508144,37.91477272727273,-122.46339112261461	-9.741663933,37.91477272727273,-122.4543701268427	-11.951169968,37.91477272727273,-122.44534913107078	-10.031405449,37.91477272727273,-122.43632813529888	-7.069628239,37.91477272727273,-122.42730713952696	-0.300000012,37.91477272727273,-122.41828614375505	-8.848148346,37.91477272727273,-122.40926514798315	-2.166334152,37.91477272727273,-122.40024415221123
-80.025352478,37.90863636363637,-123.04972876102548	-74.259300232,37.90863636363637,-123.04070851766366	-75.465118408,37.90863636363637,-123.03168827430184	-73.991043091,37.90863636363637,-123.02266803094003	-71.394325256,37.90863636363637,-123.01364778757821	-69.267539978,37.90863636363637,-123.00462754421639	-69.44683075,37.90863636363637,-122.99560730085456	-67.500778198,37.90863636363637,-122.98658705749274	-68.353240967,37.90863636363637,-122.97756681413092	-67.622360229,37.90863636363637,-122.9685465707691	-66.74861145,37.90863636363637,-122.95952632740729	-65.77255249,37.90863636363637,-122.95050608404547	-64.604759216,37.90863636363637,-122.94148584068365	-61.821628571,37.90863636363637,-122.93246559732184	-60.491645813,37.90863636363637,-122.92344535396002	-59.800022125,37.90863636363637,-122.9144251105982	-57.713294983,37.90863636363637,-122.90540486723638	-57.007389069,37.90863636363637,-122.89638462387455	-56.146915436,37.90863636363637,-122.88736438051274	-54.568519592,37.90863636363637,-122.87834413715092	-52.824466705,37.90863636363637,-122.8693238937891	-50.989383698,37.90863636363637,-122.86030365042728	-47.235168457,37.90863636363637,-122.85128340706547	-45.230396271,37.90863636363637,-122.84226316370365	-43.882896423,37.90863636363637,-122.83324292034183	-43.921550751,37.90863636363637,-122.82422267698001	-41.960521698,37.90863636363637,-122.8152024336182	-39.848964691,37.90863636363637,-122.80618219025637	-37.433418274,37.90863636363637,-122.79716194689455	-35.189872742,37.90863636363637,-122.78814170353273	-31.278598785,37.90863636363637,-122.77912146017091	-28.27494812,37.90863636363637,-122.7701012168091	-24.06170845,37.90863636363637,-122.76108097344728	-19.101713181,37.90863636363637,-122.75206073008546	-12.924137115,37.90863636363637,-122.74304048672364	-1.600000024,37.90863636363637,-122.73402024336183	38.985061646,37.90863636363637,-122.72500000000001	48.18245697,37.90863636363637,-122.71597975663819	40.053459167,37.90863636363637,-122.70695951327636	57.602119446,37.90863636363637,-122.69793926991454	43.415748596,37.90863636363637,-122.68891902655272	1.755575418,37.90863636363637,-122.67989878319091	3.614793539,37.90863636363637,-122.67087853982909	3.493009329,37.90863636363637,-122.66185829646727	6.489913464,37.90863636363637,-122.65283805310546	190.798919678,37.90863636363637,-122.64381780974364	285.987976074,37.90863636363637,-122.63479756638182	504.931121826,37.90863636363637,-122.62577732302	613.668823242,37.90863636363637,-122.61675707965819	608.95715332,37.90863636363637,-122.60773683629635	345.354156494,37.90863636363637,-122.59871659293454	285.097869873,37.90863636363637,-122.58969634957272	171.713226318,37.90863636363637,-122.5806761062109	223.74836731,37.90863636363637,-122.57165586284908	89.940597534,37.90863636363637,-122.56263561948727	74.304740906,37.90863636363637,-122.55361537612545	99.645454407,37.90863636363637,-122.54459513276363	54.632469177,37.90863636363637,-122.53557488940181	27.036153793,37.90863636363637,-122.52655464604	48.814468384,37.90863636363637,-122.51753440267818	79.261199951,37.90863636363637,-122.50851415931635	66.47341156,37.90863636363637,-122.49949391595453	127.24030304,37.90863636363637,-122.49047367259271	85.219741821,37.90863636363637,-122.4814534292309	-0.300000012,37.90863636363637,-122.47243318586908	-0.300000012,37.90863636363637,-122.46341294250726	-9.079586029,37.90863636363637,-122.45439269914544	-13.893422127,37.90863636363637,-122.44537245578363	-10.894062996,37.90863636363637,-122.43635221242181	-7.473215103,37.90863636363637,-122.42733196905999	-8.945532799,37.90863636363637,-122.41831172569817	-7.253919125,37.90863636363637,-122.40929148233634	-8.954379082,37.90863636363637,-122.40027123897453
-79.946334839,37.9025,-123.04970168250436	-80.777015686,37.9025,-123.04068219132368	-78.464782715,37.9025,-123.03166270014302	-76.302490234,37.9025,-123.02264320896234	-73.860137939,37.9025,-123.01362371778166	-73.01966095,37.9025,-123.00460422660097	-71.143615723,37.9025,-122.99558473542031	-71.236991882,37.9025,-122.98656524423963	-72.25213623,37.9025,-122.97754575305895	-70.049629211,37.9025,-122.96852626187827	-68.3515625,37.9025,-122.9595067706976	-67.586013794,37.9025,-122.95048727951692	-65.637763977,37.9025,-122.94146778833624	-64.028511047,37.9025,-122.93244829715556	-62.523826599,37.9025,-122.9234288059749	-60.686717987,37.9025,-122.91440931479421	-60.237007141,37.9025,-122.90538982361353	-57.042743683,37.9025,-122.89637033243285	-55.601680756,37.9025,-122.88735084125219	-55.885112762,37.9025,-122.8783313500715	-53.636440277,37.9025,-122.86931185889082	-50.051445007,37.9025,-122.86029236771016	-48.205883026,37.9025,-122.85127287652948	-46.519699097,37.9025,-122.8422533853488	-44.536018372,37.9025,-122.83323389416812	-44.042453766,37.9025,-122.82421440298745	-43.099414825,37.9025,-122.81519491180677	-41.192066193,37.9025,-122.80617542062609	-38.639461517,37.9025,-122.79715592944541	-36.246994019,37.9025,-122.78813643826474	-33.608528137,37.9025,-122.77911694708406	-28.70558548,37.9025,-122.77009745590338	-27.296451569,37.9025,-122.7610779647227	-20.173454285,37.9025,-122.75205847354204	-17.521261215,37.9025,-122.74303898236136	-1.600000024,37.9025,-122.73401949118067	0.792070806,37.9025,-122.72500000000001	20.043497086,37.9025,-122.71598050881933	53.332149506,37.9025,-122.70696101763865	56.882698059,37.9025,-122.69794152645797	0.039999977,37.9025,-122.6889220352773	-1.600000024,37.9025,-122.67990254409662	-1.600000024,37.9025,-122.67088305291594	-1.600000024,37.9025,-122.66186356173526	1.123038888,37.9025,-122.6528440705546	75.181907654,37.9025,-122.64382457937391	120.359901428,37.9025,-122.63480508819323	384.945861816,37.9025,-122.62578559701255	475.658355713,37.9025,-122.61676610583189	379.437286377,37.9025,-122.6077466146512	385.887420654,37.9025,-122.59872712347052	154.475326538,37.9025,-122.58970763228984	114.029556274,37.9025,-122.58068814110918	229.813339233,37.9025,-122.5716686499285	195.052093506,37.9025,-122.56264915874782	109.836303711,37.9025,-122.55362966756715	57.094451904,37.9025,-122.54461017638647	12.937882423,37.9025,-122.53559068520579	3.249350786,37.9025,-122.52657119402511	9.993764877,37.9025,-122.51755170284444	52.384498596,37.9025,-122.50853221166376	7.862667561,37.9025,-122.49951272048308	42.322952271,37.9025,-122.4904932293024	43.913131714,37.9025,-122.48147373812174	14.070774078,37.9025,-122.47245424694106	-0.300000012,37.9025,-122.46343475576037	-9.136528969,37.9025,-122.4544152645797	-13.841809273,37.9025,-122.44539577339903	-12.25041008,37.9025,-122.43637628221835	-9.549323082,37.9025,-122.42735679103767	-9.381197929,37.9025,-122.41833729985699	-6.310728073,37.9025,-122.40931780867632	-7.269627571,37.9025,-122.40029831749564
-88.780456543,37.89636363636364,-123.04967461222274	-81.69203949,37.89636363636364,-123.04065587299434	-80.372703552,37.89636363636364,-123.03163713376593	-77.088363647,37.89636363636364,-123.02261839453752	-76.575698853,37.89636363636364,-123.01359965530911	-72.838676453,37.89636363636364,-123.0045809160807	-73.725852966,37.89636363636364,-122.99556217685229	-74.902557373,37.89636363636364,-122.98654343762388	-73.026138306,37.89636363636364,-122.97752469839547	-71.060386658,37.89636363636364,-122.96850595916706	-69.364067078,37.89636363636364,-122.95948721993865	-67.731201172,37.89636363636364,-122.95046848071024	-65.864303589,37.89636363636364,-122.94144974148183	-65.395889282,37.89636363636364,-122.93243100225342	-63.884357452,37.89636363636364,-122.92341226302501	-61.767185211,37.89636363636364,-122.9143935237966	-59.602832794,37.89636363636364,-122.9053747845682	-57.254390717,37.89636363636364,-122.89635604533979	-55.751731873,37.89636363636364,-122.88733730611138	-54.883525848,37.89636363636364,-122.87831856688297	-53.705623627,37.89636363636364,-122.86929982765454	-50.62795639,37.89636363636364,-122.86028108842613	-49.324813843,37.89636363636364,-122.85126234919773	-47.47661972,37.89636363636364,-122.84224360996932	-46.377696991,37.89636363636364,-122.8332248707409	-42.360744476,37.89636363636364,-122.8242061315125	-41.977649689,37.89636363636364,-122.81518739228409	-42.439842224,37.89636363636364,-122.80616865305568	-40.468261719,37.89636363636364,-122.79714991382727	-38.041481018,37.89636363636364,-122.78813117459886	-35.862518311,37.89636363636364,-122.77911243537045	-29.82261467,37.89636363636364,-122.77009369614204	-28.902832031,37.89636363636364,-122.76107495691363	-23.53128624,37.89636363636364,-122.75205621768522	-18.912303925,37.89636363636364,-122.74303747845681	-15.746376991,37.89636363636364,-122.7340187392284	-10.785847664,37.89636363636364,-122.725	-1.600000024,37.89636363636364,-122.71598126077158	34.853755951,37.89636363636364,-122.70696252154318	-0.380000025,37.89636363636364,-122.69794378231477	-1.600000024,37.89636363636364,-122.68892504308636	-6.762761116,37.89636363636364,-122.67990630385795	-1.600000024,37.89636363636364,-122.67088756462954	-11.332322121,37.89636363636364,-122.66186882540113	-11.162041664,37.89636363636364,-122.65285008617272	-1.600000024,37.89636363636364,-122.64383134694431	59.893390656,37.89636363636364,-122.6348126077159	250.203491211,37.89636363636364,-122.62579386848749	330.606933594,37.89636363636364,-122.61677512925908	422.850219727,37.89636363636364,-122.60775639003067	352.710296631,37.89636363636364,-122.59873765080226	294.364685059,37.89636363636364,-122.58971891157385	173.639282227,37.89636363636364,-122.58070017234544	157.68359375,37.89636363636364,-122.57168143311704	235.720108032,37.89636363636364,-122.56266269388863	115.023330688,37.89636363636364,-122.55364395466022	21.346996307,37.89636363636364,-122.54462521543181	3.387055159,37.89636363636364,-122.5356064762034	3.176618338,37.89636363636364,-122.52658773697497	20.913799286,37.89636363636364,-122.51756899774657	52.544574738,37.89636363636364,-122.50855025851816	-0.300000012,37.89636363636364,-122.49953151928975	4.478898048,37.89636363636364,-122.49051278006134	27.361467361,37.89636363636364,-122.48149404083293	116.855941772,37.89636363636364,-122.47247530160452	65.30884552,37.89636363636364,-122.46345656237611	-0.300000012,37.89636363636364,-122.4544378231477	-20.459531784,37.89636363636364,-122.44541908391929	-15.66254425,37.89636363636364,-122.43640034469088	-13.163984299,37.89636363636364,-122.42738160546247	-10.890554428,37.89636363636364,-122.41836286623406	-6.121038914,37.89636363636364,-122.40934412700565	-7.786591053,37.89636363636364,-122.40032538777724
-88.256530762,37.89022727272727,-123.04964755017795	-83.344314575,37.89022727272727,-123.040629562673	-81.268547058,37.89022727272727,-123.03161157516807	-78.370735168,37.89022727272727,-123.02259358766312	-78.498901367,37.89022727272727,-123.01357560015818	-78.436950684,37.89022727272727,-123.00455761265323	-75.894439697,37.89022727272727,-122.9955396251483	-75.959121704,37.89022727272727,-122.98652163764335	-73.539497375,37.89022727272727,-122.9775036501384	-71.470664978,37.89022727272727,-122.96848566263347	-69.902122498,37.89022727272727,-122.95946767512852	-68.087219238,37.89022727272727,-122.95044968762357	-67.267280579,37.89022727272727,-122.94143170011863	-66.472229004,37.89022727272727,-122.9324137126137	-65.30896759,37.89022727272727,-122.92339572510875	-62.36283493,37.89022727272727,-122.9143777376038	-61.159793854,37.89022727272727,-122.90535975009885	-58.390628815,37.89022727272727,-122.89634176259392	-56.551849365,37.89022727272727,-122.88732377508897	-54.94278717,37.89022727272727,-122.87830578758403	-54.40436554,37.89022727272727,-122.86928780007909	-51.149581909,37.89022727272727,-122.86026981257415	-49.887786865,37.89022727272727,-122.8512518250692	-49.159534454,37.89022727272727,-122.84223383756425	-45.727695465,37.89022727272727,-122.83321585005932	-45.278022766,37.89022727272727,-122.82419786255437	-43.224143982,37.89022727272727,-122.81517987504942	-41.859924316,37.89022727272727,-122.80616188754449	-40.083583832,37.89022727272727,-122.79714390003954	-39.921821594,37.89022727272727,-122.7881259125346	-37.3670578,37.89022727272727,-122.77910792502965	-34.819618225,37.89022727272727,-122.77008993752472	-30.486246109,37.89022727272727,-122.76107195001977	-27.865343094,37.89022727272727,-122.75205396251482	-22.164615631,37.89022727272727,-122.74303597500987	-17.02696991,37.89022727272727,-122.73401798750494	-11.417115211,37.89022727272727,-122.725	-1.600000024,37.89022727272727,-122.71598201249505	-1.600000024,37.89022727272727,-122.70696402499011	-1.600000024,37.89022727272727,-122.69794603748517	-5.980312824,37.89022727272727,-122.68892804998022	-9.714189529,37.89022727272727,-122.67991006247527	-12.080523491,37.89022727272727,-122.67089207497034	-13.690508842,37.89022727272727,-122.66187408746539	-14.469417572,37.89022727272727,-122.65285609996045	-1.600000024,37.89022727272727,-122.64383811245551	-1.600000024,37.89022727272727,-122.63482012495056	183.587966919,37.89022727272727,-122.62580213744562	284.362030029,37.89022727272727,-122.61678414994067	307.66784668,37.89022727272727,-122.60776616243574	340.870758057,37.89022727272727,-122.59874817493079	189.005905151,37.89022727272727,-122.58973018742584	166.095703125,37.89022727272727,-122.5807121999209	91.998130798,37.89022727272727,-122.57169421241596	98.907150269,37.89022727272727,-122.56267622491102	258.989257812,37.89022727272727,-122.55365823740607	142.127471924,37.89022727272727,-122.54464024990114	91.791389465,37.89022727272727,-122.53562226239619	2.461956024,37.89022727272727,-122.52660427489124	2.361691236,37.89022727272727,-122.5175862873863	41.672042847,37.89022727272727,-122.50856829988136	0.001584013,37.89022727272727,-122.49955031237641	-0.300000012,37.89022727272727,-122.49053232487147	11.106498718,37.89022727272727,-122.48151433736653	71.884963989,37.89022727272727,-122.47249634986159	189.414794922,37.89022727272727,-122.46347836235664	98.817024231,37.89022727272727,-122.45446037485169	-0.300000012,37.89022727272727,-122.44544238734676	-0.300000012,37.89022727272727,-122.43642439984181	-17.620286942,37.89022727272727,-122.42740641233686	-13.757957458,37.89022727272727,-122.41838842483192	-7.148839951,37.89022727272727,-122.40937043732698	-7.003020287,37.89022727272727,-122.40035244982204
-87.391410828,37.884090909090915,-123.04962049636731	-86.019737244,37.884090909090915,-123.0406032603571	-83.06817627,37.884090909090915,-123.03158602434691	-79.767166138,37.884090909090915,-123.0225687883367	-81.657180786,37.884090909090915,-123.0135515523265	-78.028320312,37.884090909090915,-123.0045343163163	-78.018157959,37.884090909090915,-122.99551708030609	-76.497161865,37.884090909090915,-122.98649984429589	-74.846443176,37.884090909090915,-122.97748260828568	-72.752967834,37.884090909090915,-122.96846537227549	-71.184234619,37.884090909090915,-122.95944813626528	-69.874954224,37.884090909090915,-122.95043090025509	-68.565185547,37.884090909090915,-122.94141366424488	-67.12701416,37.884090909090915,-122.93239642823467	-65.776824951,37.884090909090915,-122.92337919222447	-63.396152496,37.884090909090915,-122.91436195621426	-61.975875854,37.884090909090915,-122.90534472020407	-58.776569366,37.884090909090915,-122.89632748419386	-56.64188385,37.884090909090915,-122.88731024818365	-55.628074646,37.884090909090915,-122.87829301217346	-54.617618561,37.884090909090915,-122.86927577616325	-52.683322906,37.884090909090915,-122.86025854015305	-52.392459869,37.884090909090915,-122.85124130414285	-49.290534973,37.884090909090915,-122.84222406813265	-48.068107605,37.884090909090915,-122.83320683212244	-46.494560242,37.884090909090915,-122.82418959611223	-44.129379272,37.884090909090915,-122.81517236010204	-41.974868774,37.884090909090915,-122.80615512409183	-41.362003326,37.884090909090915,-122.79713788808164	-41.322166443,37.884090909090915,-122.78812065207143	-39.094158173,37.884090909090915,-122.77910341606122	-36.37600708,37.884090909090915,-122.77008618005102	-33.402137756,37.884090909090915,-122.76106894404082	-30.214151382,37.884090909090915,-122.75205170803062	-27.043800354,37.884090909090915,-122.74303447202041	0.0,37.884090909090915,-122.73401723601022	-16.855480194,37.884090909090915,-122.72500000000001	-11.84226799,37.884090909090915,-122.7159827639898	-8.614151955,37.884090909090915,-122.7069655279796	-7.808135033,37.884090909090915,-122.6979482919694	-8.60174942,37.884090909090915,-122.6889310559592	-13.049861908,37.884090909090915,-122.679913819949	-14.465648651,37.884090909090915,-122.67089658393878	-15.501932144,37.884090909090915,-122.66187934792859	-15.986875534,37.884090909090915,-122.65286211191838	-1.600000024,37.884090909090915,-122.64384487590819	-11.580050468,37.884090909090915,-122.63482763989798	91.61125946,37.884090909090915,-122.62581040388778	202.36289978,37.884090909090915,-122.61679316787757	162.120635986,37.884090909090915,-122.60777593186737	235.468032837,37.884090909090915,-122.59875869585717	252.19581604,37.884090909090915,-122.58974145984696	103.37890625,37.884090909090915,-122.58072422383677	25.735044479,37.884090909090915,-122.57170698782656	105.844223022,37.884090909090915,-122.56268975181635	181.858795166,37.884090909090915,-122.55367251580616	50.103076935,37.884090909090915,-122.54465527979595	80.939880371,37.884090909090915,-122.53563804378575	32.811351776,37.884090909090915,-122.52662080777554	0.440286428,37.884090909090915,-122.51760357176535	15.940977097,37.884090909090915,-122.50858633575514	-0.300000012,37.884090909090915,-122.49956909974493	-0.300000012,37.884090909090915,-122.49055186373474	-0.300000012,37.884090909090915,-122.48153462772453	3.252452612,37.884090909090915,-122.47251739171433	41.704971313,37.884090909090915,-122.46350015570412	123.162109375,37.884090909090915,-122.45448291969392	57.258361816,37.884090909090915,-122.44546568368372	-0.300000012,37.884090909090915,-122.43644844767351	-20.479536057,37.884090909090915,-122.42743121166332	-14.127883911,37.884090909090915,-122.41841397565311	-10.547935486,37.884090909090915,-122.40939673964292	-5.893694878,37.884090909090915,-122.4003795036327
-88.118835449,37.87795454545455,-123.04959345078811	-86.030899048,37.87795454545455,-123.040576966044	-82.945877075,37.87795454545455,-123.03156048129988	-82.512458801,37.87795454545455,-123.02254399655577	-81.63936615,37.87795454545455,-123.01352751181165	-78.761398315,37.87795454545455,-123.00451102706754	-79.162620544,37.87795454545455,-122.99549454232343	-76.960998535,37.87795454545455,-122.9864780575793	-75.172157288,37.87795454545455,-122.9774615728352	-73.379165649,37.87795454545455,-122.96844508809109	-72.646430969,37.87795454545455,-122.95942860334696	-71.275657654,37.87795454545455,-122.95041211860286	-69.336448669,37.87795454545455,-122.94139563385873	-68.393173218,37.87795454545455,-122.93237914911462	-66.328193665,37.87795454545455,-122.92336266437052	-63.94171524,37.87795454545455,-122.91434617962639	-61.760623932,37.87795454545455,-122.90532969488228	-58.458618164,37.87795454545455,-122.89631321013817	-57.382675171,37.87795454545455,-122.88729672539405	-56.380001068,37.87795454545455,-122.87828024064994	-54.933017731,37.87795454545455,-122.86926375590582	-52.977497101,37.87795454545455,-122.86024727116171	-52.151260376,37.87795454545455,-122.8512307864176	-51.061992645,37.87795454545455,-122.84221430167348	-49.370063782,37.87795454545455,-122.83319781692937	-47.798469543,37.87795454545455,-122.82418133218526	-45.260810852,37.87795454545455,-122.81516484744114	-42.996868134,37.87795454545455,-122.80614836269703	-43.779335022,37.87795454545455,-122.7971318779529	-42.212539673,37.87795454545455,-122.7881153932088	-40.719818115,37.87795454545455,-122.77909890846469	-38.282814026,37.87795454545455,-122.77008242372057	-35.369094849,37.87795454545455,-122.76106593897646	-32.767528534,37.87795454545455,-122.75204945423235	-29.38914299,37.87795454545455,-122.74303296948823	0.0,37.87795454545455,-122.73401648474412	-20.205574036,37.87795454545455,-122.725	-16.002445221,37.87795454545455,-122.71598351525589	-8.844854355,37.87795454545455,-122.70696703051178	-11.138179779,37.87795454545455,-122.69795054576765	-11.190271378,37.87795454545455,-122.68893406102355	-13.87874794,37.87795454545455,-122.67991757627944	-16.874614716,37.87795454545455,-122.67090109153531	-17.048870087,37.87795454545455,-122.6618846067912	-17.295578003,37.87795454545455,-122.65286812204708	-17.80024147,37.87795454545455,-122.64385163730297	-16.34167099,37.87795454545455,-122.63483515255886	-1.600000024,37.87795454545455,-122.62581866781474	46.856048584,37.87795454545455,-122.61680218307063	57.737812042,37.87795454545455,-122.60778569832652	123.946670532,37.87795454545455,-122.5987692135824	85.559120178,37.87795454545455,-122.58975272883829	22.072561264,37.87795454545455,-122.58073624409417	118.407691956,37.87795454545455,-122.57171975935006	196.370132446,37.87795454545455,-122.56270327460595	195.001876831,37.87795454545455,-122.55368678986183	52.552921295,37.87795454545455,-122.54467030511772	15.407212257,37.87795454545455,-122.53565382037361	2.180955887,37.87795454545455,-122.52663733562949	50.705104828,37.87795454545455,-122.51762085088538	-0.058654804,37.87795454545455,-122.50860436614126	-0.300000012,37.87795454545455,-122.49958788139715	-0.300000012,37.87795454545455,-122.49057139665304	-0.300000012,37.87795454545455,-122.48155491190892	9.351775169,37.87795454545455,-122.4725384271648	2.5636127,37.87795454545455,-122.4635219424207	54.113323212,37.87795454545455,-122.45450545767658	41.452590942,37.87795454545455,-122.44548897293247	-0.300000012,37.87795454545455,-122.43647248818834	-0.300000012,37.87795454545455,-122.42745600344423	-0.300000012,37.87795454545455,-122.41843951870013	-12.335339546,37.87795454545455,-122.409423033956	-7.39146471,37.87795454545455,-122.4004065492119
-87.615539551,37.871818181818185,-123.0495664134377	-84.28717041,37.871818181818185,-123.0405506797311	-85.379638672,37.871818181818185,-123.0315349460245	-82.739555359,37.871818181818185,-123.02251921231789	-81.594596863,37.871818181818185,-123.0135034786113	-79.61328125,37.871818181818185,-123.0044877449047	-78.814727783,37.871818181818185,-122.99547201119809	-78.097198486,37.871818181818185,-122.98645627749148	-75.359176636,37.871818181818185,-122.97744054378488	-73.588607788,37.871818181818185,-122.96842481007828	-73.39466095,37.871818181818185,-122.95940907637167	-72.600189209,37.871818181818185,-122.95039334266507	-70.60256958,37.871818181818185,-122.94137760895848	-68.608291626,37.871818181818185,-122.93236187525187	-65.755844116,37.871818181818185,-122.92334614154527	-63.177703857,37.871818181818185,-122.91433040783866	-61.658344269,37.871818181818185,-122.90531467413206	-59.37771225,37.871818181818185,-122.89629894042545	-58.452388763,37.871818181818185,-122.88728320671885	-56.910861969,37.871818181818185,-122.87826747301226	-54.847145081,37.871818181818185,-122.86925173930565	-53.874591827,37.871818181818185,-122.86023600559905	-54.362129211,37.871818181818185,-122.85122027189244	-51.656867981,37.871818181818185,-122.84220453818584	-50.358196259,37.871818181818185,-122.83318880447924	-47.390605927,37.871818181818185,-122.82417307077263	-46.394050598,37.871818181818185,-122.81515733706604	-45.679157257,37.871818181818185,-122.80614160335944	-45.206802368,37.871818181818185,-122.79712586965283	-42.117446899,37.871818181818185,-122.78811013594623	-41.559513092,37.871818181818185,-122.77909440223962	-39.698127747,37.871818181818185,-122.77007866853302	-37.674285889,37.871818181818185,-122.76106293482641	-35.651321411,37.871818181818185,-122.75204720111981	-32.452701569,37.871818181818185,-122.74303146741322	-27.913951874,37.871818181818185,-122.73401573370661	-24.403993607,37.871818181818185,-122.72500000000001	-20.328706741,37.871818181818185,-122.7159842662934	-16.998109818,37.871818181818185,-122.7069685325868	-11.863189697,37.871818181818185,-122.6979527988802	-15.891017914,37.871818181818185,-122.68893706517359	-16.839048386,37.871818181818185,-122.679921331467	-18.988140106,37.871818181818185,-122.6709055977604	-18.177959442,37.871818181818185,-122.66188986405379	-18.339004517,37.871818181818185,-122.65287413034719	-18.833223343,37.871818181818185,-122.64385839664058	-18.79214859,37.871818181818185,-122.63484266293398	-1.600000024,37.871818181818185,-122.62582692922737	-1.600000024,37.871818181818185,-122.61681119552077	-0.957864285,37.871818181818185,-122.60779546181418	-1.600000024,37.871818181818185,-122.59877972810757	151.512008667,37.871818181818185,-122.58976399440097	44.54296875,37.871818181818185,-122.58074826069436	213.029586792,37.871818181818185,-122.57173252698776	92.593322754,37.871818181818185,-122.56271679328115	284.134735107,37.871818181818185,-122.55370105957455	199.810379028,37.871818181818185,-122.54468532586796	144.707382202,37.871818181818185,-122.53566959216136	6.041228771,37.871818181818185,-122.52665385845475	79.152572632,37.871818181818185,-122.51763812474815	2.463895559,37.871818181818185,-122.50862239104154	-0.300000012,37.871818181818185,-122.49960665733494	-0.300000012,37.871818181818185,-122.49059092362833	-0.300000012,37.871818181818185,-122.48157518992173	-0.300000012,37.871818181818185,-122.47255945621514	2.817044497,37.871818181818185,-122.46354372250853	-0.300000012,37.871818181818185,-122.45452798880193	-0.300000012,37.871818181818185,-122.44551225509532	-0.300000012,37.871818181818185,-122.43649652138872	-0.300000012,37.871818181818185,-122.42748078768211	-0.300000012,37.871818181818185,-122.41846505397551	-14.858948708,37.871818181818185,-122.40944932026892	-11.772468567,37.871818181818185,-122.40043358656231
-87.768463135,37.86568181818182,-123.04953938431339	-85.616928101,37.86568181818182,-123.0405244014158	-85.187301636,37.86568181818182,-123.0315094185182	-82.769699097,37.86568181818182,-123.02249443562062	-81.637634277,37.86568181818182,-123.01347945272302	-80.307411194,37.86568181818182,-123.00446446982542	-78.591018677,37.86568181818182,-122.99544948692782	-78.46320343,37.86568181818182,-122.98643450403023	-75.584289551,37.86568181818182,-122.97741952113263	-74.614631653,37.86568181818182,-122.96840453823505	-74.461349487,37.86568181818182,-122.95938955533745	-73.140625,37.86568181818182,-122.95037457243986	-70.012283325,37.86568181818182,-122.94135958954226	-67.613929749,37.86568181818182,-122.93234460664466	-64.283477783,37.86568181818182,-122.92332962374708	-62.462905884,37.86568181818182,-122.91431464084948	-61.861091614,37.86568181818182,-122.90529965795189	-60.43837738,37.86568181818182,-122.89628467505429	-57.866485596,37.86568181818182,-122.88726969215669	-54.924095154,37.86568181818182,-122.8782547092591	-55.033466339,37.86568181818182,-122.86923972636151	-54.826747894,37.86568181818182,-122.86022474346392	-53.771598816,37.86568181818182,-122.85120976056632	-52.797840118,37.86568181818182,-122.84219477766872	-49.281745911,37.86568181818182,-122.83317979477113	-47.524017334,37.86568181818182,-122.82416481187354	-47.620491028,37.86568181818182,-122.81514982897595	-47.31293869,37.86568181818182,-122.80613484607835	-44.149147034,37.86568181818182,-122.79711986318075	-44.040084839,37.86568181818182,-122.78810488028316	-42.554702759,37.86568181818182,-122.77908989738556	-40.20697403,37.86568181818182,-122.77007491448798	-38.740814209,37.86568181818182,-122.76105993159038	-36.985031128,37.86568181818182,-122.75204494869278	-34.902664185,37.86568181818182,-122.74302996579519	-32.320343018,37.86568181818182,-122.73401498289759	-27.873006821,37.86568181818182,-122.72500000000001	-24.49782753,37.86568181818182,-122.71598501710241	-20.128097534,37.86568181818182,-122.70697003420482	-17.562353134,37.86568181818182,-122.69795505130722	-19.566289902,37.86568181818182,-122.68894006840962	-16.454618454,37.86568181818182,-122.67992508551202	-21.043161392,37.86568181818182,-122.67091010261444	-20.228656769,37.86568181818182,-122.66189511971685	-20.242870331,37.86568181818182,-122.65288013681925	-20.21185112,37.86568181818182,-122.64386515392165	-19.963512421,37.86568181818182,-122.63485017102406	-19.038061142,37.86568181818182,-122.62583518812647	-17.82834816,37.86568181818182,-122.61682020522888	-16.528491974,37.86568181818182,-122.60780522233128	-1.600000024,37.86568181818182,-122.59879023943368	55.428230286,37.86568181818182,-122.58977525653609	57.140991211,37.86568181818182,-122.58076027363849	76.634292603,37.86568181818182,-122.5717452907409	41.01322937,37.86568181818182,-122.56273030784331	294.975891113,37.86568181818182,-122.55371532494571	213.451339722,37.86568181818182,-122.54470034204812	89.1276474,37.86568181818182,-122.53568535915052	120.751266479,37.86568181818182,-122.52667037625294	72.822494507,37.86568181818182,-122.51765539335534	69.890472412,37.86568181818182,-122.50864041045774	7.217330933,37.86568181818182,-122.49962542756015	-0.300000012,37.86568181818182,-122.49061044466255	-0.300000012,37.86568181818182,-122.48159546176495	-0.300000012,37.86568181818182,-122.47258047886737	17.20249176,37.86568181818182,-122.46356549596977	-0.300000012,37.86568181818182,-122.45455051307218	-0.300000012,37.86568181818182,-122.44553553017458	20.723031998,37.86568181818182,-122.43652054727698	143.859542847,37.86568181818182,-122.4275055643794	-0.300000012,37.86568181818182,-122.4184905814818	-21.199424744,37.86568181818182,-122.40947559858421	-16.807788849,37.86568181818182,-122.40046061568661
-86.99571991,37.859545454545454,-123.04951236341252	-85.644126892,37.859545454545454,-123.0404981310955	-84.336151123,37.859545454545454,-123.03148389877849	-83.15196991,37.859545454545454,-123.02246966646148	-82.117698669,37.859545454545454,-123.01345543414446	-80.604858398,37.859545454545454,-123.00444120182745	-79.944763184,37.859545454545454,-122.99542696951043	-76.796134949,37.859545454545454,-122.98641273719342	-76.064201355,37.859545454545454,-122.9773985048764	-75.033348083,37.859545454545454,-122.96838427255939	-72.391792297,37.859545454545454,-122.95937004024238	-71.108505249,37.859545454545454,-122.95035580792536	-68.449531555,37.859545454545454,-122.94134157560835	-65.926353455,37.859545454545454,-122.93232734329133	-64.331314087,37.859545454545454,-122.92331311097432	-63.973770142,37.859545454545454,-122.9142988786573	-62.464096069,37.859545454545454,-122.90528464634029	-60.384117126,37.859545454545454,-122.89627041402328	-56.634571075,37.859545454545454,-122.88725618170626	-56.451053619,37.859545454545454,-122.87824194938925	-56.195743561,37.859545454545454,-122.86922771707223	-54.869075775,37.859545454545454,-122.86021348475522	-54.326885223,37.859545454545454,-122.8511992524382	-52.823871613,37.859545454545454,-122.84218502012119	-50.066139221,37.859545454545454,-122.83317078780418	-49.197490692,37.859545454545454,-122.82415655548716	-47.612873077,37.859545454545454,-122.81514232317015	-46.95740509,37.859545454545454,-122.80612809085314	-46.214698792,37.859545454545454,-122.79711385853612	-44.174915314,37.859545454545454,-122.78809962621911	-42.000137329,37.859545454545454,-122.7790853939021	-41.507633209,37.859545454545454,-122.77007116158508	-38.742275238,37.859545454545454,-122.76105692926807	-37.598396301,37.859545454545454,-122.75204269695105	-35.587944031,37.859545454545454,-122.74302846463404	-33.341968536,37.859545454545454,-122.73401423231702	-32.024238586,37.859545454545454,-122.72500000000001	-28.830530167,37.859545454545454,-122.715985767683	-25.834402084,37.859545454545454,-122.70697153536598	-25.161874771,37.859545454545454,-122.69795730304897	-23.753559113,37.859545454545454,-122.68894307073195	-24.089916229,37.859545454545454,-122.67992883841494	-23.174404144,37.859545454545454,-122.67091460609792	-22.173706055,37.859545454545454,-122.66190037378091	-21.772504807,37.859545454545454,-122.6528861414639	-21.50161171,37.859545454545454,-122.64387190914688	-20.636232376,37.859545454545454,-122.63485767682987	-20.064546585,37.859545454545454,-122.62584344451285	-18.958095551,37.859545454545454,-122.61682921219584	-17.960033417,37.859545454545454,-122.60781497987882	-1.600000024,37.859545454545454,-122.59880074756181	-1.600000024,37.859545454545454,-122.5897865152448	9.801012993,37.859545454545454,-122.58077228292778	33.616325378,37.859545454545454,-122.57175805061077	170.821090698,37.859545454545454,-122.56274381829375	262.23815918,37.859545454545454,-122.55372958597674	91.891708374,37.859545454545454,-122.54471535365973	61.081130981,37.859545454545454,-122.53570112134271	168.412338257,37.859545454545454,-122.5266868890257	162.166229248,37.859545454545454,-122.51767265670867	185.450866699,37.859545454545454,-122.50865842439165	88.904281616,37.859545454545454,-122.49964419207464	31.20642662,37.859545454545454,-122.49062995975763	-0.300000012,37.859545454545454,-122.48161572744061	-0.300000012,37.859545454545454,-122.4726014951236	-0.300000012,37.859545454545454,-122.46358726280658	-0.300000012,37.859545454545454,-122.45457303048957	-0.300000012,37.859545454545454,-122.44555879817256	129.767349243,37.859545454545454,-122.43654456585554	118.160987854,37.859545454545454,-122.42753033353853	-0.2998631,37.859545454545454,-122.41851610122151	-0.272554278,37.859545454545454,-122.4095018689045	-22.251304626,37.859545454545454,-122.40048763658748
-86.889549255,37.853409090909096,-123.0494853507324	-85.005554199,37.853409090909096,-123.04047186876761	-84.023429871,37.853409090909096,-123.03145838680283	-83.576675415,37.853409090909096,-123.02244490483803	-82.250244141,37.853409090909096,-123.01343142287324	-80.695053101,37.853409090909096,-123.00441794090845	-79.357414246,37.853409090909096,-122.99540445894367	-76.680198669,37.853409090909096,-122.98639097697888	-76.173912048,37.853409090909096,-122.97737749501408	-74.35559845,37.853409090909096,-122.9683640130493	-71.767730713,37.853409090909096,-122.95935053108451	-70.218345642,37.853409090909096,-122.95033704911972	-68.02116394,37.853409090909096,-122.94132356715494	-66.209312439,37.853409090909096,-122.93231008519014	-65.539848328,37.853409090909096,-122.92329660322535	-64.586669922,37.853409090909096,-122.91428312126057	-62.176448822,37.853409090909096,-122.90526963929578	-58.533828735,37.853409090909096,-122.89625615733098	-57.394367218,37.853409090909096,-122.8872426753662	-56.628242493,37.853409090909096,-122.87822919340141	-56.046920776,37.853409090909096,-122.86921571143662	-54.706298828,37.853409090909096,-122.86020222947184	-54.862949371,37.853409090909096,-122.85118874750704	-54.483230591,37.853409090909096,-122.84217526554225	-51.86410141,37.853409090909096,-122.83316178357747	-50.917942047,37.853409090909096,-122.82414830161268	-48.412277222,37.853409090909096,-122.8151348196479	-47.037044525,37.853409090909096,-122.8061213376831	-45.672344208,37.853409090909096,-122.79710785571831	-43.780258179,37.853409090909096,-122.78809437375352	-43.316082001,37.853409090909096,-122.77908089178874	-40.647899628,37.853409090909096,-122.77006740982395	-40.03981781,37.853409090909096,-122.76105392785915	-38.406108856,37.853409090909096,-122.75204044589437	-35.985076904,37.853409090909096,-122.74302696392958	-34.279949188,37.853409090909096,-122.7340134819648	-32.579341888,37.853409090909096,-122.725	-30.918077469,37.853409090909096,-122.71598651803521	-29.520217896,37.853409090909096,-122.70697303607042	-28.574260712,37.853409090909096,-122.69795955410564	-26.589986801,37.853409090909096,-122.68894607214085	-25.969621658,37.853409090909096,-122.67993259017605	-25.012722015,37.853409090909096,-122.67091910821127	-23.95390892,37.853409090909096,-122.66190562624648	-23.062580109,37.853409090909096,-122.6528921442817	-22.727949142,37.853409090909096,-122.64387866231691	-21.572734833,37.853409090909096,-122.63486518035211	-20.406711578,37.853409090909096,-122.62585169838732	-19.7890625,37.853409090909096,-122.61683821642254	-18.628381729,37.853409090909096,-122.60782473445775	-17.944746017,37.853409090909096,-122.59881125249296	-17.442970276,37.853409090909096,-122.58979777052816	-1.600000024,37.853409090909096,-122.58078428856338	-1.600000024,37.853409090909096,-122.5717708065986	79.831123352,37.853409090909096,-122.56275732463381	207.805114746,37.853409090909096,-122.55374384266902	88.313201904,37.853409090909096,-122.54473036070422	129.268310547,37.853409090909096,-122.53571687873944	292.036804199,37.853409090909096,-122.52670339677465	185.085891724,37.853409090909096,-122.51768991480986	162.656600952,37.853409090909096,-122.50867643284508	257.09552002,37.853409090909096,-122.49966295088028	109.230323792,37.853409090909096,-122.49064946891549	74.581565857,37.853409090909096,-122.4816359869507	-0.300000012,37.853409090909096,-122.47262250498592	-27.642917633,37.853409090909096,-122.46360902302112	-0.300000012,37.853409090909096,-122.45459554105634	-0.300000012,37.853409090909096,-122.44558205909155	-0.300000012,37.853409090909096,-122.43656857712676	-0.300000012,37.853409090909096,-122.42755509516198	1.593644619,37.853409090909096,-122.41854161319718	-0.270624369,37.853409090909096,-122.40952813123239	-24.544733047,37.853409090909096,-122.4005146492676
-86.940437317,37.84727272727273,-123.04945834627037	-84.051391602,37.84727272727273,-123.04044561442953	-83.876251221,37.84727272727273,-123.03143288258869	-82.530151367,37.84727272727273,-123.02242015074783	-80.801696777,37.84727272727273,-123.013407418907	-79.864097595,37.84727272727273,-123.00439468706615	-78.569595337,37.84727272727273,-122.99538195522531	-77.796806335,37.84727272727273,-122.98636922338447	-76.801948547,37.84727272727273,-122.97735649154362	-73.806480408,37.84727272727273,-122.96834375970278	-72.074714661,37.84727272727273,-122.95933102786194	-69.714012146,37.84727272727273,-122.9503182960211	-67.784233093,37.84727272727273,-122.94130556418025	-67.50605011,37.84727272727273,-122.9322928323394	-65.73059845,37.84727272727273,-122.92328010049856	-63.581188202,37.84727272727273,-122.91426736865772	-59.026958466,37.84727272727273,-122.90525463681688	-58.849655151,37.84727272727273,-122.89624190497604	-58.232067108,37.84727272727273,-122.88722917313518	-56.657699585,37.84727272727273,-122.87821644129434	-55.980144501,37.84727272727273,-122.8692037094535	-54.962024689,37.84727272727273,-122.86019097761266	-56.436882019,37.84727272727273,-122.85117824577182	-54.639770508,37.84727272727273,-122.84216551393098	-53.542552948,37.84727272727273,-122.83315278209012	-51.019035339,37.84727272727273,-122.82414005024928	-49.146419525,37.84727272727273,-122.81512731840844	-47.407100677,37.84727272727273,-122.8061145865676	-45.591327667,37.84727272727273,-122.79710185472676	-44.817016602,37.84727272727273,-122.7880891228859	-42.108703613,37.84727272727273,-122.77907639104507	-40.668827057,37.84727272727273,-122.77006365920423	-39.957637787,37.84727272727273,-122.76105092736339	-35.69896698,37.84727272727273,-122.75203819552254	-36.136695862,37.84727272727273,-122.74302546368169	-34.433856964,37.84727272727273,-122.73401273184085	-33.062671661,37.84727272727273,-122.72500000000001	-31.690542221,37.84727272727273,-122.71598726815917	-30.212068558,37.84727272727273,-122.70697453631833	-29.171192169,37.84727272727273,-122.69796180447747	-28.300479889,37.84727272727273,-122.68894907263663	-26.788192749,37.84727272727273,-122.67993634079579	-25.541526794,37.84727272727273,-122.67092360895495	-24.894216537,37.84727272727273,-122.66191087711411	-24.276433945,37.84727272727273,-122.65289814527326	-23.431858063,37.84727272727273,-122.64388541343241	-22.17747879,37.84727272727273,-122.63487268159157	-20.743150711,37.84727272727273,-122.62585994975073	-20.012008667,37.84727272727273,-122.61684721790989	-19.312021255,37.84727272727273,-122.60783448606904	-18.090078354,37.84727272727273,-122.5988217542282	-17.892051697,37.84727272727273,-122.58980902238736	-17.312347412,37.84727272727273,-122.58079629054652	-1.600000024,37.84727272727273,-122.57178355870568	-1.600000024,37.84727272727273,-122.56277082686482	67.880455017,37.84727272727273,-122.55375809502398	16.882205963,37.84727272727273,-122.54474536318314	83.403442383,37.84727272727273,-122.5357326313423	198.986175537,37.84727272727273,-122.52671989950146	73.265563965,37.84727272727273,-122.51770716766062	104.512138367,37.84727272727273,-122.50869443581976	233.002029419,37.84727272727273,-122.49968170397892	288.263458252,37.84727272727273,-122.49066897213808	35.726558685,37.84727272727273,-122.48165624029724	-0.300000012,37.84727272727273,-122.4726435084564	-0.300000012,37.84727272727273,-122.46363077661555	-17.960393906,37.84727272727273,-122.4546180447747	-14.794027328,37.84727272727273,-122.44560531293386	-0.300000012,37.84727272727273,-122.43659258109302	-0.300000012,37.84727272727273,-122.42757984925218	-52.713871002,37.84727272727273,-122.41856711741133	-39.195091248,37.84727272727273,-122.40955438557049	-16.866930008,37.84727272727273,-122.40054165372965
-84.351982117,37.841136363636366,-123.04943135002374	-82.239944458,37.841136363636366,-123.04041936807863	-83.63407135,37.841136363636366,-123.03140738613354	-82.203742981,37.841136363636366,-123.02239540418843	-79.686103821,37.841136363636366,-123.01338342224332	-78.266052246,37.841136363636366,-123.00437144029821	-76.746078491,37.841136363636366,-122.99535945835312	-76.967247009,37.841136363636366,-122.98634747640801	-77.02381897,37.841136363636366,-122.9773354944629	-73.555747986,37.841136363636366,-122.9683235125178	-71.697525024,37.841136363636366,-122.9593115305727	-69.439529419,37.841136363636366,-122.9502995486276	-67.755828857,37.841136363636366,-122.94128756668249	-67.677314758,37.841136363636366,-122.93227558473738	-65.365219116,37.841136363636366,-122.92326360279229	-62.34160614,37.841136363636366,-122.91425162084718	-59.305316925,37.841136363636366,-122.90523963890207	-58.43277359,37.841136363636366,-122.89622765695697	-57.179046631,37.841136363636366,-122.88721567501187	-56.589542389,37.841136363636366,-122.87820369306677	-56.203090668,37.841136363636366,-122.86919171112166	-56.60742569,37.841136363636366,-122.86017972917655	-55.975524902,37.841136363636366,-122.85116774723146	-52.957263947,37.841136363636366,-122.84215576528635	-52.951129913,37.841136363636366,-122.83314378334124	-51.089027405,37.841136363636366,-122.82413180139613	-50.694564819,37.841136363636366,-122.81511981945104	-47.396808624,37.841136363636366,-122.80610783750593	-47.42678833,37.841136363636366,-122.79709585556083	-44.077587128,37.841136363636366,-122.78808387361572	-43.012420654,37.841136363636366,-122.77907189167063	-41.896614075,37.841136363636366,-122.77005990972552	-38.27576828,37.841136363636366,-122.76104792778041	-36.587696075,37.841136363636366,-122.7520359458353	-34.67572403,37.841136363636366,-122.74302396389021	-32.581954956,37.841136363636366,-122.7340119819451	-33.022224426,37.841136363636366,-122.725	-31.967895508,37.841136363636366,-122.71598801805489	-30.630746841,37.841136363636366,-122.7069760361098	-29.547010422,37.841136363636366,-122.69796405416469	-28.337301254,37.841136363636366,-122.68895207221958	-27.627851486,37.841136363636366,-122.67994009027447	-26.502052307,37.841136363636366,-122.67092810832938	-25.872205734,37.841136363636366,-122.66191612638427	-25.051094055,37.841136363636366,-122.65290414443916	-23.708044052,37.841136363636366,-122.64389216249405	-22.241418839,37.841136363636366,-122.63488018054896	-21.079101562,37.841136363636366,-122.62586819860385	-20.041542053,37.841136363636366,-122.61685621665875	-18.719404221,37.841136363636366,-122.60784423471364	-17.974720001,37.841136363636366,-122.59883225276855	-16.797227859,37.841136363636366,-122.58982027082344	-16.656539917,37.841136363636366,-122.58080828887833	-16.592424393,37.841136363636366,-122.57179630693322	-1.600000024,37.841136363636366,-122.56278432498813	-1.600000024,37.841136363636366,-122.55377234304302	213.924819946,37.841136363636366,-122.54476036109791	201.914840698,37.841136363636366,-122.5357483791528	144.777175903,37.841136363636366,-122.52673639720771	37.84828949,37.841136363636366,-122.5177244152626	145.124298096,37.841136363636366,-122.5087124333175	105.305519104,37.841136363636366,-122.49970045137239	154.272125244,37.841136363636366,-122.4906884694273	116.8878479,37.841136363636366,-122.48167648748219	-0.300000012,37.841136363636366,-122.47266450553708	-0.300000012,37.841136363636366,-122.46365252359197	-24.530309677,37.841136363636366,-122.45464054164688	-22.610013962,37.841136363636366,-122.44562855970177	-24.99703598,37.841136363636366,-122.43661657775667	-34.786949158,37.841136363636366,-122.42760459581156	-38.592243195,37.841136363636366,-122.41859261386647	-33.385501862,37.841136363636366,-122.40958063192136	-13.866774559,37.841136363636366,-122.40056864997625
-83.083190918,37.835,-123.04940436198987	-81.727706909,37.835,-123.04039312971237	-81.197166443,37.835,-123.03138189743488	-79.745147705,37.835,-123.02237066515738	-78.373130798,37.835,-123.01335943287988	-76.864852905,37.835,-123.0043482006024	-76.380180359,37.835,-122.99533696832489	-76.639221191,37.835,-122.98632573604739	-75.08278656,37.835,-122.9773145037699	-73.252571106,37.835,-122.9683032714924	-72.50252533,37.835,-122.95929203921492	-69.578872681,37.835,-122.95028080693741	-69.0834198,37.835,-122.94126957465991	-67.285987854,37.835,-122.93225834238243	-64.140007019,37.835,-122.92324711010492	-61.513614655,37.835,-122.91423587782742	-59.73538208,37.835,-122.90522464554994	-58.458557129,37.835,-122.89621341327243	-57.101348877,37.835,-122.88720218099493	-56.80764389,37.835,-122.87819094871745	-56.637733459,37.835,-122.86917971643994	-56.440555573,37.835,-122.86016848416244	-55.674617767,37.835,-122.85115725188496	-53.18390274,37.835,-122.84214601960745	-52.642917633,37.835,-122.83313478732997	-51.17350769,37.835,-122.82412355505247	-49.306446075,37.835,-122.81511232277497	-49.176029205,37.835,-122.80610109049748	-46.063373566,37.835,-122.79708985821998	-45.415992737,37.835,-122.78807862594248	-43.820106506,37.835,-122.77906739366499	-41.044101715,37.835,-122.77005616138749	-37.668640137,37.835,-122.76104492910999	-37.498073578,37.835,-122.7520336968325	-34.86019516,37.835,-122.743022464555	-36.108005524,37.835,-122.7340112322775	-33.661815643,37.835,-122.72500000000001	-30.709320068,37.835,-122.71598876772251	-30.935689926,37.835,-122.706977535445	-29.963821411,37.835,-122.69796630316752	-29.062232971,37.835,-122.68895507089002	-27.299768448,37.835,-122.67994383861253	-27.301944733,37.835,-122.67093260633503	-26.352298737,37.835,-122.66192137405753	-24.951694489,37.835,-122.65291014178004	-23.900434494,37.835,-122.64389890950254	-22.361860275,37.835,-122.63488767722504	-20.997991562,37.835,-122.62587644494755	-19.774427414,37.835,-122.61686521267005	-18.438892365,37.835,-122.60785398039255	-17.027959824,37.835,-122.59884274811506	-15.82016468,37.835,-122.58983151583756	-14.575929642,37.835,-122.58082028356006	-13.849799156,37.835,-122.57180905128257	-16.488712311,37.835,-122.56279781900507	-1.600000024,37.835,-122.55378658672758	60.389621735,37.835,-122.54477535445008	53.461784363,37.835,-122.53576412217258	64.601493835,37.835,-122.52675288989509	19.790205002,37.835,-122.51774165761759	41.806293488,37.835,-122.50873042534009	96.134025574,37.835,-122.4997191930626	276.187347412,37.835,-122.4907079607851	27.7022686,37.835,-122.4816967285076	35.048751831,37.835,-122.47268549623011	-0.306239188,37.835,-122.46367426395261	-31.271512985,37.835,-122.45466303167511	-25.362678528,37.835,-122.44565179939762	-27.765884399,37.835,-122.43664056712012	-30.757198334,37.835,-122.42762933484263	-28.095333099,37.835,-122.41861810256513	-18.976287842,37.835,-122.40960687028763	-14.813973427,37.835,-122.40059563801015
-81.774482727,37.828863636363636,-123.04937738216607	-79.377128601,37.828863636363636,-123.04036689932812	-79.675224304,37.828863636363636,-123.03135641649018	-78.419380188,37.828863636363636,-123.02234593365223	-77.407485962,37.828863636363636,-123.01333545081428	-75.698898315,37.828863636363636,-123.00432496797634	-76.605903625,37.828863636363636,-122.9953144851384	-75.928787231,37.828863636363636,-122.98630400230044	-74.258743286,37.828863636363636,-122.9772935194625	-72.001358032,37.828863636363636,-122.96828303662456	-71.798538208,37.828863636363636,-122.9592725537866	-69.941261292,37.828863636363636,-122.95026207094867	-68.560897827,37.828863636363636,-122.94125158811072	-65.941169739,37.828863636363636,-122.93224110527277	-62.88684845,37.828863636363636,-122.92323062243483	-61.882484436,37.828863636363636,-122.91422013959688	-59.807353973,37.828863636363636,-122.90520965675893	-58.41362381,37.828863636363636,-122.89619917392099	-57.589485168,37.828863636363636,-122.88718869108304	-58.308799744,37.828863636363636,-122.87817820824509	-56.73166275,37.828863636363636,-122.86916772540715	-56.713020325,37.828863636363636,-122.8601572425692	-54.83649826,37.828863636363636,-122.85114675973125	-53.453353882,37.828863636363636,-122.8421362768933	-52.472618103,37.828863636363636,-122.83312579405536	-51.056186676,37.828863636363636,-122.82411531121741	-49.414028168,37.828863636363636,-122.81510482837946	-48.168952942,37.828863636363636,-122.80609434554152	-47.440475464,37.828863636363636,-122.79708386270357	-45.573364258,37.828863636363636,-122.78807337986562	-44.205039978,37.828863636363636,-122.77906289702769	-42.03868866,37.828863636363636,-122.77005241418973	-39.045562744,37.828863636363636,-122.76104193135178	-36.68542099,37.828863636363636,-122.75203144851385	-35.205188751,37.828863636363636,-122.7430209656759	-33.19877243,37.828863636363636,-122.73401048283795	-32.74924469,37.828863636363636,-122.72500000000001	-30.970148087,37.828863636363636,-122.71598951716206	-31.576515198,37.828863636363636,-122.7069790343241	-30.821704865,37.828863636363636,-122.69796855148617	-29.538833618,37.828863636363636,-122.68895806864822	-28.111631393,37.828863636363636,-122.67994758581027	-27.312252045,37.828863636363636,-122.67093710297233	-26.123325348,37.828863636363636,-122.66192662013438	-25.150621414,37.828863636363636,-122.65291613729643	-23.822069168,37.828863636363636,-122.6439056544585	-22.314487457,37.828863636363636,-122.63489517162054	-21.138332367,37.828863636363636,-122.62588468878259	-19.23109436,37.828863636363636,-122.61687420594465	-17.533550262,37.828863636363636,-122.6078637231067	-15.184782028,37.828863636363636,-122.59885324026875	-12.902815819,37.828863636363636,-122.58984275743082	-10.993882179,37.828863636363636,-122.58083227459286	-9.740226746,37.828863636363636,-122.57182179175491	-10.956281662,37.828863636363636,-122.56281130891698	-1.600000024,37.828863636363636,-122.55380082607903	-14.466617584,37.828863636363636,-122.54479034324108	0.336635649,37.828863636363636,-122.53577986040314	58.911838531,37.828863636363636,-122.52676937756519	108.502578735,37.828863636363636,-122.51775889472724	127.418556213,37.828863636363636,-122.5087484118893	227.445236206,37.828863636363636,-122.49973792905135	20.829206467,37.828863636363636,-122.4907274462134	118.366668701,37.828863636363636,-122.48171696337546	-0.400000006,37.828863636363636,-122.47270648053751	-50.367835999,37.828863636363636,-122.46369599769956	-26.950139999,37.828863636363636,-122.45468551486161	-30.170408249,37.828863636363636,-122.44567503202367	-23.174863815,37.828863636363636,-122.43666454918572	-0.300000012,37.828863636363636,-122.42765406634777	-0.293258399,37.828863636363636,-122.41864358350983	-0.26135546,37.828863636363636,-122.40963310067188	-20.404943466,37.828863636363636,-122.40062261783393
-77.416412354,37.82272727272728,-123.04935041054968	-79.436843872,37.82272727272728,-123.0403406769233	-80.007583618,37.82272727272728,-123.03133094329692	-77.628761292,37.82272727272728,-123.02232120967054	-77.693862915,37.82272727272728,-123.01331147604417	-76.360145569,37.82272727272728,-123.00430174241778	-76.16595459,37.82272727272728,-122.9952920087914	-75.702796936,37.82272727272728,-122.98628227516502	-71.487861633,37.82272727272728,-122.97727254153864	-71.335960388,37.82272727272728,-122.96826280791225	-71.216255188,37.82272727272728,-122.95925307428588	-69.079658508,37.82272727272728,-122.9502433406595	-67.039085388,37.82272727272728,-122.94123360703313	-64.706680298,37.82272727272728,-122.93222387340674	-62.473991394,37.82272727272728,-122.92321413978036	-61.696289062,37.82272727272728,-122.91420440615398	-60.08316803,37.82272727272728,-122.9051946725276	-58.522525787,37.82272727272728,-122.89618493890121	-58.450683594,37.82272727272728,-122.88717520527484	-58.366657257,37.82272727272728,-122.87816547164846	-57.434913635,37.82272727272728,-122.86915573802209	-56.283542633,37.82272727272728,-122.8601460043957	-54.637405396,37.82272727272728,-122.85113627076932	-52.931461334,37.82272727272728,-122.84212653714295	-52.898674011,37.82272727272728,-122.83311680351656	-51.559688568,37.82272727272728,-122.82410706989018	-49.420078278,37.82272727272728,-122.8150973362638	-47.274909973,37.82272727272728,-122.80608760263742	-45.688480377,37.82272727272728,-122.79707786901105	-47.239578247,37.82272727272728,-122.78806813538466	-43.670692444,37.82272727272728,-122.77905840175828	-40.129394531,37.82272727272728,-122.7700486681319	-39.750282288,37.82272727272728,-122.76103893450552	-38.337013245,37.82272727272728,-122.75202920087914	-34.794586182,37.82272727272728,-122.74301946725276	-36.274295807,37.82272727272728,-122.73400973362638	-32.781555176,37.82272727272728,-122.72500000000001	-31.927215576,37.82272727272728,-122.71599026637362	-32.338653564,37.82272727272728,-122.70698053274724	-31.122476578,37.82272727272728,-122.69797079912087	-29.760938644,37.82272727272728,-122.68896106549448	-28.807222366,37.82272727272728,-122.67995133186811	-27.673864365,37.82272727272728,-122.67094159824173	-26.305124283,37.82272727272728,-122.66193186461534	-25.437589645,37.82272727272728,-122.65292213098897	-24.002002716,37.82272727272728,-122.64391239736258	0.0,37.82272727272728,-122.6349026637362	-20.313659668,37.82272727272728,-122.62589293010983	-17.679718018,37.82272727272728,-122.61688319648344	-14.833934784,37.82272727272728,-122.60787346285707	-12.108892441,37.82272727272728,-122.59886372923069	-9.789118767,37.82272727272728,-122.5898539956043	-8.260022163,37.82272727272728,-122.58084426197793	-8.060913086,37.82272727272728,-122.57183452835154	-8.552536011,37.82272727272728,-122.56282479472516	-12.060656548,37.82272727272728,-122.55381506109879	-19.252506256,37.82272727272728,-122.5448053274724	-1.600000024,37.82272727272728,-122.53579559384603	40.893508911,37.82272727272728,-122.52678586021965	-1.600000024,37.82272727272728,-122.51777612659326	-1.600000024,37.82272727272728,-122.50876639296689	67.930168152,37.82272727272728,-122.4997566593405	-1.600000024,37.82272727272728,-122.49074692571412	-1.574094176,37.82272727272728,-122.48173719208775	-0.400000006,37.82272727272728,-122.47272745846136	-50.589767456,37.82272727272728,-122.46371772483499	-35.97423172,37.82272727272728,-122.45470799120861	-26.625936508,37.82272727272728,-122.44569825758222	-17.201978683,37.82272727272728,-122.43668852395585	-0.300000012,37.82272727272728,-122.42767879032947	-0.300000012,37.82272727272728,-122.41866905670308	-23.210105896,37.82272727272728,-122.40965932307671	-23.831413269,37.82272727272728,-122.40064958945032
-77.110099792,37.81659090909091,-123.04932344713802	-78.583099365,37.81659090909091,-123.0403144624953	-77.203620911,37.81659090909091,-123.03130547785257	-77.473167419,37.81659090909091,-123.02229649320985	-76.680915833,37.81659090909091,-123.01328750856713	-77.829040527,37.81659090909091,-123.00427852392441	-74.894577026,37.81659090909091,-122.99526953928168	-75.019195557,37.81659090909091,-122.98626055463896	-72.822677612,37.81659090909091,-122.97725156999624	-71.187568665,37.81659090909091,-122.96824258535352	-70.500076294,37.81659090909091,-122.95923360071079	-66.844802856,37.81659090909091,-122.95022461606807	-69.389823914,37.81659090909091,-122.94121563142535	-63.990688324,37.81659090909091,-122.93220664678262	-62.290615082,37.81659090909091,-122.9231976621399	-61.369850159,37.81659090909091,-122.91418867749718	-60.326560974,37.81659090909091,-122.90517969285446	-60.083152771,37.81659090909091,-122.89617070821173	-58.770866394,37.81659090909091,-122.88716172356901	-58.529102325,37.81659090909091,-122.87815273892629	-56.669532776,37.81659090909091,-122.86914375428356	-55.623569489,37.81659090909091,-122.86013476964084	-54.732410431,37.81659090909091,-122.85112578499812	-53.256401062,37.81659090909091,-122.8421168003554	-52.929668427,37.81659090909091,-122.83310781571267	-51.231731415,37.81659090909091,-122.82409883106995	-49.542411804,37.81659090909091,-122.81508984642723	-47.917457581,37.81659090909091,-122.80608086178451	-47.963218689,37.81659090909091,-122.79707187714178	-46.781074524,37.81659090909091,-122.78806289249906	-43.180503845,37.81659090909091,-122.77905390785634	-41.707920074,37.81659090909091,-122.7700449232136	-41.613948822,37.81659090909091,-122.76103593857088	-38.801025391,37.81659090909091,-122.75202695392817	-37.641113281,37.81659090909091,-122.74301796928545	-34.595123291,37.81659090909091,-122.73400898464271	-32.732955933,37.81659090909091,-122.725	-32.689640045,37.81659090909091,-122.71599101535728	-32.851448059,37.81659090909091,-122.70698203071456	-31.572052002,37.81659090909091,-122.69797304607182	-30.300989151,37.81659090909091,-122.6889640614291	-28.91544342,37.81659090909091,-122.67995507678638	-27.855892181,37.81659090909091,-122.67094609214365	-26.762107849,37.81659090909091,-122.66193710750093	-25.886346817,37.81659090909091,-122.65292812285821	-23.883111954,37.81659090909091,-122.6439191382155	-21.629737854,37.81659090909091,-122.63491015357276	-18.274862289,37.81659090909091,-122.62590116893004	-15.125060081,37.81659090909091,-122.61689218428732	-11.925046921,37.81659090909091,-122.60788319964459	-9.728609085,37.81659090909091,-122.59887421500187	-8.250863075,37.81659090909091,-122.58986523035915	-8.071120262,37.81659090909091,-122.58085624571643	-9.263625145,37.81659090909091,-122.5718472610737	-9.554052353,37.81659090909091,-122.56283827643098	-9.683240891,37.81659090909091,-122.55382929178826	-11.175501823,37.81659090909091,-122.54482030714554	-1.600000024,37.81659090909091,-122.53581132250281	-1.600000024,37.81659090909091,-122.52680233786009	-23.617570877,37.81659090909091,-122.51779335321737	-1.600000024,37.81659090909091,-122.50878436857464	-1.600000024,37.81659090909091,-122.49977538393192	-1.600000024,37.81659090909091,-122.4907663992892	-1.600000024,37.81659090909091,-122.48175741464648	-85.348999023,37.81659090909091,-122.47274843000375	-38.016307831,37.81659090909091,-122.46373944536103	-24.329338074,37.81659090909091,-122.45473046071831	-0.316383362,37.81659090909091,-122.44572147607559	-22.240442276,37.81659090909091,-122.43671249143286	-24.585391998,37.81659090909091,-122.42770350679014	-21.925237656,37.81659090909091,-122.41869452214742	-25.613721848,37.81659090909091,-122.40968553750469	-0.172996432,37.81659090909091,-122.40067655286197
-76.717895508,37.81045454545455,-123.04929649192846	-76.992835999,37.81045454545455,-123.04028825604156	-77.647483826,37.81045454545455,-123.03128002015465	-75.710632324,37.81045454545455,-123.02227178426776	-75.41607666,37.81045454545455,-123.01326354838085	-73.464576721,37.81045454545455,-123.00425531249395	-76.210624695,37.81045454545455,-122.99524707660704	-72.534393311,37.81045454545455,-122.98623884072015	-73.877929688,37.81045454545455,-122.97723060483325	-71.310951233,37.81045454545455,-122.96822236894634	-68.468200684,37.81045454545455,-122.95921413305945	-67.39352417,37.81045454545455,-122.95020589717254	-65.800468445,37.81045454545455,-122.94119766128564	-64.512069702,37.81045454545455,-122.93218942539873	-62.656639099,37.81045454545455,-122.92318118951184	-61.916309357,37.81045454545455,-122.91417295362494	-60.357479095,37.81045454545455,-122.90516471773803	-60.471328735,37.81045454545455,-122.89615648185114	-58.59211731,37.81045454545455,-122.88714824596423	-58.140586853,37.81045454545455,-122.87814001007733	-56.812747955,37.81045454545455,-122.86913177419042	-54.734794617,37.81045454545455,-122.86012353830353	-54.61182785,37.81045454545455,-122.85111530241663	-54.098880768,37.81045454545455,-122.84210706652972	-52.97183609,37.81045454545455,-122.83309883064283	-51.178211212,37.81045454545455,-122.82409059475592	-49.70765686,37.81045454545455,-122.81508235886902	-50.393657684,37.81045454545455,-122.80607412298211	-49.349040985,37.81045454545455,-122.79706588709521	-45.010448456,37.81045454545455,-122.78805765120832	-43.955738068,37.81045454545455,-122.77904941532141	-43.469455719,37.81045454545455,-122.77004117943451	-41.841300964,37.81045454545455,-122.7610329435476	-38.821792603,37.81045454545455,-122.75202470766071	-36.488178253,37.81045454545455,-122.7430164717738	-34.508361816,37.81045454545455,-122.7340082358869	-33.93819046,37.81045454545455,-122.72500000000001	-34.553741455,37.81045454545455,-122.7159917641131	-33.310112,37.81045454545455,-122.7069835282262	-31.987222672,37.81045454545455,-122.6979752923393	-30.537227631,37.81045454545455,-122.6889670564524	-29.138723373,37.81045454545455,-122.67995882056549	-28.131269455,37.81045454545455,-122.6709505846786	-26.87301445,37.81045454545455,-122.6619423487917	-25.338542938,37.81045454545455,-122.65293411290479	-23.571840286,37.81045454545455,-122.64392587701789	-19.912828445,37.81045454545455,-122.63491764113098	-16.276817322,37.81045454545455,-122.62590940524409	-12.600270271,37.81045454545455,-122.61690116935718	-9.99152565,37.81045454545455,-122.60789293347028	-8.536930084,37.81045454545455,-122.59888469758339	-8.633418083,37.81045454545455,-122.58987646169648	-10.005730629,37.81045454545455,-122.58086822580958	-11.057445526,37.81045454545455,-122.57185998992267	-12.481695175,37.81045454545455,-122.56285175403578	-13.978111267,37.81045454545455,-122.55384351814887	-16.464252472,37.81045454545455,-122.54483528226197	-1.600000024,37.81045454545455,-122.53582704637508	-1.600000024,37.81045454545455,-122.52681881048817	-37.993053436,37.81045454545455,-122.51781057460127	-1.600000024,37.81045454545455,-122.50880233871436	-74.274520874,37.81045454545455,-122.49979410282747	-70.070846558,37.81045454545455,-122.49078586694056	-1.600000024,37.81045454545455,-122.48177763105366	-0.400000006,37.81045454545455,-122.47276939516676	-0.361104637,37.81045454545455,-122.46376115927985	-0.313699841,37.81045454545455,-122.45475292339296	-0.303887904,37.81045454545455,-122.44574468750605	-12.711463928,37.81045454545455,-122.43673645161915	-1.070000052,37.81045454545455,-122.42772821573224	3.396925449,37.81045454545455,-122.41871997984535	-1.070000052,37.81045454545455,-122.40971174395845	-0.032525424,37.81045454545455,-122.40070350807154
-76.486038208,37.80431818181818,-123.0492695449183	-74.485740662,37.80431818181818,-123.04026205755946	-76.939697266,37.80431818181818,-123.03125457020062	-76.109359741,37.80431818181818,-123.02224708284177	-74.7474823,37.80431818181818,-123.01323959548294	-75.725967407,37.80431818181818,-123.0042321081241	-76.257850647,37.80431818181818,-122.99522462076526	-73.861274719,37.80431818181818,-122.98621713340641	-71.07509613,37.80431818181818,-122.97720964604757	-69.452598572,37.80431818181818,-122.96820215868873	-69.002975464,37.80431818181818,-122.95919467132988	-65.955604553,37.80431818181818,-122.95018718397104	-65.571258545,37.80431818181818,-122.94117969661221	-64.422149658,37.80431818181818,-122.93217220925337	-62.167964935,37.80431818181818,-122.92316472189452	-62.182762146,37.80431818181818,-122.91415723453568	-60.977928162,37.80431818181818,-122.90514974717684	-60.319889069,37.80431818181818,-122.89614225981799	-58.984302521,37.80431818181818,-122.88713477245915	-56.913650513,37.80431818181818,-122.8781272851003	-56.994239807,37.80431818181818,-122.86911979774148	-55.168037415,37.80431818181818,-122.86011231038263	-54.835788727,37.80431818181818,-122.85110482302379	-53.432067871,37.80431818181818,-122.84209733566495	-53.423244476,37.80431818181818,-122.8330898483061	-51.848091125,37.80431818181818,-122.82408236094726	-51.099208832,37.80431818181818,-122.81507487358842	-51.210460663,37.80431818181818,-122.80606738622957	-48.677841187,37.80431818181818,-122.79705989887074	-47.268497467,37.80431818181818,-122.7880524115119	-45.427539825,37.80431818181818,-122.77904492415306	-43.262447357,37.80431818181818,-122.77003743679421	-41.707027435,37.80431818181818,-122.76102994943537	-39.941104889,37.80431818181818,-122.75202246207652	-37.127346039,37.80431818181818,-122.74301497471768	-37.930595398,37.80431818181818,-122.73400748735884	-34.679431915,37.80431818181818,-122.72500000000001	-35.183425903,37.80431818181818,-122.71599251264117	-33.250110626,37.80431818181818,-122.70698502528232	-32.293792725,37.80431818181818,-122.69797753792348	-31.103639603,37.80431818181818,-122.68897005056463	-29.663871765,37.80431818181818,-122.67996256320579	-28.31145668,37.80431818181818,-122.67095507584695	-27.146072388,37.80431818181818,-122.6619475884881	-25.586755753,37.80431818181818,-122.65294010112927	-22.578271866,37.80431818181818,-122.64393261377043	-18.397071838,37.80431818181818,-122.63492512641159	-14.190407753,37.80431818181818,-122.62591763905274	-10.830558777,37.80431818181818,-122.6169101516939	-9.147789001,37.80431818181818,-122.60790266433506	-9.19432354,37.80431818181818,-122.59889517697621	-10.70210743,37.80431818181818,-122.58988768961737	-12.309012413,37.80431818181818,-122.58088020225854	-14.067744255,37.80431818181818,-122.5718727148997	-16.044158936,37.80431818181818,-122.56286522754085	-19.017038345,37.80431818181818,-122.55385774018201	-27.182540894,37.80431818181818,-122.54485025282317	-33.786296844,37.80431818181818,-122.53584276546432	-41.544597626,37.80431818181818,-122.52683527810548	-38.430351257,37.80431818181818,-122.51782779074664	-45.37443924,37.80431818181818,-122.50882030338781	-45.744857788,37.80431818181818,-122.49981281602896	-37.15120697,37.80431818181818,-122.49080532867012	-1.600000024,37.80431818181818,-122.48179784131128	62.149700165,37.80431818181818,-122.47279035395243	4.553426743,37.80431818181818,-122.46378286659359	4.495927334,37.80431818181818,-122.45477537923475	4.17915678,37.80431818181818,-122.44576789187592	4.139487267,37.80431818181818,-122.43676040451707	23.145740509,37.80431818181818,-122.42775291715823	46.210269928,37.80431818181818,-122.41874542979939	23.302186966,37.80431818181818,-122.40973794244054	-1.070000052,37.80431818181818,-122.4007304550817
-75.880775452,37.798181818181824,-123.0492426061049	-74.468238831,37.798181818181824,-123.04023586704643	-75.559860229,37.798181818181824,-123.03122912798796	-74.671943665,37.798181818181824,-123.02222238892949	-73.239631653,37.798181818181824,-123.01321564987101	-73.490776062,37.798181818181824,-123.00420891081255	-71.972358704,37.798181818181824,-122.99520217175409	-71.1460495,37.798181818181824,-122.98619543269561	-70.169921875,37.798181818181824,-122.97718869363715	-69.717834473,37.798181818181824,-122.96818195457867	-68.684577942,37.798181818181824,-122.9591752155202	-67.305473328,37.798181818181824,-122.95016847646174	-64.638565063,37.798181818181824,-122.94116173740326	-63.772815704,37.798181818181824,-122.9321549983448	-61.542739868,37.798181818181824,-122.92314825928632	-60.638015747,37.798181818181824,-122.91414152022786	-60.302822113,37.798181818181824,-122.90513478116938	-59.171714783,37.798181818181824,-122.89612804211092	-57.992088318,37.798181818181824,-122.88712130305245	-56.747997284,37.798181818181824,-122.87811456399398	-56.705543518,37.798181818181824,-122.86910782493551	-55.159492493,37.798181818181824,-122.86010108587703	-54.912799835,37.798181818181824,-122.85109434681857	-54.679668427,37.798181818181824,-122.8420876077601	-54.670566559,37.798181818181824,-122.83308086870163	-53.338367462,37.798181818181824,-122.82407412964317	-52.519119263,37.798181818181824,-122.81506739058469	-50.73589325,37.798181818181824,-122.80606065152622	-48.223243713,37.798181818181824,-122.79705391246776	-46.95790863,37.798181818181824,-122.78804717340928	-45.56734848,37.798181818181824,-122.77904043435082	-43.474617004,37.798181818181824,-122.77003369529234	-41.833488464,37.798181818181824,-122.76102695623388	-40.006256104,37.798181818181824,-122.75202021717541	-40.868110657,37.798181818181824,-122.74301347811694	-35.177318573,37.798181818181824,-122.73400673905847	-38.154987335,37.798181818181824,-122.725	-35.796821594,37.798181818181824,-122.71599326094153	-33.927883148,37.798181818181824,-122.70698652188307	-32.830940247,37.798181818181824,-122.69797978282459	-31.431713104,37.798181818181824,-122.68897304376613	-30.01128006,37.798181818181824,-122.67996630470765	-28.552776337,37.798181818181824,-122.67095956564918	-27.145595551,37.798181818181824,-122.6619528265907	-25.222055435,37.798181818181824,-122.65294608753224	-21.650850296,37.798181818181824,-122.64393934847378	-16.903486252,37.798181818181824,-122.6349326094153	-12.567990303,37.798181818181824,-122.62592587035684	-9.779535294,37.798181818181824,-122.61691913129836	-9.54201889,37.798181818181824,-122.6079123922399	-11.469222069,37.798181818181824,-122.59890565318143	-13.256965637,37.798181818181824,-122.58989891412295	-15.55241394,37.798181818181824,-122.58089217506449	-17.943235397,37.798181818181824,-122.57188543600601	-20.252689362,37.798181818181824,-122.56287869694755	-25.195466995,37.798181818181824,-122.55387195788909	-25.083536148,37.798181818181824,-122.54486521883061	-31.329099655,37.798181818181824,-122.53585847977214	-37.684196472,37.798181818181824,-122.52685174071367	-41.554733276,37.798181818181824,-122.5178450016552	-51.23412323,37.798181818181824,-122.50883826259674	-35.989349365,37.798181818181824,-122.49983152353826	-13.18294239,37.798181818181824,-122.4908247844798	1.068261743,37.798181818181824,-122.48181804542132	81.664413452,37.798181818181824,-122.47281130636286	73.953330994,37.798181818181824,-122.46380456730438	13.692266464,37.798181818181824,-122.45479782824592	14.777341843,37.798181818181824,-122.44579108918745	13.822864532,37.798181818181824,-122.43678435012897	28.031103134,37.798181818181824,-122.42777761107051	72.387397766,37.798181818181824,-122.41877087201203	33.289722443,37.798181818181824,-122.40976413295357	6.159855366,37.798181818181824,-122.4007573938951
-73.541625977,37.79204545454546,-123.04921567548558	-73.556404114,37.79204545454546,-123.04020968449987	-72.25,37.79204545454546,-123.03120369351416	-72.808876038,37.79204545454546,-123.02219770252846	-74.54499054,37.79204545454546,-123.01319171154275	-71.683982849,37.79204545454546,-123.00418572055703	-71.429222107,37.79204545454546,-122.99517972957132	-71.284225464,37.79204545454546,-122.9861737385856	-71.259277344,37.79204545454546,-122.97716774759989	-69.53036499,37.79204545454546,-122.9681617566142	-67.484436035,37.79204545454546,-122.95915576562848	-66.218048096,37.79204545454546,-122.95014977464277	-64.043540955,37.79204545454546,-122.94114378365705	-63.688346863,37.79204545454546,-122.93213779267134	-60.425510406,37.79204545454546,-122.92313180168563	-60.023666382,37.79204545454546,-122.91412581069993	-58.971683502,37.79204545454546,-122.90511981971422	-57.989902496,37.79204545454546,-122.8961138287285	-56.681682587,37.79204545454546,-122.88710783774279	-56.564266205,37.79204545454546,-122.87810184675708	-56.026596069,37.79204545454546,-122.86909585577136	-54.686347961,37.79204545454546,-122.86008986478566	-56.151576996,37.79204545454546,-122.85108387379995	-55.128200531,37.79204545454546,-122.84207788281424	-52.894371033,37.79204545454546,-122.83307189182852	-53.542747498,37.79204545454546,-122.82406590084281	-51.718967438,37.79204545454546,-122.8150599098571	-50.823684692,37.79204545454546,-122.8060539188714	-47.482135773,37.79204545454546,-122.79704792788569	-45.854785919,37.79204545454546,-122.78804193689997	-46.108669281,37.79204545454546,-122.77903594591426	-43.675811768,37.79204545454546,-122.77002995492855	-42.027984619,37.79204545454546,-122.76102396394283	-42.432792664,37.79204545454546,-122.75201797295713	-38.058483124,37.79204545454546,-122.74301198197142	-36.953163147,37.79204545454546,-122.73400599098571	-36.614742279,37.79204545454546,-122.725	-36.041202545,37.79204545454546,-122.71599400901428	-34.292976379,37.79204545454546,-122.70698801802857	-33.03793335,37.79204545454546,-122.69798202704287	-31.710062027,37.79204545454546,-122.68897603605716	-30.212230682,37.79204545454546,-122.67997004507144	-28.892076492,37.79204545454546,-122.67096405408573	-27.136734009,37.79204545454546,-122.66195806310002	-24.910175323,37.79204545454546,-122.6529520721143	-20.642620087,37.79204545454546,-122.6439460811286	-16.001144409,37.79204545454546,-122.63494009014289	-11.930979729,37.79204545454546,-122.62593409915718	-9.626980782,37.79204545454546,-122.61692810817146	-11.243484497,37.79204545454546,-122.60792211718575	-13.80254364,37.79204545454546,-122.59891612620004	-15.680796623,37.79204545454546,-122.58991013521434	-17.218221664,37.79204545454546,-122.58090414422863	-18.721452713,37.79204545454546,-122.57189815324291	-21.040382385,37.79204545454546,-122.5628921622572	-22.662302017,37.79204545454546,-122.55388617127149	-25.288072586,37.79204545454546,-122.54488018028577	-27.496772766,37.79204545454546,-122.53587418930007	-32.461181641,37.79204545454546,-122.52686819831436	-35.860889435,37.79204545454546,-122.51786220732865	-1.600000024,37.79204545454546,-122.50885621634293	-1.600000024,37.79204545454546,-122.49985022535722	-1.600000024,37.79204545454546,-122.49084423437151	23.259666443,37.79204545454546,-122.48183824338581	81.237182617,37.79204545454546,-122.4728322524001	102.057159424,37.79204545454546,-122.46382626141438	40.793865204,37.79204545454546,-122.45482027042867	114.306922913,37.79204545454546,-122.44581427944296	81.460952759,37.79204545454546,-122.43680828845724	114.183166504,37.79204545454546,-122.42780229747154	68.265441895,37.79204545454546,-122.41879630648583	77.694343567,37.79204545454546,-122.40979031550012	5.147278309,37.79204545454546,-122.4007843245144
-73.167961121,37.785909090909094,-123.04918875305772	-72.654121399,37.785909090909094,-123.04018350991723	-71.234336853,37.785909090909094,-123.03117826677673	-71.407226562,37.785909090909094,-123.02217302363624	-73.214782715,37.785909090909094,-123.01316778049575	-71.237388611,37.785909090909094,-123.00416253735526	-71.107070923,37.785909090909094,-122.99515729421476	-71.287086487,37.785909090909094,-122.98615205107427	-69.815361023,37.785909090909094,-122.97714680793378	-66.247062683,37.785909090909094,-122.96814156479329	-67.360481262,37.785909090909094,-122.9591363216528	-66.343330383,37.785909090909094,-122.95013107851231	-63.718746185,37.785909090909094,-122.94112583537182	-61.516220093,37.785909090909094,-122.93212059223133	-59.784236908,37.785909090909094,-122.92311534909084	-58.460472107,37.785909090909094,-122.91411010595034	-58.029693604,37.785909090909094,-122.90510486280985	-56.647979736,37.785909090909094,-122.89609961966936	-56.474834442,37.785909090909094,-122.88709437652886	-55.8073349,37.785909090909094,-122.87808913338837	-54.887695312,37.785909090909094,-122.86908389024788	-55.79328537,37.785909090909094,-122.86007864710739	-56.095920563,37.785909090909094,-122.8510734039669	-54.844463348,37.785909090909094,-122.8420681608264	-54.044059753,37.785909090909094,-122.83306291768591	-52.621994019,37.785909090909094,-122.82405767454541	-50.947471619,37.785909090909094,-122.81505243140492	-48.977493286,37.785909090909094,-122.80604718826443	-47.654373169,37.785909090909094,-122.79704194512395	-47.729198456,37.785909090909094,-122.78803670198346	-45.669353485,37.785909090909094,-122.77903145884297	-44.557907104,37.785909090909094,-122.77002621570247	-42.359790802,37.785909090909094,-122.76102097256198	-40.713336945,37.785909090909094,-122.75201572942149	-38.365463257,37.785909090909094,-122.743010486281	-39.909217834,37.785909090909094,-122.7340052431405	-36.993274689,37.785909090909094,-122.72500000000001	-36.266273499,37.785909090909094,-122.71599475685952	-34.929653168,37.785909090909094,-122.70698951371902	-33.412612915,37.785909090909094,-122.69798427057853	-31.680633545,37.785909090909094,-122.68897902743804	-30.340082169,37.785909090909094,-122.67997378429754	-28.778913498,37.785909090909094,-122.67096854115705	-27.178926468,37.785909090909094,-122.66196329801656	-24.182621002,37.785909090909094,-122.65295805487607	-19.73897171,37.785909090909094,-122.64395281173557	-15.559586525,37.785909090909094,-122.63494756859508	-11.926569939,37.785909090909094,-122.6259423254546	-10.141332626,37.785909090909094,-122.61693708231411	-11.674552917,37.785909090909094,-122.60793183917362	-13.619823456,37.785909090909094,-122.59892659603312	-15.756481171,37.785909090909094,-122.58992135289263	-17.694408417,37.785909090909094,-122.58091610975214	-18.332372665,37.785909090909094,-122.57191086661165	-19.469291687,37.785909090909094,-122.56290562347115	-21.437982559,37.785909090909094,-122.55390038033066	-24.23604393,37.785909090909094,-122.54489513719017	-26.785295486,37.785909090909094,-122.53588989404967	-28.637897491,37.785909090909094,-122.52688465090918	0.0,37.785909090909094,-122.51787940776869	-1.070000052,37.785909090909094,-122.5088741646282	106.842643738,37.785909090909094,-122.4998689214877	47.168201447,37.785909090909094,-122.49086367834721	37.958293915,37.785909090909094,-122.48185843520672	44.91463089,37.785909090909094,-122.47285319206622	56.471855164,37.785909090909094,-122.46384794892575	71.801933289,37.785909090909094,-122.45484270578525	70.532432556,37.785909090909094,-122.44583746264476	43.567646027,37.785909090909094,-122.43683221950427	56.440803528,37.785909090909094,-122.42782697636378	36.860641479,37.785909090909094,-122.41882173322328	20.691507339,37.785909090909094,-122.40981649008279	8.257500648,37.785909090909094,-122.4008112469423
-73.170463562,37.77977272727273,-123.04916183881862	-72.888885498,37.77977272727273,-123.04015734329587	-71.908813477,37.77977272727273,-123.03115284777314	-72.854438782,37.77977272727273,-123.0221483522504	-71.711677551,37.77977272727273,-123.01314385672767	-71.258522034,37.77977272727273,-123.00413936120492	-69.894721985,37.77977272727273,-122.99513486568219	-70.387886047,37.77977272727273,-122.98613037015944	-68.412490845,37.77977272727273,-122.97712587463671	-66.535140991,37.77977272727273,-122.96812137911397	-67.928863525,37.77977272727273,-122.95911688359122	-65.843338013,37.77977272727273,-122.95011238806849	-62.082756042,37.77977272727273,-122.94110789254574	-60.628578186,37.77977272727273,-122.93210339702301	-60.281238556,37.77977272727273,-122.92309890150027	-58.159168243,37.77977272727273,-122.91409440597754	-58.280826569,37.77977272727273,-122.90508991045479	-56.9544487,37.77977272727273,-122.89608541493206	-55.720359802,37.77977272727273,-122.88708091940931	-54.811500549,37.77977272727273,-122.87807642388657	-55.850273132,37.77977272727273,-122.86907192836384	-56.573833466,37.77977272727273,-122.86006743284109	-54.776412964,37.77977272727273,-122.85106293731836	-54.635242462,37.77977272727273,-122.84205844179561	-54.033016205,37.77977272727273,-122.83305394627288	-52.862106323,37.77977272727273,-122.82404945075014	-50.763145447,37.77977272727273,-122.8150449552274	-49.364360809,37.77977272727273,-122.80604045970466	-49.130516052,37.77977272727273,-122.79703596418192	-48.014755249,37.77977272727273,-122.78803146865918	-45.607063293,37.77977272727273,-122.77902697313644	-45.215503693,37.77977272727273,-122.77002247761371	-40.465400696,37.77977272727273,-122.76101798209096	-40.104358673,37.77977272727273,-122.75201348656823	-40.04750824,37.77977272727273,-122.74300899104549	-37.922225952,37.77977272727273,-122.73400449552275	-39.571109772,37.77977272727273,-122.72500000000001	-36.477386475,37.77977272727273,-122.71599550447726	-35.026611328,37.77977272727273,-122.70699100895453	-33.587459564,37.77977272727273,-122.69798651343179	-32.078487396,37.77977272727273,-122.68898201790905	-30.36505127,37.77977272727273,-122.67997752238631	-28.611661911,37.77977272727273,-122.67097302686358	-26.209083557,37.77977272727273,-122.66196853134083	-22.88666153,37.77977272727273,-122.6529640358181	-19.283884048,37.77977272727273,-122.64395954029536	-15.691845894,37.77977272727273,-122.63495504477261	-12.641119957,37.77977272727273,-122.62595054924988	-11.989664078,37.77977272727273,-122.61694605372713	-12.557659149,37.77977272727273,-122.6079415582044	-15.159880638,37.77977272727273,-122.59893706268166	-16.810811996,37.77977272727273,-122.58993256715893	-17.79000473,37.77977272727273,-122.58092807163618	-16.999185562,37.77977272727273,-122.57192357611345	-18.250217438,37.77977272727273,-122.5629190805907	-20.568725586,37.77977272727273,-122.55391458506796	-22.792755127,37.77977272727273,-122.54491008954523	-22.642364502,37.77977272727273,-122.53590559402248	-21.53380394,37.77977272727273,-122.52690109849975	0.0,37.77977272727273,-122.517896602977	65.347953796,37.77977272727273,-122.50889210745427	83.244155884,37.77977272727273,-122.49988761193153	65.043441772,37.77977272727273,-122.4908831164088	42.489677429,37.77977272727273,-122.48187862088605	53.207305908,37.77977272727273,-122.4728741253633	55.573390961,37.77977272727273,-122.46386962984057	80.868118286,37.77977272727273,-122.45486513431783	96.231758118,37.77977272727273,-122.4458606387951	47.280380249,37.77977272727273,-122.43685614327235	28.858613968,37.77977272727273,-122.42785164774962	19.617269516,37.77977272727273,-122.41884715222687	12.034881592,37.77977272727273,-122.40984265670414	3.869311094,37.77977272727273,-122.4008381611814
-71.940803528,37.77363636363636,-123.04913493276563	-71.204170227,37.77363636363636,-123.04013118463325	-70.242378235,37.77363636363636,-123.03112743650087	-71.492805481,37.77363636363636,-123.0221236883685	-70.892623901,37.77363636363636,-123.01311994023611	-71.281234741,37.77363636363636,-123.00411619210374	-70.365036011,37.77363636363636,-122.99511244397135	-69.015625,37.77363636363636,-122.98610869583898	-67.364982605,37.77363636363636,-122.9771049477066	-67.326789856,37.77363636363636,-122.96810119957422	-68.388328552,37.77363636363636,-122.95909745144183	-62.568641663,37.77363636363636,-122.95009370330946	-59.090900421,37.77363636363636,-122.94108995517708	-60.369403839,37.77363636363636,-122.9320862070447	-59.096740723,37.77363636363636,-122.92308245891232	-58.324783325,37.77363636363636,-122.91407871077995	-56.447162628,37.77363636363636,-122.90507496264757	-56.55015564,37.77363636363636,-122.89607121451519	-55.168937683,37.77363636363636,-122.88706746638282	-54.95413208,37.77363636363636,-122.87806371825043	-55.614185333,37.77363636363636,-122.86905997011806	-55.245029449,37.77363636363636,-122.86005622198567	-54.954566956,37.77363636363636,-122.8510524738533	-54.85931015,37.77363636363636,-122.84204872572091	-52.944889069,37.77363636363636,-122.83304497758854	-52.630474091,37.77363636363636,-122.82404122945616	-52.039810181,37.77363636363636,-122.81503748132378	-50.969181061,37.77363636363636,-122.8060337331914	-49.996765137,37.77363636363636,-122.79702998505903	-49.65612793,37.77363636363636,-122.78802623692664	-45.669502258,37.77363636363636,-122.77902248879427	-45.843826294,37.77363636363636,-122.77001874066188	-47.263786316,37.77363636363636,-122.76101499252951	-41.992462158,37.77363636363636,-122.75201124439714	-40.758682251,37.77363636363636,-122.74300749626475	-36.866001129,37.77363636363636,-122.73400374813238	-38.688838959,37.77363636363636,-122.725	-36.629840851,37.77363636363636,-122.71599625186762	-35.274337769,37.77363636363636,-122.70699250373524	-33.785179138,37.77363636363636,-122.69798875560286	-32.160106659,37.77363636363636,-122.68898500747048	-30.500059128,37.77363636363636,-122.6799812593381	-28.668170929,37.77363636363636,-122.67097751120572	-25.683076859,37.77363636363636,-122.66197376307335	-21.609352112,37.77363636363636,-122.65297001494096	-18.519987106,37.77363636363636,-122.64396626680859	-16.00056076,37.77363636363636,-122.6349625186762	-14.239278793,37.77363636363636,-122.62595877054383	-15.744301796,37.77363636363636,-122.61695502241146	-17.253833771,37.77363636363636,-122.60795127427907	-16.7811203,37.77363636363636,-122.5989475261467	-13.897715569,37.77363636363636,-122.58994377801432	-13.738760948,37.77363636363636,-122.58094002988194	-15.116465569,37.77363636363636,-122.57193628174956	-17.040761948,37.77363636363636,-122.56293253361719	-18.368371964,37.77363636363636,-122.5539287854848	-18.17052269,37.77363636363636,-122.54492503735243	-16.637557983,37.77363636363636,-122.53592128922004	-15.736859322,37.77363636363636,-122.52691754108767	-6.828618526,37.77363636363636,-122.51791379295528	12.293642998,37.77363636363636,-122.50891004482291	40.108337402,37.77363636363636,-122.49990629669053	47.481853485,37.77363636363636,-122.49090254855815	53.130485535,37.77363636363636,-122.48189880042578	72.573928833,37.77363636363636,-122.4728950522934	72.139678955,37.77363636363636,-122.46389130416102	106.585502625,37.77363636363636,-122.45488755602864	72.587120056,37.77363636363636,-122.44588380789627	56.378055573,37.77363636363636,-122.43688005976388	52.989681244,37.77363636363636,-122.42787631163151	13.293721199,37.77363636363636,-122.41887256349912	8.331804276,37.77363636363636,-122.40986881536675	2.95570755,37.77363636363636,-122.40086506723436
-71.261390686,37.767500000000005,-123.04910803489611	-71.256843567,37.767500000000005,-123.04010503392678	-71.522186279,37.767500000000005,-123.03110203295743	-70.723060608,37.767500000000005,-123.0220990319881	-68.168411255,37.767500000000005,-123.01309603101876	-70.933280945,37.767500000000005,-123.00409303004943	-68.747634888,37.767500000000005,-122.99509002908009	-66.433982849,37.767500000000005,-122.98608702811076	-66.702835083,37.767500000000005,-122.97708402714142	-68.571060181,37.767500000000005,-122.96808102617209	-63.491958618,37.767500000000005,-122.95907802520274	-61.158950806,37.767500000000005,-122.95007502423341	-57.791038513,37.767500000000005,-122.94107202326407	-60.295383453,37.767500000000005,-122.93206902229474	-58.382152557,37.767500000000005,-122.9230660213254	-58.464187622,37.767500000000005,-122.91406302035607	-58.802959442,37.767500000000005,-122.90506001938672	-56.512386322,37.767500000000005,-122.8960570184174	-55.388694763,37.767500000000005,-122.88705401744805	-56.100002289,37.767500000000005,-122.87805101647872	-56.576408386,37.767500000000005,-122.86904801550938	-55.612941742,37.767500000000005,-122.86004501454005	-54.839046478,37.767500000000005,-122.8510420135707	-54.968708038,37.767500000000005,-122.84203901260138	-52.462841034,37.767500000000005,-122.83303601163203	-52.923072815,37.767500000000005,-122.8240330106627	-53.061424255,37.767500000000005,-122.81503000969336	-51.21453476,37.767500000000005,-122.80602700872403	-51.014381409,37.767500000000005,-122.79702400775469	-46.955703735,37.767500000000005,-122.78802100678536	-46.568649292,37.767500000000005,-122.77901800581601	-47.506809235,37.767500000000005,-122.77001500484668	-43.42527771,37.767500000000005,-122.76101200387734	-41.411705017,37.767500000000005,-122.75200900290801	-40.009666443,37.767500000000005,-122.74300600193867	-38.500385284,37.767500000000005,-122.73400300096934	-36.510902405,37.767500000000005,-122.725	-36.77425766,37.767500000000005,-122.71599699903066	-35.24281311,37.767500000000005,-122.70699399806132	-33.827922821,37.767500000000005,-122.69799099709199	-32.26909256,37.767500000000005,-122.68898799612265	-30.627719879,37.767500000000005,-122.67998499515332	-28.703289032,37.767500000000005,-122.67098199418398	-25.793422699,37.767500000000005,-122.66197899321465	-20.202577591,37.767500000000005,-122.6529759922453	-17.932863235,37.767500000000005,-122.64397299127597	-17.76707077,37.767500000000005,-122.63496999030663	-17.190162659,37.767500000000005,-122.6259669893373	-16.75296402,37.767500000000005,-122.61696398836796	-14.090575218,37.767500000000005,-122.60796098739863	-13.024725914,37.767500000000005,-122.59895798642928	-13.896712303,37.767500000000005,-122.58995498545995	-14.302052498,37.767500000000005,-122.58095198449061	-14.512137413,37.767500000000005,-122.57194898352128	-14.830712318,37.767500000000005,-122.56294598255194	-15.061658859,37.767500000000005,-122.55394298158261	-14.258205414,37.767500000000005,-122.54493998061326	-14.09552002,37.767500000000005,-122.53593697964394	-11.876338005,37.767500000000005,-122.52693397867459	-6.951822758,37.767500000000005,-122.51793097770526	9.359647751,37.767500000000005,-122.50892797673592	21.059263229,37.767500000000005,-122.49992497576659	48.663993835,37.767500000000005,-122.49092197479725	50.893802643,37.767500000000005,-122.48191897382792	85.247879028,37.767500000000005,-122.47291597285859	71.92980957,37.767500000000005,-122.46391297188924	82.231765747,37.767500000000005,-122.45490997091991	109.620735168,37.767500000000005,-122.44590696995057	81.881866455,37.767500000000005,-122.43690396898124	29.379375458,37.767500000000005,-122.4279009680119	7.597149372,37.767500000000005,-122.41889796704257	16.792676926,37.767500000000005,-122.40989496607322	4.588468075,37.767500000000005,-122.4008919651039
-71.215034485,37.76136363636364,-123.0490811452074	-71.01890564,37.76136363636364,-123.04007889117386	-70.506324768,37.76136363636364,-123.03107663714032	-68.431770325,37.76136363636364,-123.02207438310678	-69.608680725,37.76136363636364,-123.01307212907324	-70.237205505,37.76136363636364,-123.0040698750397	-64.695739746,37.76136363636364,-122.99506762100616	-66.145309448,37.76136363636364,-122.98606536697262	-68.379074097,37.76136363636364,-122.97706311293908	-62.905387878,37.76136363636364,-122.96806085890555	-62.284519196,37.76136363636364,-122.95905860487201	-61.254745483,37.76136363636364,-122.95005635083847	-60.574272156,37.76136363636364,-122.94105409680493	-59.464252472,37.76136363636364,-122.93205184277139	-59.944038391,37.76136363636364,-122.92304958873785	-57.499408722,37.76136363636364,-122.9140473347043	-56.568996429,37.76136363636364,-122.90504508067077	-56.58014679,37.76136363636364,-122.89604282663724	-55.09526825,37.76136363636364,-122.8870405726037	-55.067680359,37.76136363636364,-122.87803831857016	-55.35251236,37.76136363636364,-122.86903606453662	-54.813430786,37.76136363636364,-122.86003381050308	-54.861789703,37.76136363636364,-122.85103155646954	-53.299015045,37.76136363636364,-122.842029302436	-52.337882996,37.76136363636364,-122.83302704840246	-52.86227417,37.76136363636364,-122.82402479436892	-52.882961273,37.76136363636364,-122.81502254033539	-51.089500427,37.76136363636364,-122.80602028630184	-47.384929657,37.76136363636364,-122.79701803226831	-46.476406097,37.76136363636364,-122.78801577823477	-48.56508255,37.76136363636364,-122.77901352420123	-44.065654755,37.76136363636364,-122.77001127016769	-43.159030914,37.76136363636364,-122.76100901613415	-40.613491058,37.76136363636364,-122.7520067621006	-40.08574295,37.76136363636364,-122.74300450806707	-39.794895172,37.76136363636364,-122.73400225403354	-36.428256989,37.76136363636364,-122.725	-37.159893036,37.76136363636364,-122.71599774596646	-35.562450409,37.76136363636364,-122.70699549193291	-33.915725708,37.76136363636364,-122.69799323789938	-32.500606537,37.76136363636364,-122.68899098386584	-31.029850006,37.76136363636364,-122.6799887298323	-29.10900116,37.76136363636364,-122.67098647579877	-26.142246246,37.76136363636364,-122.66198422176522	-22.67216301,37.76136363636364,-122.65298196773169	-19.353630066,37.76136363636364,-122.64397971369814	-17.749477386,37.76136363636364,-122.63497745966461	-16.641498566,37.76136363636364,-122.62597520563106	-15.215808868,37.76136363636364,-122.61697295159753	-13.199653625,37.76136363636364,-122.60797069756399	-10.641459465,37.76136363636364,-122.59896844353045	-12.561878204,37.76136363636364,-122.58996618949692	-14.176007271,37.76136363636364,-122.58096393546337	-14.08643055,37.76136363636364,-122.57196168142984	-13.299952507,37.76136363636364,-122.5629594273963	-13.001052856,37.76136363636364,-122.55395717336276	-11.775878906,37.76136363636364,-122.54495491932921	-10.994179726,37.76136363636364,-122.53595266529568	-14.074421883,37.76136363636364,-122.52695041126213	-7.135761261,37.76136363636364,-122.5179481572286	7.110156059,37.76136363636364,-122.50894590319507	34.297206879,37.76136363636364,-122.49994364916152	69.824043274,37.76136363636364,-122.49094139512799	68.005340576,37.76136363636364,-122.48193914109444	90.2942276,37.76136363636364,-122.47293688706091	98.924789429,37.76136363636364,-122.46393463302736	168.127227783,37.76136363636364,-122.45493237899383	142.956298828,37.76136363636364,-122.4459301249603	46.05803299,37.76136363636364,-122.43692787092675	16.909675598,37.76136363636364,-122.42792561689322	12.114297867,37.76136363636364,-122.41892336285967	10.834015846,37.76136363636364,-122.40992110882614	26.149627686,37.76136363636364,-122.4009188547926
-70.296798706,37.755227272727275,-123.04905426369685	-70.965698242,37.755227272727275,-123.04005275637194	-69.983299255,37.755227272727275,-123.03105124904702	-68.691085815,37.755227272727275,-123.02204974172211	-68.240119934,37.755227272727275,-123.01304823439719	-66.012046814,37.755227272727275,-123.00404672707228	-64.944030762,37.755227272727275,-122.99504521974737	-69.88117218,37.755227272727275,-122.98604371242246	-63.309757233,37.755227272727275,-122.97704220509755	-61.400886536,37.755227272727275,-122.96804069777264	-63.6978302,37.755227272727275,-122.95903919044773	-61.155380249,37.755227272727275,-122.95003768312282	-59.805908203,37.755227272727275,-122.94103617579789	-59.319194794,37.755227272727275,-122.93203466847298	-58.4008255,37.755227272727275,-122.92303316114807	-57.221237183,37.755227272727275,-122.91403165382316	-56.489261627,37.755227272727275,-122.90503014649825	-54.847190857,37.755227272727275,-122.89602863917334	-54.894584656,37.755227272727275,-122.88702713184843	-54.83782959,37.755227272727275,-122.87802562452352	-53.944515228,37.755227272727275,-122.86902411719859	-54.843475342,37.755227272727275,-122.86002260987368	-54.11415863,37.755227272727275,-122.85102110254877	-54.065483093,37.755227272727275,-122.84201959522386	-52.88010025,37.755227272727275,-122.83301808789895	-52.90637207,37.755227272727275,-122.82401658057404	-51.669235229,37.755227272727275,-122.81501507324913	-49.699333191,37.755227272727275,-122.80601356592422	-47.768966675,37.755227272727275,-122.7970120585993	-48.977310181,37.755227272727275,-122.78801055127438	-46.144393921,37.755227272727275,-122.77900904394947	-44.753097534,37.755227272727275,-122.77000753662456	-42.326892853,37.755227272727275,-122.76100602929965	-42.0271492,37.755227272727275,-122.75200452197474	-40.003726959,37.755227272727275,-122.74300301464983	-38.033828735,37.755227272727275,-122.73400150732492	-36.510868073,37.755227272727275,-122.725	-36.999515533,37.755227272727275,-122.71599849267508	-35.695919037,37.755227272727275,-122.70699698535017	-34.464374542,37.755227272727275,-122.69799547802526	-32.830001831,37.755227272727275,-122.68899397070035	-31.263479233,37.755227272727275,-122.67999246337544	-29.490516663,37.755227272727275,-122.67099095605053	-27.112453461,37.755227272727275,-122.66198944872562	-23.74338913,37.755227272727275,-122.6529879414007	-19.605337143,37.755227272727275,-122.64398643407579	-18.494581223,37.755227272727275,-122.63498492675087	-16.891786575,37.755227272727275,-122.62598341942596	-14.868961334,37.755227272727275,-122.61698191210105	-13.071899414,37.755227272727275,-122.60798040477614	-11.095323563,37.755227272727275,-122.59897889745123	-10.986775398,37.755227272727275,-122.58997739012632	-11.5763731,37.755227272727275,-122.5809758828014	-12.30081749,37.755227272727275,-122.57197437547649	-13.501349449,37.755227272727275,-122.56297286815158	-12.948964119,37.755227272727275,-122.55397136082667	-12.259030342,37.755227272727275,-122.54496985350175	-11.91767025,37.755227272727275,-122.53596834617684	-11.909113884,37.755227272727275,-122.52696683885193	-8.318609238,37.755227272727275,-122.51796533152702	10.137852669,37.755227272727275,-122.5089638242021	32.207500458,37.755227272727275,-122.49996231687719	88.334449768,37.755227272727275,-122.49096080955228	94.331726074,37.755227272727275,-122.48195930222737	145.283996582,37.755227272727275,-122.47295779490246	125.7550354,37.755227272727275,-122.46395628757755	189.648880005,37.755227272727275,-122.45495478025263	237.647796631,37.755227272727275,-122.44595327292772	103.942512512,37.755227272727275,-122.4369517656028	60.384918213,37.755227272727275,-122.42795025827789	22.121562958,37.755227272727275,-122.41894875095298	15.019136429,37.755227272727275,-122.40994724362807	51.138805389,37.755227272727275,-122.40094573630316
-68.581542969,37.74909090909091,-123.0490273903618	-68.628829956,37.74909090909091,-123.04002662951842	-67.949134827,37.74909090909091,-123.03102586867503	-67.565719604,37.74909090909091,-123.02202510783165	-67.540420532,37.74909090909091,-123.01302434698827	-65.89201355,37.74909090909091,-123.00402358614488	-66.672996521,37.74909090909091,-122.9950228253015	-61.488201141,37.74909090909091,-122.98602206445811	-62.375202179,37.74909090909091,-122.97702130361473	-62.821620941,37.74909090909091,-122.96802054277136	-61.049705505,37.74909090909091,-122.95901978192796	-59.310081482,37.74909090909091,-122.95001902108459	-58.443508148,37.74909090909091,-122.94101826024121	-58.476947784,37.74909090909091,-122.93201749939782	-56.711399078,37.74909090909091,-122.92301673855444	-55.212436676,37.74909090909091,-122.91401597771105	-54.986335754,37.74909090909091,-122.90501521686767	-54.815349579,37.74909090909091,-122.89601445602429	-54.859428406,37.74909090909091,-122.8870136951809	-54.770915985,37.74909090909091,-122.87801293433752	-54.853401184,37.74909090909091,-122.86901217349414	-54.580131531,37.74909090909091,-122.86001141265075	-53.186470032,37.74909090909091,-122.85101065180737	-52.940849304,37.74909090909091,-122.842009890964	-54.985134125,37.74909090909091,-122.8330091301206	-52.870449066,37.74909090909091,-122.82400836927722	-51.466567993,37.74909090909091,-122.81500760843383	-49.552818298,37.74909090909091,-122.80600684759045	-49.652076721,37.74909090909091,-122.79700608674707	-49.46837616,37.74909090909091,-122.78800532590368	-46.289733887,37.74909090909091,-122.7790045650603	-45.530662537,37.74909090909091,-122.77000380421693	-42.976089478,37.74909090909091,-122.76100304337353	-41.963104248,37.74909090909091,-122.75200228253016	-40.110912323,37.74909090909091,-122.74300152168676	-38.823810577,37.74909090909091,-122.73400076084339	-36.563854218,37.74909090909091,-122.72500000000001	-37.398807526,37.74909090909091,-122.71599923915662	-35.907276154,37.74909090909091,-122.70699847831324	-34.754837036,37.74909090909091,-122.69799771746986	-33.186408997,37.74909090909091,-122.68899695662647	-31.708711624,37.74909090909091,-122.67999619578309	-29.976461411,37.74909090909091,-122.67099543493971	-27.996984482,37.74909090909091,-122.66199467409632	-25.875989914,37.74909090909091,-122.65299391325294	-23.282691956,37.74909090909091,-122.64399315240955	-20.626607895,37.74909090909091,-122.63499239156617	-17.374637604,37.74909090909091,-122.6259916307228	-13.415287018,37.74909090909091,-122.6169908698794	-11.966287613,37.74909090909091,-122.60799010903602	-11.546552658,37.74909090909091,-122.59898934819265	-11.030629158,37.74909090909091,-122.58998858734925	-10.519510269,37.74909090909091,-122.58098782650588	-11.230600357,37.74909090909091,-122.57198706566248	-11.799085617,37.74909090909091,-122.5629863048191	-11.521302223,37.74909090909091,-122.55398554397573	-10.940678596,37.74909090909091,-122.54498478313234	-10.399260521,37.74909090909091,-122.53598402228896	-9.825498581,37.74909090909091,-122.52698326144558	-9.35819912,37.74909090909091,-122.51798250060219	3.664280176,37.74909090909091,-122.50898173975881	28.74020195,37.74909090909091,-122.49998097891543	72.61806488,37.74909090909091,-122.49098021807204	122.442321777,37.74909090909091,-122.48197945722866	151.452041626,37.74909090909091,-122.47297869638527	189.719696045,37.74909090909091,-122.46397793554189	162.298431396,37.74909090909091,-122.45497717469851	226.896011353,37.74909090909091,-122.44597641385512	92.436203003,37.74909090909091,-122.43697565301174	45.615032196,37.74909090909091,-122.42797489216836	23.520490646,37.74909090909091,-122.41897413132497	14.016093254,37.74909090909091,-122.4099733704816	9.494319916,37.74909090909091,-122.4009726096382
-66.23865509,37.742954545454545,-123.0490005251996	-61.686763763,37.742954545454545,-123.04000051061072	-64.258399963,37.742954545454545,-123.03100049602185	-67.69316864,37.742954545454545,-123.02200048143297	-65.419578552,37.742954545454545,-123.01300046684409	-67.806411743,37.742954545454545,-123.00400045225521	-60.343269348,37.742954545454545,-122.99500043766633	-59.350013733,37.742954545454545,-122.98600042307746	-63.023666382,37.742954545454545,-122.97700040848858	-61.030944824,37.742954545454545,-122.9680003938997	-59.243114471,37.742954545454545,-122.95900037931082	-58.303009033,37.742954545454545,-122.95000036472194	-57.512592316,37.742954545454545,-122.94100035013307	-56.370723724,37.742954545454545,-122.93200033554419	-56.01991272,37.742954545454545,-122.92300032095531	-54.888652802,37.742954545454545,-122.91400030636643	-54.861812592,37.742954545454545,-122.90500029177755	-54.879581451,37.742954545454545,-122.89600027718868	-54.465499878,37.742954545454545,-122.8870002625998	-52.922157288,37.742954545454545,-122.87800024801092	-54.921718597,37.742954545454545,-122.86900023342204	-54.620918274,37.742954545454545,-122.86000021883316	-53.324821472,37.742954545454545,-122.85100020424429	-54.781478882,37.742954545454545,-122.84200018965541	-53.746459961,37.742954545454545,-122.83300017506653	-53.902244568,37.742954545454545,-122.82400016047765	-51.134586334,37.742954545454545,-122.81500014588877	-51.338813782,37.742954545454545,-122.8060001312999	-51.111152649,37.742954545454545,-122.79700011671102	-47.640022278,37.742954545454545,-122.78800010212214	-45.607486725,37.742954545454545,-122.77900008753326	-44.338264465,37.742954545454545,-122.77000007294438	-43.826572418,37.742954545454545,-122.7610000583555	-42.053539276,37.742954545454545,-122.75200004376663	0.0,37.742954545454545,-122.74300002917775	-36.163677216,37.742954545454545,-122.73400001458887	-35.040309906,37.742954545454545,-122.725	-37.520843506,37.742954545454545,-122.71599998541112	-36.163703918,37.742954545454545,-122.70699997082225	-34.961841583,37.742954545454545,-122.69799995623337	-33.603607178,37.742954545454545,-122.6889999416445	-32.04429245,37.742954545454545,-122.67999992705562	-30.461391449,37.742954545454545,-122.67099991246674	-28.532579422,37.742954545454545,-122.66199989787786	-27.282157898,37.742954545454545,-122.65299988328898	-25.413467407,37.742954545454545,-122.6439998687001	-22.807632446,37.742954545454545,-122.63499985411123	-19.540208817,37.742954545454545,-122.62599983952235	-13.580983162,37.742954545454545,-122.61699982493347	-13.091671944,37.742954545454545,-122.6079998103446	-12.092020035,37.742954545454545,-122.59899979575572	-11.260300636,37.742954545454545,-122.58999978116684	-10.87733078,37.742954545454545,-122.58099976657796	-10.842100143,37.742954545454545,-122.57199975198908	-11.364876747,37.742954545454545,-122.5629997374002	-11.576700211,37.742954545454545,-122.55399972281133	-11.201313019,37.742954545454545,-122.54499970822245	-10.916282654,37.742954545454545,-122.53599969363357	-10.866756439,37.742954545454545,-122.52699967904469	-10.278232574,37.742954545454545,-122.51799966445581	0.962947369,37.742954545454545,-122.50899964986694	35.196475983,37.742954545454545,-122.49999963527806	54.715343475,37.742954545454545,-122.49099962068918	86.857269287,37.742954545454545,-122.4819996061003	115.478889465,37.742954545454545,-122.47299959151142	133.701004028,37.742954545454545,-122.46399957692255	172.260345459,37.742954545454545,-122.45499956233367	119.88054657,37.742954545454545,-122.44599954774479	158.565795898,37.742954545454545,-122.43699953315591	42.820835114,37.742954545454545,-122.42799951856703	59.872379303,37.742954545454545,-122.41899950397816	79.568855286,37.742954545454545,-122.40999948938928	5.270683289,37.742954545454545,-122.4009994748004
-63.46723175,37.73681818181819,-123.04897366820761	-52.51922226,37.73681818181819,-123.03997439964628	-60.784343719,37.73681818181819,-123.03097513108496	-62.701137543,37.73681818181819,-123.02197586252365	-62.92975235,37.73681818181819,-123.01297659396232	-61.936805725,37.73681818181819,-123.003977325401	-60.457077026,37.73681818181819,-122.99497805683967	-62.338058472,37.73681818181819,-122.98597878827835	-59.509895325,37.73681818181819,-122.97697951971703	-58.950950623,37.73681818181819,-122.96798025115571	-58.440917969,37.73681818181819,-122.95898098259438	-57.52684021,37.73681818181819,-122.94998171403306	-56.644935608,37.73681818181819,-122.94098244547173	-54.862018585,37.73681818181819,-122.93198317691042	-56.212303162,37.73681818181819,-122.9229839083491	-55.585205078,37.73681818181819,-122.91398463978777	-54.92798233,37.73681818181819,-122.90498537122645	-54.34841156,37.73681818181819,-122.89598610266512	-52.960479736,37.73681818181819,-122.88698683410381	-53.035896301,37.73681818181819,-122.87798756554248	-54.644577026,37.73681818181819,-122.86898829698116	-52.630397797,37.73681818181819,-122.85998902841983	-54.691932678,37.73681818181819,-122.8509897598585	-53.875896454,37.73681818181819,-122.8419904912972	-54.839523315,37.73681818181819,-122.83299122273587	-54.870334625,37.73681818181819,-122.82399195417455	-54.601470947,37.73681818181819,-122.81499268561322	-52.522148132,37.73681818181819,-122.8059934170519	-49.307922363,37.73681818181819,-122.79699414849058	-47.420352936,37.73681818181819,-122.78799487992926	-47.143672943,37.73681818181819,-122.77899561136793	-43.900081635,37.73681818181819,-122.7699963428066	-43.972038269,37.73681818181819,-122.76099707424528	-41.256969452,37.73681818181819,-122.75199780568397	0.0,37.73681818181819,-122.74299853712265	-37.773059845,37.73681818181819,-122.73399926856132	-36.369541168,37.73681818181819,-122.725	-37.633720398,37.73681818181819,-122.71600073143867	-36.419971466,37.73681818181819,-122.70700146287736	-35.220554352,37.73681818181819,-122.69800219431603	-33.889045715,37.73681818181819,-122.6890029257547	-32.421245575,37.73681818181819,-122.68000365719338	-30.844192505,37.73681818181819,-122.67100438863206	-28.944572449,37.73681818181819,-122.66200512007073	-28.131843567,37.73681818181819,-122.65300585150942	-26.941509247,37.73681818181819,-122.6440065829481	-24.846048355,37.73681818181819,-122.63500731438677	-21.884584427,37.73681818181819,-122.62600804582544	-18.970417023,37.73681818181819,-122.61700877726412	-15.843150139,37.73681818181819,-122.6080095087028	-13.480224609,37.73681818181819,-122.59901024014148	-12.010831833,37.73681818181819,-122.59001097158016	-11.46172142,37.73681818181819,-122.58101170301883	-11.449019432,37.73681818181819,-122.5720124344575	-11.540891647,37.73681818181819,-122.5630131658962	-11.618095398,37.73681818181819,-122.55401389733487	-11.842064857,37.73681818181819,-122.54501462877354	-11.886209488,37.73681818181819,-122.53601536021222	-11.877898216,37.73681818181819,-122.52701609165089	-11.076048851,37.73681818181819,-122.51801682308958	-1.070000052,37.73681818181819,-122.50901755452826	21.779546738,37.73681818181819,-122.50001828596693	33.120189667,37.73681818181819,-122.4910190174056	25.776994705,37.73681818181819,-122.48201974884428	89.996261597,37.73681818181819,-122.47302048028297	123.056297302,37.73681818181819,-122.46402121172164	238.381072998,37.73681818181819,-122.45502194316032	176.8646698,37.73681818181819,-122.44602267459899	106.832336426,37.73681818181819,-122.43702340603767	83.427261353,37.73681818181819,-122.42802413747636	76.516990662,37.73681818181819,-122.41902486891503	14.529003143,37.73681818181819,-122.4100256003537	40.879573822,37.73681818181819,-122.40102633179238
-59.998710632,37.73068181818182,-123.04894681938319	-45.761154175,37.73068181818182,-123.03994829662254	-39.191345215,37.73068181818182,-123.0309497738619	-57.619907379,37.73068181818182,-123.02195125110126	-59.149276733,37.73068181818182,-123.01295272834061	-47.088001251,37.73068181818182,-123.00395420557997	-58.288043976,37.73068181818182,-122.99495568281932	-57.705284119,37.73068181818182,-122.98595716005869	-58.439281464,37.73068181818182,-122.97695863729804	-57.716960907,37.73068181818182,-122.96796011453739	-56.838249207,37.73068181818182,-122.95896159177676	-56.800201416,37.73068181818182,-122.9499630690161	-56.416278839,37.73068181818182,-122.94096454625546	-54.835910797,37.73068181818182,-122.93196602349482	-54.81772995,37.73068181818182,-122.92296750073417	-55.355045319,37.73068181818182,-122.91396897797352	-54.633430481,37.73068181818182,-122.90497045521289	-53.317024231,37.73068181818182,-122.89597193245224	-54.222492218,37.73068181818182,-122.88697340969159	-53.031188965,37.73068181818182,-122.87797488693096	-52.623027802,37.73068181818182,-122.86897636417031	-53.643539429,37.73068181818182,-122.85997784140967	-53.004135132,37.73068181818182,-122.85097931864902	-54.901390076,37.73068181818182,-122.84198079588838	-55.002914429,37.73068181818182,-122.83298227312774	-56.586036682,37.73068181818182,-122.82398375036709	-54.765586853,37.73068181818182,-122.81498522760644	-51.172676086,37.73068181818182,-122.80598670484581	-49.414039612,37.73068181818182,-122.79698818208516	-47.849315643,37.73068181818182,-122.78798965932451	-47.581531525,37.73068181818182,-122.77899113656387	-45.994480133,37.73068181818182,-122.76999261380323	-42.399124146,37.73068181818182,-122.76099409104259	-39.966983795,37.73068181818182,-122.75199556828194	0.0,37.73068181818182,-122.74299704552129	-38.69071579,37.73068181818182,-122.73399852276066	-36.496025085,37.73068181818182,-122.72500000000001	-37.881954193,37.73068181818182,-122.71600147723936	-36.672008514,37.73068181818182,-122.70700295447872	-35.450046539,37.73068181818182,-122.69800443171808	0.0,37.73068181818182,-122.68900590895743	-32.801044464,37.73068181818182,-122.68000738619679	-31.524730682,37.73068181818182,-122.67100886343614	-29.493387222,37.73068181818182,-122.6620103406755	-28.9653759,37.73068181818182,-122.65301181791486	-27.638473511,37.73068181818182,-122.64401329515421	-26.04252243,37.73068181818182,-122.63501477239357	-24.079881668,37.73068181818182,-122.62601624963293	-21.216709137,37.73068181818182,-122.61701772687228	-18.406295776,37.73068181818182,-122.60801920411164	-15.735397339,37.73068181818182,-122.59902068135099	-13.75863266,37.73068181818182,-122.59002215859034	-12.59663105,37.73068181818182,-122.58102363582971	-12.116295815,37.73068181818182,-122.57202511306906	-11.999916077,37.73068181818182,-122.56302659030841	-11.881649971,37.73068181818182,-122.55402806754778	-11.962270737,37.73068181818182,-122.54502954478713	-12.010224342,37.73068181818182,-122.53603102202649	-12.246817589,37.73068181818182,-122.52703249926584	-11.728161812,37.73068181818182,-122.5180339765052	-2.003973722,37.73068181818182,-122.50903545374456	10.632055283,37.73068181818182,-122.50003693098391	27.016025543,37.73068181818182,-122.49103840822326	39.3552742,37.73068181818182,-122.48203988546263	70.488807678,37.73068181818182,-122.47304136270198	120.458465576,37.73068181818182,-122.46404283994133	120.021850586,37.73068181818182,-122.4550443171807	80.232017517,37.73068181818182,-122.44604579442004	50.038299561,37.73068181818182,-122.4370472716594	41.270744324,37.73068181818182,-122.42804874889876	53.773841858,37.73068181818182,-122.41905022613811	32.627063751,37.73068181818182,-122.41005170337748	18.903432846,37.73068181818182,-122.40105318061683
-52.415100098,37.724545454545456,-123.04891997872366	-35.166507721,37.724545454545456,-123.0399222015369	-35.819355011,37.724545454545456,-123.03092442435012	-51.614177704,37.724545454545456,-123.02192664716335	-55.564609528,37.724545454545456,-123.01292886997659	-47.370887756,37.724545454545456,-123.00393109278981	-55.118721008,37.724545454545456,-122.99493331560305	-54.777229309,37.724545454545456,-122.98593553841629	-57.986679077,37.724545454545456,-122.97693776122951	-56.448120117,37.724545454545456,-122.96793998404274	-55.09059906,37.724545454545456,-122.95894220685598	-54.717060089,37.724545454545456,-122.9499444296692	-54.836688995,37.724545454545456,-122.94094665248244	-54.836929321,37.724545454545456,-122.93194887529567	-53.226379395,37.724545454545456,-122.9229510981089	-54.691318512,37.724545454545456,-122.91395332092213	-54.474273682,37.724545454545456,-122.90495554373537	-56.078220367,37.724545454545456,-122.89595776654859	-54.774215698,37.724545454545456,-122.88695998936183	-51.479946136,37.724545454545456,-122.87796221217506	-52.973583221,37.724545454545456,-122.86896443498829	-53.12355423,37.724545454545456,-122.85996665780152	-53.3463974,37.724545454545456,-122.85096888061476	-55.044578552,37.724545454545456,-122.84197110342798	-56.731464386,37.724545454545456,-122.83297332624122	-56.258571625,37.724545454545456,-122.82397554905445	-53.550312042,37.724545454545456,-122.81497777186767	-52.623142242,37.724545454545456,-122.80597999468091	-50.022888184,37.724545454545456,-122.79698221749415	-49.686412811,37.724545454545456,-122.78798444030737	-48.583850861,37.724545454545456,-122.7789866631206	-44.134540558,37.724545454545456,-122.76998888593384	-42.059700012,37.724545454545456,-122.76099110874708	-40.0141716,37.724545454545456,-122.7519933315603	0.0,37.724545454545456,-122.74299555437354	-36.419029236,37.724545454545456,-122.73399777718677	-36.419677734,37.724545454545456,-122.725	-38.121330261,37.724545454545456,-122.71600222281323	-36.973838806,37.724545454545456,-122.70700444562647	0.0,37.724545454545456,-122.69800666843969	-34.545284271,37.724545454545456,-122.68900889125293	-33.235168457,37.724545454545456,-122.68001111406616	-31.748077393,37.724545454545456,-122.67101333687938	-30.373157501,37.724545454545456,-122.66201555969262	-29.195640564,37.724545454545456,-122.65301778250586	-28.272027969,37.724545454545456,-122.64402000531908	-26.996879578,37.724545454545456,-122.63502222813231	-25.308437347,37.724545454545456,-122.62602445094555	-23.261041641,37.724545454545456,-122.61702667375877	-20.945211411,37.724545454545456,-122.60802889657201	-18.558912277,37.724545454545456,-122.59903111938524	-16.266410828,37.724545454545456,-122.59003334219847	-14.672787666,37.724545454545456,-122.5810355650117	-13.763337135,37.724545454545456,-122.57203778782494	-13.055415154,37.724545454545456,-122.56304001063816	-12.804150581,37.724545454545456,-122.5540422334514	-12.639117241,37.724545454545456,-122.54504445626463	-12.619791031,37.724545454545456,-122.53604667907786	-12.510884285,37.724545454545456,-122.52704890189109	-10.803217888,37.724545454545456,-122.51805112470433	-2.748672724,37.724545454545456,-122.50905334751755	5.559999943,37.724545454545456,-122.50005557033079	23.120191574,37.724545454545456,-122.49105779314402	13.6593256,37.724545454545456,-122.48206001595725	50.382099152,37.724545454545456,-122.47306223877048	70.533912659,37.724545454545456,-122.46406446158372	89.428520203,37.724545454545456,-122.45506668439694	65.026184082,37.724545454545456,-122.44606890721018	48.948219299,37.724545454545456,-122.43707113002341	95.131286621,37.724545454545456,-122.42807335283663	92.78843689,37.724545454545456,-122.41907557564987	47.555229187,37.724545454545456,-122.4100777984631	17.115116119,37.724545454545456,-122.40108002127633
-47.423137665,37.71840909090909,-123.04889314622642	-26.809038162,37.71840909090909,-123.03989611438679	-30.909488678,37.71840909090909,-123.03089908254718	-46.800018311,37.71840909090909,-123.02190205070755	-54.981021881,37.71840909090909,-123.01290501886793	-52.732639313,37.71840909090909,-123.00390798702831	-53.517601013,37.71840909090909,-122.99491095518869	-54.835422516,37.71840909090909,-122.98591392334906	-53.729957581,37.71840909090909,-122.97691689150943	-53.879417419,37.71840909090909,-122.96791985966982	-53.089118958,37.71840909090909,-122.9589228278302	-53.168468475,37.71840909090909,-122.94992579599057	-54.830791473,37.71840909090909,-122.94092876415095	-54.887176514,37.71840909090909,-122.93193173231133	-55.003757477,37.71840909090909,-122.9229347004717	-54.795856476,37.71840909090909,-122.91393766863209	-55.59595871,37.71840909090909,-122.90494063679246	-56.292324066,37.71840909090909,-122.89594360495283	-53.342796326,37.71840909090909,-122.8869465731132	-52.817329407,37.71840909090909,-122.8779495412736	-52.929782867,37.71840909090909,-122.86895250943397	-52.953842163,37.71840909090909,-122.85995547759434	-54.928703308,37.71840909090909,-122.85095844575473	-52.687507629,37.71840909090909,-122.8419614139151	-56.386962891,37.71840909090909,-122.83296438207547	-55.607395172,37.71840909090909,-122.82396735023586	-56.215488434,37.71840909090909,-122.81497031839623	-53.136749268,37.71840909090909,-122.80597328655661	-51.032901764,37.71840909090909,-122.796976254717	-51.536457062,37.71840909090909,-122.78797922287737	-46.636646271,37.71840909090909,-122.77898219103774	-45.814605713,37.71840909090909,-122.76998515919811	-42.079353333,37.71840909090909,-122.7609881273585	-41.907295227,37.71840909090909,-122.75199109551887	-39.828411102,37.71840909090909,-122.74299406367925	-38.570419312,37.71840909090909,-122.73399703183964	-36.537368774,37.71840909090909,-122.72500000000001	-38.497276306,37.71840909090909,-122.71600296816038	-37.370124817,37.71840909090909,-122.70700593632077	-36.163806915,37.71840909090909,-122.69800890448114	-34.885463715,37.71840909090909,-122.68901187264152	-33.697692871,37.71840909090909,-122.6800148408019	-32.302593231,37.71840909090909,-122.67101780896228	-31.06775856,37.71840909090909,-122.66202077712265	-29.912721634,37.71840909090909,-122.65302374528302	-28.96147728,37.71840909090909,-122.64402671344341	-27.704854965,37.71840909090909,-122.63502968160378	-26.549043655,37.71840909090909,-122.62603264976416	-25.18727684,37.71840909090909,-122.61703561792454	-23.538560867,37.71840909090909,-122.60803858608492	-21.521831512,37.71840909090909,-122.59904155424529	-19.45731926,37.71840909090909,-122.59004452240568	-17.722335815,37.71840909090909,-122.58104749056605	-16.184286118,37.71840909090909,-122.57205045872642	-15.25890255,37.71840909090909,-122.5630534268868	-14.641000748,37.71840909090909,-122.55405639504718	-13.976727486,37.71840909090909,-122.54505936320756	-13.560084343,37.71840909090909,-122.53606233136793	-13.493501663,37.71840909090909,-122.52706529952832	-12.539587021,37.71840909090909,-122.51806826768869	-3.865301609,37.71840909090909,-122.50907123584906	23.069431305,37.71840909090909,-122.50007420400945	5.559999943,37.71840909090909,-122.49107717216982	37.504573822,37.71840909090909,-122.4820801403302	67.335639954,37.71840909090909,-122.47308310849058	134.982666016,37.71840909090909,-122.46408607665096	130.68989563,37.71840909090909,-122.45508904481133	65.099227905,37.71840909090909,-122.4460920129717	74.133705139,37.71840909090909,-122.43709498113209	97.820091248,37.71840909090909,-122.42809794929246	128.697128296,37.71840909090909,-122.41910091745284	125.251586914,37.71840909090909,-122.41010388561322	57.105075836,37.71840909090909,-122.4011068537736
-49.331737518,37.71227272727273,-123.04886632188878	-40.682388306,37.71227272727273,-123.03987003516964	-34.617931366,37.71227272727273,-123.03087374845052	-31.795469284,37.71227272727273,-123.02187746173138	-41.634086609,37.71227272727273,-123.01288117501225	-51.454692841,37.71227272727273,-123.00388488829311	-51.195098877,37.71227272727273,-122.99488860157399	-55.675430298,37.71227272727273,-122.98589231485485	-51.314582825,37.71227272727273,-122.97689602813571	-52.86781311,37.71227272727273,-122.96789974141659	-53.222442627,37.71227272727273,-122.95890345469745	-54.746360779,37.71227272727273,-122.94990716797832	-54.340251923,37.71227272727273,-122.94091088125919	-54.016147614,37.71227272727273,-122.93191459454006	-55.007595062,37.71227272727273,-122.92291830782092	-54.816993713,37.71227272727273,-122.91392202110178	-55.208816528,37.71227272727273,-122.90492573438266	-51.607185364,37.71227272727273,-122.89592944766352	-54.495269775,37.71227272727273,-122.8869331609444	-52.792098999,37.71227272727273,-122.87793687422526	-52.879314423,37.71227272727273,-122.86894058750613	-54.89068222,37.71227272727273,-122.85994430078699	-55.255104065,37.71227272727273,-122.85094801406785	-56.936019897,37.71227272727273,-122.84195172734873	-55.129478455,37.71227272727273,-122.83295544062959	-59.430992126,37.71227272727273,-122.82395915391047	-60.912670135,37.71227272727273,-122.81496286719133	-57.856781006,37.71227272727273,-122.80596658047219	-54.84072113,37.71227272727273,-122.79697029375306	-50.546821594,37.71227272727273,-122.78797400703392	-49.023620605,37.71227272727273,-122.7789777203148	-45.754886627,37.71227272727273,-122.76998143359566	-45.611614227,37.71227272727273,-122.76098514687654	-42.475723267,37.71227272727273,-122.7519888601574	-40.10225296,37.71227272727273,-122.74299257343826	-37.049667358,37.71227272727273,-122.73399628671913	-38.708335876,37.71227272727273,-122.725	-38.836608887,37.71227272727273,-122.71600371328087	-37.609745026,37.71227272727273,-122.70700742656173	-36.492351532,37.71227272727273,-122.6980111398426	-35.23412323,37.71227272727273,-122.68901485312347	-34.219783783,37.71227272727273,-122.68001856640433	-32.948596954,37.71227272727273,-122.6710222796852	-31.730636597,37.71227272727273,-122.66202599296606	-30.450037003,37.71227272727273,-122.65302970624694	-29.321138382,37.71227272727273,-122.6440334195278	-28.151700974,37.71227272727273,-122.63503713280868	-27.213747025,37.71227272727273,-122.62604084608954	-26.147613525,37.71227272727273,-122.6170445593704	-25.16034317,37.71227272727273,-122.60804827265127	-23.99810791,37.71227272727273,-122.59905198593214	-22.561519623,37.71227272727273,-122.59005569921301	-20.860515594,37.71227272727273,-122.58105941249387	-19.0350914,37.71227272727273,-122.57206312577475	-17.932991028,37.71227272727273,-122.56306683905561	-16.968528748,37.71227272727273,-122.55407055233647	-16.509803772,37.71227272727273,-122.54507426561734	-15.595269203,37.71227272727273,-122.5360779788982	-14.776847839,37.71227272727273,-122.52708169217908	-13.524536133,37.71227272727273,-122.51808540545994	-8.524234772,37.71227272727273,-122.50908911874082	57.830135345,37.71227272727273,-122.50009283202168	13.383270264,37.71227272727273,-122.49109654530254	36.30556488,37.71227272727273,-122.48210025858342	55.393321991,37.71227272727273,-122.47310397186428	77.274261475,37.71227272727273,-122.46410768514515	91.213096619,37.71227272727273,-122.45511139842601	87.069190979,37.71227272727273,-122.44611511170689	84.458877563,37.71227272727273,-122.43711882498775	68.528915405,37.71227272727273,-122.42812253826861	37.288917542,37.71227272727273,-122.41912625154949	22.800308228,37.71227272727273,-122.41012996483035	18.508436203,37.71227272727273,-122.40113367811122
-57.462013245,37.70613636363637,-123.04883950570813	-53.832313538,37.70613636363637,-123.0398439638829	-36.572280884,37.70613636363637,-123.03084842205767	-28.289690018,37.70613636363637,-123.02185288023246	-26.633722305,37.70613636363637,-123.01285733840723	-28.238393784,37.70613636363637,-123.003861796582	-43.446456909,37.70613636363637,-122.99486625475677	-49.674427032,37.70613636363637,-122.98587071293154	-50.737438202,37.70613636363637,-122.97687517110633	-51.151695251,37.70613636363637,-122.9678796292811	-54.580661774,37.70613636363637,-122.95888408745587	-54.683815002,37.70613636363637,-122.94988854563064	-53.655677795,37.70613636363637,-122.94089300380541	-53.216602325,37.70613636363637,-122.9318974619802	-56.614730835,37.70613636363637,-122.92290192015497	-54.912731171,37.70613636363637,-122.91390637832974	-56.600723267,37.70613636363637,-122.90491083650451	-55.448329926,37.70613636363637,-122.89591529467928	-53.82377243,37.70613636363637,-122.88691975285407	-54.657440186,37.70613636363637,-122.87792421102884	-54.513221741,37.70613636363637,-122.86892866920361	-54.752990723,37.70613636363637,-122.85993312737838	-56.985694885,37.70613636363637,-122.85093758555315	-61.218044281,37.70613636363637,-122.84194204372794	-63.107021332,37.70613636363637,-122.83294650190271	-63.533489227,37.70613636363637,-122.82395096007748	-61.232540131,37.70613636363637,-122.81495541825225	-59.195625305,37.70613636363637,-122.80595987642702	-55.538566589,37.70613636363637,-122.79696433460181	-53.02488327,37.70613636363637,-122.78796879277658	-48.867279053,37.70613636363637,-122.77897325095135	-46.452205658,37.70613636363637,-122.76997770912612	-45.603069305,37.70613636363637,-122.7609821673009	-41.92407608,37.70613636363637,-122.75198662547568	-40.324226379,37.70613636363637,-122.74299108365045	-40.199695587,37.70613636363637,-122.73399554182522	-36.667800903,37.70613636363637,-122.725	-38.964641571,37.70613636363637,-122.71600445817477	-37.748718262,37.70613636363637,-122.70700891634955	-36.742408752,37.70613636363637,-122.69801337452432	-35.62071991,37.70613636363637,-122.6890178326991	-34.547901154,37.70613636363637,-122.68002229087386	-33.514949799,37.70613636363637,-122.67102674904864	-32.327388763,37.70613636363637,-122.66203120722342	-30.929458618,37.70613636363637,-122.65303566539819	-29.879629135,37.70613636363637,-122.64404012357296	-28.716623306,37.70613636363637,-122.63504458174774	-27.931182861,37.70613636363637,-122.6260490399225	-27.141515732,37.70613636363637,-122.61705349809729	-26.259521484,37.70613636363637,-122.60805795627206	-25.401638031,37.70613636363637,-122.59906241444683	-24.811183929,37.70613636363637,-122.5900668726216	-23.823823929,37.70613636363637,-122.58107133079638	-22.034637451,37.70613636363637,-122.57207578897116	-20.870656967,37.70613636363637,-122.56308024714593	-19.518735886,37.70613636363637,-122.5540847053207	-18.74845314,37.70613636363637,-122.54508916349548	-17.852968216,37.70613636363637,-122.53609362167025	-16.68346405,37.70613636363637,-122.52709807984503	-14.798156738,37.70613636363637,-122.5181025380198	-10.937704086,37.70613636363637,-122.50910699619457	33.145511627,37.70613636363637,-122.50011145436935	49.566467285,37.70613636363637,-122.49111591254412	23.735876083,37.70613636363637,-122.4821203707189	62.081970215,37.70613636363637,-122.47312482889367	108.379356384,37.70613636363637,-122.46412928706845	115.417114258,37.70613636363637,-122.45513374524322	141.353149414,37.70613636363637,-122.44613820341799	175.272644043,37.70613636363637,-122.43714266159277	158.280899048,37.70613636363637,-122.42814711976754	33.487503052,37.70613636363637,-122.41915157794232	8.64256382,37.70613636363637,-122.41015603611709	5.179234505,37.70613636363637,-122.40116049429186
-62.624885559,37.7,-123.04881269768183	-55.986347198,37.7,-123.039817900524	-40.30488205,37.7,-123.03082310336617	-24.281400681,37.7,-123.02182830620833	7.741830826,37.7,-123.01283350905051	28.443195343,37.7,-123.00383871189268	-24.228134155,37.7,-122.99484391473486	-43.456184387,37.7,-122.98584911757703	-47.712726593,37.7,-122.97685432041919	-49.919502258,37.7,-122.96785952326137	-50.477794647,37.7,-122.95886472610354	-53.687458038,37.7,-122.94986992894572	-54.103942871,37.7,-122.94087513178788	-53.801212311,37.7,-122.93188033463005	-54.210956573,37.7,-122.92288553747223	-56.500171661,37.7,-122.9138907403144	-57.662006378,37.7,-122.90489594315657	-55.259857178,37.7,-122.89590114599874	-56.763755798,37.7,-122.88690634884091	-55.477325439,37.7,-122.87791155168308	-54.86674118,37.7,-122.86891675452526	-55.851993561,37.7,-122.85992195736743	-63.014118195,37.7,-122.8509271602096	-63.025302887,37.7,-122.84193236305177	-64.270355225,37.7,-122.83293756589394	-63.842273712,37.7,-122.82394276873612	-62.247470856,37.7,-122.81494797157829	-60.498413086,37.7,-122.80595317442045	-58.618171692,37.7,-122.79695837726263	-54.06142807,37.7,-122.7879635801048	-47.546741486,37.7,-122.77896878294698	-46.91217041,37.7,-122.76997398578914	-46.465305328,37.7,-122.76097918863131	-44.508167267,37.7,-122.75198439147348	-43.710105896,37.7,-122.74298959431566	-40.758609772,37.7,-122.73399479715783	-39.698467255,37.7,-122.725	-39.335624695,37.7,-122.71600520284217	-37.850582123,37.7,-122.70701040568434	-36.853744507,37.7,-122.69801560852652	-35.840694427,37.7,-122.68902081136869	-34.787437439,37.7,-122.68002601421085	-33.740890503,37.7,-122.67103121705303	-32.868499756,37.7,-122.6620364198952	-31.568977356,37.7,-122.65304162273738	-30.448179245,37.7,-122.64404682557955	-29.597635269,37.7,-122.63505202842171	-28.421102524,37.7,-122.62605723126389	-27.606441498,37.7,-122.61706243410606	-26.801025391,37.7,-122.60806763694823	-26.145452499,37.7,-122.5990728397904	-25.536661148,37.7,-122.59007804263257	-25.520957947,37.7,-122.58108324547474	-24.513788223,37.7,-122.57208844831692	-23.370786667,37.7,-122.5630936511591	-22.091972351,37.7,-122.55409885400125	-20.728517532,37.7,-122.54510405684343	-19.510133743,37.7,-122.5361092596856	-18.081506729,37.7,-122.52711446252778	-16.877849579,37.7,-122.51811966536995	-11.911614418,37.7,-122.50912486821211	1.519999981,37.7,-122.50013007105429	56.939105988,37.7,-122.49113527389646	28.341140747,37.7,-122.48214047673864	53.021942139,37.7,-122.47314567958081	105.548088074,37.7,-122.46415088242297	228.667572021,37.7,-122.45515608526514	175.102478027,37.7,-122.44616128810732	199.227035522,37.7,-122.4371664909495	228.980834961,37.7,-122.42817169379165	93.984176636,37.7,-122.41917689663383	16.351257324,37.7,-122.410182099476	6.820106506,37.7,-122.40118730231818
-data:
