radius:10
size:179^35
path:sample.svg
fields:latitude	longitude	temperature	precipitation	climate_pet	aridity_index	temp_seasonality	precip_seasonality	humidity
geo:37.5,48.5,-124.5,-121.0
+data:
0.0,48.5,-124.68152770019546,0.0,0.0,0.0,0.0,0.0,0.0,0.0	0.0,48.5,-124.56790842371338,0.0,0.0,0.0,0.0,0.0,0.0,0.0	0.0,48.5,-124.4542891472313,0.0,0.0,0.0,0.0,0.0,0.0,0.0	0.0,48.5,-124.3406698707492,9.422540609600292,2518.2,640.9953333333334,3.928577743155696,3.7251887012033906,80.60314387925892,83.57822787125092	343.906219482,48.5,-124.22705059426711,7.593201314108413,2502.2799999999997,618.0713333333333,4.048529457764853,4.134657295812634,79.96131871687298,81.74091660543718	664.513244629,48.5,-124.11343131778503,0.0,0.0,0.0,0.0,0.0,0.0,0.0	427.020141602,48.5,-123.99981204130295,0.0,0.0,0.0,0.0,0.0,0.0,0.0	555.139770508,48.5,-123.88619276482086,0.0,0.0,0.0,0.0,0.0,0.0,0.0	556.035949707,48.5,-123.77257348833878,0.0,0.0,0.0,0.0,0.0,0.0,0.0	374.197784424,48.5,-123.65895421185668,0.0,0.0,0.0,0.0,0.0,0.0,0.0	89.179847717,48.5,-123.5453349353746,0.0,0.0,0.0,0.0,0.0,0.0,0.0	102.104255676,48.5,-123.43171565889251,0.0,0.0,0.0,0.0,0.0,0.0,0.0	0.0,48.5,-123.31809638241043,0.0,0.0,0.0,0.0,0.0,0.0,0.0	0.0,48.5,-123.20447710592835,0.0,0.0,0.0,0.0,0.0,0.0,0.0	56.68927002,48.5,-123.09085782944626,0.0,0.0,0.0,0.0,0.0,0.0,0.0	0.0,48.5,-122.97723855296417,0.0,0.0,0.0,0.0,0.0,0.0,0.0	1.663394213,48.5,-122.86361927648208,0.0,0.0,0.0,0.0,0.0,0.0,0.0	0.0,48.5,-122.75,0.0,0.0,0.0,0.0,0.0,0.0,0.0	86.693519592,48.5,-122.63638072351792,0.0,0.0,0.0,0.0,0.0,0.0,0.0	0.0,48.5,-122.52276144703583,0.0,0.0,0.0,0.0,0.0,0.0,0.0	6.124346733,48.5,-122.40914217055374,0.0,0.0,0.0,0.0,0.0,0.0,0.0	13.023091316,48.5,-122.29552289407165,0.0,0.0,0.0,0.0,0.0,0.0,0.0	16.700073242,48.5,-122.18190361758957,0.0,0.0,0.0,0.0,0.0,0.0,0.0	31.920648575,48.5,-122.06828434110749,0.0,0.0,0.0,0.0,0.0,0.0,0.0	849.91583252,48.5,-121.9546650646254,0.0,0.0,0.0,0.0,0.0,0.0,0.0	159.956695557,48.5,-121.84104578814332,0.0,0.0,0.0,0.0,0.0,0.0,0.0	196.833511353,48.5,-121.72742651166122,0.0,0.0,0.0,0.0,0.0,0.0,0.0	436.397674561,48.5,-121.61380723517914,0.0,0.0,0.0,0.0,0.0,0.0,0.0	81.591339111,48.5,-121.50018795869705,0.0,0.0,0.0,0.0,0.0,0.0,0.0	797.486633301,48.5,-121.38656868221497,0.0,0.0,0.0,0.0,0.0,0.0,0.0	1011.09161377,48.5,-121.27294940573289,0.0,0.0,0.0,0.0,0.0,0.0,0.0	1141.770751953,48.5,-121.1593301292508,0.0,0.0,0.0,0.0,0.0,0.0,0.0	2271.791015625,48.5,-121.0457108527687,0.0,0.0,0.0,0.0,0.0,0.0,0.0	1827.970336914,48.5,-120.93209157628662,0.0,0.0,0.0,0.0,0.0,0.0,0.0	1995.911254883,48.5,-120.81847229980454,0.0,0.0,0.0,0.0,0.0,0.0,0.0
0.0,48.438202247191015,-124.67917695075774,0.0,0.0,0.0,0.0,0.0,0.0,0.0	0.0,48.438202247191015,-124.56569595365434,0.0,0.0,0.0,0.0,0.0,0.0,0.0	0.0,48.438202247191015,-124.45221495655095,0.0,0.0,0.0,0.0,0.0,0.0,0.0	0.0,48.438202247191015,-124.33873395944755,0.0,0.0,0.0,0.0,0.0,0.0,0.0	0.0,48.438202247191015,-124.22525296234414,0.0,0.0,0.0,0.0,0.0,0.0,0.0	53.171852112,48.438202247191015,-124.11177196524075,0.0,0.0,0.0,0.0,0.0,0.0,0.0	396.231658936,48.438202247191015,-123.99829096813735,0.0,0.0,0.0,0.0,0.0,0.0,0.0	229.715332031,48.438202247191015,-123.88480997103396,0.0,0.0,0.0,0.0,0.0,0.0,0.0	545.147521973,48.438202247191015,-123.77132897393057,0.0,0.0,0.0,0.0,0.0,0.0,0.0	441.39831543,48.438202247191015,-123.65784797682717,0.0,0.0,0.0,0.0,0.0,0.0,0.0	201.450836182,48.438202247191015,-123.54436697972378,0.0,0.0,0.0,0.0,0.0,0.0,0.0	11.159999847,48.438202247191015,-123.43088598262038,0.0,0.0,0.0,0.0,0.0,0.0,0.0	26.416582108,48.438202247191015,-123.31740498551697,0.0,0.0,0.0,0.0,0.0,0.0,0.0	0.0,48.438202247191015,-123.20392398841358,0.0,0.0,0.0,0.0,0.0,0.0,0.0	0.0,48.438202247191015,-123.09044299131018,0.0,0.0,0.0,0.0,0.0,0.0,0.0	0.0,48.438202247191015,-122.97696199420679,0.0,0.0,0.0,0.0,0.0,0.0,0.0	1.427436948,48.438202247191015,-122.8634809971034,0.0,0.0,0.0,0.0,0.0,0.0,0.0	0.0,48.438202247191015,-122.75,0.0,0.0,0.0,0.0,0.0,0.0,0.0	118.934738159,48.438202247191015,-122.6365190028966,0.0,0.0,0.0,0.0,0.0,0.0,0.0	61.640342712,48.438202247191015,-122.52303800579321,0.0,0.0,0.0,0.0,0.0,0.0,0.0	4.538079739,48.438202247191015,-122.4095570086898,0.0,0.0,0.0,0.0,0.0,0.0,0.0	21.978809357,48.438202247191015,-122.29607601158641,0.0,0.0,0.0,0.0,0.0,0.0,0.0	293.197479248,48.438202247191015,-122.18259501448301,0.0,0.0,0.0,0.0,0.0,0.0,0.0	1136.646118164,48.438202247191015,-122.06911401737962,0.0,0.0,0.0,0.0,0.0,0.0,0.0	1076.94152832,48.438202247191015,-121.95563302027622,0.0,0.0,0.0,0.0,0.0,0.0,0.0	1326.528076172,48.438202247191015,-121.84215202317283,0.0,0.0,0.0,0.0,0.0,0.0,0.0	592.635620117,48.438202247191015,-121.72867102606943,0.0,0.0,0.0,0.0,0.0,0.0,0.0	209.956863403,48.438202247191015,-121.61519002896604,0.0,0.0,0.0,0.0,0.0,0.0,0.0	1146.533691406,48.438202247191015,-121.50170903186263,0.0,0.0,0.0,0.0,0.0,0.0,0.0	1346.845214844,48.438202247191015,-121.38822803475924,0.0,0.0,0.0,0.0,0.0,0.0,0.0	1188.959472656,48.438202247191015,-121.27474703765584,0.0,0.0,0.0,0.0,0.0,0.0,0.0	1626.270507812,48.438202247191015,-121.16126604055245,0.0,0.0,0.0,0.0,0.0,0.0,0.0	1804.131469727,48.438202247191015,-121.04778504344905,0.0,0.0,0.0,0.0,0.0,0.0,0.0	766.290405273,48.438202247191015,-120.93430404634566,0.0,0.0,0.0,0.0,0.0,0.0,0.0	1566.933959961,48.438202247191015,-120.82082304924226,0.0,0.0,0.0,0.0,0.0,0.0,0.0
279.071960449,48.37640449438202,-124.67683415508853,0.0,0.0,0.0,0.0,0.0,0.0,0.0	0.0,48.37640449438202,-124.56349096949509,0.0,0.0,0.0,0.0,0.0,0.0,0.0	0.0,48.37640449438202,-124.45014778390164,0.0,0.0,0.0,0.0,0.0,0.0,0.0	0.0,48.37640449438202,-124.3368045983082,0.0,0.0,0.0,0.0,0.0,0.0,0.0	0.0,48.37640449438202,-124.22346141271476,0.0,0.0,0.0,0.0,0.0,0.0,0.0	0.0,48.37640449438202,-124.11011822712132,0.0,0.0,0.0,0.0,0.0,0.0,0.0	0.0,48.37640449438202,-123.99677504152787,0.0,0.0,0.0,0.0,0.0,0.0,0.0	0.0,48.37640449438202,-123.88343185593443,0.0,0.0,0.0,0.0,0.0,0.0,0.0	48.732006073,48.37640449438202,-123.77008867034098,0.0,0.0,0.0,0.0,0.0,0.0,0.0	0.0,48.37640449438202,-123.65674548474755,0.0,0.0,0.0,0.0,0.0,0.0,0.0	65.699234009,48.37640449438202,-123.5434022991541,0.0,0.0,0.0,0.0,0.0,0.0,0.0	0.0,48.37640449438202,-123.43005911356066,0.0,0.0,0.0,0.0,0.0,0.0,0.0	0.0,48.37640449438202,-123.31671592796721,0.0,0.0,0.0,0.0,0.0,0.0,0.0	0.0,48.37640449438202,-123.20337274237377,0.0,0.0,0.0,0.0,0.0,0.0,0.0	0.0,48.37640449438202,-123.09002955678032,0.0,0.0,0.0,0.0,0.0,0.0,0.0	0.0,48.37640449438202,-122.97668637118689,0.0,0.0,0.0,0.0,0.0,0.0,0.0	0.0,48.37640449438202,-122.86334318559344,0.0,0.0,0.0,0.0,0.0,0.0,0.0	0.0,48.37640449438202,-122.75,0.0,0.0,0.0,0.0,0.0,0.0,0.0	63.326789856,48.37640449438202,-122.63665681440656,0.0,0.0,0.0,0.0,0.0,0.0,0.0	2.004703999,48.37640449438202,-122.52331362881311,0.0,0.0,0.0,0.0,0.0,0.0,0.0	1.797242522,48.37640449438202,-122.40997044321968,0.0,0.0,0.0,0.0,0.0,0.0,0.0	151.624908447,48.37640449438202,-122.29662725762623,0.0,0.0,0.0,0.0,0.0,0.0,0.0	98.132064819,48.37640449438202,-122.18328407203279,0.0,0.0,0.0,0.0,0.0,0.0,0.0	722.486083984,48.37640449438202,-122.06994088643934,0.0,0.0,0.0,0.0,0.0,0.0,0.0	604.176330566,48.37640449438202,-121.9565977008459,0.0,0.0,0.0,0.0,0.0,0.0,0.0	673.72088623,48.37640449438202,-121.84325451525245,0.0,0.0,0.0,0.0,0.0,0.0,0.0	1055.797607422,48.37640449438202,-121.72991132965902,0.0,0.0,0.0,0.0,0.0,0.0,0.0	356.28918457,48.37640449438202,-121.61656814406557,0.0,0.0,0.0,0.0,0.0,0.0,0.0	646.41003418,48.37640449438202,-121.50322495847213,0.0,0.0,0.0,0.0,0.0,0.0,0.0	1415.783813477,48.37640449438202,-121.38988177287868,0.0,0.0,0.0,0.0,0.0,0.0,0.0	1166.23046875,48.37640449438202,-121.27653858728524,0.0,0.0,0.0,0.0,0.0,0.0,0.0	1471.369628906,48.37640449438202,-121.1631954016918,0.0,0.0,0.0,0.0,0.0,0.0,0.0	1898.624511719,48.37640449438202,-121.04985221609836,0.0,0.0,0.0,0.0,0.0,0.0,0.0	2077.327636719,48.37640449438202,-120.93650903050491,0.0,0.0,0.0,0.0,0.0,0.0,0.0	511.078735352,48.37640449438202,-120.82316584491147,0.0,0.0,0.0,0.0,0.0,0.0,0.0
0.0,48.31460674157304,-124.6744992788048,0.0,0.0,0.0,0.0,0.0,0.0,0.0	190.414840698,48.31460674157304,-124.56129343887511,0.0,0.0,0.0,0.0,0.0,0.0,0.0	21.464235306,48.31460674157304,-124.44808759894542,0.0,0.0,0.0,0.0,0.0,0.0,0.0	0.0,48.31460674157304,-124.33488175901572,0.0,0.0,0.0,0.0,0.0,0.0,0.0	0.0,48.31460674157304,-124.22167591908602,0.0,0.0,0.0,0.0,0.0,0.0,0.0	0.0,48.31460674157304,-124.10847007915633,0.0,0.0,0.0,0.0,0.0,0.0,0.0	0.0,48.31460674157304,-123.99526423922664,0.0,0.0,0.0,0.0,0.0,0.0,0.0	0.0,48.31460674157304,-123.88205839929694,0.0,0.0,0.0,0.0,0.0,0.0,0.0	0.0,48.31460674157304,-123.76885255936725,0.0,0.0,0.0,0.0,0.0,0.0,0.0	0.0,48.31460674157304,-123.65564671943756,0.0,0.0,0.0,0.0,0.0,0.0,0.0	4.300000191,48.31460674157304,-123.54244087950786,0.0,0.0,0.0,0.0,0.0,0.0,0.0	0.0,48.31460674157304,-123.42923503957816,0.0,0.0,0.0,0.0,0.0,0.0,0.0	0.0,48.31460674157304,-123.31602919964847,0.0,0.0,0.0,0.0,0.0,0.0,0.0	0.0,48.31460674157304,-123.20282335971878,0.0,0.0,0.0,0.0,0.0,0.0,0.0	0.0,48.31460674157304,-123.08961751978909,0.0,0.0,0.0,0.0,0.0,0.0,0.0	0.0,48.31460674157304,-122.97641167985938,0.0,0.0,0.0,0.0,0.0,0.0,0.0	0.0,48.31460674157304,-122.86320583992969,0.0,0.0,0.0,0.0,0.0,0.0,0.0	0.0,48.31460674157304,-122.75,0.0,0.0,0.0,0.0,0.0,0.0,0.0	64.176094055,48.31460674157304,-122.63679416007031,0.0,0.0,0.0,0.0,0.0,0.0,0.0	50.962219238,48.31460674157304,-122.5235883201406,0.0,0.0,0.0,0.0,0.0,0.0,0.0	0.0,48.31460674157304,-122.41038248021091,0.0,0.0,0.0,0.0,0.0,0.0,0.0	102.865318298,48.31460674157304,-122.29717664028122,0.0,0.0,0.0,0.0,0.0,0.0,0.0	223.905380249,48.31460674157304,-122.18397080035153,0.0,0.0,0.0,0.0,0.0,0.0,0.0	476.851806641,48.31460674157304,-122.07076496042183,0.0,0.0,0.0,0.0,0.0,0.0,0.0	207.497268677,48.31460674157304,-121.95755912049214,0.0,0.0,0.0,0.0,0.0,0.0,0.0	813.831115723,48.31460674157304,-121.84435328056244,0.0,0.0,0.0,0.0,0.0,0.0,0.0	740.73651123,48.31460674157304,-121.73114744063275,0.0,0.0,0.0,0.0,0.0,0.0,0.0	880.00994873,48.31460674157304,-121.61794160070305,0.0,0.0,0.0,0.0,0.0,0.0,0.0	156.680007935,48.31460674157304,-121.50473576077336,0.0,0.0,0.0,0.0,0.0,0.0,0.0	1129.469970703,48.31460674157304,-121.39152992084367,0.0,0.0,0.0,0.0,0.0,0.0,0.0	770.377319336,48.31460674157304,-121.27832408091398,0.0,0.0,0.0,0.0,0.0,0.0,0.0	786.250793457,48.31460674157304,-121.16511824098427,0.0,0.0,0.0,0.0,0.0,0.0,0.0	2216.093994141,48.31460674157304,-121.05191240105458,0.0,0.0,0.0,0.0,0.0,0.0,0.0	1568.061767578,48.31460674157304,-120.93870656112489,0.0,0.0,0.0,0.0,0.0,0.0,0.0	1761.272216797,48.31460674157304,-120.8255007211952,0.0,0.0,0.0,0.0,0.0,0.0,0.0
47.976482391,48.252808988764045,-124.67217228772944,0.0,0.0,0.0,0.0,0.0,0.0,0.0	81.626800537,48.252808988764045,-124.5591033296277,0.0,0.0,0.0,0.0,0.0,0.0,0.0	138.85484314,48.252808988764045,-124.44603437152597,0.0,0.0,0.0,0.0,0.0,0.0,0.0	193.258132935,48.252808988764045,-124.33296541342425,0.0,0.0,0.0,0.0,0.0,0.0,0.0	33.113636017,48.252808988764045,-124.21989645532251,0.0,0.0,0.0,0.0,0.0,0.0,0.0	0.0,48.252808988764045,-124.10682749722078,0.0,0.0,0.0,0.0,0.0,0.0,0.0	0.0,48.252808988764045,-123.99375853911904,0.0,0.0,0.0,0.0,0.0,0.0,0.0	0.0,48.252808988764045,-123.88068958101732,0.0,0.0,0.0,0.0,0.0,0.0,0.0	0.0,48.252808988764045,-123.76762062291559,0.0,0.0,0.0,0.0,0.0,0.0,0.0	0.0,48.252808988764045,-123.65455166481385,0.0,0.0,0.0,0.0,0.0,0.0,0.0	0.0,48.252808988764045,-123.54148270671212,0.0,0.0,0.0,0.0,0.0,0.0,0.0	0.0,48.252808988764045,-123.42841374861038,0.0,0.0,0.0,0.0,0.0,0.0,0.0	0.0,48.252808988764045,-123.31534479050866,0.0,0.0,0.0,0.0,0.0,0.0,0.0	0.0,48.252808988764045,-123.20227583240693,0.0,0.0,0.0,0.0,0.0,0.0,0.0	0.0,48.252808988764045,-123.08920687430519,0.0,0.0,0.0,0.0,0.0,0.0,0.0	0.0,48.252808988764045,-122.97613791620346,0.0,0.0,0.0,0.0,0.0,0.0,0.0	0.0,48.252808988764045,-122.86306895810174,0.0,0.0,0.0,0.0,0.0,0.0,0.0	67.381362915,48.252808988764045,-122.75,0.0,0.0,0.0,0.0,0.0,0.0,0.0	0.0,48.252808988764045,-122.63693104189826,0.0,0.0,0.0,0.0,0.0,0.0,0.0	0.060960744,48.252808988764045,-122.52386208379653,0.0,0.0,0.0,0.0,0.0,0.0,0.0	2.557468653,48.252808988764045,-122.4107931256948,0.0,0.0,0.0,0.0,0.0,0.0,0.0	69.787574768,48.252808988764045,-122.29772416759307,0.0,0.0,0.0,0.0,0.0,0.0,0.0	28.095144272,48.252808988764045,-122.18465520949134,0.0,0.0,0.0,0.0,0.0,0.0,0.0	110.207359314,48.252808988764045,-122.0715862513896,0.0,0.0,0.0,0.0,0.0,0.0,0.0	250.144546509,48.252808988764045,-121.95851729328787,0.0,0.0,0.0,0.0,0.0,0.0,0.0	286.528533936,48.252808988764045,-121.84544833518615,0.0,0.0,0.0,0.0,0.0,0.0,0.0	777.808776855,48.252808988764045,-121.73237937708441,0.0,0.0,0.0,0.0,0.0,0.0,0.0	186.580001831,48.252808988764045,-121.61931041898268,0.0,0.0,0.0,0.0,0.0,0.0,0.0	552.719970703,48.252808988764045,-121.50624146088094,0.0,0.0,0.0,0.0,0.0,0.0,0.0	545.380004883,48.252808988764045,-121.39317250277922,0.0,0.0,0.0,0.0,0.0,0.0,0.0	367.229980469,48.252808988764045,-121.28010354467749,0.0,0.0,0.0,0.0,0.0,0.0,0.0	1044.862915039,48.252808988764045,-121.16703458657575,0.0,0.0,0.0,0.0,0.0,0.0,0.0	1693.522705078,48.252808988764045,-121.05396562847402,0.0,0.0,0.0,0.0,0.0,0.0,0.0	1610.255371094,48.252808988764045,-120.94089667037228,0.0,0.0,0.0,0.0,0.0,0.0,0.0	1607.997558594,48.252808988764045,-120.82782771227056,0.0,0.0,0.0,0.0,0.0,0.0,0.0
57.432891846,48.19101123595506,-124.6698531478897,0.0,0.0,0.0,0.0,0.0,0.0,0.0	197.818817139,48.19101123595506,-124.55692060977854,0.0,0.0,0.0,0.0,0.0,0.0,0.0	176.469039917,48.19101123595506,-124.44398807166738,0.0,0.0,0.0,0.0,0.0,0.0,0.0	356.871368408,48.19101123595506,-124.33105553355622,0.0,0.0,0.0,0.0,0.0,0.0,0.0	65.721084595,48.19101123595506,-124.21812299544506,0.0,0.0,0.0,0.0,0.0,0.0,0.0	58.26839447,48.19101123595506,-124.1051904573339,0.0,0.0,0.0,0.0,0.0,0.0,0.0	0.0,48.19101123595506,-123.99225791922275,0.0,0.0,0.0,0.0,0.0,0.0,0.0	0.0,48.19101123595506,-123.87932538111158,0.0,0.0,0.0,0.0,0.0,0.0,0.0	0.0,48.19101123595506,-123.76639284300043,0.0,0.0,0.0,0.0,0.0,0.0,0.0	0.0,48.19101123595506,-123.65346030488928,0.0,0.0,0.0,0.0,0.0,0.0,0.0	0.0,48.19101123595506,-123.54052776677811,0.0,0.0,0.0,0.0,0.0,0.0,0.0	0.0,48.19101123595506,-123.42759522866696,0.0,0.0,0.0,0.0,0.0,0.0,0.0	0.0,48.19101123595506,-123.31466269055579,0.0,0.0,0.0,0.0,0.0,0.0,0.0	0.0,48.19101123595506,-123.20173015244464,0.0,0.0,0.0,0.0,0.0,0.0,0.0	0.0,48.19101123595506,-123.08879761433349,0.0,0.0,0.0,0.0,0.0,0.0,0.0	0.0,48.19101123595506,-122.97586507622232,0.0,0.0,0.0,0.0,0.0,0.0,0.0	0.0,48.19101123595506,-122.86293253811117,0.0,0.0,0.0,0.0,0.0,0.0,0.0	0.0,48.19101123595506,-122.75,0.0,0.0,0.0,0.0,0.0,0.0,0.0	58.318470001,48.19101123595506,-122.63706746188885,0.0,0.0,0.0,0.0,0.0,0.0,0.0	85.877189636,48.19101123595506,-122.5241349237777,0.0,0.0,0.0,0.0,0.0,0.0,0.0	0.0,48.19101123595506,-122.41120238566653,0.0,0.0,0.0,0.0,0.0,0.0,0.0	99.326393127,48.19101123595506,-122.29826984755537,0.0,0.0,0.0,0.0,0.0,0.0,0.0	15.215651512,48.19101123595506,-122.18533730944422,0.0,0.0,0.0,0.0,0.0,0.0,0.0	30.781564713,48.19101123595506,-122.07240477133305,0.0,0.0,0.0,0.0,0.0,0.0,0.0	302.180419922,48.19101123595506,-121.9594722332219,0.0,0.0,0.0,0.0,0.0,0.0,0.0	723.186340332,48.19101123595506,-121.84653969511074,0.0,0.0,0.0,0.0,0.0,0.0,0.0	603.368347168,48.19101123595506,-121.73360715699958,0.0,0.0,0.0,0.0,0.0,0.0,0.0	1037.41015625,48.19101123595506,-121.62067461888843,0.0,0.0,0.0,0.0,0.0,0.0,0.0	243.580001831,48.19101123595506,-121.50774208077726,0.0,0.0,0.0,0.0,0.0,0.0,0.0	1096.959960938,48.19101123595506,-121.39480954266611,0.0,0.0,0.0,0.0,0.0,0.0,0.0	1314.91003418,48.19101123595506,-121.28187700455494,0.0,0.0,0.0,0.0,0.0,0.0,0.0	1235.840087891,48.19101123595506,-121.16894446644379,0.0,0.0,0.0,0.0,0.0,0.0,0.0	971.280029297,48.19101123595506,-121.05601192833264,0.0,0.0,0.0,0.0,0.0,0.0,0.0	1475.569091797,48.19101123595506,-120.94307939022147,0.0,0.0,0.0,0.0,0.0,0.0,0.0	2025.119628906,48.19101123595506,-120.83014685211032,0.0,0.0,0.0,0.0,0.0,0.0,0.0
27.840864182,48.12921348314607,-124.66754182551568,0.0,0.0,0.0,0.0,0.0,0.0,0.0	194.324996948,48.12921348314607,-124.55474524754418,0.0,0.0,0.0,0.0,0.0,0.0,0.0	398.949737549,48.12921348314607,-124.44194866957267,0.0,0.0,0.0,0.0,0.0,0.0,0.0	231.861999512,48.12921348314607,-124.32915209160115,0.0,0.0,0.0,0.0,0.0,0.0,0.0	213.855941772,48.12921348314607,-124.21635551362964,0.0,0.0,0.0,0.0,0.0,0.0,0.0	291.517425537,48.12921348314607,-124.10355893565813,0.0,0.0,0.0,0.0,0.0,0.0,0.0	260.901153564,48.12921348314607,-123.99076235768662,0.0,0.0,0.0,0.0,0.0,0.0,0.0	242.198791504,48.12921348314607,-123.87796577971511,0.0,0.0,0.0,0.0,0.0,0.0,0.0	162.78338623,48.12921348314607,-123.7651692017436,0.0,0.0,0.0,0.0,0.0,0.0,0.0	106.8853302,48.12921348314607,-123.65237262377208,0.0,0.0,0.0,0.0,0.0,0.0,0.0	59.949268341,48.12921348314607,-123.53957604580057,0.0,0.0,0.0,0.0,0.0,0.0,0.0	0.609607399,48.12921348314607,-123.42677946782906,0.0,0.0,0.0,0.0,0.0,0.0,0.0	0.0,48.12921348314607,-123.31398288985756,0.0,0.0,0.0,0.0,0.0,0.0,0.0	30.841770172,48.12921348314607,-123.20118631188605,0.0,0.0,0.0,0.0,0.0,0.0,0.0	0.705344319,48.12921348314607,-123.08838973391454,0.0,0.0,0.0,0.0,0.0,0.0,0.0	0.0,48.12921348314607,-122.97559315594302,0.0,0.0,0.0,0.0,0.0,0.0,0.0	0.0,48.12921348314607,-122.86279657797151,0.0,0.0,0.0,0.0,0.0,0.0,0.0	0.0,48.12921348314607,-122.75,0.0,0.0,0.0,0.0,0.0,0.0,0.0	0.0,48.12921348314607,-122.63720342202849,0.0,0.0,0.0,0.0,0.0,0.0,0.0	0.0,48.12921348314607,-122.52440684405698,0.0,0.0,0.0,0.0,0.0,0.0,0.0	0.0,48.12921348314607,-122.41161026608546,0.0,0.0,0.0,0.0,0.0,0.0,0.0	103.4659729,48.12921348314607,-122.29881368811395,0.0,0.0,0.0,0.0,0.0,0.0,0.0	33.73645401,48.12921348314607,-122.18601711014244,0.0,0.0,0.0,0.0,0.0,0.0,0.0	158.872894287,48.12921348314607,-122.07322053217094,0.0,0.0,0.0,0.0,0.0,0.0,0.0	337.425964355,48.12921348314607,-121.96042395419943,0.0,0.0,0.0,0.0,0.0,0.0,0.0	424.776947021,48.12921348314607,-121.84762737622792,0.0,0.0,0.0,0.0,0.0,0.0,0.0	832.868225098,48.12921348314607,-121.7348307982564,0.0,0.0,0.0,0.0,0.0,0.0,0.0	1016.531494141,48.12921348314607,-121.62203422028489,0.0,0.0,0.0,0.0,0.0,0.0,0.0	985.964599609,48.12921348314607,-121.50923764231338,0.0,0.0,0.0,0.0,0.0,0.0,0.0	659.119506836,48.12921348314607,-121.39644106434187,0.0,0.0,0.0,0.0,0.0,0.0,0.0	1295.551635742,48.12921348314607,-121.28364448637036,0.0,0.0,0.0,0.0,0.0,0.0,0.0	1428.630004883,48.12921348314607,-121.17084790839885,0.0,0.0,0.0,0.0,0.0,0.0,0.0	1676.330078125,48.12921348314607,-121.05805133042733,0.0,0.0,0.0,0.0,0.0,0.0,0.0	1507.58996582,48.12921348314607,-120.94525475245582,0.0,0.0,0.0,0.0,0.0,0.0,0.0	1556.111450195,48.12921348314607,-120.83245817448432,0.0,0.0,0.0,0.0,0.0,0.0,0.0
11.485434532,48.06741573033708,-124.66523828703895,0.0,0.0,0.0,0.0,0.0,0.0,0.0	89.096992493,48.06741573033708,-124.55257721133077,0.0,0.0,0.0,0.0,0.0,0.0,0.0	138.045440674,48.06741573033708,-124.4399161356226,0.0,0.0,0.0,0.0,0.0,0.0,0.0	120.901000977,48.06741573033708,-124.32725505991442,0.0,0.0,0.0,0.0,0.0,0.0,0.0	192.226028442,48.06741573033708,-124.21459398420626,0.0,0.0,0.0,0.0,0.0,0.0,0.0	236.987792969,48.06741573033708,-124.10193290849809,0.0,0.0,0.0,0.0,0.0,0.0,0.0	410.279327393,48.06741573033708,-123.98927183278991,0.0,0.0,0.0,0.0,0.0,0.0,0.0	226.565628052,48.06741573033708,-123.87661075708174,0.0,0.0,0.0,0.0,0.0,0.0,0.0	544.520874023,48.06741573033708,-123.76394968137356,0.0,0.0,0.0,0.0,0.0,0.0,0.0	290.658538818,48.06741573033708,-123.65128860566539,0.0,0.0,0.0,0.0,0.0,0.0,0.0	332.024597168,48.06741573033708,-123.53862752995721,0.0,0.0,0.0,0.0,0.0,0.0,0.0	380.617492676,48.06741573033708,-123.42596645424904,0.0,0.0,0.0,0.0,0.0,0.0,0.0	218.267684937,48.06741573033708,-123.31330537854087,0.0,0.0,0.0,0.0,0.0,0.0,0.0	153.642944336,48.06741573033708,-123.2006443028327,0.0,0.0,0.0,0.0,0.0,0.0,0.0	148.404846191,48.06741573033708,-123.08798322712452,0.0,0.0,0.0,0.0,0.0,0.0,0.0	117.414024353,48.06741573033708,-122.97532215141635,0.0,0.0,0.0,0.0,0.0,0.0,0.0	0.983347714,48.06741573033708,-122.86266107570817,0.0,0.0,0.0,0.0,0.0,0.0,0.0	0.0,48.06741573033708,-122.75,0.0,0.0,0.0,0.0,0.0,0.0,0.0	0.0,48.06741573033708,-122.63733892429183,0.0,0.0,0.0,0.0,0.0,0.0,0.0	0.0,48.06741573033708,-122.52467784858366,0.0,0.0,0.0,0.0,0.0,0.0,0.0	0.0,48.06741573033708,-122.41201677287549,0.0,0.0,0.0,0.0,0.0,0.0,0.0	1.676403284,48.06741573033708,-122.29935569716731,0.0,0.0,0.0,0.0,0.0,0.0,0.0	7.100175858,48.06741573033708,-122.18669462145914,0.0,0.0,0.0,0.0,0.0,0.0,0.0	116.85332489,48.06741573033708,-122.07403354575096,0.0,0.0,0.0,0.0,0.0,0.0,0.0	104.432609558,48.06741573033708,-121.96137247004279,0.0,0.0,0.0,0.0,0.0,0.0,0.0	424.27355957,48.06741573033708,-121.84871139433461,0.0,0.0,0.0,0.0,0.0,0.0,0.0	577.826293945,48.06741573033708,-121.73605031862645,0.0,0.0,0.0,0.0,0.0,0.0,0.0	421.535766602,48.06741573033708,-121.62338924291828,0.0,0.0,0.0,0.0,0.0,0.0,0.0	530.561401367,48.06741573033708,-121.5107281672101,0.0,0.0,0.0,0.0,0.0,0.0,0.0	714.637268066,48.06741573033708,-121.39806709150193,0.0,0.0,0.0,0.0,0.0,0.0,0.0	817.808959961,48.06741573033708,-121.28540601579375,0.0,0.0,0.0,0.0,0.0,0.0,0.0	1509.779907227,48.06741573033708,-121.17274494008558,0.0,0.0,0.0,0.0,0.0,0.0,0.0	2085.989990234,48.06741573033708,-121.0600838643774,0.0,0.0,0.0,0.0,0.0,0.0,0.0	1513.897094727,48.06741573033708,-120.94742278866923,0.0,0.0,0.0,0.0,0.0,0.0,0.0	1019.13861084,48.06741573033708,-120.83476171296107,0.0,0.0,0.0,0.0,0.0,0.0,0.0
103.87399292,48.00561797752809,-124.66294249909089,0.0,0.0,0.0,0.0,0.0,0.0,0.0	24.596231461,48.00561797752809,-124.5504164697326,0.0,0.0,0.0,0.0,0.0,0.0,0.0	113.192390442,48.00561797752809,-124.43789044037432,0.0,0.0,0.0,0.0,0.0,0.0,0.0	415.075164795,48.00561797752809,-124.32536441101603,0.0,0.0,0.0,0.0,0.0,0.0,0.0	290.985046387,48.00561797752809,-124.21283838165773,0.0,0.0,0.0,0.0,0.0,0.0,0.0	719.586730957,48.00561797752809,-124.10031235229945,0.0,0.0,0.0,0.0,0.0,0.0,0.0	810.791381836,48.00561797752809,-123.98778632294116,0.0,0.0,0.0,0.0,0.0,0.0,0.0	706.906433105,48.00561797752809,-123.87526029358287,0.0,0.0,0.0,0.0,0.0,0.0,0.0	931.65246582,48.00561797752809,-123.76273426422459,0.0,0.0,0.0,0.0,0.0,0.0,0.0	1392.265991211,48.00561797752809,-123.6502082348663,0.0,0.0,0.0,0.0,0.0,0.0,0.0	965.152832031,48.00561797752809,-123.537682205508,0.0,0.0,0.0,0.0,0.0,0.0,0.0	1273.442993164,48.00561797752809,-123.42515617614973,0.0,0.0,0.0,0.0,0.0,0.0,0.0	541.723876953,48.00561797752809,-123.31263014679143,0.0,0.0,0.0,0.0,0.0,0.0,0.0	656.907043457,48.00561797752809,-123.20010411743314,0.0,0.0,0.0,0.0,0.0,0.0,0.0	708.710327148,48.00561797752809,-123.08757808807486,0.0,0.0,0.0,0.0,0.0,0.0,0.0	579.39630127,48.00561797752809,-122.97505205871657,0.0,0.0,0.0,0.0,0.0,0.0,0.0	0.743439138,48.00561797752809,-122.86252602935828,0.0,0.0,0.0,0.0,0.0,0.0,0.0	92.636833191,48.00561797752809,-122.75,0.0,0.0,0.0,0.0,0.0,0.0,0.0	0.0,48.00561797752809,-122.63747397064171,0.0,0.0,0.0,0.0,0.0,0.0,0.0	38.253787994,48.00561797752809,-122.52494794128341,0.0,0.0,0.0,0.0,0.0,0.0,0.0	52.047588348,48.00561797752809,-122.41242191192514,0.0,0.0,0.0,0.0,0.0,0.0,0.0	0.0,48.00561797752809,-122.29989588256684,0.0,0.0,0.0,0.0,0.0,0.0,0.0	7.276839256,48.00561797752809,-122.18736985320855,0.0,0.0,0.0,0.0,0.0,0.0,0.0	65.367538452,48.00561797752809,-122.07484382385027,0.0,0.0,0.0,0.0,0.0,0.0,0.0	157.69203186,48.00561797752809,-121.96231779449198,0.0,0.0,0.0,0.0,0.0,0.0,0.0	449.006591797,48.00561797752809,-121.84979176513369,0.0,0.0,0.0,0.0,0.0,0.0,0.0	438.303955078,48.00561797752809,-121.73726573577541,0.0,0.0,0.0,0.0,0.0,0.0,0.0	1115.295166016,48.00561797752809,-121.62473970641712,0.0,0.0,0.0,0.0,0.0,0.0,0.0	1573.149414062,48.00561797752809,-121.51221367705884,0.0,0.0,0.0,0.0,0.0,0.0,0.0	1578.849243164,48.00561797752809,-121.39968764770055,0.0,0.0,0.0,0.0,0.0,0.0,0.0	1123.858520508,48.00561797752809,-121.28716161834225,0.0,0.0,0.0,0.0,0.0,0.0,0.0	1484.795410156,48.00561797752809,-121.17463558898397,0.0,0.0,0.0,0.0,0.0,0.0,0.0	1413.052246094,48.00561797752809,-121.06210955962568,0.0,0.0,0.0,0.0,0.0,0.0,0.0	1178.378295898,48.00561797752809,-120.94958353026739,0.0,0.0,0.0,0.0,0.0,0.0,0.0	1146.436279297,48.00561797752809,-120.83705750090911,0.0,0.0,0.0,0.0,0.0,0.0,0.0
-0.3048006,47.943820224719104,-124.66065442850142,0.0,0.0,0.0,0.0,0.0,0.0,0.0	62.032821655,47.943820224719104,-124.54826299153075,0.0,0.0,0.0,0.0,0.0,0.0,0.0	69.598464966,47.943820224719104,-124.43587155456008,0.0,0.0,0.0,0.0,0.0,0.0,0.0	159.53326416,47.943820224719104,-124.3234801175894,0.0,0.0,0.0,0.0,0.0,0.0,0.0	293.104705811,47.943820224719104,-124.21108868061873,0.0,0.0,0.0,0.0,0.0,0.0,0.0	620.131835938,47.943820224719104,-124.09869724364806,0.0,0.0,0.0,0.0,0.0,0.0,0.0	705.524230957,47.943820224719104,-123.9863058066774,0.0,0.0,0.0,0.0,0.0,0.0,0.0	1082.422973633,47.943820224719104,-123.87391436970672,0.0,0.0,0.0,0.0,0.0,0.0,0.0	1282.676391602,47.943820224719104,-123.76152293273604,0.0,0.0,0.0,0.0,0.0,0.0,0.0	664.707885742,47.943820224719104,-123.64913149576537,0.0,0.0,0.0,0.0,0.0,0.0,0.0	362.091003418,47.943820224719104,-123.5367400587947,0.0,0.0,0.0,0.0,0.0,0.0,0.0	1572.908447266,47.943820224719104,-123.42434862182404,0.0,0.0,0.0,0.0,0.0,0.0,0.0	1581.811889648,47.943820224719104,-123.31195718485336,0.0,0.0,0.0,0.0,0.0,0.0,0.0	810.230041504,47.943820224719104,-123.19956574788269,0.0,0.0,0.0,0.0,0.0,0.0,0.0	602.356506348,47.943820224719104,-123.08717431091202,0.0,0.0,0.0,0.0,0.0,0.0,0.0	565.492858887,47.943820224719104,-122.97478287394135,0.0,0.0,0.0,0.0,0.0,0.0,0.0	174.590835571,47.943820224719104,-122.86239143697068,0.0,0.0,0.0,0.0,0.0,0.0,0.0	125.139060974,47.943820224719104,-122.75,0.0,0.0,0.0,0.0,0.0,0.0,0.0	0.0,47.943820224719104,-122.63760856302933,0.0,0.0,0.0,0.0,0.0,0.0,0.0	0.0,47.943820224719104,-122.52521712605866,0.0,0.0,0.0,0.0,0.0,0.0,0.0	88.091896057,47.943820224719104,-122.412825689088,0.0,0.0,0.0,0.0,0.0,0.0,0.0	54.088066101,47.943820224719104,-122.30043425211733,0.0,0.0,0.0,0.0,0.0,0.0,0.0	3.741644382,47.943820224719104,-122.18804281514664,0.0,0.0,0.0,0.0,0.0,0.0,0.0	18.689571381,47.943820224719104,-122.07565137817598,0.0,0.0,0.0,0.0,0.0,0.0,0.0	172.37512207,47.943820224719104,-121.96325994120531,0.0,0.0,0.0,0.0,0.0,0.0,0.0	302.658721924,47.943820224719104,-121.85086850423464,0.0,0.0,0.0,0.0,0.0,0.0,0.0	444.098175049,47.943820224719104,-121.73847706726397,0.0,0.0,0.0,0.0,0.0,0.0,0.0	561.731079102,47.943820224719104,-121.62608563029329,0.0,0.0,0.0,0.0,0.0,0.0,0.0	657.57019043,47.943820224719104,-121.51369419332262,0.0,0.0,0.0,0.0,0.0,0.0,0.0	1079.162597656,47.943820224719104,-121.40130275635195,0.0,0.0,0.0,0.0,0.0,0.0,0.0	1086.774169922,47.943820224719104,-121.28891131938128,0.0,0.0,0.0,0.0,0.0,0.0,0.0	1383.10559082,47.943820224719104,-121.1765198824106,0.0,0.0,0.0,0.0,0.0,0.0,0.0	1848.021850586,47.943820224719104,-121.06412844543993,0.0,0.0,0.0,0.0,0.0,0.0,0.0	1045.405517578,47.943820224719104,-120.95173700846927,0.0,0.0,0.0,0.0,0.0,0.0,0.0	2002.673706055,47.943820224719104,-120.8393455714986,0.0,0.0,0.0,0.0,0.0,0.0,0.0
0.0,47.88202247191011,-124.65837404229737,0.0,0.0,0.0,0.0,0.0,0.0,0.0	18.213518143,47.88202247191011,-124.54611674569163,0.0,0.0,0.0,0.0,0.0,0.0,0.0	223.444732666,47.88202247191011,-124.43385944908592,0.0,0.0,0.0,0.0,0.0,0.0,0.0	176.140823364,47.88202247191011,-124.32160215248018,0.0,0.0,0.0,0.0,0.0,0.0,0.0	119.829994202,47.88202247191011,-124.20934485587446,0.0,0.0,0.0,0.0,0.0,0.0,0.0	176.180007935,47.88202247191011,-124.09708755926873,0.0,0.0,0.0,0.0,0.0,0.0,0.0	405.680023193,47.88202247191011,-123.98483026266301,0.0,0.0,0.0,0.0,0.0,0.0,0.0	1133.185546875,47.88202247191011,-123.87257296605728,0.0,0.0,0.0,0.0,0.0,0.0,0.0	313.780456543,47.88202247191011,-123.76031566945154,0.0,0.0,0.0,0.0,0.0,0.0,0.0	1358.169555664,47.88202247191011,-123.64805837284582,0.0,0.0,0.0,0.0,0.0,0.0,0.0	1279.801391602,47.88202247191011,-123.53580107624009,0.0,0.0,0.0,0.0,0.0,0.0,0.0	1436.987915039,47.88202247191011,-123.42354377963437,0.0,0.0,0.0,0.0,0.0,0.0,0.0	1146.725463867,47.88202247191011,-123.31128648302864,0.0,0.0,0.0,0.0,0.0,0.0,0.0	1976.147583008,47.88202247191011,-123.1990291864229,0.0,0.0,0.0,0.0,0.0,0.0,0.0	1051.18347168,47.88202247191011,-123.08677188981719,0.0,0.0,0.0,0.0,0.0,0.0,0.0	493.568481445,47.88202247191011,-122.97451459321145,0.0,0.0,0.0,0.0,0.0,0.0,0.0	141.48223877,47.88202247191011,-122.86225729660573,0.0,0.0,0.0,0.0,0.0,0.0,0.0	129.032150269,47.88202247191011,-122.75,0.0,0.0,0.0,0.0,0.0,0.0,0.0	30.901260376,47.88202247191011,-122.63774270339428,0.0,0.0,0.0,0.0,0.0,0.0,0.0	71.266944885,47.88202247191011,-122.52548540678855,0.0,0.0,0.0,0.0,0.0,0.0,0.0	0.0,47.88202247191011,-122.41322811018281,0.0,0.0,0.0,0.0,0.0,0.0,0.0	120.754463196,47.88202247191011,-122.3009708135771,0.0,0.0,0.0,0.0,0.0,0.0,0.0	124.70135498,47.88202247191011,-122.18871351697136,0.0,0.0,0.0,0.0,0.0,0.0,0.0	5.710636616,47.88202247191011,-122.07645622036564,0.0,0.0,0.0,0.0,0.0,0.0,0.0	105.267532349,47.88202247191011,-121.96419892375991,0.0,0.0,0.0,0.0,0.0,0.0,0.0	120.50958252,47.88202247191011,-121.85194162715418,0.0,0.0,0.0,0.0,0.0,0.0,0.0	171.275756836,47.88202247191011,-121.73968433054846,0.0,0.0,0.0,0.0,0.0,0.0,0.0	1011.362548828,47.88202247191011,-121.62742703394272,0.0,0.0,0.0,0.0,0.0,0.0,0.0	1125.302124023,47.88202247191011,-121.515169737337,0.0,0.0,0.0,0.0,0.0,0.0,0.0	1161.610717773,47.88202247191011,-121.40291244073127,0.0,0.0,0.0,0.0,0.0,0.0,0.0	1436.604614258,47.88202247191011,-121.29065514412555,0.0,0.0,0.0,0.0,0.0,0.0,0.0	1576.461181641,47.88202247191011,-121.17839784751982,0.0,0.0,0.0,0.0,0.0,0.0,0.0	981.60369873,47.88202247191011,-121.06614055091408,0.0,0.0,0.0,0.0,0.0,0.0,0.0	1424.162841797,47.88202247191011,-120.95388325430837,0.0,0.0,0.0,0.0,0.0,0.0,0.0	1502.647460938,47.88202247191011,-120.84162595770263,0.0,0.0,0.0,0.0,0.0,0.0,0.0
0.0,47.82022471910113,-124.65610130770119,0.0,0.0,0.0,0.0,0.0,0.0,0.0	0.0,47.82022471910113,-124.54397770136583,0.0,0.0,0.0,0.0,0.0,0.0,0.0	174.332611084,47.82022471910113,-124.43185409503046,0.0,0.0,0.0,0.0,0.0,0.0,0.0	246.758529663,47.82022471910113,-124.3197304886951,0.0,0.0,0.0,0.0,0.0,0.0,0.0	73.729553223,47.82022471910113,-124.20760688235974,0.0,0.0,0.0,0.0,0.0,0.0,0.0	203.919998169,47.82022471910113,-124.09548327602437,9.478435845957291,2619.4100000000003,700.6423333333332,3.7385836901091247,4.639202807561378,76.66664640981195,74.2839298825257	233.419998169,47.82022471910113,-123.98335966968901,9.594807446614347,2661.106666666667,718.3153333333333,3.7046496756763285,4.963400916487046,78.24176132581508,73.03427182685253	1161.211547852,47.82022471910113,-123.87123606335365,0.0,0.0,0.0,0.0,0.0,0.0,0.0	1443.430541992,47.82022471910113,-123.75911245701828,0.0,0.0,0.0,0.0,0.0,0.0,0.0	1446.988647461,47.82022471910113,-123.64698885068292,0.0,0.0,0.0,0.0,0.0,0.0,0.0	855.196350098,47.82022471910113,-123.53486524434756,0.0,0.0,0.0,0.0,0.0,0.0,0.0	1182.16809082,47.82022471910113,-123.42274163801218,0.0,0.0,0.0,0.0,0.0,0.0,0.0	1624.059692383,47.82022471910113,-123.31061803167682,0.0,0.0,0.0,0.0,0.0,0.0,0.0	1724.538085938,47.82022471910113,-123.19849442534147,0.0,0.0,0.0,0.0,0.0,0.0,0.0	1543.154174805,47.82022471910113,-123.08637081900609,0.0,0.0,0.0,0.0,0.0,0.0,0.0	569.197387695,47.82022471910113,-122.97424721267073,0.0,0.0,0.0,0.0,0.0,0.0,0.0	2.727886677,47.82022471910113,-122.86212360633537,0.0,0.0,0.0,0.0,0.0,0.0,0.0	37.389472961,47.82022471910113,-122.75,0.0,0.0,0.0,0.0,0.0,0.0,0.0	45.372379303,47.82022471910113,-122.63787639366464,0.0,0.0,0.0,0.0,0.0,0.0,0.0	62.202144623,47.82022471910113,-122.52575278732928,0.0,0.0,0.0,0.0,0.0,0.0,0.0	0.0,47.82022471910113,-122.41362918099392,0.0,0.0,0.0,0.0,0.0,0.0,0.0	108.414710999,47.82022471910113,-122.30150557465855,0.0,0.0,0.0,0.0,0.0,0.0,0.0	102.908401489,47.82022471910113,-122.18938196832319,0.0,0.0,0.0,0.0,0.0,0.0,0.0	78.590652466,47.82022471910113,-122.07725836198782,0.0,0.0,0.0,0.0,0.0,0.0,0.0	67.755805969,47.82022471910113,-121.96513475565246,0.0,0.0,0.0,0.0,0.0,0.0,0.0	67.861289978,47.82022471910113,-121.8530111493171,0.0,0.0,0.0,0.0,0.0,0.0,0.0	706.004333496,47.82022471910113,-121.74088754298174,0.0,0.0,0.0,0.0,0.0,0.0,0.0	346.013366699,47.82022471910113,-121.62876393664637,0.0,0.0,0.0,0.0,0.0,0.0,0.0	216.762969971,47.82022471910113,-121.516640330311,0.0,0.0,0.0,0.0,0.0,0.0,0.0	1289.483764648,47.82022471910113,-121.40451672397565,0.0,0.0,0.0,0.0,0.0,0.0,0.0	669.355041504,47.82022471910113,-121.29239311764027,0.0,0.0,0.0,0.0,0.0,0.0,0.0	749.686096191,47.82022471910113,-121.18026951130491,0.0,0.0,0.0,0.0,0.0,0.0,0.0	1630.716308594,47.82022471910113,-121.06814590496955,0.0,0.0,0.0,0.0,0.0,0.0,0.0	1870.564575195,47.82022471910113,-120.95602229863418,0.0,0.0,0.0,0.0,0.0,0.0,0.0	940.687438965,47.82022471910113,-120.84389869229882,0.0,0.0,0.0,0.0,0.0,0.0,0.0
0.0,47.758426966292134,-124.65383619212942,0.0,0.0,0.0,0.0,0.0,0.0,0.0	0.0,47.758426966292134,-124.5418458278865,0.0,0.0,0.0,0.0,0.0,0.0,0.0	103.748558044,47.758426966292134,-124.4298554636436,0.0,0.0,0.0,0.0,0.0,0.0,0.0	43.480171204,47.758426966292134,-124.31786509940069,0.0,0.0,0.0,0.0,0.0,0.0,0.0	178.919464111,47.758426966292134,-124.20587473515779,0.0,0.0,0.0,0.0,0.0,0.0,0.0	461.0,47.758426966292134,-124.09388437091488,0.0,0.0,0.0,0.0,0.0,0.0,0.0	838.179992676,47.758426966292134,-123.98189400667198,0.0,0.0,0.0,0.0,0.0,0.0,0.0	949.210021973,47.758426966292134,-123.86990364242907,0.0,0.0,0.0,0.0,0.0,0.0,0.0	1508.26550293,47.758426966292134,-123.75791327818617,0.0,0.0,0.0,0.0,0.0,0.0,0.0	1050.779174805,47.758426966292134,-123.64592291394325,0.0,0.0,0.0,0.0,0.0,0.0,0.0	1455.872924805,47.758426966292134,-123.53393254970035,0.0,0.0,0.0,0.0,0.0,0.0,0.0	1474.326049805,47.758426966292134,-123.42194218545744,0.0,0.0,0.0,0.0,0.0,0.0,0.0	1313.23425293,47.758426966292134,-123.30995182121453,0.0,0.0,0.0,0.0,0.0,0.0,0.0	1258.679931641,47.758426966292134,-123.19796145697163,0.0,0.0,0.0,0.0,0.0,0.0,0.0	1377.822509766,47.758426966292134,-123.08597109272871,0.0,0.0,0.0,0.0,0.0,0.0,0.0	784.787353516,47.758426966292134,-122.97398072848581,0.0,0.0,0.0,0.0,0.0,0.0,0.0	88.18334198,47.758426966292134,-122.8619903642429,0.0,0.0,0.0,0.0,0.0,0.0,0.0	0.0,47.758426966292134,-122.75,0.0,0.0,0.0,0.0,0.0,0.0,0.0	19.544364929,47.758426966292134,-122.63800963575709,0.0,0.0,0.0,0.0,0.0,0.0,0.0	64.056671143,47.758426966292134,-122.52601927151419,0.0,0.0,0.0,0.0,0.0,0.0,0.0	-0.356616676,47.758426966292134,-122.41402890727127,0.0,0.0,0.0,0.0,0.0,0.0,0.0	83.318161011,47.758426966292134,-122.30203854302836,0.0,0.0,0.0,0.0,0.0,0.0,0.0	15.047848701,47.758426966292134,-122.19004817878546,0.0,0.0,0.0,0.0,0.0,0.0,0.0	124.286010742,47.758426966292134,-122.07805781454255,0.0,0.0,0.0,0.0,0.0,0.0,0.0	9.39726162,47.758426966292134,-121.96606745029965,0.0,0.0,0.0,0.0,0.0,0.0,0.0	176.465881348,47.758426966292134,-121.85407708605673,0.0,0.0,0.0,0.0,0.0,0.0,0.0	810.920532227,47.758426966292134,-121.74208672181383,0.0,0.0,0.0,0.0,0.0,0.0,0.0	834.833435059,47.758426966292134,-121.63009635757092,0.0,0.0,0.0,0.0,0.0,0.0,0.0	479.180725098,47.758426966292134,-121.51810599332802,0.0,0.0,0.0,0.0,0.0,0.0,0.0	1455.172241211,47.758426966292134,-121.40611562908511,0.0,0.0,0.0,0.0,0.0,0.0,0.0	1031.070678711,47.758426966292134,-121.29412526484221,0.0,0.0,0.0,0.0,0.0,0.0,0.0	1338.643188477,47.758426966292134,-121.1821349005993,0.0,0.0,0.0,0.0,0.0,0.0,0.0	1319.430664062,47.758426966292134,-121.07014453635638,0.0,0.0,0.0,0.0,0.0,0.0,0.0	1592.686645508,47.758426966292134,-120.95815417211348,0.0,0.0,0.0,0.0,0.0,0.0,0.0	1275.831054688,47.758426966292134,-120.84616380787057,0.0,0.0,0.0,0.0,0.0,0.0,0.0
0.0,47.69662921348315,-124.65157866319136,0.0,0.0,0.0,0.0,0.0,0.0,0.0	0.0,47.69662921348315,-124.53972109476834,0.0,0.0,0.0,0.0,0.0,0.0,0.0	0.0,47.69662921348315,-124.42786352634532,0.0,0.0,0.0,0.0,0.0,0.0,0.0	274.396514893,47.69662921348315,-124.3160059579223,0.0,0.0,0.0,0.0,0.0,0.0,0.0	160.100006104,47.69662921348315,-124.20414838949928,0.0,0.0,0.0,0.0,0.0,0.0,0.0	283.590026855,47.69662921348315,-124.09229082107626,0.0,0.0,0.0,0.0,0.0,0.0,0.0	444.910003662,47.69662921348315,-123.98043325265323,0.0,0.0,0.0,0.0,0.0,0.0,0.0	243.0,47.69662921348315,-123.86857568423021,0.0,0.0,0.0,0.0,0.0,0.0,0.0	268.091278076,47.69662921348315,-123.75671811580719,0.0,0.0,0.0,0.0,0.0,0.0,0.0	1372.676635742,47.69662921348315,-123.64486054738417,0.0,0.0,0.0,0.0,0.0,0.0,0.0	1768.953125,47.69662921348315,-123.53300297896115,0.0,0.0,0.0,0.0,0.0,0.0,0.0	1369.828857422,47.69662921348315,-123.42114541053813,0.0,0.0,0.0,0.0,0.0,0.0,0.0	1350.330932617,47.69662921348315,-123.30928784211511,0.0,0.0,0.0,0.0,0.0,0.0,0.0	1485.991088867,47.69662921348315,-123.19743027369209,0.0,0.0,0.0,0.0,0.0,0.0,0.0	877.255249023,47.69662921348315,-123.08557270526907,0.0,0.0,0.0,0.0,0.0,0.0,0.0	948.708679199,47.69662921348315,-122.97371513684605,0.0,0.0,0.0,0.0,0.0,0.0,0.0	0.0,47.69662921348315,-122.86185756842303,0.0,0.0,0.0,0.0,0.0,0.0,0.0	0.0,47.69662921348315,-122.75,0.0,0.0,0.0,0.0,0.0,0.0,0.0	28.419736862,47.69662921348315,-122.63814243157698,0.0,0.0,0.0,0.0,0.0,0.0,0.0	25.061878204,47.69662921348315,-122.52628486315396,0.0,0.0,0.0,0.0,0.0,0.0,0.0	-0.356616676,47.69662921348315,-122.41442729473094,0.0,0.0,0.0,0.0,0.0,0.0,0.0	76.577697754,47.69662921348315,-122.30256972630792,0.0,0.0,0.0,0.0,0.0,0.0,0.0	32.572555542,47.69662921348315,-122.1907121578849,0.0,0.0,0.0,0.0,0.0,0.0,0.0	51.067920685,47.69662921348315,-122.07885458946188,0.0,0.0,0.0,0.0,0.0,0.0,0.0	78.134925842,47.69662921348315,-121.96699702103886,0.0,0.0,0.0,0.0,0.0,0.0,0.0	164.177124023,47.69662921348315,-121.85513945261584,0.0,0.0,0.0,0.0,0.0,0.0,0.0	359.573547363,47.69662921348315,-121.74328188419283,0.0,0.0,0.0,0.0,0.0,0.0,0.0	725.981262207,47.69662921348315,-121.63142431576979,0.0,0.0,0.0,0.0,0.0,0.0,0.0	1173.941650391,47.69662921348315,-121.51956674734677,0.0,0.0,0.0,0.0,0.0,0.0,0.0	742.053466797,47.69662921348315,-121.40770917892375,0.0,0.0,0.0,0.0,0.0,0.0,0.0	399.389343262,47.69662921348315,-121.29585161050073,0.0,0.0,0.0,0.0,0.0,0.0,0.0	869.595214844,47.69662921348315,-121.18399404207771,0.0,0.0,0.0,0.0,0.0,0.0,0.0	1255.702392578,47.69662921348315,-121.0721364736547,0.0,0.0,0.0,0.0,0.0,0.0,0.0	1449.586425781,47.69662921348315,-120.96027890523168,0.0,0.0,0.0,0.0,0.0,0.0,0.0	1541.529663086,47.69662921348315,-120.84842133680866,0.0,0.0,0.0,0.0,0.0,0.0,0.0
0.0,47.63483146067416,-124.64932868868756,0.0,0.0,0.0,0.0,0.0,0.0,0.0	0.0,47.63483146067416,-124.53760347170594,0.0,0.0,0.0,0.0,0.0,0.0,0.0	0.0,47.63483146067416,-124.42587825472432,0.0,0.0,0.0,0.0,0.0,0.0,0.0	143.77557373,47.63483146067416,-124.3141530377427,0.0,0.0,0.0,0.0,0.0,0.0,0.0	130.950012207,47.63483146067416,-124.20242782076107,0.0,0.0,0.0,0.0,0.0,0.0,0.0	460.720001221,47.63483146067416,-124.09070260377945,0.0,0.0,0.0,0.0,0.0,0.0,0.0	104.482704163,47.63483146067416,-123.97897738679784,0.0,0.0,0.0,0.0,0.0,0.0,0.0	824.66003418,47.63483146067416,-123.86725216981621,0.0,0.0,0.0,0.0,0.0,0.0,0.0	681.694885254,47.63483146067416,-123.75552695283459,0.0,0.0,0.0,0.0,0.0,0.0,0.0	255.533157349,47.63483146067416,-123.64380173585297,0.0,0.0,0.0,0.0,0.0,0.0,0.0	850.554321289,47.63483146067416,-123.53207651887135,0.0,0.0,0.0,0.0,0.0,0.0,0.0	794.138671875,47.63483146067416,-123.42035130188972,0.0,0.0,0.0,0.0,0.0,0.0,0.0	1419.142211914,47.63483146067416,-123.3086260849081,0.0,0.0,0.0,0.0,0.0,0.0,0.0	1519.215332031,47.63483146067416,-123.19690086792649,0.0,0.0,0.0,0.0,0.0,0.0,0.0	740.518615723,47.63483146067416,-123.08517565094486,0.0,0.0,0.0,0.0,0.0,0.0,0.0	189.0546875,47.63483146067416,-122.97345043396324,0.0,0.0,0.0,0.0,0.0,0.0,0.0	2.04521203,47.63483146067416,-122.86172521698163,0.0,0.0,0.0,0.0,0.0,0.0,0.0	123.894752502,47.63483146067416,-122.75,0.0,0.0,0.0,0.0,0.0,0.0,0.0	64.69153595,47.63483146067416,-122.63827478301837,0.0,0.0,0.0,0.0,0.0,0.0,0.0	68.385513306,47.63483146067416,-122.52654956603675,0.0,0.0,0.0,0.0,0.0,0.0,0.0	-0.356616676,47.63483146067416,-122.41482434905514,0.0,0.0,0.0,0.0,0.0,0.0,0.0	51.645820618,47.63483146067416,-122.30309913207351,0.0,0.0,0.0,0.0,0.0,0.0,0.0	45.371700287,47.63483146067416,-122.19137391509189,0.0,0.0,0.0,0.0,0.0,0.0,0.0	8.73253727,47.63483146067416,-122.07964869811028,0.0,0.0,0.0,0.0,0.0,0.0,0.0	108.587509155,47.63483146067416,-121.96792348112865,0.0,0.0,0.0,0.0,0.0,0.0,0.0	184.382232666,47.63483146067416,-121.85619826414703,0.0,0.0,0.0,0.0,0.0,0.0,0.0	326.634796143,47.63483146067416,-121.7444730471654,0.0,0.0,0.0,0.0,0.0,0.0,0.0	604.910400391,47.63483146067416,-121.63274783018379,0.0,0.0,0.0,0.0,0.0,0.0,0.0	641.618774414,47.63483146067416,-121.52102261320216,0.0,0.0,0.0,0.0,0.0,0.0,0.0	1423.132568359,47.63483146067416,-121.40929739622054,0.0,0.0,0.0,0.0,0.0,0.0,0.0	616.076782227,47.63483146067416,-121.29757217923893,0.0,0.0,0.0,0.0,0.0,0.0,0.0	1621.69921875,47.63483146067416,-121.1858469622573,0.0,0.0,0.0,0.0,0.0,0.0,0.0	1123.666992188,47.63483146067416,-121.07412174527568,0.0,0.0,0.0,0.0,0.0,0.0,0.0	888.159240723,47.63483146067416,-120.96239652829405,0.0,0.0,0.0,0.0,0.0,0.0,0.0	2099.506591797,47.63483146067416,-120.85067131131244,0.0,0.0,0.0,0.0,0.0,0.0,0.0
0.0,47.57303370786517,-124.64708623660857,0.0,0.0,0.0,0.0,0.0,0.0,0.0	0.0,47.57303370786517,-124.53549292857278,0.0,0.0,0.0,0.0,0.0,0.0,0.0	0.0,47.57303370786517,-124.42389962053697,0.0,0.0,0.0,0.0,0.0,0.0,0.0	66.549201965,47.57303370786517,-124.31230631250118,0.0,0.0,0.0,0.0,0.0,0.0,0.0	117.120010376,47.57303370786517,-124.20071300446538,0.0,0.0,0.0,0.0,0.0,0.0,0.0	81.017066956,47.57303370786517,-124.08911969642958,0.0,0.0,0.0,0.0,0.0,0.0,0.0	308.101013184,47.57303370786517,-123.97752638839378,0.0,0.0,0.0,0.0,0.0,0.0,0.0	531.556335449,47.57303370786517,-123.86593308035799,0.0,0.0,0.0,0.0,0.0,0.0,0.0	930.059997559,47.57303370786517,-123.75433977232218,0.0,0.0,0.0,0.0,0.0,0.0,0.0	180.368835449,47.57303370786517,-123.64274646428639,0.0,0.0,0.0,0.0,0.0,0.0,0.0	478.691558838,47.57303370786517,-123.5311531562506,0.0,0.0,0.0,0.0,0.0,0.0,0.0	1018.066955566,47.57303370786517,-123.41955984821479,0.0,0.0,0.0,0.0,0.0,0.0,0.0	1318.883422852,47.57303370786517,-123.307966540179,0.0,0.0,0.0,0.0,0.0,0.0,0.0	752.673217773,47.57303370786517,-123.1963732321432,0.0,0.0,0.0,0.0,0.0,0.0,0.0	188.287536621,47.57303370786517,-123.0847799241074,0.0,0.0,0.0,0.0,0.0,0.0,0.0	0.0,47.57303370786517,-122.9731866160716,0.0,0.0,0.0,0.0,0.0,0.0,0.0	136.92527771,47.57303370786517,-122.86159330803581,0.0,0.0,0.0,0.0,0.0,0.0,0.0	260.133331299,47.57303370786517,-122.75,0.0,0.0,0.0,0.0,0.0,0.0,0.0	27.87322998,47.57303370786517,-122.6384066919642,0.0,0.0,0.0,0.0,0.0,0.0,0.0	0.0,47.57303370786517,-122.52681338392841,0.0,0.0,0.0,0.0,0.0,0.0,0.0	1.979696393,47.57303370786517,-122.4152200758926,0.0,0.0,0.0,0.0,0.0,0.0,0.0	78.050857544,47.57303370786517,-122.30362676785681,0.0,0.0,0.0,0.0,0.0,0.0,0.0	4.98348999,47.57303370786517,-122.192033459821,0.0,0.0,0.0,0.0,0.0,0.0,0.0	8.735585213,47.57303370786517,-122.08044015178521,0.0,0.0,0.0,0.0,0.0,0.0,0.0	122.032691956,47.57303370786517,-121.96884684374942,0.0,0.0,0.0,0.0,0.0,0.0,0.0	283.650543213,47.57303370786517,-121.85725353571361,0.0,0.0,0.0,0.0,0.0,0.0,0.0	305.845794678,47.57303370786517,-121.74566022767782,0.0,0.0,0.0,0.0,0.0,0.0,0.0	1214.476928711,47.57303370786517,-121.63406691964202,0.0,0.0,0.0,0.0,0.0,0.0,0.0	478.516113281,47.57303370786517,-121.52247361160622,0.0,0.0,0.0,0.0,0.0,0.0,0.0	1063.966552734,47.57303370786517,-121.41088030357042,0.0,0.0,0.0,0.0,0.0,0.0,0.0	1649.444580078,47.57303370786517,-121.29928699553463,0.0,0.0,0.0,0.0,0.0,0.0,0.0	2062.371337891,47.57303370786517,-121.18769368749882,0.0,0.0,0.0,0.0,0.0,0.0,0.0	1718.664428711,47.57303370786517,-121.07610037946303,0.0,0.0,0.0,0.0,0.0,0.0,0.0	1919.946533203,47.57303370786517,-120.96450707142724,0.0,0.0,0.0,0.0,0.0,0.0,0.0	1936.204345703,47.57303370786517,-120.85291376339143,0.0,0.0,0.0,0.0,0.0,0.0,0.0
0.0,47.51123595505618,-124.64485127513343,0.0,0.0,0.0,0.0,0.0,0.0,0.0	0.0,47.51123595505618,-124.5333894354197,0.0,0.0,0.0,0.0,0.0,0.0,0.0	0.0,47.51123595505618,-124.42192759570597,0.0,0.0,0.0,0.0,0.0,0.0,0.0	32.924728394,47.51123595505618,-124.31046575599224,0.0,0.0,0.0,0.0,0.0,0.0,0.0	161.411499023,47.51123595505618,-124.19900391627851,0.0,0.0,0.0,0.0,0.0,0.0,0.0	199.08416748,47.51123595505618,-124.08754207656477,0.0,0.0,0.0,0.0,0.0,0.0,0.0	627.587402344,47.51123595505618,-123.97608023685105,0.0,0.0,0.0,0.0,0.0,0.0,0.0	565.851379395,47.51123595505618,-123.8646183971373,0.0,0.0,0.0,0.0,0.0,0.0,0.0	570.565246582,47.51123595505618,-123.75315655742358,0.0,0.0,0.0,0.0,0.0,0.0,0.0	933.32824707,47.51123595505618,-123.64169471770985,0.0,0.0,0.0,0.0,0.0,0.0,0.0	942.781738281,47.51123595505618,-123.53023287799611,0.0,0.0,0.0,0.0,0.0,0.0,0.0	752.42956543,47.51123595505618,-123.41877103828239,0.0,0.0,0.0,0.0,0.0,0.0,0.0	771.260620117,47.51123595505618,-123.30730919856866,0.0,0.0,0.0,0.0,0.0,0.0,0.0	678.807739258,47.51123595505618,-123.19584735885492,0.0,0.0,0.0,0.0,0.0,0.0,0.0	193.693893433,47.51123595505618,-123.0843855191412,0.0,0.0,0.0,0.0,0.0,0.0,0.0	59.290397644,47.51123595505618,-122.97292367942745,0.0,0.0,0.0,0.0,0.0,0.0,0.0	141.804870605,47.51123595505618,-122.86146183971373,0.0,0.0,0.0,0.0,0.0,0.0,0.0	115.845184326,47.51123595505618,-122.75,0.0,0.0,0.0,0.0,0.0,0.0,0.0	89.890983582,47.51123595505618,-122.63853816028626,0.0,0.0,0.0,0.0,0.0,0.0,0.0	74.259178162,47.51123595505618,-122.52707632057253,0.0,0.0,0.0,0.0,0.0,0.0,0.0	-0.557785094,47.51123595505618,-122.4156144808588,0.0,0.0,0.0,0.0,0.0,0.0,0.0	5.22552824,47.51123595505618,-122.30415264114507,0.0,0.0,0.0,0.0,0.0,0.0,0.0	85.384590149,47.51123595505618,-122.19269080143134,0.0,0.0,0.0,0.0,0.0,0.0,0.0	125.121810913,47.51123595505618,-122.0812289617176,0.0,0.0,0.0,0.0,0.0,0.0,0.0	610.706665039,47.51123595505618,-121.96976712200387,0.0,0.0,0.0,0.0,0.0,0.0,0.0	283.282226562,47.51123595505618,-121.85830528229015,0.0,0.0,0.0,0.0,0.0,0.0,0.0	838.844543457,47.51123595505618,-121.7468434425764,0.0,0.0,0.0,0.0,0.0,0.0,0.0	378.017608643,47.51123595505618,-121.63538160286268,0.0,0.0,0.0,0.0,0.0,0.0,0.0	1366.392578125,47.51123595505618,-121.52391976314895,0.0,0.0,0.0,0.0,0.0,0.0,0.0	1281.621582031,47.51123595505618,-121.41245792343521,0.0,0.0,0.0,0.0,0.0,0.0,0.0	1984.690063477,47.51123595505618,-121.30099608372149,0.0,0.0,0.0,0.0,0.0,0.0,0.0	942.95098877,47.51123595505618,-121.18953424400775,0.0,0.0,0.0,0.0,0.0,0.0,0.0	1519.336303711,47.51123595505618,-121.07807240429402,0.0,0.0,0.0,0.0,0.0,0.0,0.0	1825.342285156,47.51123595505618,-120.9666105645803,0.0,0.0,0.0,0.0,0.0,0.0,0.0	2074.703613281,47.51123595505618,-120.85514872486655,0.0,0.0,0.0,0.0,0.0,0.0,0.0
0.0,47.449438202247194,-124.64262377262843,0.0,0.0,0.0,0.0,0.0,0.0,0.0	0.0,47.449438202247194,-124.53129296247381,0.0,0.0,0.0,0.0,0.0,0.0,0.0	0.0,47.449438202247194,-124.4199621523192,0.0,0.0,0.0,0.0,0.0,0.0,0.0	67.13053894,47.449438202247194,-124.30863134216459,0.0,0.0,0.0,0.0,0.0,0.0,0.0	43.849521637,47.449438202247194,-124.19730053200998,0.0,0.0,0.0,0.0,0.0,0.0,0.0	129.037841797,47.449438202247194,-124.08596972185536,0.0,0.0,0.0,0.0,0.0,0.0,0.0	123.196731567,47.449438202247194,-123.97463891170075,0.0,0.0,0.0,0.0,0.0,0.0,0.0	120.875259399,47.449438202247194,-123.86330810154614,0.0,0.0,0.0,0.0,0.0,0.0,0.0	437.436401367,47.449438202247194,-123.75197729139153,0.0,0.0,0.0,0.0,0.0,0.0,0.0	588.745178223,47.449438202247194,-123.64064648123691,0.0,0.0,0.0,0.0,0.0,0.0,0.0	535.434265137,47.449438202247194,-123.52931567108229,0.0,0.0,0.0,0.0,0.0,0.0,0.0	275.112731934,47.449438202247194,-123.41798486092767,0.0,0.0,0.0,0.0,0.0,0.0,0.0	686.694030762,47.449438202247194,-123.30665405077306,0.0,0.0,0.0,0.0,0.0,0.0,0.0	532.907348633,47.449438202247194,-123.19532324061845,0.0,0.0,0.0,0.0,0.0,0.0,0.0	0.0,47.449438202247194,-123.08399243046384,0.0,0.0,0.0,0.0,0.0,0.0,0.0	107.831817627,47.449438202247194,-122.97266162030922,0.0,0.0,0.0,0.0,0.0,0.0,0.0	87.645675659,47.449438202247194,-122.86133081015461,0.0,0.0,0.0,0.0,0.0,0.0,0.0	118.067115784,47.449438202247194,-122.75,0.0,0.0,0.0,0.0,0.0,0.0,0.0	60.234371185,47.449438202247194,-122.63866918984539,0.0,0.0,0.0,0.0,0.0,0.0,0.0	-0.557785094,47.449438202247194,-122.52733837969078,0.0,0.0,0.0,0.0,0.0,0.0,0.0	-0.557785094,47.449438202247194,-122.41600756953616,0.0,0.0,0.0,0.0,0.0,0.0,0.0	122.531555176,47.449438202247194,-122.30467675938155,0.0,0.0,0.0,0.0,0.0,0.0,0.0	127.48966217,47.449438202247194,-122.19334594922694,0.0,0.0,0.0,0.0,0.0,0.0,0.0	152.032089233,47.449438202247194,-122.08201513907233,0.0,0.0,0.0,0.0,0.0,0.0,0.0	303.995269775,47.449438202247194,-121.97068432891771,0.0,0.0,0.0,0.0,0.0,0.0,0.0	398.79788208,47.449438202247194,-121.8593535187631,0.0,0.0,0.0,0.0,0.0,0.0,0.0	330.170654297,47.449438202247194,-121.74802270860849,0.0,0.0,0.0,0.0,0.0,0.0,0.0	857.930908203,47.449438202247194,-121.63669189845388,0.0,0.0,0.0,0.0,0.0,0.0,0.0	665.191162109,47.449438202247194,-121.52536108829926,0.0,0.0,0.0,0.0,0.0,0.0,0.0	1415.830200195,47.449438202247194,-121.41403027814465,0.0,0.0,0.0,0.0,0.0,0.0,0.0	1471.075439453,47.449438202247194,-121.30269946799004,0.0,0.0,0.0,0.0,0.0,0.0,0.0	1012.87121582,47.449438202247194,-121.19136865783541,0.0,0.0,0.0,0.0,0.0,0.0,0.0	1863.297729492,47.449438202247194,-121.0800378476808,0.0,0.0,0.0,0.0,0.0,0.0,0.0	1804.231323242,47.449438202247194,-120.96870703752619,0.0,0.0,0.0,0.0,0.0,0.0,0.0	1276.908813477,47.449438202247194,-120.85737622737157,0.0,0.0,0.0,0.0,0.0,0.0,0.0
0.0,47.3876404494382,-124.64040369764561,0.0,0.0,0.0,0.0,0.0,0.0,0.0	0.0,47.3876404494382,-124.52920348013704,0.0,0.0,0.0,0.0,0.0,0.0,0.0	0.0,47.3876404494382,-124.41800326262847,0.0,0.0,0.0,0.0,0.0,0.0,0.0	30.312900543,47.3876404494382,-124.30680304511992,0.0,0.0,0.0,0.0,0.0,0.0,0.0	171.644241333,47.3876404494382,-124.19560282761135,0.0,0.0,0.0,0.0,0.0,0.0,0.0	83.364929199,47.3876404494382,-124.08440261010279,0.0,0.0,0.0,0.0,0.0,0.0,0.0	89.852432251,47.3876404494382,-123.97320239259422,0.0,0.0,0.0,0.0,0.0,0.0,0.0	672.919250488,47.3876404494382,-123.86200217508565,0.0,0.0,0.0,0.0,0.0,0.0,0.0	808.549316406,47.3876404494382,-123.75080195757708,0.0,0.0,0.0,0.0,0.0,0.0,0.0	212.674743652,47.3876404494382,-123.63960174006853,0.0,0.0,0.0,0.0,0.0,0.0,0.0	339.26739502,47.3876404494382,-123.52840152255996,0.0,0.0,0.0,0.0,0.0,0.0,0.0	438.130126953,47.3876404494382,-123.41720130505139,0.0,0.0,0.0,0.0,0.0,0.0,0.0	185.641235352,47.3876404494382,-123.30600108754282,0.0,0.0,0.0,0.0,0.0,0.0,0.0	187.546112061,47.3876404494382,-123.19480087003426,0.0,0.0,0.0,0.0,0.0,0.0,0.0	140.099487305,47.3876404494382,-123.0836006525257,0.0,0.0,0.0,0.0,0.0,0.0,0.0	0.0,47.3876404494382,-122.97240043501714,0.0,0.0,0.0,0.0,0.0,0.0,0.0	123.467346191,47.3876404494382,-122.86120021750857,0.0,0.0,0.0,0.0,0.0,0.0,0.0	87.981048584,47.3876404494382,-122.75,0.0,0.0,0.0,0.0,0.0,0.0,0.0	39.874858856,47.3876404494382,-122.63879978249143,0.0,0.0,0.0,0.0,0.0,0.0,0.0	-0.557785094,47.3876404494382,-122.52759956498286,0.0,0.0,0.0,0.0,0.0,0.0,0.0	78.692977905,47.3876404494382,-122.41639934747431,0.0,0.0,0.0,0.0,0.0,0.0,0.0	77.668037415,47.3876404494382,-122.30519912996574,0.0,0.0,0.0,0.0,0.0,0.0,0.0	135.19744873,47.3876404494382,-122.19399891245718,0.0,0.0,0.0,0.0,0.0,0.0,0.0	138.890075684,47.3876404494382,-122.08279869494861,0.0,0.0,0.0,0.0,0.0,0.0,0.0	200.226425171,47.3876404494382,-121.97159847744004,0.0,0.0,0.0,0.0,0.0,0.0,0.0	248.708633423,47.3876404494382,-121.86039825993149,0.0,0.0,0.0,0.0,0.0,0.0,0.0	1144.291870117,47.3876404494382,-121.74919804242292,0.0,0.0,0.0,0.0,0.0,0.0,0.0	1262.258300781,47.3876404494382,-121.63799782491435,0.0,0.0,0.0,0.0,0.0,0.0,0.0	565.122009277,47.3876404494382,-121.52679760740578,0.0,0.0,0.0,0.0,0.0,0.0,0.0	1074.682861328,47.3876404494382,-121.41559738989721,0.0,0.0,0.0,0.0,0.0,0.0,0.0	1462.367797852,47.3876404494382,-121.30439717238865,0.0,0.0,0.0,0.0,0.0,0.0,0.0	1547.830688477,47.3876404494382,-121.1931969548801,0.0,0.0,0.0,0.0,0.0,0.0,0.0	975.280029297,47.3876404494382,-121.08199673737153,0.0,0.0,0.0,0.0,0.0,0.0,0.0	1267.45324707,47.3876404494382,-120.97079651986296,0.0,0.0,0.0,0.0,0.0,0.0,0.0	1419.753540039,47.3876404494382,-120.85959630235439,0.0,0.0,0.0,0.0,0.0,0.0,0.0
0.0,47.325842696629216,-124.63819101892157,0.0,0.0,0.0,0.0,0.0,0.0,0.0	0.0,47.325842696629216,-124.52712095898501,0.0,0.0,0.0,0.0,0.0,0.0,0.0	0.0,47.325842696629216,-124.41605089904844,0.0,0.0,0.0,0.0,0.0,0.0,0.0	0.0,47.325842696629216,-124.30498083911189,0.0,0.0,0.0,0.0,0.0,0.0,0.0	152.462356567,47.325842696629216,-124.19391077917533,0.0,0.0,0.0,0.0,0.0,0.0,0.0	74.285179138,47.325842696629216,-124.08284071923876,0.0,0.0,0.0,0.0,0.0,0.0,0.0	112.372261047,47.325842696629216,-123.9717706593022,0.0,0.0,0.0,0.0,0.0,0.0,0.0	177.591629028,47.325842696629216,-123.86070059936563,0.0,0.0,0.0,0.0,0.0,0.0,0.0	230.505142212,47.325842696629216,-123.74963053942906,0.0,0.0,0.0,0.0,0.0,0.0,0.0	233.215438843,47.325842696629216,-123.63856047949251,0.0,0.0,0.0,0.0,0.0,0.0,0.0	560.985412598,47.325842696629216,-123.52749041955595,0.0,0.0,0.0,0.0,0.0,0.0,0.0	561.858703613,47.325842696629216,-123.41642035961938,0.0,0.0,0.0,0.0,0.0,0.0,0.0	49.57768631,47.325842696629216,-123.30535029968281,0.0,0.0,0.0,0.0,0.0,0.0,0.0	168.791931152,47.325842696629216,-123.19428023974625,0.0,0.0,0.0,0.0,0.0,0.0,0.0	119.207946777,47.325842696629216,-123.0832101798097,0.0,0.0,0.0,0.0,0.0,0.0,0.0	71.70124054,47.325842696629216,-122.97214011987313,0.0,0.0,0.0,0.0,0.0,0.0,0.0	37.050567627,47.325842696629216,-122.86107005993657,0.0,0.0,0.0,0.0,0.0,0.0,0.0	75.153152466,47.325842696629216,-122.75,0.0,0.0,0.0,0.0,0.0,0.0,0.0	66.329933167,47.325842696629216,-122.63892994006343,0.0,0.0,0.0,0.0,0.0,0.0,0.0	-0.557785094,47.325842696629216,-122.52785988012687,0.0,0.0,0.0,0.0,0.0,0.0,0.0	-0.557785094,47.325842696629216,-122.41678982019032,0.0,0.0,0.0,0.0,0.0,0.0,0.0	144.925567627,47.325842696629216,-122.30571976025375,0.0,0.0,0.0,0.0,0.0,0.0,0.0	102.559555054,47.325842696629216,-122.19464970031719,0.0,0.0,0.0,0.0,0.0,0.0,0.0	156.374893188,47.325842696629216,-122.08357964038062,0.0,0.0,0.0,0.0,0.0,0.0,0.0	220.142227173,47.325842696629216,-121.97250958044405,0.0,0.0,0.0,0.0,0.0,0.0,0.0	572.587768555,47.325842696629216,-121.8614395205075,0.0,0.0,0.0,0.0,0.0,0.0,0.0	644.47467041,47.325842696629216,-121.75036946057094,0.0,0.0,0.0,0.0,0.0,0.0,0.0	1034.486206055,47.325842696629216,-121.63929940063437,0.0,0.0,0.0,0.0,0.0,0.0,0.0	695.937438965,47.325842696629216,-121.5282293406978,0.0,0.0,0.0,0.0,0.0,0.0,0.0	1104.2578125,47.325842696629216,-121.41715928076124,0.0,0.0,0.0,0.0,0.0,0.0,0.0	1024.788452148,47.325842696629216,-121.30608922082469,0.0,0.0,0.0,0.0,0.0,0.0,0.0	1470.567382812,47.325842696629216,-121.19501916088812,0.0,0.0,0.0,0.0,0.0,0.0,0.0	1173.87121582,47.325842696629216,-121.08394910095156,0.0,0.0,0.0,0.0,0.0,0.0,0.0	1487.669433594,47.325842696629216,-120.97287904101499,0.0,0.0,0.0,0.0,0.0,0.0,0.0	855.561340332,47.325842696629216,-120.86180898107843,0.0,0.0,0.0,0.0,0.0,0.0,0.0
0.0,47.264044943820224,-124.63598570537606,0.0,0.0,0.0,0.0,0.0,0.0,0.0	0.0,47.264044943820224,-124.5250453697657,0.0,0.0,0.0,0.0,0.0,0.0,0.0	0.0,47.264044943820224,-124.41410503415534,0.0,0.0,0.0,0.0,0.0,0.0,0.0	0.0,47.264044943820224,-124.30316469854499,0.0,0.0,0.0,0.0,0.0,0.0,0.0	104.300392151,47.264044943820224,-124.19222436293464,0.0,0.0,0.0,0.0,0.0,0.0,0.0	116.107124329,47.264044943820224,-124.08128402732427,0.0,0.0,0.0,0.0,0.0,0.0,0.0	115.270645142,47.264044943820224,-123.97034369171392,0.0,0.0,0.0,0.0,0.0,0.0,0.0	108.98349762,47.264044943820224,-123.85940335610357,0.0,0.0,0.0,0.0,0.0,0.0,0.0	281.028778076,47.264044943820224,-123.7484630204932,0.0,0.0,0.0,0.0,0.0,0.0,0.0	165.819747925,47.264044943820224,-123.63752268488285,0.0,0.0,0.0,0.0,0.0,0.0,0.0	162.11680603,47.264044943820224,-123.5265823492725,0.0,0.0,0.0,0.0,0.0,0.0,0.0	147.200164795,47.264044943820224,-123.41564201366214,0.0,0.0,0.0,0.0,0.0,0.0,0.0	154.482116699,47.264044943820224,-123.30470167805179,0.0,0.0,0.0,0.0,0.0,0.0,0.0	125.696006775,47.264044943820224,-123.19376134244142,0.0,0.0,0.0,0.0,0.0,0.0,0.0	71.478065491,47.264044943820224,-123.08282100683107,0.0,0.0,0.0,0.0,0.0,0.0,0.0	76.550056458,47.264044943820224,-122.97188067122072,0.0,0.0,0.0,0.0,0.0,0.0,0.0	1.127524495,47.264044943820224,-122.86094033561035,0.0,0.0,0.0,0.0,0.0,0.0,0.0	-0.824683845,47.264044943820224,-122.75,0.0,0.0,0.0,0.0,0.0,0.0,0.0	-1.485598087,47.264044943820224,-122.63905966438965,0.0,0.0,0.0,0.0,0.0,0.0,0.0	118.166893005,47.264044943820224,-122.52811932877928,0.0,0.0,0.0,0.0,0.0,0.0,0.0	4.407477379,47.264044943820224,-122.41717899316893,0.0,0.0,0.0,0.0,0.0,0.0,0.0	63.152973175,47.264044943820224,-122.30623865755858,0.0,0.0,0.0,0.0,0.0,0.0,0.0	120.812934875,47.264044943820224,-122.19529832194821,0.0,0.0,0.0,0.0,0.0,0.0,0.0	161.014953613,47.264044943820224,-122.08435798633786,0.0,0.0,0.0,0.0,0.0,0.0,0.0	242.149032593,47.264044943820224,-121.97341765072751,0.0,0.0,0.0,0.0,0.0,0.0,0.0	683.28314209,47.264044943820224,-121.86247731511715,0.0,0.0,0.0,0.0,0.0,0.0,0.0	355.571228027,47.264044943820224,-121.7515369795068,0.0,0.0,0.0,0.0,0.0,0.0,0.0	1242.145141602,47.264044943820224,-121.64059664389644,0.0,0.0,0.0,0.0,0.0,0.0,0.0	753.186828613,47.264044943820224,-121.52965630828608,0.0,0.0,0.0,0.0,0.0,0.0,0.0	726.921875,47.264044943820224,-121.41871597267573,0.0,0.0,0.0,0.0,0.0,0.0,0.0	977.725708008,47.264044943820224,-121.30777563706536,0.0,0.0,0.0,0.0,0.0,0.0,0.0	700.729919434,47.264044943820224,-121.19683530145501,0.0,0.0,0.0,0.0,0.0,0.0,0.0	661.578857422,47.264044943820224,-121.08589496584466,0.0,0.0,0.0,0.0,0.0,0.0,0.0	843.720275879,47.264044943820224,-120.9749546302343,0.0,0.0,0.0,0.0,0.0,0.0,0.0	750.338012695,47.264044943820224,-120.86401429462394,0.0,0.0,0.0,0.0,0.0,0.0,0.0
0.0,47.20224719101124,-124.63378772611065,0.0,0.0,0.0,0.0,0.0,0.0,0.0	0.0,47.20224719101124,-124.52297668339827,0.0,0.0,0.0,0.0,0.0,0.0,0.0	0.0,47.20224719101124,-124.41216564068587,0.0,0.0,0.0,0.0,0.0,0.0,0.0	0.0,47.20224719101124,-124.30135459797349,0.0,0.0,0.0,0.0,0.0,0.0,0.0	29.911373138,47.20224719101124,-124.19054355526109,0.0,0.0,0.0,0.0,0.0,0.0,0.0	77.800582886,47.20224719101124,-124.0797325125487,0.0,0.0,0.0,0.0,0.0,0.0,0.0	59.801383972,47.20224719101124,-123.9689214698363,0.0,0.0,0.0,0.0,0.0,0.0,0.0	149.608383179,47.20224719101124,-123.85811042712392,0.0,0.0,0.0,0.0,0.0,0.0,0.0	63.548740387,47.20224719101124,-123.74729938441152,0.0,0.0,0.0,0.0,0.0,0.0,0.0	158.907836914,47.20224719101124,-123.63648834169913,0.0,0.0,0.0,0.0,0.0,0.0,0.0	99.089660645,47.20224719101124,-123.52567729898675,0.0,0.0,0.0,0.0,0.0,0.0,0.0	117.361564636,47.20224719101124,-123.41486625627435,0.0,0.0,0.0,0.0,0.0,0.0,0.0	107.687423706,47.20224719101124,-123.30405521356197,0.0,0.0,0.0,0.0,0.0,0.0,0.0	148.276138306,47.20224719101124,-123.19324417084957,0.0,0.0,0.0,0.0,0.0,0.0,0.0	67.663597107,47.20224719101124,-123.08243312813718,0.0,0.0,0.0,0.0,0.0,0.0,0.0	1.310645223,47.20224719101124,-122.97162208542478,0.0,0.0,0.0,0.0,0.0,0.0,0.0	72.019363403,47.20224719101124,-122.8608110427124,0.0,0.0,0.0,0.0,0.0,0.0,0.0	-1.947371006,47.20224719101124,-122.75,0.0,0.0,0.0,0.0,0.0,0.0,0.0	-1.947371006,47.20224719101124,-122.63918895728762,0.0,0.0,0.0,0.0,0.0,0.0,0.0	71.361808777,47.20224719101124,-122.52837791457522,0.0,0.0,0.0,0.0,0.0,0.0,0.0	127.019866943,47.20224719101124,-122.41756687186283,0.0,0.0,0.0,0.0,0.0,0.0,0.0	13.158131599,47.20224719101124,-122.30675582915045,0.0,0.0,0.0,0.0,0.0,0.0,0.0	189.110580444,47.20224719101124,-122.19594478643805,0.0,0.0,0.0,0.0,0.0,0.0,0.0	195.32723999,47.20224719101124,-122.08513374372566,0.0,0.0,0.0,0.0,0.0,0.0,0.0	225.757492065,47.20224719101124,-121.97432270101326,0.0,0.0,0.0,0.0,0.0,0.0,0.0	707.584655762,47.20224719101124,-121.86351165830088,0.0,0.0,0.0,0.0,0.0,0.0,0.0	1111.307373047,47.20224719101124,-121.75270061558848,0.0,0.0,0.0,0.0,0.0,0.0,0.0	973.314575195,47.20224719101124,-121.6418895728761,0.0,0.0,0.0,0.0,0.0,0.0,0.0	479.797149658,47.20224719101124,-121.5310785301637,0.0,0.0,0.0,0.0,0.0,0.0,0.0	791.125549316,47.20224719101124,-121.42026748745131,0.0,0.0,0.0,0.0,0.0,0.0,0.0	1107.087768555,47.20224719101124,-121.30945644473893,0.0,0.0,0.0,0.0,0.0,0.0,0.0	1155.212158203,47.20224719101124,-121.19864540202653,0.0,0.0,0.0,0.0,0.0,0.0,0.0	639.370605469,47.20224719101124,-121.08783435931414,0.0,0.0,0.0,0.0,0.0,0.0,0.0	647.844787598,47.20224719101124,-120.97702331660174,0.0,0.0,0.0,0.0,0.0,0.0,0.0	650.123901367,47.20224719101124,-120.86621227388936,0.0,0.0,0.0,0.0,0.0,0.0,0.0
0.0,47.140449438202246,-124.63159705040748,0.0,0.0,0.0,0.0,0.0,0.0,0.0	0.0,47.140449438202246,-124.52091487097175,0.0,0.0,0.0,0.0,0.0,0.0,0.0	0.0,47.140449438202246,-124.41023269153601,0.0,0.0,0.0,0.0,0.0,0.0,0.0	0.0,47.140449438202246,-124.29955051210028,0.0,0.0,0.0,0.0,0.0,0.0,0.0	1.578867078,47.140449438202246,-124.18886833266454,0.0,0.0,0.0,0.0,0.0,0.0,0.0	26.517513275,47.140449438202246,-124.07818615322881,0.0,0.0,0.0,0.0,0.0,0.0,0.0	110.467132568,47.140449438202246,-123.96750397379307,0.0,0.0,0.0,0.0,0.0,0.0,0.0	78.665054321,47.140449438202246,-123.85682179435734,0.0,0.0,0.0,0.0,0.0,0.0,0.0	76.722869873,47.140449438202246,-123.7461396149216,0.0,0.0,0.0,0.0,0.0,0.0,0.0	83.316986084,47.140449438202246,-123.63545743548588,0.0,0.0,0.0,0.0,0.0,0.0,0.0	73.962814331,47.140449438202246,-123.52477525605013,0.0,0.0,0.0,0.0,0.0,0.0,0.0	110.025817871,47.140449438202246,-123.4140930766144,0.0,0.0,0.0,0.0,0.0,0.0,0.0	115.850479126,47.140449438202246,-123.30341089717868,0.0,0.0,0.0,0.0,0.0,0.0,0.0	121.347938538,47.140449438202246,-123.19272871774294,0.0,0.0,0.0,0.0,0.0,0.0,0.0	31.805995941,47.140449438202246,-123.08204653830721,0.0,0.0,0.0,0.0,0.0,0.0,0.0	28.435462952,47.140449438202246,-122.97136435887147,0.0,0.0,0.0,0.0,0.0,0.0,0.0	37.14138031,47.140449438202246,-122.86068217943574,0.0,0.0,0.0,0.0,0.0,0.0,0.0	0.30480364,47.140449438202246,-122.75,0.0,0.0,0.0,0.0,0.0,0.0,0.0	0.375284076,47.140449438202246,-122.63931782056427,0.0,0.0,0.0,0.0,0.0,0.0,0.0	84.965988159,47.140449438202246,-122.52863564112853,0.0,0.0,0.0,0.0,0.0,0.0,0.0	120.571960449,47.140449438202246,-122.4179534616928,0.0,0.0,0.0,0.0,0.0,0.0,0.0	137.233276367,47.140449438202246,-122.30727128225708,0.0,0.0,0.0,0.0,0.0,0.0,0.0	167.325149536,47.140449438202246,-122.19658910282133,0.0,0.0,0.0,0.0,0.0,0.0,0.0	155.383392334,47.140449438202246,-122.08590692338561,0.0,0.0,0.0,0.0,0.0,0.0,0.0	347.668395996,47.140449438202246,-121.97522474394987,0.0,0.0,0.0,0.0,0.0,0.0,0.0	458.490661621,47.140449438202246,-121.86454256451414,0.0,0.0,0.0,0.0,0.0,0.0,0.0	962.58013916,47.140449438202246,-121.7538603850784,0.0,0.0,0.0,0.0,0.0,0.0,0.0	558.432189941,47.140449438202246,-121.64317820564267,0.0,0.0,0.0,0.0,0.0,0.0,0.0	1163.158081055,47.140449438202246,-121.53249602620693,0.0,0.0,0.0,0.0,0.0,0.0,0.0	1288.911865234,47.140449438202246,-121.4218138467712,0.0,0.0,0.0,0.0,0.0,0.0,0.0	1478.774902344,47.140449438202246,-121.31113166733547,0.0,0.0,0.0,0.0,0.0,0.0,0.0	1366.286132812,47.140449438202246,-121.20044948789973,0.0,0.0,0.0,0.0,0.0,0.0,0.0	1463.29296875,47.140449438202246,-121.089767308464,0.0,0.0,0.0,0.0,0.0,0.0,0.0	1060.231933594,47.140449438202246,-120.97908512902826,0.0,0.0,0.0,0.0,0.0,0.0,0.0	976.435668945,47.140449438202246,-120.86840294959254,0.0,0.0,0.0,0.0,0.0,0.0,0.0
0.0,47.07865168539326,-124.6294136477279,0.0,0.0,0.0,0.0,0.0,0.0,0.0	0.0,47.07865168539326,-124.5188599037439,0.0,0.0,0.0,0.0,0.0,0.0,0.0	0.0,47.07865168539326,-124.40830615975992,0.0,0.0,0.0,0.0,0.0,0.0,0.0	0.0,47.07865168539326,-124.29775241577592,0.0,0.0,0.0,0.0,0.0,0.0,0.0	0.0,47.07865168539326,-124.18719867179192,0.0,0.0,0.0,0.0,0.0,0.0,0.0	21.433889389,47.07865168539326,-124.07664492780793,0.0,0.0,0.0,0.0,0.0,0.0,0.0	72.565795898,47.07865168539326,-123.96609118382393,0.0,0.0,0.0,0.0,0.0,0.0,0.0	101.081016541,47.07865168539326,-123.85553743983994,0.0,0.0,0.0,0.0,0.0,0.0,0.0	77.642578125,47.07865168539326,-123.74498369585595,0.0,0.0,0.0,0.0,0.0,0.0,0.0	36.812046051,47.07865168539326,-123.63442995187195,0.0,0.0,0.0,0.0,0.0,0.0,0.0	113.560096741,47.07865168539326,-123.52387620788797,0.0,0.0,0.0,0.0,0.0,0.0,0.0	92.86618042,47.07865168539326,-123.41332246390397,0.0,0.0,0.0,0.0,0.0,0.0,0.0	87.328529358,47.07865168539326,-123.30276871991997,0.0,0.0,0.0,0.0,0.0,0.0,0.0	383.670166016,47.07865168539326,-123.19221497593598,0.0,0.0,0.0,0.0,0.0,0.0,0.0	152.688903809,47.07865168539326,-123.08166123195198,0.0,0.0,0.0,0.0,0.0,0.0,0.0	46.829349518,47.07865168539326,-122.97110748796798,0.0,0.0,0.0,0.0,0.0,0.0,0.0	46.223800659,47.07865168539326,-122.860553743984,0.0,0.0,0.0,0.0,0.0,0.0,0.0	71.166091919,47.07865168539326,-122.75,0.0,0.0,0.0,0.0,0.0,0.0,0.0	106.43334198,47.07865168539326,-122.639446256016,0.0,0.0,0.0,0.0,0.0,0.0,0.0	122.74684906,47.07865168539326,-122.52889251203202,0.0,0.0,0.0,0.0,0.0,0.0,0.0	122.657051086,47.07865168539326,-122.41833876804802,0.0,0.0,0.0,0.0,0.0,0.0,0.0	140.971862793,47.07865168539326,-122.30778502406402,0.0,0.0,0.0,0.0,0.0,0.0,0.0	69.019294739,47.07865168539326,-122.19723128008003,0.0,0.0,0.0,0.0,0.0,0.0,0.0	315.440338135,47.07865168539326,-122.08667753609603,0.0,0.0,0.0,0.0,0.0,0.0,0.0	477.45916748,47.07865168539326,-121.97612379211205,0.0,0.0,0.0,0.0,0.0,0.0,0.0	1302.637817383,47.07865168539326,-121.86557004812805,0.0,0.0,0.0,0.0,0.0,0.0,0.0	761.138793945,47.07865168539326,-121.75501630414405,0.0,0.0,0.0,0.0,0.0,0.0,0.0	979.768920898,47.07865168539326,-121.64446256016006,0.0,0.0,0.0,0.0,0.0,0.0,0.0	1421.73828125,47.07865168539326,-121.53390881617607,0.0,0.0,0.0,0.0,0.0,0.0,0.0	1116.878417969,47.07865168539326,-121.42335507219207,0.0,0.0,0.0,0.0,0.0,0.0,0.0	1095.182250977,47.07865168539326,-121.31280132820808,0.0,0.0,0.0,0.0,0.0,0.0,0.0	1123.514892578,47.07865168539326,-121.20224758422408,0.0,0.0,0.0,0.0,0.0,0.0,0.0	1785.552734375,47.07865168539326,-121.09169384024008,0.0,0.0,0.0,0.0,0.0,0.0,0.0	1391.185791016,47.07865168539326,-120.9811400962561,0.0,0.0,0.0,0.0,0.0,0.0,0.0	1264.836669922,47.07865168539326,-120.8705863522721,0.0,0.0,0.0,0.0,0.0,0.0,0.0
0.0,47.01685393258427,-124.62723748771126,0.0,0.0,0.0,0.0,0.0,0.0,0.0	0.0,47.01685393258427,-124.51681175314,0.0,0.0,0.0,0.0,0.0,0.0,0.0	0.0,47.01685393258427,-124.40638601856875,0.0,0.0,0.0,0.0,0.0,0.0,0.0	0.0,47.01685393258427,-124.2959602839975,0.0,0.0,0.0,0.0,0.0,0.0,0.0	0.0,47.01685393258427,-124.18553454942625,0.0,0.0,0.0,0.0,0.0,0.0,0.0	0.0,47.01685393258427,-124.075108814855,0.0,0.0,0.0,0.0,0.0,0.0,0.0	30.310958862,47.01685393258427,-123.96468308028375,0.0,0.0,0.0,0.0,0.0,0.0,0.0	122.611366272,47.01685393258427,-123.8542573457125,0.0,0.0,0.0,0.0,0.0,0.0,0.0	166.784164429,47.01685393258427,-123.74383161114125,0.0,0.0,0.0,0.0,0.0,0.0,0.0	62.207752228,47.01685393258427,-123.63340587657,0.0,0.0,0.0,0.0,0.0,0.0,0.0	16.775226593,47.01685393258427,-123.52298014199874,0.0,0.0,0.0,0.0,0.0,0.0,0.0	90.439277649,47.01685393258427,-123.41255440742749,0.0,0.0,0.0,0.0,0.0,0.0,0.0	72.678237915,47.01685393258427,-123.30212867285624,0.0,0.0,0.0,0.0,0.0,0.0,0.0	392.319274902,47.01685393258427,-123.191702938285,0.0,0.0,0.0,0.0,0.0,0.0,0.0	409.196960449,47.01685393258427,-123.08127720371375,0.0,0.0,0.0,0.0,0.0,0.0,0.0	79.817115784,47.01685393258427,-122.9708514691425,0.0,0.0,0.0,0.0,0.0,0.0,0.0	71.138587952,47.01685393258427,-122.86042573457125,0.0,0.0,0.0,0.0,0.0,0.0,0.0	64.674880981,47.01685393258427,-122.75,0.0,0.0,0.0,0.0,0.0,0.0,0.0	76.020179749,47.01685393258427,-122.63957426542875,0.0,0.0,0.0,0.0,0.0,0.0,0.0	97.376121521,47.01685393258427,-122.5291485308575,0.0,0.0,0.0,0.0,0.0,0.0,0.0	125.973472595,47.01685393258427,-122.41872279628625,0.0,0.0,0.0,0.0,0.0,0.0,0.0	229.440002441,47.01685393258427,-122.308297061715,0.0,0.0,0.0,0.0,0.0,0.0,0.0	188.373199463,47.01685393258427,-122.19787132714374,0.0,0.0,0.0,0.0,0.0,0.0,0.0	584.223266602,47.01685393258427,-122.0874455925725,0.0,0.0,0.0,0.0,0.0,0.0,0.0	878.995483398,47.01685393258427,-121.97701985800124,0.0,0.0,0.0,0.0,0.0,0.0,0.0	1304.838623047,47.01685393258427,-121.86659412342999,0.0,0.0,0.0,0.0,0.0,0.0,0.0	1122.783447266,47.01685393258427,-121.75616838885874,0.0,0.0,0.0,0.0,0.0,0.0,0.0	1363.372924805,47.01685393258427,-121.64574265428749,0.0,0.0,0.0,0.0,0.0,0.0,0.0	782.352233887,47.01685393258427,-121.53531691971624,0.0,0.0,0.0,0.0,0.0,0.0,0.0	1621.923461914,47.01685393258427,-121.42489118514499,0.0,0.0,0.0,0.0,0.0,0.0,0.0	1300.854980469,47.01685393258427,-121.31446545057373,0.0,0.0,0.0,0.0,0.0,0.0,0.0	996.359436035,47.01685393258427,-121.20403971600248,0.0,0.0,0.0,0.0,0.0,0.0,0.0	1169.721557617,47.01685393258427,-121.09361398143123,0.0,0.0,0.0,0.0,0.0,0.0,0.0	1606.25793457,47.01685393258427,-120.98318824685998,0.0,0.0,0.0,0.0,0.0,0.0,0.0	1271.770629883,47.01685393258427,-120.87276251228873,0.0,0.0,0.0,0.0,0.0,0.0,0.0
0.0,46.95505617977528,-124.62506854017357,0.0,0.0,0.0,0.0,0.0,0.0,0.0	0.0,46.95505617977528,-124.5147703907516,0.0,0.0,0.0,0.0,0.0,0.0,0.0	0.0,46.95505617977528,-124.40447224132963,0.0,0.0,0.0,0.0,0.0,0.0,0.0	0.0,46.95505617977528,-124.29417409190765,0.0,0.0,0.0,0.0,0.0,0.0,0.0	0.0,46.95505617977528,-124.18387594248567,0.0,0.0,0.0,0.0,0.0,0.0,0.0	0.0,46.95505617977528,-124.0735777930637,0.0,0.0,0.0,0.0,0.0,0.0,0.0	0.0,46.95505617977528,-123.96327964364173,0.0,0.0,0.0,0.0,0.0,0.0,0.0	0.943630695,46.95505617977528,-123.85298149421975,0.0,0.0,0.0,0.0,0.0,0.0,0.0	0.362712741,46.95505617977528,-123.74268334479777,0.0,0.0,0.0,0.0,0.0,0.0,0.0	3.078805447,46.95505617977528,-123.6323851953758,0.0,0.0,0.0,0.0,0.0,0.0,0.0	14.474994659,46.95505617977528,-123.52208704595382,0.0,0.0,0.0,0.0,0.0,0.0,0.0	68.899673462,46.95505617977528,-123.41178889653185,0.0,0.0,0.0,0.0,0.0,0.0,0.0	84.02532959,46.95505617977528,-123.30149074710988,0.0,0.0,0.0,0.0,0.0,0.0,0.0	644.922790527,46.95505617977528,-123.1911925976879,0.0,0.0,0.0,0.0,0.0,0.0,0.0	113.613609314,46.95505617977528,-123.08089444826592,0.0,0.0,0.0,0.0,0.0,0.0,0.0	55.903900146,46.95505617977528,-122.97059629884396,0.0,0.0,0.0,0.0,0.0,0.0,0.0	61.045700073,46.95505617977528,-122.86029814942198,0.0,0.0,0.0,0.0,0.0,0.0,0.0	103.721176147,46.95505617977528,-122.75,0.0,0.0,0.0,0.0,0.0,0.0,0.0	99.095710754,46.95505617977528,-122.63970185057802,0.0,0.0,0.0,0.0,0.0,0.0,0.0	124.325202942,46.95505617977528,-122.52940370115606,0.0,0.0,0.0,0.0,0.0,0.0,0.0	163.604476929,46.95505617977528,-122.41910555173408,0.0,0.0,0.0,0.0,0.0,0.0,0.0	207.854827881,46.95505617977528,-122.3088074023121,0.0,0.0,0.0,0.0,0.0,0.0,0.0	487.081359863,46.95505617977528,-122.19850925289013,0.0,0.0,0.0,0.0,0.0,0.0,0.0	434.229400635,46.95505617977528,-122.08821110346815,0.0,0.0,0.0,0.0,0.0,0.0,0.0	977.863342285,46.95505617977528,-121.97791295404618,0.0,0.0,0.0,0.0,0.0,0.0,0.0	1592.292236328,46.95505617977528,-121.86761480462421,0.0,0.0,0.0,0.0,0.0,0.0,0.0	1748.369384766,46.95505617977528,-121.75731665520223,0.0,0.0,0.0,0.0,0.0,0.0,0.0	1375.684082031,46.95505617977528,-121.64701850578025,0.0,0.0,0.0,0.0,0.0,0.0,0.0	1091.305541992,46.95505617977528,-121.53672035635829,0.0,0.0,0.0,0.0,0.0,0.0,0.0	1661.14453125,46.95505617977528,-121.42642220693631,0.0,0.0,0.0,0.0,0.0,0.0,0.0	1248.654907227,46.95505617977528,-121.31612405751433,0.0,0.0,0.0,0.0,0.0,0.0,0.0	1230.013793945,46.95505617977528,-121.20582590809235,0.0,0.0,0.0,0.0,0.0,0.0,0.0	846.058654785,46.95505617977528,-121.09552775867039,0.0,0.0,0.0,0.0,0.0,0.0,0.0	1570.728393555,46.95505617977528,-120.9852296092484,0.0,0.0,0.0,0.0,0.0,0.0,0.0	1206.4609375,46.95505617977528,-120.87493145982643,0.0,0.0,0.0,0.0,0.0,0.0,0.0
0.0,46.89325842696629,-124.62290677510627,0.0,0.0,0.0,0.0,0.0,0.0,0.0	0.0,46.89325842696629,-124.51273578833532,0.0,0.0,0.0,0.0,0.0,0.0,0.0	0.0,46.89325842696629,-124.40256480156435,0.0,0.0,0.0,0.0,0.0,0.0,0.0	0.0,46.89325842696629,-124.2923938147934,0.0,0.0,0.0,0.0,0.0,0.0,0.0	0.0,46.89325842696629,-124.18222282802245,0.0,0.0,0.0,0.0,0.0,0.0,0.0	0.0,46.89325842696629,-124.0720518412515,0.0,0.0,0.0,0.0,0.0,0.0,0.0	53.278587341,46.89325842696629,-123.96188085448053,0.0,0.0,0.0,0.0,0.0,0.0,0.0	144.875457764,46.89325842696629,-123.85170986770957,0.0,0.0,0.0,0.0,0.0,0.0,0.0	108.932418823,46.89325842696629,-123.74153888093862,0.0,0.0,0.0,0.0,0.0,0.0,0.0	115.12096405,46.89325842696629,-123.63136789416765,0.0,0.0,0.0,0.0,0.0,0.0,0.0	120.325866699,46.89325842696629,-123.5211969073967,0.0,0.0,0.0,0.0,0.0,0.0,0.0	362.768798828,46.89325842696629,-123.41102592062575,0.0,0.0,0.0,0.0,0.0,0.0,0.0	15.692059517,46.89325842696629,-123.3008549338548,0.0,0.0,0.0,0.0,0.0,0.0,0.0	129.594909668,46.89325842696629,-123.19068394708383,0.0,0.0,0.0,0.0,0.0,0.0,0.0	81.28339386,46.89325842696629,-123.08051296031287,0.0,0.0,0.0,0.0,0.0,0.0,0.0	76.046638489,46.89325842696629,-122.97034197354192,0.0,0.0,0.0,0.0,0.0,0.0,0.0	74.305351257,46.89325842696629,-122.86017098677095,0.0,0.0,0.0,0.0,0.0,0.0,0.0	100.856407166,46.89325842696629,-122.75,0.0,0.0,0.0,0.0,0.0,0.0,0.0	129.266891479,46.89325842696629,-122.63982901322905,0.0,0.0,0.0,0.0,0.0,0.0,0.0	135.233718872,46.89325842696629,-122.5296580264581,0.0,0.0,0.0,0.0,0.0,0.0,0.0	176.269668579,46.89325842696629,-122.41948703968713,0.0,0.0,0.0,0.0,0.0,0.0,0.0	230.731292725,46.89325842696629,-122.30931605291617,0.0,0.0,0.0,0.0,0.0,0.0,0.0	407.234161377,46.89325842696629,-122.19914506614522,0.0,0.0,0.0,0.0,0.0,0.0,0.0	1085.845947266,46.89325842696629,-122.08897407937425,0.0,0.0,0.0,0.0,0.0,0.0,0.0	817.878356934,46.89325842696629,-121.9788030926033,0.0,0.0,0.0,0.0,0.0,0.0,0.0	1271.214233398,46.89325842696629,-121.86863210583235,0.0,0.0,0.0,0.0,0.0,0.0,0.0	2345.670410156,46.89325842696629,-121.7584611190614,0.0,0.0,0.0,0.0,0.0,0.0,0.0	1697.915405273,46.89325842696629,-121.64829013229043,0.0,0.0,0.0,0.0,0.0,0.0,0.0	1589.590698242,46.89325842696629,-121.53811914551947,0.0,0.0,0.0,0.0,0.0,0.0,0.0	1106.94152832,46.89325842696629,-121.42794815874852,0.0,0.0,0.0,0.0,0.0,0.0,0.0	1606.596435547,46.89325842696629,-121.31777717197755,0.0,0.0,0.0,0.0,0.0,0.0,0.0	1705.993774414,46.89325842696629,-121.2076061852066,0.0,0.0,0.0,0.0,0.0,0.0,0.0	1222.393798828,46.89325842696629,-121.09743519843565,0.0,0.0,0.0,0.0,0.0,0.0,0.0	839.846740723,46.89325842696629,-120.98726421166468,0.0,0.0,0.0,0.0,0.0,0.0,0.0	1124.319458008,46.89325842696629,-120.87709322489373,0.0,0.0,0.0,0.0,0.0,0.0,0.0
0.0,46.831460674157306,-124.62075216267499,0.0,0.0,0.0,0.0,0.0,0.0,0.0	0.0,46.831460674157306,-124.51070791781176,0.0,0.0,0.0,0.0,0.0,0.0,0.0	0.0,46.831460674157306,-124.40066367294853,0.0,0.0,0.0,0.0,0.0,0.0,0.0	0.0,46.831460674157306,-124.2906194280853,0.0,0.0,0.0,0.0,0.0,0.0,0.0	0.0,46.831460674157306,-124.18057518322205,0.0,0.0,0.0,0.0,0.0,0.0,0.0	48.157173157,46.831460674157306,-124.07053093835881,0.0,0.0,0.0,0.0,0.0,0.0,0.0	93.452163696,46.831460674157306,-123.96048669349558,0.0,0.0,0.0,0.0,0.0,0.0,0.0	37.521442413,46.831460674157306,-123.85044244863235,0.0,0.0,0.0,0.0,0.0,0.0,0.0	154.8021698,46.831460674157306,-123.74039820376912,0.0,0.0,0.0,0.0,0.0,0.0,0.0	78.079742432,46.831460674157306,-123.63035395890589,0.0,0.0,0.0,0.0,0.0,0.0,0.0	162.910018921,46.831460674157306,-123.52030971404264,0.0,0.0,0.0,0.0,0.0,0.0,0.0	251.606918335,46.831460674157306,-123.41026546917941,0.0,0.0,0.0,0.0,0.0,0.0,0.0	99.580352783,46.831460674157306,-123.30022122431618,0.0,0.0,0.0,0.0,0.0,0.0,0.0	30.24835968,46.831460674157306,-123.19017697945294,0.0,0.0,0.0,0.0,0.0,0.0,0.0	47.450180054,46.831460674157306,-123.08013273458971,0.0,0.0,0.0,0.0,0.0,0.0,0.0	63.416015625,46.831460674157306,-122.97008848972648,0.0,0.0,0.0,0.0,0.0,0.0,0.0	84.326774597,46.831460674157306,-122.86004424486325,0.0,0.0,0.0,0.0,0.0,0.0,0.0	268.660125732,46.831460674157306,-122.75,0.0,0.0,0.0,0.0,0.0,0.0,0.0	156.26675415,46.831460674157306,-122.63995575513677,0.0,0.0,0.0,0.0,0.0,0.0,0.0	146.235458374,46.831460674157306,-122.52991151027354,0.0,0.0,0.0,0.0,0.0,0.0,0.0	185.453704834,46.831460674157306,-122.4198672654103,0.0,0.0,0.0,0.0,0.0,0.0,0.0	311.14944458,46.831460674157306,-122.30982302054707,0.0,0.0,0.0,0.0,0.0,0.0,0.0	491.196289062,46.831460674157306,-122.19977877568384,0.0,0.0,0.0,0.0,0.0,0.0,0.0	855.456054688,46.831460674157306,-122.08973453082059,0.0,0.0,0.0,0.0,0.0,0.0,0.0	1251.859008789,46.831460674157306,-121.97969028595736,0.0,0.0,0.0,0.0,0.0,0.0,0.0	1636.455566406,46.831460674157306,-121.86964604109413,0.0,0.0,0.0,0.0,0.0,0.0,0.0	3201.439208984,46.831460674157306,-121.7596017962309,0.0,0.0,0.0,0.0,0.0,0.0,0.0	1701.817749023,46.831460674157306,-121.64955755136766,0.0,0.0,0.0,0.0,0.0,0.0,0.0	885.494567871,46.831460674157306,-121.53951330650443,0.0,0.0,0.0,0.0,0.0,0.0,0.0	1475.210205078,46.831460674157306,-121.42946906164119,0.0,0.0,0.0,0.0,0.0,0.0,0.0	1183.993652344,46.831460674157306,-121.31942481677795,0.0,0.0,0.0,0.0,0.0,0.0,0.0	1902.110961914,46.831460674157306,-121.20938057191472,0.0,0.0,0.0,0.0,0.0,0.0,0.0	1279.526489258,46.831460674157306,-121.09933632705149,0.0,0.0,0.0,0.0,0.0,0.0,0.0	860.932739258,46.831460674157306,-120.98929208218826,0.0,0.0,0.0,0.0,0.0,0.0,0.0	1481.076782227,46.831460674157306,-120.87924783732502,0.0,0.0,0.0,0.0,0.0,0.0,0.0
0.0,46.76966292134831,-124.61860467321826,0.0,0.0,0.0,0.0,0.0,0.0,0.0	0.0,46.76966292134831,-124.50868675126424,0.0,0.0,0.0,0.0,0.0,0.0,0.0	0.0,46.76966292134831,-124.39876882931023,0.0,0.0,0.0,0.0,0.0,0.0,0.0	0.0,46.76966292134831,-124.2888509073562,0.0,0.0,0.0,0.0,0.0,0.0,0.0	0.0,46.76966292134831,-124.1789329854022,0.0,0.0,0.0,0.0,0.0,0.0,0.0	5.858567238,46.76966292134831,-124.06901506344818,0.0,0.0,0.0,0.0,0.0,0.0,0.0	38.7460289,46.76966292134831,-123.95909714149417,0.0,0.0,0.0,0.0,0.0,0.0,0.0	102.181465149,46.76966292134831,-123.84917921954015,0.0,0.0,0.0,0.0,0.0,0.0,0.0	87.027488708,46.76966292134831,-123.73926129758614,0.0,0.0,0.0,0.0,0.0,0.0,0.0	134.12461853,46.76966292134831,-123.62934337563212,0.0,0.0,0.0,0.0,0.0,0.0,0.0	120.747764587,46.76966292134831,-123.51942545367811,0.0,0.0,0.0,0.0,0.0,0.0,0.0	271.011474609,46.76966292134831,-123.40950753172409,0.0,0.0,0.0,0.0,0.0,0.0,0.0	129.93687439,46.76966292134831,-123.29958960977008,0.0,0.0,0.0,0.0,0.0,0.0,0.0	48.867790222,46.76966292134831,-123.18967168781606,0.0,0.0,0.0,0.0,0.0,0.0,0.0	84.13974762,46.76966292134831,-123.07975376586205,0.0,0.0,0.0,0.0,0.0,0.0,0.0	152.533966064,46.76966292134831,-122.96983584390803,0.0,0.0,0.0,0.0,0.0,0.0,0.0	65.556510925,46.76966292134831,-122.85991792195401,0.0,0.0,0.0,0.0,0.0,0.0,0.0	136.141906738,46.76966292134831,-122.75,0.0,0.0,0.0,0.0,0.0,0.0,0.0	575.96081543,46.76966292134831,-122.64008207804598,0.0,0.0,0.0,0.0,0.0,0.0,0.0	651.164733887,46.76966292134831,-122.53016415609197,0.0,0.0,0.0,0.0,0.0,0.0,0.0	389.591278076,46.76966292134831,-122.42024623413795,0.0,0.0,0.0,0.0,0.0,0.0,0.0	594.026611328,46.76966292134831,-122.31032831218394,0.0,0.0,0.0,0.0,0.0,0.0,0.0	400.654174805,46.76966292134831,-122.20041039022992,0.0,0.0,0.0,0.0,0.0,0.0,0.0	539.335388184,46.76966292134831,-122.09049246827591,0.0,0.0,0.0,0.0,0.0,0.0,0.0	969.34765625,46.76966292134831,-121.98057454632189,0.0,0.0,0.0,0.0,0.0,0.0,0.0	873.375915527,46.76966292134831,-121.87065662436788,0.0,0.0,0.0,0.0,0.0,0.0,0.0	1194.071533203,46.76966292134831,-121.76073870241386,0.0,0.0,0.0,0.0,0.0,0.0,0.0	1333.545776367,46.76966292134831,-121.65082078045985,0.0,0.0,0.0,0.0,0.0,0.0,0.0	987.23614502,46.76966292134831,-121.54090285850583,0.0,0.0,0.0,0.0,0.0,0.0,0.0	1440.035522461,46.76966292134831,-121.43098493655182,0.0,0.0,0.0,0.0,0.0,0.0,0.0	1896.123535156,46.76966292134831,-121.3210670145978,0.0,0.0,0.0,0.0,0.0,0.0,0.0	1439.02734375,46.76966292134831,-121.21114909264378,0.0,0.0,0.0,0.0,0.0,0.0,0.0	1231.312255859,46.76966292134831,-121.10123117068977,0.0,0.0,0.0,0.0,0.0,0.0,0.0	1065.646240234,46.76966292134831,-120.99131324873575,0.0,0.0,0.0,0.0,0.0,0.0,0.0	1042.090820312,46.76966292134831,-120.88139532678174,0.0,0.0,0.0,0.0,0.0,0.0,0.0
0.0,46.70786516853933,-124.61646427724635,0.0,0.0,0.0,0.0,0.0,0.0,0.0	0.0,46.70786516853933,-124.50667226093775,0.0,0.0,0.0,0.0,0.0,0.0,0.0	0.0,46.70786516853933,-124.39688024462913,0.0,0.0,0.0,0.0,0.0,0.0,0.0	0.0,46.70786516853933,-124.28708822832053,0.0,0.0,0.0,0.0,0.0,0.0,0.0	0.0,46.70786516853933,-124.17729621201191,0.0,0.0,0.0,0.0,0.0,0.0,0.0	0.0,46.70786516853933,-124.06750419570331,0.0,0.0,0.0,0.0,0.0,0.0,0.0	-0.345034957,46.70786516853933,-123.95771217939469,0.0,0.0,0.0,0.0,0.0,0.0,0.0	-0.345095247,46.70786516853933,-123.84792016308609,0.0,0.0,0.0,0.0,0.0,0.0,0.0	122.098899841,46.70786516853933,-123.73812814677748,0.0,0.0,0.0,0.0,0.0,0.0,0.0	46.410671234,46.70786516853933,-123.62833613046887,0.0,0.0,0.0,0.0,0.0,0.0,0.0	306.434692383,46.70786516853933,-123.51854411416026,0.0,0.0,0.0,0.0,0.0,0.0,0.0	221.653549194,46.70786516853933,-123.40875209785165,0.0,0.0,0.0,0.0,0.0,0.0,0.0	433.805755615,46.70786516853933,-123.29896008154304,0.0,0.0,0.0,0.0,0.0,0.0,0.0	90.253875732,46.70786516853933,-123.18916806523444,0.0,0.0,0.0,0.0,0.0,0.0,0.0	167.898605347,46.70786516853933,-123.07937604892582,0.0,0.0,0.0,0.0,0.0,0.0,0.0	52.240428925,46.70786516853933,-122.96958403261722,0.0,0.0,0.0,0.0,0.0,0.0,0.0	72.960075378,46.70786516853933,-122.8597920163086,0.0,0.0,0.0,0.0,0.0,0.0,0.0	365.466125488,46.70786516853933,-122.75,0.0,0.0,0.0,0.0,0.0,0.0,0.0	531.545715332,46.70786516853933,-122.64020798369138,0.0,0.0,0.0,0.0,0.0,0.0,0.0	611.462768555,46.70786516853933,-122.53041596738278,0.0,0.0,0.0,0.0,0.0,0.0,0.0	642.448181152,46.70786516853933,-122.42062395107418,0.0,0.0,0.0,0.0,0.0,0.0,0.0	651.738769531,46.70786516853933,-122.31083193476556,0.0,0.0,0.0,0.0,0.0,0.0,0.0	451.514312744,46.70786516853933,-122.20103991845696,0.0,0.0,0.0,0.0,0.0,0.0,0.0	831.327941895,46.70786516853933,-122.09124790214834,0.0,0.0,0.0,0.0,0.0,0.0,0.0	808.242370605,46.70786516853933,-121.98145588583974,0.0,0.0,0.0,0.0,0.0,0.0,0.0	879.772033691,46.70786516853933,-121.87166386953112,0.0,0.0,0.0,0.0,0.0,0.0,0.0	1322.044067383,46.70786516853933,-121.76187185322252,0.0,0.0,0.0,0.0,0.0,0.0,0.0	1599.44519043,46.70786516853933,-121.65207983691391,0.0,0.0,0.0,0.0,0.0,0.0,0.0	767.918273926,46.70786516853933,-121.5422878206053,0.0,0.0,0.0,0.0,0.0,0.0,0.0	1238.566040039,46.70786516853933,-121.43249580429669,0.0,0.0,0.0,0.0,0.0,0.0,0.0	1517.059326172,46.70786516853933,-121.32270378798808,0.0,0.0,0.0,0.0,0.0,0.0,0.0	1750.417480469,46.70786516853933,-121.21291177167947,0.0,0.0,0.0,0.0,0.0,0.0,0.0	1590.097290039,46.70786516853933,-121.10311975537087,0.0,0.0,0.0,0.0,0.0,0.0,0.0	1264.061157227,46.70786516853933,-120.99332773906225,0.0,0.0,0.0,0.0,0.0,0.0,0.0	588.250061035,46.70786516853933,-120.88353572275365,0.0,0.0,0.0,0.0,0.0,0.0,0.0
0.0,46.646067415730336,-124.61433094544,0.0,0.0,0.0,0.0,0.0,0.0,0.0	0.0,46.646067415730336,-124.50466441923766,0.0,0.0,0.0,0.0,0.0,0.0,0.0	0.0,46.646067415730336,-124.3949978930353,0.0,0.0,0.0,0.0,0.0,0.0,0.0	0.0,46.646067415730336,-124.28533136683295,0.0,0.0,0.0,0.0,0.0,0.0,0.0	0.0,46.646067415730336,-124.17566484063059,0.0,0.0,0.0,0.0,0.0,0.0,0.0	5.506624222,46.646067415730336,-124.06599831442824,0.0,0.0,0.0,0.0,0.0,0.0,0.0	2.362204552,46.646067415730336,-123.95633178822588,0.0,0.0,0.0,0.0,0.0,0.0,0.0	118.99508667,46.646067415730336,-123.84666526202354,0.0,0.0,0.0,0.0,0.0,0.0,0.0	148.338134766,46.646067415730336,-123.73699873582117,0.0,0.0,0.0,0.0,0.0,0.0,0.0	23.861394882,46.646067415730336,-123.62733220961883,0.0,0.0,0.0,0.0,0.0,0.0,0.0	263.344055176,46.646067415730336,-123.51766568341647,0.0,0.0,0.0,0.0,0.0,0.0,0.0	216.899932861,46.646067415730336,-123.40799915721412,0.0,0.0,0.0,0.0,0.0,0.0,0.0	150.489273071,46.646067415730336,-123.29833263101176,0.0,0.0,0.0,0.0,0.0,0.0,0.0	147.236297607,46.646067415730336,-123.18866610480941,0.0,0.0,0.0,0.0,0.0,0.0,0.0	61.359619141,46.646067415730336,-123.07899957860705,0.0,0.0,0.0,0.0,0.0,0.0,0.0	56.471218109,46.646067415730336,-122.9693330524047,0.0,0.0,0.0,0.0,0.0,0.0,0.0	157.3387146,46.646067415730336,-122.85966652620235,0.0,0.0,0.0,0.0,0.0,0.0,0.0	152.00881958,46.646067415730336,-122.75,0.0,0.0,0.0,0.0,0.0,0.0,0.0	427.560119629,46.646067415730336,-122.64033347379764,0.0,0.0,0.0,0.0,0.0,0.0,0.0	695.342590332,46.646067415730336,-122.5306669475953,0.0,0.0,0.0,0.0,0.0,0.0,0.0	594.433776855,46.646067415730336,-122.42100042139293,0.0,0.0,0.0,0.0,0.0,0.0,0.0	943.299804688,46.646067415730336,-122.31133389519059,0.0,0.0,0.0,0.0,0.0,0.0,0.0	500.343353271,46.646067415730336,-122.20166736898823,0.0,0.0,0.0,0.0,0.0,0.0,0.0	753.703674316,46.646067415730336,-122.09200084278588,0.0,0.0,0.0,0.0,0.0,0.0,0.0	1372.025268555,46.646067415730336,-121.98233431658352,0.0,0.0,0.0,0.0,0.0,0.0,0.0	1094.475585938,46.646067415730336,-121.87266779038117,0.0,0.0,0.0,0.0,0.0,0.0,0.0	1157.548950195,46.646067415730336,-121.76300126417881,0.0,0.0,0.0,0.0,0.0,0.0,0.0	445.457122803,46.646067415730336,-121.65333473797646,0.0,0.0,0.0,0.0,0.0,0.0,0.0	1479.831298828,46.646067415730336,-121.5436682117741,0.0,0.0,0.0,0.0,0.0,0.0,0.0	1649.895019531,46.646067415730336,-121.43400168557176,0.0,0.0,0.0,0.0,0.0,0.0,0.0	1366.445556641,46.646067415730336,-121.3243351593694,0.0,0.0,0.0,0.0,0.0,0.0,0.0	1042.239501953,46.646067415730336,-121.21466863316705,0.0,0.0,0.0,0.0,0.0,0.0,0.0	871.554199219,46.646067415730336,-121.10500210696469,0.0,0.0,0.0,0.0,0.0,0.0,0.0	1469.248779297,46.646067415730336,-120.99533558076234,0.0,0.0,0.0,0.0,0.0,0.0,0.0	1012.346801758,46.646067415730336,-120.88566905455998,0.0,0.0,0.0,0.0,0.0,0.0,0.0
0.0,46.58426966292135,-124.61220464864924,0.0,0.0,0.0,0.0,0.0,0.0,0.0	0.0,46.58426966292135,-124.5026631987287,0.0,0.0,0.0,0.0,0.0,0.0,0.0	0.0,46.58426966292135,-124.39312174880816,0.0,0.0,0.0,0.0,0.0,0.0,0.0	0.0,46.58426966292135,-124.28358029888761,0.0,0.0,0.0,0.0,0.0,0.0,0.0	0.0,46.58426966292135,-124.17403884896706,0.0,0.0,0.0,0.0,0.0,0.0,0.0	8.687556267,46.58426966292135,-124.06449739904652,0.0,0.0,0.0,0.0,0.0,0.0,0.0	2.03302002,46.58426966292135,-123.95495594912597,0.0,0.0,0.0,0.0,0.0,0.0,0.0	118.143074036,46.58426966292135,-123.84541449920543,0.0,0.0,0.0,0.0,0.0,0.0,0.0	194.684127808,46.58426966292135,-123.73587304928489,0.0,0.0,0.0,0.0,0.0,0.0,0.0	33.611499786,46.58426966292135,-123.62633159936435,0.0,0.0,0.0,0.0,0.0,0.0,0.0	131.685195923,46.58426966292135,-123.5167901494438,0.0,0.0,0.0,0.0,0.0,0.0,0.0	457.226928711,46.58426966292135,-123.40724869952325,0.0,0.0,0.0,0.0,0.0,0.0,0.0	104.802841187,46.58426966292135,-123.29770724960271,0.0,0.0,0.0,0.0,0.0,0.0,0.0	243.665359497,46.58426966292135,-123.18816579968217,0.0,0.0,0.0,0.0,0.0,0.0,0.0	246.467071533,46.58426966292135,-123.07862434976163,0.0,0.0,0.0,0.0,0.0,0.0,0.0	123.399131775,46.58426966292135,-122.96908289984108,0.0,0.0,0.0,0.0,0.0,0.0,0.0	96.70362854,46.58426966292135,-122.85954144992054,0.0,0.0,0.0,0.0,0.0,0.0,0.0	194.010620117,46.58426966292135,-122.75,0.0,0.0,0.0,0.0,0.0,0.0,0.0	207.192550659,46.58426966292135,-122.64045855007944,0.0,0.0,0.0,0.0,0.0,0.0,0.0	239.573272705,46.58426966292135,-122.5309171001589,0.0,0.0,0.0,0.0,0.0,0.0,0.0	217.231369019,46.58426966292135,-122.42137565023836,0.0,0.0,0.0,0.0,0.0,0.0,0.0	607.157958984,46.58426966292135,-122.31183420031782,0.0,0.0,0.0,0.0,0.0,0.0,0.0	548.976867676,46.58426966292135,-122.20229275039728,0.0,0.0,0.0,0.0,0.0,0.0,0.0	1140.971679688,46.58426966292135,-122.09275130047673,0.0,0.0,0.0,0.0,0.0,0.0,0.0	1062.629150391,46.58426966292135,-121.9832098505562,0.0,0.0,0.0,0.0,0.0,0.0,0.0	1558.734863281,46.58426966292135,-121.87366840063564,0.0,0.0,0.0,0.0,0.0,0.0,0.0	932.822753906,46.58426966292135,-121.7641269507151,0.0,0.0,0.0,0.0,0.0,0.0,0.0	604.563110352,46.58426966292135,-121.65458550079455,0.0,0.0,0.0,0.0,0.0,0.0,0.0	1082.522094727,46.58426966292135,-121.54504405087401,0.0,0.0,0.0,0.0,0.0,0.0,0.0	1254.915039062,46.58426966292135,-121.43550260095347,0.0,0.0,0.0,0.0,0.0,0.0,0.0	1714.775390625,46.58426966292135,-121.32596115103293,0.0,0.0,0.0,0.0,0.0,0.0,0.0	1268.184814453,46.58426966292135,-121.21641970111239,0.0,0.0,0.0,0.0,0.0,0.0,0.0	1652.57800293,46.58426966292135,-121.10687825119183,0.0,0.0,0.0,0.0,0.0,0.0,0.0	1165.330810547,46.58426966292135,-120.99733680127129,0.0,0.0,0.0,0.0,0.0,0.0,0.0	1134.635375977,46.58426966292135,-120.88779535135075,0.0,0.0,0.0,0.0,0.0,0.0,0.0
0.0,46.52247191011236,-124.61008535789216,0.0,0.0,0.0,0.0,0.0,0.0,0.0	0.0,46.52247191011236,-124.5006685721338,0.0,0.0,0.0,0.0,0.0,0.0,0.0	0.0,46.52247191011236,-124.39125178637543,0.0,0.0,0.0,0.0,0.0,0.0,0.0	0.0,46.52247191011236,-124.28183500061708,0.0,0.0,0.0,0.0,0.0,0.0,0.0	0.0,46.52247191011236,-124.17241821485871,0.0,0.0,0.0,0.0,0.0,0.0,0.0	1.645923257,46.52247191011236,-124.06300142910035,0.0,0.0,0.0,0.0,0.0,0.0,0.0	0.0,46.52247191011236,-123.95358464334198,0.0,0.0,0.0,0.0,0.0,0.0,0.0	91.299568176,46.52247191011236,-123.84416785758363,0.0,0.0,0.0,0.0,0.0,0.0,0.0	547.887390137,46.52247191011236,-123.73475107182526,0.0,0.0,0.0,0.0,0.0,0.0,0.0	196.308319092,46.52247191011236,-123.6253342860669,0.0,0.0,0.0,0.0,0.0,0.0,0.0	145.626296997,46.52247191011236,-123.51591750030853,0.0,0.0,0.0,0.0,0.0,0.0,0.0	500.61529541,46.52247191011236,-123.40650071455018,0.0,0.0,0.0,0.0,0.0,0.0,0.0	327.139465332,46.52247191011236,-123.2970839287918,0.0,0.0,0.0,0.0,0.0,0.0,0.0	204.577529907,46.52247191011236,-123.18766714303345,0.0,0.0,0.0,0.0,0.0,0.0,0.0	126.42628479,46.52247191011236,-123.07825035727508,0.0,0.0,0.0,0.0,0.0,0.0,0.0	132.046722412,46.52247191011236,-122.96883357151673,0.0,0.0,0.0,0.0,0.0,0.0,0.0	148.830932617,46.52247191011236,-122.85941678575836,0.0,0.0,0.0,0.0,0.0,0.0,0.0	136.739608765,46.52247191011236,-122.75,0.0,0.0,0.0,0.0,0.0,0.0,0.0	131.480331421,46.52247191011236,-122.64058321424163,0.0,0.0,0.0,0.0,0.0,0.0,0.0	179.245391846,46.52247191011236,-122.53116642848327,0.0,0.0,0.0,0.0,0.0,0.0,0.0	253.849380493,46.52247191011236,-122.4217496427249,0.0,0.0,0.0,0.0,0.0,0.0,0.0	625.804931641,46.52247191011236,-122.31233285696655,0.0,0.0,0.0,0.0,0.0,0.0,0.0	518.528625488,46.52247191011236,-122.20291607120818,0.0,0.0,0.0,0.0,0.0,0.0,0.0	421.893798828,46.52247191011236,-122.09349928544982,0.0,0.0,0.0,0.0,0.0,0.0,0.0	268.296722412,46.52247191011236,-121.98408249969145,0.0,0.0,0.0,0.0,0.0,0.0,0.0	277.558868408,46.52247191011236,-121.8746657139331,0.0,0.0,0.0,0.0,0.0,0.0,0.0	617.491394043,46.52247191011236,-121.76524892817473,0.0,0.0,0.0,0.0,0.0,0.0,0.0	1371.593505859,46.52247191011236,-121.65583214241637,0.0,0.0,0.0,0.0,0.0,0.0,0.0	1541.012573242,46.52247191011236,-121.546415356658,0.0,0.0,0.0,0.0,0.0,0.0,0.0	1832.6953125,46.52247191011236,-121.43699857089965,0.0,0.0,0.0,0.0,0.0,0.0,0.0	2092.115966797,46.52247191011236,-121.32758178514129,0.0,0.0,0.0,0.0,0.0,0.0,0.0	2068.226074219,46.52247191011236,-121.21816499938292,0.0,0.0,0.0,0.0,0.0,0.0,0.0	1395.194335938,46.52247191011236,-121.10874821362457,0.0,0.0,0.0,0.0,0.0,0.0,0.0	1060.412109375,46.52247191011236,-120.9993314278662,0.0,0.0,0.0,0.0,0.0,0.0,0.0	680.612976074,46.52247191011236,-120.88991464210784,0.0,0.0,0.0,0.0,0.0,0.0,0.0
0.0,46.46067415730337,-124.60797304435376,0.0,0.0,0.0,0.0,0.0,0.0,0.0	0.0,46.46067415730337,-124.49868051233295,0.0,0.0,0.0,0.0,0.0,0.0,0.0	0.0,46.46067415730337,-124.38938798031214,0.0,0.0,0.0,0.0,0.0,0.0,0.0	0.0,46.46067415730337,-124.28009544829133,0.0,0.0,0.0,0.0,0.0,0.0,0.0	0.0,46.46067415730337,-124.17080291627052,0.0,0.0,0.0,0.0,0.0,0.0,0.0	1.828803539,46.46067415730337,-124.06151038424971,0.0,0.0,0.0,0.0,0.0,0.0,0.0	15.131195068,46.46067415730337,-123.9522178522289,0.0,0.0,0.0,0.0,0.0,0.0,0.0	147.077636719,46.46067415730337,-123.8429253202081,0.0,0.0,0.0,0.0,0.0,0.0,0.0	277.714996338,46.46067415730337,-123.73363278818728,0.0,0.0,0.0,0.0,0.0,0.0,0.0	174.450256348,46.46067415730337,-123.62434025616648,0.0,0.0,0.0,0.0,0.0,0.0,0.0	425.22857666,46.46067415730337,-123.51504772414567,0.0,0.0,0.0,0.0,0.0,0.0,0.0	398.175567627,46.46067415730337,-123.40575519212486,0.0,0.0,0.0,0.0,0.0,0.0,0.0	440.227783203,46.46067415730337,-123.29646266010405,0.0,0.0,0.0,0.0,0.0,0.0,0.0	376.217468262,46.46067415730337,-123.18717012808324,0.0,0.0,0.0,0.0,0.0,0.0,0.0	190.361160278,46.46067415730337,-123.07787759606244,0.0,0.0,0.0,0.0,0.0,0.0,0.0	125.784896851,46.46067415730337,-122.96858506404162,0.0,0.0,0.0,0.0,0.0,0.0,0.0	91.093284607,46.46067415730337,-122.85929253202082,0.0,0.0,0.0,0.0,0.0,0.0,0.0	55.800827026,46.46067415730337,-122.75,0.0,0.0,0.0,0.0,0.0,0.0,0.0	247.300033569,46.46067415730337,-122.6407074679792,0.0,0.0,0.0,0.0,0.0,0.0,0.0	322.288391113,46.46067415730337,-122.53141493595838,0.0,0.0,0.0,0.0,0.0,0.0,0.0	371.044891357,46.46067415730337,-122.42212240393758,0.0,0.0,0.0,0.0,0.0,0.0,0.0	740.268798828,46.46067415730337,-122.31282987191678,0.0,0.0,0.0,0.0,0.0,0.0,0.0	609.010864258,46.46067415730337,-122.20353733989596,0.0,0.0,0.0,0.0,0.0,0.0,0.0	417.994537354,46.46067415730337,-122.09424480787516,0.0,0.0,0.0,0.0,0.0,0.0,0.0	420.297607422,46.46067415730337,-121.98495227585434,0.0,0.0,0.0,0.0,0.0,0.0,0.0	488.879699707,46.46067415730337,-121.87565974383354,0.0,0.0,0.0,0.0,0.0,0.0,0.0	543.597045898,46.46067415730337,-121.76636721181272,0.0,0.0,0.0,0.0,0.0,0.0,0.0	1256.3203125,46.46067415730337,-121.65707467979192,0.0,0.0,0.0,0.0,0.0,0.0,0.0	1333.236450195,46.46067415730337,-121.5477821477711,0.0,0.0,0.0,0.0,0.0,0.0,0.0	1540.738891602,46.46067415730337,-121.4384896157503,0.0,0.0,0.0,0.0,0.0,0.0,0.0	1878.297241211,46.46067415730337,-121.3291970837295,0.0,0.0,0.0,0.0,0.0,0.0,0.0	1498.192138672,46.46067415730337,-121.21990455170868,0.0,0.0,0.0,0.0,0.0,0.0,0.0	1767.271606445,46.46067415730337,-121.11061201968788,0.0,0.0,0.0,0.0,0.0,0.0,0.0	1292.194580078,46.46067415730337,-121.00131948766706,0.0,0.0,0.0,0.0,0.0,0.0,0.0	611.007507324,46.46067415730337,-120.89202695564626,0.0,0.0,0.0,0.0,0.0,0.0,0.0
0.0,46.39887640449438,-124.60586767938472,0.0,0.0,0.0,0.0,0.0,0.0,0.0	0.0,46.39887640449438,-124.49669899236208,0.0,0.0,0.0,0.0,0.0,0.0,0.0	0.0,46.39887640449438,-124.38753030533945,0.0,0.0,0.0,0.0,0.0,0.0,0.0	0.0,46.39887640449438,-124.27836161831682,0.0,0.0,0.0,0.0,0.0,0.0,0.0	0.0,46.39887640449438,-124.16919293129419,0.0,0.0,0.0,0.0,0.0,0.0,0.0	6.060013294,46.39887640449438,-124.06002424427156,0.0,0.0,0.0,0.0,0.0,0.0,0.0	30.275241852,46.39887640449438,-123.95085555724894,0.0,0.0,0.0,0.0,0.0,0.0,0.0	1.167351961,46.39887640449438,-123.84168687022631,0.0,0.0,0.0,0.0,0.0,0.0,0.0	51.956531525,46.39887640449438,-123.73251818320368,0.0,0.0,0.0,0.0,0.0,0.0,0.0	205.293624878,46.39887640449438,-123.62334949618105,0.0,0.0,0.0,0.0,0.0,0.0,0.0	605.338745117,46.39887640449438,-123.51418080915842,0.0,0.0,0.0,0.0,0.0,0.0,0.0	653.721557617,46.39887640449438,-123.40501212213579,0.0,0.0,0.0,0.0,0.0,0.0,0.0	441.79586792,46.39887640449438,-123.29584343511316,0.0,0.0,0.0,0.0,0.0,0.0,0.0	361.979797363,46.39887640449438,-123.18667474809052,0.0,0.0,0.0,0.0,0.0,0.0,0.0	125.60093689,46.39887640449438,-123.0775060610679,0.0,0.0,0.0,0.0,0.0,0.0,0.0	41.793148041,46.39887640449438,-122.96833737404526,0.0,0.0,0.0,0.0,0.0,0.0,0.0	64.933654785,46.39887640449438,-122.85916868702263,0.0,0.0,0.0,0.0,0.0,0.0,0.0	78.748069763,46.39887640449438,-122.75,0.0,0.0,0.0,0.0,0.0,0.0,0.0	163.755706787,46.39887640449438,-122.64083131297738,0.0,0.0,0.0,0.0,0.0,0.0,0.0	426.233459473,46.39887640449438,-122.53166262595475,0.0,0.0,0.0,0.0,0.0,0.0,0.0	532.184875488,46.39887640449438,-122.42249393893212,0.0,0.0,0.0,0.0,0.0,0.0,0.0	495.631347656,46.39887640449438,-122.31332525190949,0.0,0.0,0.0,0.0,0.0,0.0,0.0	737.391418457,46.39887640449438,-122.20415656488686,0.0,0.0,0.0,0.0,0.0,0.0,0.0	1163.560791016,46.39887640449438,-122.09498787786423,0.0,0.0,0.0,0.0,0.0,0.0,0.0	636.598754883,46.39887640449438,-121.9858191908416,0.0,0.0,0.0,0.0,0.0,0.0,0.0	1512.25378418,46.39887640449438,-121.87665050381896,0.0,0.0,0.0,0.0,0.0,0.0,0.0	1094.908935547,46.39887640449438,-121.76748181679633,0.0,0.0,0.0,0.0,0.0,0.0,0.0	1304.896972656,46.39887640449438,-121.6583131297737,0.0,0.0,0.0,0.0,0.0,0.0,0.0	944.241394043,46.39887640449438,-121.54914444275107,0.0,0.0,0.0,0.0,0.0,0.0,0.0	1484.813964844,46.39887640449438,-121.43997575572845,0.0,0.0,0.0,0.0,0.0,0.0,0.0	1382.62097168,46.39887640449438,-121.33080706870582,0.0,0.0,0.0,0.0,0.0,0.0,0.0	1134.479370117,46.39887640449438,-121.22163838168319,0.0,0.0,0.0,0.0,0.0,0.0,0.0	1438.475219727,46.39887640449438,-121.11246969466056,0.0,0.0,0.0,0.0,0.0,0.0,0.0	1076.418823242,46.39887640449438,-121.00330100763793,0.0,0.0,0.0,0.0,0.0,0.0,0.0	582.209655762,46.39887640449438,-120.8941323206153,0.0,0.0,0.0,0.0,0.0,0.0,0.0
0.0,46.337078651685395,-124.60376923450029,0.0,0.0,0.0,0.0,0.0,0.0,0.0	0.0,46.337078651685395,-124.49472398541204,0.0,0.0,0.0,0.0,0.0,0.0,0.0	0.0,46.337078651685395,-124.38567873632378,0.0,0.0,0.0,0.0,0.0,0.0,0.0	0.0,46.337078651685395,-124.27663348723553,0.0,0.0,0.0,0.0,0.0,0.0,0.0	0.0,46.337078651685395,-124.16758823814729,0.0,0.0,0.0,0.0,0.0,0.0,0.0	6.037472725,46.337078651685395,-124.05854298905903,0.0,0.0,0.0,0.0,0.0,0.0,0.0	5.287693024,46.337078651685395,-123.94949773997078,0.0,0.0,0.0,0.0,0.0,0.0,0.0	71.517539978,46.337078651685395,-123.84045249088253,0.0,0.0,0.0,0.0,0.0,0.0,0.0	150.150512695,46.337078651685395,-123.73140724179427,0.0,0.0,0.0,0.0,0.0,0.0,0.0	3.476158381,46.337078651685395,-123.62236199270602,0.0,0.0,0.0,0.0,0.0,0.0,0.0	238.828765869,46.337078651685395,-123.51331674361776,9.410731885380542,1691.9633333333334,700.247,2.416237889392362,4.6036669759266005,83.99421866581811,74.22230924246588	209.093185425,46.337078651685395,-123.40427149452951,0.0,0.0,0.0,0.0,0.0,0.0,0.0	260.41418457,46.337078651685395,-123.29522624544127,0.0,0.0,0.0,0.0,0.0,0.0,0.0	709.479736328,46.337078651685395,-123.18618099635302,0.0,0.0,0.0,0.0,0.0,0.0,0.0	509.840515137,46.337078651685395,-123.07713574726476,0.0,0.0,0.0,0.0,0.0,0.0,0.0	334.650543213,46.337078651685395,-122.96809049817651,0.0,0.0,0.0,0.0,0.0,0.0,0.0	65.018783569,46.337078651685395,-122.85904524908825,0.0,0.0,0.0,0.0,0.0,0.0,0.0	236.59223938,46.337078651685395,-122.75,0.0,0.0,0.0,0.0,0.0,0.0,0.0	311.037780762,46.337078651685395,-122.64095475091175,0.0,0.0,0.0,0.0,0.0,0.0,0.0	298.475219727,46.337078651685395,-122.5319095018235,0.0,0.0,0.0,0.0,0.0,0.0,0.0	737.883972168,46.337078651685395,-122.42286425273525,0.0,0.0,0.0,0.0,0.0,0.0,0.0	1084.814208984,46.337078651685395,-122.313819003647,0.0,0.0,0.0,0.0,0.0,0.0,0.0	1300.610473633,46.337078651685395,-122.20477375455874,0.0,0.0,0.0,0.0,0.0,0.0,0.0	1370.643310547,46.337078651685395,-122.09572850547049,0.0,0.0,0.0,0.0,0.0,0.0,0.0	996.298095703,46.337078651685395,-121.98668325638224,0.0,0.0,0.0,0.0,0.0,0.0,0.0	985.757629395,46.337078651685395,-121.87763800729398,0.0,0.0,0.0,0.0,0.0,0.0,0.0	1369.213500977,46.337078651685395,-121.76859275820573,0.0,0.0,0.0,0.0,0.0,0.0,0.0	759.779785156,46.337078651685395,-121.65954750911749,0.0,0.0,0.0,0.0,0.0,0.0,0.0	1257.61328125,46.337078651685395,-121.55050226002923,0.0,0.0,0.0,0.0,0.0,0.0,0.0	1339.291748047,46.337078651685395,-121.44145701094098,0.0,0.0,0.0,0.0,0.0,0.0,0.0	1410.486450195,46.337078651685395,-121.33241176185273,0.0,0.0,0.0,0.0,0.0,0.0,0.0	1026.442382812,46.337078651685395,-121.22336651276447,0.0,0.0,0.0,0.0,0.0,0.0,0.0	1504.314208984,46.337078651685395,-121.11432126367622,0.0,0.0,0.0,0.0,0.0,0.0,0.0	1135.089233398,46.337078651685395,-121.00527601458796,0.0,0.0,0.0,0.0,0.0,0.0,0.0	575.476135254,46.337078651685395,-120.89623076549972,0.0,0.0,0.0,0.0,0.0,0.0,0.0
0.0,46.2752808988764,-124.60167768137912,0.0,0.0,0.0,0.0,0.0,0.0,0.0	0.0,46.2752808988764,-124.4927554648274,0.0,0.0,0.0,0.0,0.0,0.0,0.0	0.0,46.2752808988764,-124.38383324827569,0.0,0.0,0.0,0.0,0.0,0.0,0.0	0.0,46.2752808988764,-124.27491103172397,0.0,0.0,0.0,0.0,0.0,0.0,0.0	0.0,46.2752808988764,-124.16598881517227,0.0,0.0,0.0,0.0,0.0,0.0,0.0	0.286928207,46.2752808988764,-124.05706659862055,0.0,0.0,0.0,0.0,0.0,0.0,0.0	4.064898014,46.2752808988764,-123.94814438206883,0.0,0.0,0.0,0.0,0.0,0.0,0.0	136.616622925,46.2752808988764,-123.83922216551713,0.0,0.0,0.0,0.0,0.0,0.0,0.0	0.322386652,46.2752808988764,-123.73029994896541,0.0,0.0,0.0,0.0,0.0,0.0,0.0	227.523330688,46.2752808988764,-123.6213777324137,0.0,0.0,0.0,0.0,0.0,0.0,0.0	113.625801086,46.2752808988764,-123.51245551586199,0.0,0.0,0.0,0.0,0.0,0.0,0.0	148.934555054,46.2752808988764,-123.40353329931027,0.0,0.0,0.0,0.0,0.0,0.0,0.0	210.441955566,46.2752808988764,-123.29461108275856,0.0,0.0,0.0,0.0,0.0,0.0,0.0	178.191513062,46.2752808988764,-123.18568886620685,0.0,0.0,0.0,0.0,0.0,0.0,0.0	549.736572266,46.2752808988764,-123.07676664965514,0.0,0.0,0.0,0.0,0.0,0.0,0.0	56.749252319,46.2752808988764,-122.96784443310342,0.0,0.0,0.0,0.0,0.0,0.0,0.0	247.784561157,46.2752808988764,-122.8589222165517,0.0,0.0,0.0,0.0,0.0,0.0,0.0	297.037963867,46.2752808988764,-122.75,0.0,0.0,0.0,0.0,0.0,0.0,0.0	232.948028564,46.2752808988764,-122.64107778344828,0.0,0.0,0.0,0.0,0.0,0.0,0.0	617.555053711,46.2752808988764,-122.53215556689658,0.0,0.0,0.0,0.0,0.0,0.0,0.0	905.914367676,46.2752808988764,-122.42323335034486,0.0,0.0,0.0,0.0,0.0,0.0,0.0	633.691894531,46.2752808988764,-122.31431113379314,0.0,0.0,0.0,0.0,0.0,0.0,0.0	1159.516479492,46.2752808988764,-122.20538891724144,0.0,0.0,0.0,0.0,0.0,0.0,0.0	1230.112426758,46.2752808988764,-122.09646670068972,0.0,0.0,0.0,0.0,0.0,0.0,0.0	1240.640136719,46.2752808988764,-121.98754448413801,0.0,0.0,0.0,0.0,0.0,0.0,0.0	1409.702880859,46.2752808988764,-121.8786222675863,0.0,0.0,0.0,0.0,0.0,0.0,0.0	1570.383422852,46.2752808988764,-121.76970005103459,0.0,0.0,0.0,0.0,0.0,0.0,0.0	1205.545410156,46.2752808988764,-121.66077783448287,0.0,0.0,0.0,0.0,0.0,0.0,0.0	1523.260009766,46.2752808988764,-121.55185561793115,0.0,0.0,0.0,0.0,0.0,0.0,0.0	1627.3203125,46.2752808988764,-121.44293340137945,0.0,0.0,0.0,0.0,0.0,0.0,0.0	968.952575684,46.2752808988764,-121.33401118482773,0.0,0.0,0.0,0.0,0.0,0.0,0.0	1082.298583984,46.2752808988764,-121.22508896827603,0.0,0.0,0.0,0.0,0.0,0.0,0.0	1379.789428711,46.2752808988764,-121.11616675172431,0.0,0.0,0.0,0.0,0.0,0.0,0.0	1039.159912109,46.2752808988764,-121.00724453517259,0.0,0.0,0.0,0.0,0.0,0.0,0.0	848.101379395,46.2752808988764,-120.89832231862088,0.0,0.0,0.0,0.0,0.0,0.0,0.0
0.0,46.21348314606742,-124.59959299186207,0.0,0.0,0.0,0.0,0.0,0.0,0.0	0.0,46.21348314606742,-124.49079340410547,0.0,0.0,0.0,0.0,0.0,0.0,0.0	0.0,46.21348314606742,-124.38199381634888,0.0,0.0,0.0,0.0,0.0,0.0,0.0	0.0,46.21348314606742,-124.27319422859229,0.0,0.0,0.0,0.0,0.0,0.0,0.0	0.0,46.21348314606742,-124.1643946408357,0.0,0.0,0.0,0.0,0.0,0.0,0.0	0.0,46.21348314606742,-124.0555950530791,0.0,0.0,0.0,0.0,0.0,0.0,0.0	0.602655172,46.21348314606742,-123.94679546532251,0.0,0.0,0.0,0.0,0.0,0.0,0.0	0.517596841,46.21348314606742,-123.83799587756592,0.0,0.0,0.0,0.0,0.0,0.0,0.0	0.321542621,46.21348314606742,-123.72919628980932,0.0,0.0,0.0,0.0,0.0,0.0,0.0	1.332186937,46.21348314606742,-123.62039670205273,0.0,0.0,0.0,0.0,0.0,0.0,0.0	30.059429169,46.21348314606742,-123.51159711429614,0.0,0.0,0.0,0.0,0.0,0.0,0.0	2.685739756,46.21348314606742,-123.40279752653954,0.0,0.0,0.0,0.0,0.0,0.0,0.0	132.147644043,46.21348314606742,-123.29399793878295,0.0,0.0,0.0,0.0,0.0,0.0,0.0	192.902404785,46.21348314606742,-123.18519835102636,0.0,0.0,0.0,0.0,0.0,0.0,0.0	266.360870361,46.21348314606742,-123.07639876326976,0.0,0.0,0.0,0.0,0.0,0.0,0.0	167.165863037,46.21348314606742,-122.96759917551319,0.0,0.0,0.0,0.0,0.0,0.0,0.0	204.111068726,46.21348314606742,-122.8587995877566,0.0,0.0,0.0,0.0,0.0,0.0,0.0	553.112243652,46.21348314606742,-122.75,0.0,0.0,0.0,0.0,0.0,0.0,0.0	582.317932129,46.21348314606742,-122.6412004122434,0.0,0.0,0.0,0.0,0.0,0.0,0.0	634.399536133,46.21348314606742,-122.53240082448681,0.0,0.0,0.0,0.0,0.0,0.0,0.0	668.089172363,46.21348314606742,-122.42360123673022,0.0,0.0,0.0,0.0,0.0,0.0,0.0	777.674743652,46.21348314606742,-122.31480164897363,0.0,0.0,0.0,0.0,0.0,0.0,0.0	1809.943969727,46.21348314606742,-122.20600206121703,0.0,0.0,0.0,0.0,0.0,0.0,0.0	749.740966797,46.21348314606742,-122.09720247346044,0.0,0.0,0.0,0.0,0.0,0.0,0.0	1082.218994141,46.21348314606742,-121.98840288570385,0.0,0.0,0.0,0.0,0.0,0.0,0.0	1141.880981445,46.21348314606742,-121.87960329794726,0.0,0.0,0.0,0.0,0.0,0.0,0.0	1141.323852539,46.21348314606742,-121.77080371019066,0.0,0.0,0.0,0.0,0.0,0.0,0.0	882.130004883,46.21348314606742,-121.66200412243407,0.0,0.0,0.0,0.0,0.0,0.0,0.0	1969.179931641,46.21348314606742,-121.55320453467748,0.0,0.0,0.0,0.0,0.0,0.0,0.0	2175.562255859,46.21348314606742,-121.44440494692088,0.0,0.0,0.0,0.0,0.0,0.0,0.0	1319.224121094,46.21348314606742,-121.33560535916429,0.0,0.0,0.0,0.0,0.0,0.0,0.0	927.042602539,46.21348314606742,-121.2268057714077,0.0,0.0,0.0,0.0,0.0,0.0,0.0	1182.435180664,46.21348314606742,-121.1180061836511,0.0,0.0,0.0,0.0,0.0,0.0,0.0	1026.717895508,46.21348314606742,-121.00920659589451,0.0,0.0,0.0,0.0,0.0,0.0,0.0	1112.73059082,46.21348314606742,-120.90040700813792,0.0,0.0,0.0,0.0,0.0,0.0,0.0
0.0,46.151685393258425,-124.59751513795112,0.0,0.0,0.0,0.0,0.0,0.0,0.0	0.0,46.151685393258425,-124.48883777689517,0.0,0.0,0.0,0.0,0.0,0.0,0.0	0.0,46.151685393258425,-124.38016041583923,0.0,0.0,0.0,0.0,0.0,0.0,0.0	0.0,46.151685393258425,-124.27148305478327,0.0,0.0,0.0,0.0,0.0,0.0,0.0	0.0,46.151685393258425,-124.16280569372732,0.0,0.0,0.0,0.0,0.0,0.0,0.0	0.0,46.151685393258425,-124.05412833267138,0.0,0.0,0.0,0.0,0.0,0.0,0.0	6.939356804,46.151685393258425,-123.94545097161543,0.0,0.0,0.0,0.0,0.0,0.0,0.0	1.919490814,46.151685393258425,-123.83677361055948,0.0,0.0,0.0,0.0,0.0,0.0,0.0	28.420951843,46.151685393258425,-123.72809624950354,0.0,0.0,0.0,0.0,0.0,0.0,0.0	64.066947937,46.151685393258425,-123.61941888844758,0.0,0.0,0.0,0.0,0.0,0.0,0.0	227.32699585,46.151685393258425,-123.51074152739163,0.0,0.0,0.0,0.0,0.0,0.0,0.0	5.47908783,46.151685393258425,-123.40206416633569,0.0,0.0,0.0,0.0,0.0,0.0,0.0	1.37769866,46.151685393258425,-123.29338680527974,0.0,0.0,0.0,0.0,0.0,0.0,0.0	0.819999993,46.151685393258425,-123.18470944422378,0.0,0.0,0.0,0.0,0.0,0.0,0.0	112.656433105,46.151685393258425,-123.07603208316785,0.0,0.0,0.0,0.0,0.0,0.0,0.0	2.487010241,46.151685393258425,-122.96735472211189,0.0,0.0,0.0,0.0,0.0,0.0,0.0	162.572097778,46.151685393258425,-122.85867736105594,0.0,0.0,0.0,0.0,0.0,0.0,0.0	367.406097412,46.151685393258425,-122.75,0.0,0.0,0.0,0.0,0.0,0.0,0.0	358.453063965,46.151685393258425,-122.64132263894405,0.0,0.0,0.0,0.0,0.0,0.0,0.0	338.863098145,46.151685393258425,-122.5326452778881,0.0,0.0,0.0,0.0,0.0,0.0,0.0	709.468933105,46.151685393258425,-122.42396791683215,0.0,0.0,0.0,0.0,0.0,0.0,0.0	771.96875,46.151685393258425,-122.3152905557762,0.0,0.0,0.0,0.0,0.0,0.0,0.0	1060.479492188,46.151685393258425,-122.20661319472025,0.0,0.0,0.0,0.0,0.0,0.0,0.0	873.190795898,46.151685393258425,-122.09793583366431,0.0,0.0,0.0,0.0,0.0,0.0,0.0	679.729553223,46.151685393258425,-121.98925847260836,0.0,0.0,0.0,0.0,0.0,0.0,0.0	529.08001709,46.151685393258425,-121.8805811115524,0.0,0.0,0.0,0.0,0.0,0.0,0.0	1207.851806641,46.151685393258425,-121.77190375049646,0.0,0.0,0.0,0.0,0.0,0.0,0.0	1253.419921875,46.151685393258425,-121.66322638944051,0.0,0.0,0.0,0.0,0.0,0.0,0.0	1332.040039062,46.151685393258425,-121.55454902838456,0.0,0.0,0.0,0.0,0.0,0.0,0.0	1889.861694336,46.151685393258425,-121.44587166732862,0.0,0.0,0.0,0.0,0.0,0.0,0.0	1172.598510742,46.151685393258425,-121.33719430627266,0.0,0.0,0.0,0.0,0.0,0.0,0.0	981.431640625,46.151685393258425,-121.22851694521671,0.0,0.0,0.0,0.0,0.0,0.0,0.0	855.005859375,46.151685393258425,-121.11983958416076,0.0,0.0,0.0,0.0,0.0,0.0,0.0	896.670043945,46.151685393258425,-121.01116222310482,0.0,0.0,0.0,0.0,0.0,0.0,0.0	1061.184692383,46.151685393258425,-120.90248486204887,0.0,0.0,0.0,0.0,0.0,0.0,0.0
0.0,46.08988764044944,-124.59544409180822,0.0,0.0,0.0,0.0,0.0,0.0,0.0	0.0,46.08988764044944,-124.48688855699596,0.0,0.0,0.0,0.0,0.0,0.0,0.0	0.0,46.08988764044944,-124.37833302218372,0.0,0.0,0.0,0.0,0.0,0.0,0.0	0.0,46.08988764044944,-124.26977748737147,0.0,0.0,0.0,0.0,0.0,0.0,0.0	0.0,46.08988764044944,-124.16122195255923,0.0,0.0,0.0,0.0,0.0,0.0,0.0	0.0,46.08988764044944,-124.05266641774698,0.0,0.0,0.0,0.0,0.0,0.0,0.0	0.0,46.08988764044944,-123.94411088293472,0.0,0.0,0.0,0.0,0.0,0.0,0.0	21.554504395,46.08988764044944,-123.83555534812248,0.0,0.0,0.0,0.0,0.0,0.0,0.0	40.220531464,46.08988764044944,-123.72699981331023,0.0,0.0,0.0,0.0,0.0,0.0,0.0	411.628204346,46.08988764044944,-123.61844427849799,0.0,0.0,0.0,0.0,0.0,0.0,0.0	247.347869873,46.08988764044944,-123.50988874368574,0.0,0.0,0.0,0.0,0.0,0.0,0.0	448.823913574,46.08988764044944,-123.40133320887348,0.0,0.0,0.0,0.0,0.0,0.0,0.0	369.571502686,46.08988764044944,-123.29277767406124,0.0,0.0,0.0,0.0,0.0,0.0,0.0	80.825515747,46.08988764044944,-123.18422213924899,0.0,0.0,0.0,0.0,0.0,0.0,0.0	205.753890991,46.08988764044944,-123.07566660443675,0.0,0.0,0.0,0.0,0.0,0.0,0.0	140.042663574,46.08988764044944,-122.9671110696245,0.0,0.0,0.0,0.0,0.0,0.0,0.0	103.930809021,46.08988764044944,-122.85855553481224,0.0,0.0,0.0,0.0,0.0,0.0,0.0	312.724761963,46.08988764044944,-122.75,0.0,0.0,0.0,0.0,0.0,0.0,0.0	409.706054688,46.08988764044944,-122.64144446518775,0.0,0.0,0.0,0.0,0.0,0.0,0.0	589.063476562,46.08988764044944,-122.53288893037549,0.0,0.0,0.0,0.0,0.0,0.0,0.0	361.612945557,46.08988764044944,-122.42433339556325,0.0,0.0,0.0,0.0,0.0,0.0,0.0	512.251708984,46.08988764044944,-122.315777860751,0.0,0.0,0.0,0.0,0.0,0.0,0.0	428.524749756,46.08988764044944,-122.20722232593876,0.0,0.0,0.0,0.0,0.0,0.0,0.0	719.724304199,46.08988764044944,-122.0986667911265,0.0,0.0,0.0,0.0,0.0,0.0,0.0	452.628723145,46.08988764044944,-121.99011125631425,0.0,0.0,0.0,0.0,0.0,0.0,0.0	929.552368164,46.08988764044944,-121.88155572150201,0.0,0.0,0.0,0.0,0.0,0.0,0.0	1281.969970703,46.08988764044944,-121.77300018668976,0.0,0.0,0.0,0.0,0.0,0.0,0.0	1190.017333984,46.08988764044944,-121.66444465187752,0.0,0.0,0.0,0.0,0.0,0.0,0.0	993.110046387,46.08988764044944,-121.55588911706526,0.0,0.0,0.0,0.0,0.0,0.0,0.0	1186.445800781,46.08988764044944,-121.44733358225301,0.0,0.0,0.0,0.0,0.0,0.0,0.0	891.169799805,46.08988764044944,-121.33877804744077,0.0,0.0,0.0,0.0,0.0,0.0,0.0	677.389343262,46.08988764044944,-121.23022251262852,0.0,0.0,0.0,0.0,0.0,0.0,0.0	770.051757812,46.08988764044944,-121.12166697781628,0.0,0.0,0.0,0.0,0.0,0.0,0.0	884.98638916,46.08988764044944,-121.01311144300402,0.0,0.0,0.0,0.0,0.0,0.0,0.0	1274.661254883,46.08988764044944,-120.90455590819177,0.0,0.0,0.0,0.0,0.0,0.0,0.0
0.0,46.02808988764045,-124.59337982575416,0.0,0.0,0.0,0.0,0.0,0.0,0.0	0.0,46.02808988764045,-124.48494571835685,0.0,0.0,0.0,0.0,0.0,0.0,0.0	0.0,46.02808988764045,-124.37651161095955,0.0,0.0,0.0,0.0,0.0,0.0,0.0	0.0,46.02808988764045,-124.26807750356224,0.0,0.0,0.0,0.0,0.0,0.0,0.0	0.0,46.02808988764045,-124.15964339616494,0.0,0.0,0.0,0.0,0.0,0.0,0.0	0.0,46.02808988764045,-124.05120928876764,0.0,0.0,0.0,0.0,0.0,0.0,0.0	0.0,46.02808988764045,-123.94277518137034,0.0,0.0,0.0,0.0,0.0,0.0,0.0	182.830764771,46.02808988764045,-123.83434107397304,0.0,0.0,0.0,0.0,0.0,0.0,0.0	464.38067627,46.02808988764045,-123.72590696657574,0.0,0.0,0.0,0.0,0.0,0.0,0.0	391.321380615,46.02808988764045,-123.61747285917842,0.0,0.0,0.0,0.0,0.0,0.0,0.0	386.74911499,46.02808988764045,-123.50903875178112,0.0,0.0,0.0,0.0,0.0,0.0,0.0	224.498260498,46.02808988764045,-123.40060464438382,0.0,0.0,0.0,0.0,0.0,0.0,0.0	312.786987305,46.02808988764045,-123.29217053698652,0.0,0.0,0.0,0.0,0.0,0.0,0.0	447.322753906,46.02808988764045,-123.18373642958922,0.0,0.0,0.0,0.0,0.0,0.0,0.0	262.485229492,46.02808988764045,-123.07530232219192,0.0,0.0,0.0,0.0,0.0,0.0,0.0	321.38269043,46.02808988764045,-122.9668682147946,0.0,0.0,0.0,0.0,0.0,0.0,0.0	4.864190578,46.02808988764045,-122.8584341073973,0.0,0.0,0.0,0.0,0.0,0.0,0.0	205.048187256,46.02808988764045,-122.75,0.0,0.0,0.0,0.0,0.0,0.0,0.0	223.937088013,46.02808988764045,-122.6415658926027,0.0,0.0,0.0,0.0,0.0,0.0,0.0	564.201843262,46.02808988764045,-122.5331317852054,0.0,0.0,0.0,0.0,0.0,0.0,0.0	818.114624023,46.02808988764045,-122.42469767780808,0.0,0.0,0.0,0.0,0.0,0.0,0.0	152.641433716,46.02808988764045,-122.31626357041078,0.0,0.0,0.0,0.0,0.0,0.0,0.0	974.087463379,46.02808988764045,-122.20782946301348,0.0,0.0,0.0,0.0,0.0,0.0,0.0	478.746307373,46.02808988764045,-122.09939535561618,0.0,0.0,0.0,0.0,0.0,0.0,0.0	834.79296875,46.02808988764045,-121.99096124821888,0.0,0.0,0.0,0.0,0.0,0.0,0.0	923.069946289,46.02808988764045,-121.88252714082158,0.0,0.0,0.0,0.0,0.0,0.0,0.0	1560.908691406,46.02808988764045,-121.77409303342426,0.0,0.0,0.0,0.0,0.0,0.0,0.0	1090.560058594,46.02808988764045,-121.66565892602696,0.0,0.0,0.0,0.0,0.0,0.0,0.0	678.914367676,46.02808988764045,-121.55722481862966,0.0,0.0,0.0,0.0,0.0,0.0,0.0	927.119628906,46.02808988764045,-121.44879071123236,0.0,0.0,0.0,0.0,0.0,0.0,0.0	637.733154297,46.02808988764045,-121.34035660383506,0.0,0.0,0.0,0.0,0.0,0.0,0.0	560.719360352,46.02808988764045,-121.23192249643775,0.0,0.0,0.0,0.0,0.0,0.0,0.0	695.950927734,46.02808988764045,-121.12348838904045,0.0,0.0,0.0,0.0,0.0,0.0,0.0	866.594787598,46.02808988764045,-121.01505428164315,0.0,0.0,0.0,0.0,0.0,0.0,0.0	1258.957397461,46.02808988764045,-120.90662017424584,0.0,0.0,0.0,0.0,0.0,0.0,0.0
0.0,45.96629213483146,-124.59132231226747,0.0,0.0,0.0,0.0,0.0,0.0,0.0	0.0,45.96629213483146,-124.48300923507526,0.0,0.0,0.0,0.0,0.0,0.0,0.0	0.0,45.96629213483146,-124.37469615788305,0.0,0.0,0.0,0.0,0.0,0.0,0.0	0.0,45.96629213483146,-124.26638308069086,0.0,0.0,0.0,0.0,0.0,0.0,0.0	0.0,45.96629213483146,-124.15807000349865,0.0,0.0,0.0,0.0,0.0,0.0,0.0	0.0,45.96629213483146,-124.04975692630644,0.0,0.0,0.0,0.0,0.0,0.0,0.0	22.556686401,45.96629213483146,-123.94144384911424,0.0,0.0,0.0,0.0,0.0,0.0,0.0	307.245513916,45.96629213483146,-123.83313077192204,0.0,0.0,0.0,0.0,0.0,0.0,0.0	422.338500977,45.96629213483146,-123.72481769472984,0.0,0.0,0.0,0.0,0.0,0.0,0.0	402.532836914,45.96629213483146,-123.61650461753763,0.0,0.0,0.0,0.0,0.0,0.0,0.0	271.620269775,45.96629213483146,-123.50819154034542,0.0,0.0,0.0,0.0,0.0,0.0,0.0	234.890045166,45.96629213483146,-123.39987846315323,0.0,0.0,0.0,0.0,0.0,0.0,0.0	300.678161621,45.96629213483146,-123.29156538596102,0.0,0.0,0.0,0.0,0.0,0.0,0.0	191.989471436,45.96629213483146,-123.18325230876881,0.0,0.0,0.0,0.0,0.0,0.0,0.0	316.254119873,45.96629213483146,-123.07493923157661,0.0,0.0,0.0,0.0,0.0,0.0,0.0	128.804504395,45.96629213483146,-122.96662615438441,0.0,0.0,0.0,0.0,0.0,0.0,0.0	3.27426815,45.96629213483146,-122.85831307719221,0.0,0.0,0.0,0.0,0.0,0.0,0.0	450.321258545,45.96629213483146,-122.75,0.0,0.0,0.0,0.0,0.0,0.0,0.0	248.458007812,45.96629213483146,-122.64168692280779,0.0,0.0,0.0,0.0,0.0,0.0,0.0	240.198913574,45.96629213483146,-122.53337384561559,0.0,0.0,0.0,0.0,0.0,0.0,0.0	109.041923523,45.96629213483146,-122.42506076842339,0.0,0.0,0.0,0.0,0.0,0.0,0.0	209.720489502,45.96629213483146,-122.31674769123119,0.0,0.0,0.0,0.0,0.0,0.0,0.0	714.850402832,45.96629213483146,-122.20843461403898,0.0,0.0,0.0,0.0,0.0,0.0,0.0	619.209655762,45.96629213483146,-122.10012153684677,0.0,0.0,0.0,0.0,0.0,0.0,0.0	942.176696777,45.96629213483146,-121.99180845965458,0.0,0.0,0.0,0.0,0.0,0.0,0.0	982.959289551,45.96629213483146,-121.88349538246237,0.0,0.0,0.0,0.0,0.0,0.0,0.0	1240.807617188,45.96629213483146,-121.77518230527016,0.0,0.0,0.0,0.0,0.0,0.0,0.0	921.200012207,45.96629213483146,-121.66686922807796,0.0,0.0,0.0,0.0,0.0,0.0,0.0	695.621520996,45.96629213483146,-121.55855615088576,0.0,0.0,0.0,0.0,0.0,0.0,0.0	715.87121582,45.96629213483146,-121.45024307369356,0.0,0.0,0.0,0.0,0.0,0.0,0.0	557.234985352,45.96629213483146,-121.34192999650135,0.0,0.0,0.0,0.0,0.0,0.0,0.0	821.908508301,45.96629213483146,-121.23361691930914,0.0,0.0,0.0,0.0,0.0,0.0,0.0	661.534240723,45.96629213483146,-121.12530384211694,0.0,0.0,0.0,0.0,0.0,0.0,0.0	746.247741699,45.96629213483146,-121.01699076492474,0.0,0.0,0.0,0.0,0.0,0.0,0.0	895.709899902,45.96629213483146,-120.90867768773253,0.0,0.0,0.0,0.0,0.0,0.0,0.0
0.0,45.90449438202247,-124.58927152398333,0.0,0.0,0.0,0.0,0.0,0.0,0.0	0.0,45.90449438202247,-124.48107908139608,0.0,0.0,0.0,0.0,0.0,0.0,0.0	0.0,45.90449438202247,-124.37288663880882,0.0,0.0,0.0,0.0,0.0,0.0,0.0	0.0,45.90449438202247,-124.26469419622157,0.0,0.0,0.0,0.0,0.0,0.0,0.0	0.0,45.90449438202247,-124.15650175363432,0.0,0.0,0.0,0.0,0.0,0.0,0.0	0.0,45.90449438202247,-124.04830931104705,0.0,0.0,0.0,0.0,0.0,0.0,0.0	178.888015747,45.90449438202247,-123.9401168684598,0.0,0.0,0.0,0.0,0.0,0.0,0.0	109.634284973,45.90449438202247,-123.83192442587254,0.0,0.0,0.0,0.0,0.0,0.0,0.0	343.146087646,45.90449438202247,-123.72373198328529,0.0,0.0,0.0,0.0,0.0,0.0,0.0	182.059280396,45.90449438202247,-123.61553954069804,0.0,0.0,0.0,0.0,0.0,0.0,0.0	196.170959473,45.90449438202247,-123.50734709811078,0.0,0.0,0.0,0.0,0.0,0.0,0.0	352.816864014,45.90449438202247,-123.39915465552353,0.0,0.0,0.0,0.0,0.0,0.0,0.0	290.741607666,45.90449438202247,-123.29096221293628,0.0,0.0,0.0,0.0,0.0,0.0,0.0	278.19543457,45.90449438202247,-123.18276977034901,0.0,0.0,0.0,0.0,0.0,0.0,0.0	448.646209717,45.90449438202247,-123.07457732776176,0.0,0.0,0.0,0.0,0.0,0.0,0.0	281.901184082,45.90449438202247,-122.9663848851745,0.0,0.0,0.0,0.0,0.0,0.0,0.0	179.508804321,45.90449438202247,-122.85819244258725,0.0,0.0,0.0,0.0,0.0,0.0,0.0	8.624245644,45.90449438202247,-122.75,0.0,0.0,0.0,0.0,0.0,0.0,0.0	219.559860229,45.90449438202247,-122.64180755741275,0.0,0.0,0.0,0.0,0.0,0.0,0.0	262.462921143,45.90449438202247,-122.5336151148255,0.0,0.0,0.0,0.0,0.0,0.0,0.0	175.836044312,45.90449438202247,-122.42542267223823,0.0,0.0,0.0,0.0,0.0,0.0,0.0	543.430664062,45.90449438202247,-122.31723022965097,0.0,0.0,0.0,0.0,0.0,0.0,0.0	686.719970703,45.90449438202247,-122.20903778706372,0.0,0.0,0.0,0.0,0.0,0.0,0.0	907.809997559,45.90449438202247,-122.10084534447647,0.0,0.0,0.0,0.0,0.0,0.0,0.0	1041.189941406,45.90449438202247,-121.99265290188922,0.0,0.0,0.0,0.0,0.0,0.0,0.0	800.812255859,45.90449438202247,-121.88446045930196,0.0,0.0,0.0,0.0,0.0,0.0,0.0	1071.612548828,45.90449438202247,-121.77626801671471,0.0,0.0,0.0,0.0,0.0,0.0,0.0	862.280456543,45.90449438202247,-121.66807557412746,0.0,0.0,0.0,0.0,0.0,0.0,0.0	857.684814453,45.90449438202247,-121.5598831315402,0.0,0.0,0.0,0.0,0.0,0.0,0.0	784.604064941,45.90449438202247,-121.45169068895294,0.0,0.0,0.0,0.0,0.0,0.0,0.0	720.188415527,45.90449438202247,-121.34349824636568,0.0,0.0,0.0,0.0,0.0,0.0,0.0	733.897033691,45.90449438202247,-121.23530580377843,0.0,0.0,0.0,0.0,0.0,0.0,0.0	459.243713379,45.90449438202247,-121.12711336119118,0.0,0.0,0.0,0.0,0.0,0.0,0.0	601.148498535,45.90449438202247,-121.01892091860392,0.0,0.0,0.0,0.0,0.0,0.0,0.0	685.43737793,45.90449438202247,-120.91072847601667,0.0,0.0,0.0,0.0,0.0,0.0,0.0
0.0,45.842696629213485,-124.58722743369248,0.0,0.0,0.0,0.0,0.0,0.0,0.0	0.0,45.842696629213485,-124.47915523171056,0.0,0.0,0.0,0.0,0.0,0.0,0.0	0.0,45.842696629213485,-124.37108302972865,0.0,0.0,0.0,0.0,0.0,0.0,0.0	0.0,45.842696629213485,-124.26301082774674,0.0,0.0,0.0,0.0,0.0,0.0,0.0	0.0,45.842696629213485,-124.15493862576483,0.0,0.0,0.0,0.0,0.0,0.0,0.0	0.0,45.842696629213485,-124.04686642378293,0.0,0.0,0.0,0.0,0.0,0.0,0.0	262.424743652,45.842696629213485,-123.93879422180102,0.0,0.0,0.0,0.0,0.0,0.0,0.0	378.043121338,45.842696629213485,-123.8307220198191,0.0,0.0,0.0,0.0,0.0,0.0,0.0	353.035339355,45.842696629213485,-123.7226498178372,0.0,0.0,0.0,0.0,0.0,0.0,0.0	240.089889526,45.842696629213485,-123.61457761585528,0.0,0.0,0.0,0.0,0.0,0.0,0.0	384.681152344,45.842696629213485,-123.50650541387337,0.0,0.0,0.0,0.0,0.0,0.0,0.0	506.113952637,45.842696629213485,-123.39843321189146,0.0,0.0,0.0,0.0,0.0,0.0,0.0	350.34942627,45.842696629213485,-123.29036100990955,0.0,0.0,0.0,0.0,0.0,0.0,0.0	222.681381226,45.842696629213485,-123.18228880792763,0.0,0.0,0.0,0.0,0.0,0.0,0.0	342.158813477,45.842696629213485,-123.07421660594574,0.0,0.0,0.0,0.0,0.0,0.0,0.0	238.86328125,45.842696629213485,-122.96614440396382,0.0,0.0,0.0,0.0,0.0,0.0,0.0	37.009944916,45.842696629213485,-122.85807220198191,0.0,0.0,0.0,0.0,0.0,0.0,0.0	2.356400013,45.842696629213485,-122.75,0.0,0.0,0.0,0.0,0.0,0.0,0.0	32.384117126,45.842696629213485,-122.64192779801809,0.0,0.0,0.0,0.0,0.0,0.0,0.0	130.205932617,45.842696629213485,-122.53385559603618,0.0,0.0,0.0,0.0,0.0,0.0,0.0	224.303192139,45.842696629213485,-122.42578339405426,0.0,0.0,0.0,0.0,0.0,0.0,0.0	603.159179688,45.842696629213485,-122.31771119207235,0.0,0.0,0.0,0.0,0.0,0.0,0.0	732.430175781,45.842696629213485,-122.20963899009044,0.0,0.0,0.0,0.0,0.0,0.0,0.0	1064.541870117,45.842696629213485,-122.10156678810853,0.0,0.0,0.0,0.0,0.0,0.0,0.0	699.727539062,45.842696629213485,-121.99349458612663,0.0,0.0,0.0,0.0,0.0,0.0,0.0	417.720153809,45.842696629213485,-121.88542238414472,0.0,0.0,0.0,0.0,0.0,0.0,0.0	1127.147949219,45.842696629213485,-121.7773501821628,0.0,0.0,0.0,0.0,0.0,0.0,0.0	524.397155762,45.842696629213485,-121.6692779801809,0.0,0.0,0.0,0.0,0.0,0.0,0.0	500.411834717,45.842696629213485,-121.56120577819898,0.0,0.0,0.0,0.0,0.0,0.0,0.0	532.745849609,45.842696629213485,-121.45313357621707,0.0,0.0,0.0,0.0,0.0,0.0,0.0	614.071411133,45.842696629213485,-121.34506137423516,0.0,0.0,0.0,0.0,0.0,0.0,0.0	689.475891113,45.842696629213485,-121.23698917225325,0.0,0.0,0.0,0.0,0.0,0.0,0.0	528.580993652,45.842696629213485,-121.12891697027133,0.0,0.0,0.0,0.0,0.0,0.0,0.0	453.857849121,45.842696629213485,-121.02084476828944,0.0,0.0,0.0,0.0,0.0,0.0,0.0	506.07925415,45.842696629213485,-120.91277256630752,0.0,0.0,0.0,0.0,0.0,0.0,0.0
0.0,45.78089887640449,-124.58519001434011,0.0,0.0,0.0,0.0,0.0,0.0,0.0	0.0,45.78089887640449,-124.4772376605554,0.0,0.0,0.0,0.0,0.0,0.0,0.0	0.0,45.78089887640449,-124.36928530677069,0.0,0.0,0.0,0.0,0.0,0.0,0.0	0.0,45.78089887640449,-124.26133295298598,0.0,0.0,0.0,0.0,0.0,0.0,0.0	0.0,45.78089887640449,-124.15338059920127,0.0,0.0,0.0,0.0,0.0,0.0,0.0	0.0,45.78089887640449,-124.04542824541655,0.0,0.0,0.0,0.0,0.0,0.0,0.0	178.828048706,45.78089887640449,-123.93747589163183,0.0,0.0,0.0,0.0,0.0,0.0,0.0	19.486206055,45.78089887640449,-123.82952353784712,0.0,0.0,0.0,0.0,0.0,0.0,0.0	220.998641968,45.78089887640449,-123.72157118406241,0.0,0.0,0.0,0.0,0.0,0.0,0.0	376.220336914,45.78089887640449,-123.6136188302777,0.0,0.0,0.0,0.0,0.0,0.0,0.0	520.269226074,45.78089887640449,-123.50566647649299,0.0,0.0,0.0,0.0,0.0,0.0,0.0	429.332427979,45.78089887640449,-123.39771412270828,0.0,0.0,0.0,0.0,0.0,0.0,0.0	283.821960449,45.78089887640449,-123.28976176892357,0.0,0.0,0.0,0.0,0.0,0.0,0.0	310.293060303,45.78089887640449,-123.18180941513886,0.0,0.0,0.0,0.0,0.0,0.0,0.0	465.027282715,45.78089887640449,-123.07385706135415,0.0,0.0,0.0,0.0,0.0,0.0,0.0	390.371551514,45.78089887640449,-122.96590470756942,0.0,0.0,0.0,0.0,0.0,0.0,0.0	3.015827894,45.78089887640449,-122.85795235378471,0.0,0.0,0.0,0.0,0.0,0.0,0.0	2.68159008,45.78089887640449,-122.75,0.0,0.0,0.0,0.0,0.0,0.0,0.0	88.366539001,45.78089887640449,-122.64204764621529,0.0,0.0,0.0,0.0,0.0,0.0,0.0	89.945823669,45.78089887640449,-122.53409529243058,0.0,0.0,0.0,0.0,0.0,0.0,0.0	190.053634644,45.78089887640449,-122.42614293864587,0.0,0.0,0.0,0.0,0.0,0.0,0.0	421.34375,45.78089887640449,-122.31819058486116,0.0,0.0,0.0,0.0,0.0,0.0,0.0	478.849029541,45.78089887640449,-122.21023823107645,0.0,0.0,0.0,0.0,0.0,0.0,0.0	623.314025879,45.78089887640449,-122.10228587729173,0.0,0.0,0.0,0.0,0.0,0.0,0.0	836.552368164,45.78089887640449,-121.99433352350702,0.0,0.0,0.0,0.0,0.0,0.0,0.0	375.202606201,45.78089887640449,-121.8863811697223,0.0,0.0,0.0,0.0,0.0,0.0,0.0	432.309265137,45.78089887640449,-121.77842881593759,0.0,0.0,0.0,0.0,0.0,0.0,0.0	705.271850586,45.78089887640449,-121.67047646215288,0.0,0.0,0.0,0.0,0.0,0.0,0.0	479.798400879,45.78089887640449,-121.56252410836817,0.0,0.0,0.0,0.0,0.0,0.0,0.0	331.071258545,45.78089887640449,-121.45457175458345,0.0,0.0,0.0,0.0,0.0,0.0,0.0	720.049621582,45.78089887640449,-121.34661940079874,0.0,0.0,0.0,0.0,0.0,0.0,0.0	599.262390137,45.78089887640449,-121.23866704701403,0.0,0.0,0.0,0.0,0.0,0.0,0.0	620.608825684,45.78089887640449,-121.13071469322932,0.0,0.0,0.0,0.0,0.0,0.0,0.0	584.231079102,45.78089887640449,-121.02276233944461,0.0,0.0,0.0,0.0,0.0,0.0,0.0	540.42401123,45.78089887640449,-120.9148099856599,0.0,0.0,0.0,0.0,0.0,0.0,0.0
0.0,45.71910112359551,-124.58315923902482,0.0,0.0,0.0,0.0,0.0,0.0,0.0	0.0,45.71910112359551,-124.4753263426116,0.0,0.0,0.0,0.0,0.0,0.0,0.0	0.0,45.71910112359551,-124.36749344619838,0.0,0.0,0.0,0.0,0.0,0.0,0.0	0.0,45.71910112359551,-124.25966054978515,0.0,0.0,0.0,0.0,0.0,0.0,0.0	0.0,45.71910112359551,-124.15182765337192,0.0,0.0,0.0,0.0,0.0,0.0,0.0	0.0,45.71910112359551,-124.0439947569587,0.0,0.0,0.0,0.0,0.0,0.0,0.0	17.359952927,45.71910112359551,-123.93616186054548,0.0,0.0,0.0,0.0,0.0,0.0,0.0	292.832641602,45.71910112359551,-123.82832896413225,0.0,0.0,0.0,0.0,0.0,0.0,0.0	140.253875732,45.71910112359551,-123.72049606771903,0.0,0.0,0.0,0.0,0.0,0.0,0.0	488.676849365,45.71910112359551,-123.6126631713058,0.0,0.0,0.0,0.0,0.0,0.0,0.0	630.518920898,45.71910112359551,-123.50483027489258,0.0,0.0,0.0,0.0,0.0,0.0,0.0	558.401611328,45.71910112359551,-123.39699737847936,0.0,0.0,0.0,0.0,0.0,0.0,0.0	318.801086426,45.71910112359551,-123.28916448206613,0.0,0.0,0.0,0.0,0.0,0.0,0.0	247.749191284,45.71910112359551,-123.1813315856529,0.0,0.0,0.0,0.0,0.0,0.0,0.0	195.819412231,45.71910112359551,-123.07349868923968,0.0,0.0,0.0,0.0,0.0,0.0,0.0	398.777282715,45.71910112359551,-122.96566579282646,0.0,0.0,0.0,0.0,0.0,0.0,0.0	4.214452744,45.71910112359551,-122.85783289641323,0.0,0.0,0.0,0.0,0.0,0.0,0.0	3.566684246,45.71910112359551,-122.75,0.0,0.0,0.0,0.0,0.0,0.0,0.0	55.543182373,45.71910112359551,-122.64216710358679,0.0,0.0,0.0,0.0,0.0,0.0,0.0	87.626678467,45.71910112359551,-122.53433420717356,0.0,0.0,0.0,0.0,0.0,0.0,0.0	275.215942383,45.71910112359551,-122.42650131076033,0.0,0.0,0.0,0.0,0.0,0.0,0.0	764.194885254,45.71910112359551,-122.3186684143471,0.0,0.0,0.0,0.0,0.0,0.0,0.0	618.918518066,45.71910112359551,-122.21083551793389,0.0,0.0,0.0,0.0,0.0,0.0,0.0	479.150512695,45.71910112359551,-122.10300262152066,0.0,0.0,0.0,0.0,0.0,0.0,0.0	1032.600585938,45.71910112359551,-121.99516972510743,0.0,0.0,0.0,0.0,0.0,0.0,0.0	284.926116943,45.71910112359551,-121.8873368286942,0.0,0.0,0.0,0.0,0.0,0.0,0.0	130.669052124,45.71910112359551,-121.77950393228099,0.0,0.0,0.0,0.0,0.0,0.0,0.0	509.703735352,45.71910112359551,-121.67167103586776,0.0,0.0,0.0,0.0,0.0,0.0,0.0	24.274705887,45.71910112359551,-121.56383813945453,0.0,0.0,0.0,0.0,0.0,0.0,0.0	416.910705566,45.71910112359551,-121.45600524304132,0.0,0.0,0.0,0.0,0.0,0.0,0.0	144.098907471,45.71910112359551,-121.34817234662809,0.0,0.0,0.0,0.0,0.0,0.0,0.0	311.91998291,45.71910112359551,-121.24033945021486,0.0,0.0,0.0,0.0,0.0,0.0,0.0	647.512878418,45.71910112359551,-121.13250655380163,0.0,0.0,0.0,0.0,0.0,0.0,0.0	479.121002197,45.71910112359551,-121.02467365738842,0.0,0.0,0.0,0.0,0.0,0.0,0.0	500.399749756,45.71910112359551,-120.91684076097519,0.0,0.0,0.0,0.0,0.0,0.0,0.0
0.0,45.657303370786515,-124.58113508099753,0.0,0.0,0.0,0.0,0.0,0.0,0.0	0.0,45.657303370786515,-124.47342125270356,0.0,0.0,0.0,0.0,0.0,0.0,0.0	0.0,45.657303370786515,-124.36570742440958,0.0,0.0,0.0,0.0,0.0,0.0,0.0	0.0,45.657303370786515,-124.25799359611561,0.0,0.0,0.0,0.0,0.0,0.0,0.0	0.0,45.657303370786515,-124.15027976782164,0.0,0.0,0.0,0.0,0.0,0.0,0.0	0.0,45.657303370786515,-124.04256593952766,0.0,0.0,0.0,0.0,0.0,0.0,0.0	0.393180817,45.657303370786515,-123.9348521112337,0.0,0.0,0.0,0.0,0.0,0.0,0.0	432.347747803,45.657303370786515,-123.82713828293973,0.0,0.0,0.0,0.0,0.0,0.0,0.0	623.874755859,45.657303370786515,-123.71942445464575,0.0,0.0,0.0,0.0,0.0,0.0,0.0	932.952697754,45.657303370786515,-123.61171062635178,0.0,0.0,0.0,0.0,0.0,0.0,0.0	764.068359375,45.657303370786515,-123.50399679805781,0.0,0.0,0.0,0.0,0.0,0.0,0.0	757.178833008,45.657303370786515,-123.39628296976383,0.0,0.0,0.0,0.0,0.0,0.0,0.0	161.324478149,45.657303370786515,-123.28856914146986,0.0,0.0,0.0,0.0,0.0,0.0,0.0	209.458236694,45.657303370786515,-123.1808553131759,0.0,0.0,0.0,0.0,0.0,0.0,0.0	180.417785645,45.657303370786515,-123.07314148488192,0.0,0.0,0.0,0.0,0.0,0.0,0.0	194.875915527,45.657303370786515,-122.96542765658795,0.0,0.0,0.0,0.0,0.0,0.0,0.0	10.870027542,45.657303370786515,-122.85771382829398,0.0,0.0,0.0,0.0,0.0,0.0,0.0	6.421927452,45.657303370786515,-122.75,0.0,0.0,0.0,0.0,0.0,0.0,0.0	81.229911804,45.657303370786515,-122.64228617170603,0.0,0.0,0.0,0.0,0.0,0.0,0.0	66.90460968,45.657303370786515,-122.53457234341207,0.0,0.0,0.0,0.0,0.0,0.0,0.0	125.502426147,45.657303370786515,-122.42685851511808,0.0,0.0,0.0,0.0,0.0,0.0,0.0	290.474822998,45.657303370786515,-122.31914468682412,0.0,0.0,0.0,0.0,0.0,0.0,0.0	297.661102295,45.657303370786515,-122.21143085853015,0.0,0.0,0.0,0.0,0.0,0.0,0.0	724.401428223,45.657303370786515,-122.10371703023617,0.0,0.0,0.0,0.0,0.0,0.0,0.0	177.688812256,45.657303370786515,-121.9960032019422,0.0,0.0,0.0,0.0,0.0,0.0,0.0	199.766357422,45.657303370786515,-121.88828937364823,0.0,0.0,0.0,0.0,0.0,0.0,0.0	1158.824829102,45.657303370786515,-121.78057554535425,0.0,0.0,0.0,0.0,0.0,0.0,0.0	975.741210938,45.657303370786515,-121.67286171706029,0.0,0.0,0.0,0.0,0.0,0.0,0.0	277.393676758,45.657303370786515,-121.56514788876632,0.0,0.0,0.0,0.0,0.0,0.0,0.0	460.645050049,45.657303370786515,-121.45743406047234,0.0,0.0,0.0,0.0,0.0,0.0,0.0	285.996520996,45.657303370786515,-121.34972023217837,0.0,0.0,0.0,0.0,0.0,0.0,0.0	469.16293335,45.657303370786515,-121.2420064038844,0.0,0.0,0.0,0.0,0.0,0.0,0.0	244.360061646,45.657303370786515,-121.13429257559042,0.0,0.0,0.0,0.0,0.0,0.0,0.0	49.25,45.657303370786515,-121.02657874729645,0.0,0.0,0.0,0.0,0.0,0.0,0.0	74.69631958,45.657303370786515,-120.91886491900247,0.0,0.0,0.0,0.0,0.0,0.0,0.0
0.0,45.59550561797753,-124.57911751366044,0.0,0.0,0.0,0.0,0.0,0.0,0.0	0.0,45.59550561797753,-124.47152236579805,0.0,0.0,0.0,0.0,0.0,0.0,0.0	0.0,45.59550561797753,-124.36392721793568,0.0,0.0,0.0,0.0,0.0,0.0,0.0	0.0,45.59550561797753,-124.2563320700733,0.0,0.0,0.0,0.0,0.0,0.0,0.0	0.0,45.59550561797753,-124.14873692221093,0.0,0.0,0.0,0.0,0.0,0.0,0.0	0.0,45.59550561797753,-124.04114177434855,0.0,0.0,0.0,0.0,0.0,0.0,0.0	49.392906189,45.59550561797753,-123.93354662648616,0.0,0.0,0.0,0.0,0.0,0.0,0.0	614.660705566,45.59550561797753,-123.8259514786238,0.0,0.0,0.0,0.0,0.0,0.0,0.0	205.911376953,45.59550561797753,-123.71835633076141,0.0,0.0,0.0,0.0,0.0,0.0,0.0	237.542053223,45.59550561797753,-123.61076118289903,0.0,0.0,0.0,0.0,0.0,0.0,0.0	291.048522949,45.59550561797753,-123.50316603503666,0.0,0.0,0.0,0.0,0.0,0.0,0.0	582.432678223,45.59550561797753,-123.39557088717427,0.0,0.0,0.0,0.0,0.0,0.0,0.0	346.050750732,45.59550561797753,-123.2879757393119,0.0,0.0,0.0,0.0,0.0,0.0,0.0	60.490375519,45.59550561797753,-123.18038059144952,0.0,0.0,0.0,0.0,0.0,0.0,0.0	53.224544525,45.59550561797753,-123.07278544358714,0.0,0.0,0.0,0.0,0.0,0.0,0.0	61.961853027,45.59550561797753,-122.96519029572477,0.0,0.0,0.0,0.0,0.0,0.0,0.0	131.576370239,45.59550561797753,-122.85759514786238,0.0,0.0,0.0,0.0,0.0,0.0,0.0	34.779304504,45.59550561797753,-122.75,0.0,0.0,0.0,0.0,0.0,0.0,0.0	6.567388535,45.59550561797753,-122.64240485213763,0.0,0.0,0.0,0.0,0.0,0.0,0.0	15.349133492,45.59550561797753,-122.53480970427525,0.0,0.0,0.0,0.0,0.0,0.0,0.0	201.142211914,45.59550561797753,-122.42721455641288,0.0,0.0,0.0,0.0,0.0,0.0,0.0	130.504943848,45.59550561797753,-122.3196194085505,0.0,0.0,0.0,0.0,0.0,0.0,0.0	150.144836426,45.59550561797753,-122.21202426068811,0.0,0.0,0.0,0.0,0.0,0.0,0.0	4.590000153,45.59550561797753,-122.10442911282574,0.0,0.0,0.0,0.0,0.0,0.0,0.0	876.295166016,45.59550561797753,-121.99683396496336,0.0,0.0,0.0,0.0,0.0,0.0,0.0	460.171661377,45.59550561797753,-121.88923881710097,0.0,0.0,0.0,0.0,0.0,0.0,0.0	1259.884887695,45.59550561797753,-121.7816436692386,0.0,0.0,0.0,0.0,0.0,0.0,0.0	706.929443359,45.59550561797753,-121.67404852137622,0.0,0.0,0.0,0.0,0.0,0.0,0.0	341.846618652,45.59550561797753,-121.56645337351385,0.0,0.0,0.0,0.0,0.0,0.0,0.0	781.925231934,45.59550561797753,-121.45885822565147,0.0,0.0,0.0,0.0,0.0,0.0,0.0	511.34375,45.59550561797753,-121.35126307778908,0.0,0.0,0.0,0.0,0.0,0.0,0.0	396.658905029,45.59550561797753,-121.24366792992672,0.0,0.0,0.0,0.0,0.0,0.0,0.0	110.388031006,45.59550561797753,-121.13607278206433,0.0,0.0,0.0,0.0,0.0,0.0,0.0	320.221221924,45.59550561797753,-121.02847763420195,0.0,0.0,0.0,0.0,0.0,0.0,0.0	370.225646973,45.59550561797753,-120.92088248633958,0.0,0.0,0.0,0.0,0.0,0.0,0.0
0.0,45.53370786516854,-124.57710651056597,0.0,0.0,0.0,0.0,0.0,0.0,0.0	0.0,45.53370786516854,-124.46962965700327,0.0,0.0,0.0,0.0,0.0,0.0,0.0	0.0,45.53370786516854,-124.36215280344057,0.0,0.0,0.0,0.0,0.0,0.0,0.0	0.0,45.53370786516854,-124.25467594987786,0.0,0.0,0.0,0.0,0.0,0.0,0.0	0.0,45.53370786516854,-124.14719909631515,0.0,0.0,0.0,0.0,0.0,0.0,0.0	0.0,45.53370786516854,-124.03972224275245,0.0,0.0,0.0,0.0,0.0,0.0,0.0	0.021509355,45.53370786516854,-123.93224538918975,0.0,0.0,0.0,0.0,0.0,0.0,0.0	408.124145508,45.53370786516854,-123.82476853562704,0.0,0.0,0.0,0.0,0.0,0.0,0.0	505.65423584,45.53370786516854,-123.71729168206434,0.0,0.0,0.0,0.0,0.0,0.0,0.0	220.277313232,45.53370786516854,-123.60981482850164,0.0,0.0,0.0,0.0,0.0,0.0,0.0	409.05645752,45.53370786516854,-123.50233797493892,0.0,0.0,0.0,0.0,0.0,0.0,0.0	847.126464844,45.53370786516854,-123.39486112137622,0.0,0.0,0.0,0.0,0.0,0.0,0.0	343.023529053,45.53370786516854,-123.28738426781352,0.0,0.0,0.0,0.0,0.0,0.0,0.0	168.988052368,45.53370786516854,-123.17990741425082,0.0,0.0,0.0,0.0,0.0,0.0,0.0	54.93088913,45.53370786516854,-123.07243056068812,0.0,0.0,0.0,0.0,0.0,0.0,0.0	60.752063751,45.53370786516854,-122.96495370712542,0.0,0.0,0.0,0.0,0.0,0.0,0.0	64.609291077,45.53370786516854,-122.85747685356272,0.0,0.0,0.0,0.0,0.0,0.0,0.0	262.55581665,45.53370786516854,-122.75,0.0,0.0,0.0,0.0,0.0,0.0,0.0	52.783794403,45.53370786516854,-122.6425231464373,0.0,0.0,0.0,0.0,0.0,0.0,0.0	91.039131165,45.53370786516854,-122.5350462928746,0.0,0.0,0.0,0.0,0.0,0.0,0.0	49.396850586,45.53370786516854,-122.4275694393119,0.0,0.0,0.0,0.0,0.0,0.0,0.0	168.913360596,45.53370786516854,-122.3200925857492,0.0,0.0,0.0,0.0,0.0,0.0,0.0	336.658782959,45.53370786516854,-122.21261573218649,0.0,0.0,0.0,0.0,0.0,0.0,0.0	955.192871094,45.53370786516854,-122.10513887862379,0.0,0.0,0.0,0.0,0.0,0.0,0.0	1053.981567383,45.53370786516854,-121.99766202506108,0.0,0.0,0.0,0.0,0.0,0.0,0.0	686.574707031,45.53370786516854,-121.89018517149837,0.0,0.0,0.0,0.0,0.0,0.0,0.0	688.509643555,45.53370786516854,-121.78270831793567,0.0,0.0,0.0,0.0,0.0,0.0,0.0	953.97277832,45.53370786516854,-121.67523146437297,0.0,0.0,0.0,0.0,0.0,0.0,0.0	470.940734863,45.53370786516854,-121.56775461081027,0.0,0.0,0.0,0.0,0.0,0.0,0.0	1039.765136719,45.53370786516854,-121.46027775724757,0.0,0.0,0.0,0.0,0.0,0.0,0.0	421.894989014,45.53370786516854,-121.35280090368485,0.0,0.0,0.0,0.0,0.0,0.0,0.0	619.955993652,45.53370786516854,-121.24532405012215,0.0,0.0,0.0,0.0,0.0,0.0,0.0	351.413787842,45.53370786516854,-121.13784719655945,0.0,0.0,0.0,0.0,0.0,0.0,0.0	364.957794189,45.53370786516854,-121.03037034299675,0.0,0.0,0.0,0.0,0.0,0.0,0.0	481.867156982,45.53370786516854,-120.92289348943405,0.0,0.0,0.0,0.0,0.0,0.0,0.0
0.0,45.47191011235955,-124.57510204541575,0.0,0.0,0.0,0.0,0.0,0.0,0.0	0.0,45.47191011235955,-124.46774310156776,0.0,0.0,0.0,0.0,0.0,0.0,0.0	0.0,45.47191011235955,-124.36038415771978,0.0,0.0,0.0,0.0,0.0,0.0,0.0	0.0,45.47191011235955,-124.2530252138718,0.0,0.0,0.0,0.0,0.0,0.0,0.0	0.0,45.47191011235955,-124.14566627002381,0.0,0.0,0.0,0.0,0.0,0.0,0.0	0.0,45.47191011235955,-124.03830732617583,0.0,0.0,0.0,0.0,0.0,0.0,0.0	326.962646484,45.47191011235955,-123.93094838232784,0.0,0.0,0.0,0.0,0.0,0.0,0.0	5.848905087,45.47191011235955,-123.82358943847986,0.0,0.0,0.0,0.0,0.0,0.0,0.0	336.105865479,45.47191011235955,-123.71623049463187,0.0,0.0,0.0,0.0,0.0,0.0,0.0	406.065002441,45.47191011235955,-123.60887155078389,0.0,0.0,0.0,0.0,0.0,0.0,0.0	556.508056641,45.47191011235955,-123.50151260693589,0.0,0.0,0.0,0.0,0.0,0.0,0.0	517.278442383,45.47191011235955,-123.3941536630879,0.0,0.0,0.0,0.0,0.0,0.0,0.0	304.534576416,45.47191011235955,-123.28679471923992,0.0,0.0,0.0,0.0,0.0,0.0,0.0	179.256439209,45.47191011235955,-123.17943577539194,0.0,0.0,0.0,0.0,0.0,0.0,0.0	99.414100647,45.47191011235955,-123.07207683154395,0.0,0.0,0.0,0.0,0.0,0.0,0.0	51.297035217,45.47191011235955,-122.96471788769597,0.0,0.0,0.0,0.0,0.0,0.0,0.0	77.675880432,45.47191011235955,-122.85735894384798,0.0,0.0,0.0,0.0,0.0,0.0,0.0	69.255149841,45.47191011235955,-122.75,0.0,0.0,0.0,0.0,0.0,0.0,0.0	17.507226944,45.47191011235955,-122.64264105615202,0.0,0.0,0.0,0.0,0.0,0.0,0.0	102.745361328,45.47191011235955,-122.53528211230403,0.0,0.0,0.0,0.0,0.0,0.0,0.0	226.519226074,45.47191011235955,-122.42792316845605,0.0,0.0,0.0,0.0,0.0,0.0,0.0	189.014053345,45.47191011235955,-122.32056422460806,0.0,0.0,0.0,0.0,0.0,0.0,0.0	366.438659668,45.47191011235955,-122.21320528076008,0.0,0.0,0.0,0.0,0.0,0.0,0.0	263.102966309,45.47191011235955,-122.1058463369121,0.0,0.0,0.0,0.0,0.0,0.0,0.0	701.554077148,45.47191011235955,-121.99848739306411,0.0,0.0,0.0,0.0,0.0,0.0,0.0	883.054138184,45.47191011235955,-121.89112844921613,0.0,0.0,0.0,0.0,0.0,0.0,0.0	739.455810547,45.47191011235955,-121.78376950536814,0.0,0.0,0.0,0.0,0.0,0.0,0.0	1131.5,45.47191011235955,-121.67641056152016,0.0,0.0,0.0,0.0,0.0,0.0,0.0	720.559448242,45.47191011235955,-121.56905161767217,0.0,0.0,0.0,0.0,0.0,0.0,0.0	806.489501953,45.47191011235955,-121.46169267382417,0.0,0.0,0.0,0.0,0.0,0.0,0.0	728.72869873,45.47191011235955,-121.35433372997619,0.0,0.0,0.0,0.0,0.0,0.0,0.0	610.099975586,45.47191011235955,-121.2469747861282,0.0,0.0,0.0,0.0,0.0,0.0,0.0	430.824737549,45.47191011235955,-121.13961584228022,0.0,0.0,0.0,0.0,0.0,0.0,0.0	438.455749512,45.47191011235955,-121.03225689843224,0.0,0.0,0.0,0.0,0.0,0.0,0.0	758.428283691,45.47191011235955,-120.92489795458425,0.0,0.0,0.0,0.0,0.0,0.0,0.0
0.0,45.41011235955056,-124.57310409205957,0.0,0.0,0.0,0.0,0.0,0.0,0.0	0.0,45.41011235955056,-124.46586267487959,0.0,0.0,0.0,0.0,0.0,0.0,0.0	0.0,45.41011235955056,-124.35862125769962,0.0,0.0,0.0,0.0,0.0,0.0,0.0	0.0,45.41011235955056,-124.25137984051965,0.0,0.0,0.0,0.0,0.0,0.0,0.0	0.0,45.41011235955056,-124.14413842333967,0.0,0.0,0.0,0.0,0.0,0.0,0.0	0.0,45.41011235955056,-124.03689700615969,0.0,0.0,0.0,0.0,0.0,0.0,0.0	21.143123627,45.41011235955056,-123.92965558897973,0.0,0.0,0.0,0.0,0.0,0.0,0.0	10.030080795,45.41011235955056,-123.82241417179975,0.0,0.0,0.0,0.0,0.0,0.0,0.0	458.686187744,45.41011235955056,-123.71517275461977,0.0,0.0,0.0,0.0,0.0,0.0,0.0	170.091629028,45.41011235955056,-123.6079313374398,0.0,0.0,0.0,0.0,0.0,0.0,0.0	721.381225586,45.41011235955056,-123.50068992025982,0.0,0.0,0.0,0.0,0.0,0.0,0.0	483.708190918,45.41011235955056,-123.39344850307985,0.0,0.0,0.0,0.0,0.0,0.0,0.0	215.390869141,45.41011235955056,-123.28620708589987,0.0,0.0,0.0,0.0,0.0,0.0,0.0	176.858230591,45.41011235955056,-123.1789656687199,0.0,0.0,0.0,0.0,0.0,0.0,0.0	175.721481323,45.41011235955056,-123.07172425153993,0.0,0.0,0.0,0.0,0.0,0.0,0.0	57.021903992,45.41011235955056,-122.96448283435996,0.0,0.0,0.0,0.0,0.0,0.0,0.0	65.56211853,45.41011235955056,-122.85724141717998,0.0,0.0,0.0,0.0,0.0,0.0,0.0	47.691432953,45.41011235955056,-122.75,0.0,0.0,0.0,0.0,0.0,0.0,0.0	24.441637039,45.41011235955056,-122.64275858282004,0.0,0.0,0.0,0.0,0.0,0.0,0.0	41.564437866,45.41011235955056,-122.53551716564006,0.0,0.0,0.0,0.0,0.0,0.0,0.0	199.950119019,45.41011235955056,-122.42827574846008,0.0,0.0,0.0,0.0,0.0,0.0,0.0	199.080245972,45.41011235955056,-122.3210343312801,0.0,0.0,0.0,0.0,0.0,0.0,0.0	295.345977783,45.41011235955056,-122.21379291410014,0.0,0.0,0.0,0.0,0.0,0.0,0.0	527.327331543,45.41011235955056,-122.10655149692016,0.0,0.0,0.0,0.0,0.0,0.0,0.0	891.216674805,45.41011235955056,-121.99931007974018,0.0,0.0,0.0,0.0,0.0,0.0,0.0	787.996887207,45.41011235955056,-121.8920686625602,0.0,0.0,0.0,0.0,0.0,0.0,0.0	1290.929199219,45.41011235955056,-121.78482724538024,0.0,0.0,0.0,0.0,0.0,0.0,0.0	1535.956787109,45.41011235955056,-121.67758582820026,0.0,0.0,0.0,0.0,0.0,0.0,0.0	894.547424316,45.41011235955056,-121.57034441102029,0.0,0.0,0.0,0.0,0.0,0.0,0.0	1344.274658203,45.41011235955056,-121.46310299384031,0.0,0.0,0.0,0.0,0.0,0.0,0.0	926.803466797,45.41011235955056,-121.35586157666035,0.0,0.0,0.0,0.0,0.0,0.0,0.0	654.254577637,45.41011235955056,-121.24862015948037,0.0,0.0,0.0,0.0,0.0,0.0,0.0	537.347961426,45.41011235955056,-121.14137874230039,0.0,0.0,0.0,0.0,0.0,0.0,0.0	698.261474609,45.41011235955056,-121.03413732512041,0.0,0.0,0.0,0.0,0.0,0.0,0.0	765.747375488,45.41011235955056,-120.92689590794045,0.0,0.0,0.0,0.0,0.0,0.0,0.0
0.0,45.348314606741575,-124.57111262449433,0.0,0.0,0.0,0.0,0.0,0.0,0.0	0.0,45.348314606741575,-124.46398835246525,0.0,0.0,0.0,0.0,0.0,0.0,0.0	0.0,45.348314606741575,-124.35686408043618,0.0,0.0,0.0,0.0,0.0,0.0,0.0	0.0,45.348314606741575,-124.2497398084071,0.0,0.0,0.0,0.0,0.0,0.0,0.0	0.0,45.348314606741575,-124.14261553637802,0.0,0.0,0.0,0.0,0.0,0.0,0.0	0.0,45.348314606741575,-124.03549126434893,0.0,0.0,0.0,0.0,0.0,0.0,0.0	316.053405762,45.348314606741575,-123.92836699231987,0.0,0.0,0.0,0.0,0.0,0.0,0.0	41.773326874,45.348314606741575,-123.82124272029078,0.0,0.0,0.0,0.0,0.0,0.0,0.0	417.106964111,45.348314606741575,-123.7141184482617,0.0,0.0,0.0,0.0,0.0,0.0,0.0	378.985107422,45.348314606741575,-123.60699417623262,0.0,0.0,0.0,0.0,0.0,0.0,0.0	449.39831543,45.348314606741575,-123.49986990420355,0.0,0.0,0.0,0.0,0.0,0.0,0.0	642.381774902,45.348314606741575,-123.39274563217447,0.0,0.0,0.0,0.0,0.0,0.0,0.0	264.094787598,45.348314606741575,-123.28562136014538,0.0,0.0,0.0,0.0,0.0,0.0,0.0	68.394836426,45.348314606741575,-123.1784970881163,0.0,0.0,0.0,0.0,0.0,0.0,0.0	137.062210083,45.348314606741575,-123.07137281608723,0.0,0.0,0.0,0.0,0.0,0.0,0.0	345.326568604,45.348314606741575,-122.96424854405815,0.0,0.0,0.0,0.0,0.0,0.0,0.0	73.644393921,45.348314606741575,-122.85712427202907,0.0,0.0,0.0,0.0,0.0,0.0,0.0	124.927482605,45.348314606741575,-122.75,0.0,0.0,0.0,0.0,0.0,0.0,0.0	62.931289673,45.348314606741575,-122.64287572797092,0.0,0.0,0.0,0.0,0.0,0.0,0.0	142.345870972,45.348314606741575,-122.53575145594183,0.0,0.0,0.0,0.0,0.0,0.0,0.0	144.984344482,45.348314606741575,-122.42862718391275,0.0,0.0,0.0,0.0,0.0,0.0,0.0	149.487030029,45.348314606741575,-122.32150291188368,0.0,0.0,0.0,0.0,0.0,0.0,0.0	442.22668457,45.348314606741575,-122.2143786398546,0.0,0.0,0.0,0.0,0.0,0.0,0.0	624.565124512,45.348314606741575,-122.10725436782552,0.0,0.0,0.0,0.0,0.0,0.0,0.0	492.987182617,45.348314606741575,-122.00013009579644,0.0,0.0,0.0,0.0,0.0,0.0,0.0	1270.446044922,45.348314606741575,-121.89300582376737,0.0,0.0,0.0,0.0,0.0,0.0,0.0	1305.816040039,45.348314606741575,-121.78588155173829,0.0,0.0,0.0,0.0,0.0,0.0,0.0	2147.388427734,45.348314606741575,-121.6787572797092,0.0,0.0,0.0,0.0,0.0,0.0,0.0	1059.395019531,45.348314606741575,-121.57163300768013,0.0,0.0,0.0,0.0,0.0,0.0,0.0	1456.479370117,45.348314606741575,-121.46450873565105,0.0,0.0,0.0,0.0,0.0,0.0,0.0	795.80291748,45.348314606741575,-121.35738446362197,0.0,0.0,0.0,0.0,0.0,0.0,0.0	740.668457031,45.348314606741575,-121.25026019159289,0.0,0.0,0.0,0.0,0.0,0.0,0.0	771.70098877,45.348314606741575,-121.14313591956382,0.0,0.0,0.0,0.0,0.0,0.0,0.0	795.461547852,45.348314606741575,-121.03601164753474,0.0,0.0,0.0,0.0,0.0,0.0,0.0	163.355178833,45.348314606741575,-120.92888737550565,0.0,0.0,0.0,0.0,0.0,0.0,0.0
0.0,45.28651685393258,-124.56912761686313,0.0,0.0,0.0,0.0,0.0,0.0,0.0	0.0,45.28651685393258,-124.46212010998883,0.0,0.0,0.0,0.0,0.0,0.0,0.0	0.0,45.28651685393258,-124.35511260311452,0.0,0.0,0.0,0.0,0.0,0.0,0.0	0.0,45.28651685393258,-124.24810509624022,0.0,0.0,0.0,0.0,0.0,0.0,0.0	0.0,45.28651685393258,-124.14109758936593,0.0,0.0,0.0,0.0,0.0,0.0,0.0	0.0,45.28651685393258,-124.03409008249162,0.0,0.0,0.0,0.0,0.0,0.0,0.0	32.832317352,45.28651685393258,-123.92708257561732,0.0,0.0,0.0,0.0,0.0,0.0,0.0	36.151306152,45.28651685393258,-123.82007506874301,0.0,0.0,0.0,0.0,0.0,0.0,0.0	201.116195679,45.28651685393258,-123.71306756186871,0.0,0.0,0.0,0.0,0.0,0.0,0.0	428.65914917,45.28651685393258,-123.60606005499442,0.0,0.0,0.0,0.0,0.0,0.0,0.0	414.551361084,45.28651685393258,-123.4990525481201,0.0,0.0,0.0,0.0,0.0,0.0,0.0	591.705871582,45.28651685393258,-123.39204504124581,0.0,0.0,0.0,0.0,0.0,0.0,0.0	61.563365936,45.28651685393258,-123.28503753437151,0.0,0.0,0.0,0.0,0.0,0.0,0.0	57.575279236,45.28651685393258,-123.1780300274972,0.0,0.0,0.0,0.0,0.0,0.0,0.0	309.957946777,45.28651685393258,-123.0710225206229,0.0,0.0,0.0,0.0,0.0,0.0,0.0	53.533443451,45.28651685393258,-122.9640150137486,0.0,0.0,0.0,0.0,0.0,0.0,0.0	197.587615967,45.28651685393258,-122.8570075068743,0.0,0.0,0.0,0.0,0.0,0.0,0.0	48.874599457,45.28651685393258,-122.75,0.0,0.0,0.0,0.0,0.0,0.0,0.0	42.446208954,45.28651685393258,-122.64299249312569,0.0,0.0,0.0,0.0,0.0,0.0,0.0	156.207962036,45.28651685393258,-122.53598498625139,0.0,0.0,0.0,0.0,0.0,0.0,0.0	120.699295044,45.28651685393258,-122.4289774793771,0.0,0.0,0.0,0.0,0.0,0.0,0.0	220.735748291,45.28651685393258,-122.32196997250279,0.0,0.0,0.0,0.0,0.0,0.0,0.0	432.176330566,45.28651685393258,-122.21496246562849,0.0,0.0,0.0,0.0,0.0,0.0,0.0	843.109985352,45.28651685393258,-122.10795495875418,0.0,0.0,0.0,0.0,0.0,0.0,0.0	938.889038086,45.28651685393258,-122.00094745187988,0.0,0.0,0.0,0.0,0.0,0.0,0.0	1124.509643555,45.28651685393258,-121.89393994500558,0.0,0.0,0.0,0.0,0.0,0.0,0.0	1440.556396484,45.28651685393258,-121.78693243813127,0.0,0.0,0.0,0.0,0.0,0.0,0.0	1309.251953125,45.28651685393258,-121.67992493125698,0.0,0.0,0.0,0.0,0.0,0.0,0.0	1574.48840332,45.28651685393258,-121.57291742438268,0.0,0.0,0.0,0.0,0.0,0.0,0.0	917.872070312,45.28651685393258,-121.46590991750837,0.0,0.0,0.0,0.0,0.0,0.0,0.0	642.878417969,45.28651685393258,-121.35890241063407,0.0,0.0,0.0,0.0,0.0,0.0,0.0	548.377929688,45.28651685393258,-121.25189490375976,0.0,0.0,0.0,0.0,0.0,0.0,0.0	872.940673828,45.28651685393258,-121.14488739688547,0.0,0.0,0.0,0.0,0.0,0.0,0.0	458.897796631,45.28651685393258,-121.03787989001117,0.0,0.0,0.0,0.0,0.0,0.0,0.0	404.926940918,45.28651685393258,-120.93087238313686,0.0,0.0,0.0,0.0,0.0,0.0,0.0
0.0,45.2247191011236,-124.56714904345412,0.0,0.0,0.0,0.0,0.0,0.0,0.0	0.0,45.2247191011236,-124.46025792325094,0.0,0.0,0.0,0.0,0.0,0.0,0.0	0.0,45.2247191011236,-124.35336680304775,0.0,0.0,0.0,0.0,0.0,0.0,0.0	0.0,45.2247191011236,-124.24647568284458,0.0,0.0,0.0,0.0,0.0,0.0,0.0	0.0,45.2247191011236,-124.13958456264139,0.0,0.0,0.0,0.0,0.0,0.0,0.0	0.0,45.2247191011236,-124.0326934424382,0.0,0.0,0.0,0.0,0.0,0.0,0.0	63.123832703,45.2247191011236,-123.92580232223501,0.0,0.0,0.0,0.0,0.0,0.0,0.0	314.868804932,45.2247191011236,-123.81891120203184,0.0,0.0,0.0,0.0,0.0,0.0,0.0	610.011230469,45.2247191011236,-123.71202008182865,0.0,0.0,0.0,0.0,0.0,0.0,0.0	421.313262939,45.2247191011236,-123.60512896162547,0.0,0.0,0.0,0.0,0.0,0.0,0.0	464.653656006,45.2247191011236,-123.49823784142228,0.0,0.0,0.0,0.0,0.0,0.0,0.0	263.658294678,45.2247191011236,-123.3913467212191,0.0,0.0,0.0,0.0,0.0,0.0,0.0	120.279800415,45.2247191011236,-123.28445560101592,0.0,0.0,0.0,0.0,0.0,0.0,0.0	45.586257935,45.2247191011236,-123.17756448081273,0.0,0.0,0.0,0.0,0.0,0.0,0.0	32.638053894,45.2247191011236,-123.07067336060955,0.0,0.0,0.0,0.0,0.0,0.0,0.0	52.464839935,45.2247191011236,-122.96378224040636,0.0,0.0,0.0,0.0,0.0,0.0,0.0	53.755977631,45.2247191011236,-122.85689112020317,0.0,0.0,0.0,0.0,0.0,0.0,0.0	34.429302216,45.2247191011236,-122.75,0.0,0.0,0.0,0.0,0.0,0.0,0.0	52.433799744,45.2247191011236,-122.64310887979681,0.0,0.0,0.0,0.0,0.0,0.0,0.0	146.304458618,45.2247191011236,-122.53621775959363,0.0,0.0,0.0,0.0,0.0,0.0,0.0	361.123077393,45.2247191011236,-122.42932663939044,0.0,0.0,0.0,0.0,0.0,0.0,0.0	354.206512451,45.2247191011236,-122.32243551918727,0.0,0.0,0.0,0.0,0.0,0.0,0.0	531.542541504,45.2247191011236,-122.21554439898408,0.0,0.0,0.0,0.0,0.0,0.0,0.0	792.238525391,45.2247191011236,-122.10865327878089,0.0,0.0,0.0,0.0,0.0,0.0,0.0	1209.526489258,45.2247191011236,-122.0017621585777,0.0,0.0,0.0,0.0,0.0,0.0,0.0	953.728210449,45.2247191011236,-121.89487103837452,0.0,0.0,0.0,0.0,0.0,0.0,0.0	1035.362060547,45.2247191011236,-121.78797991817135,0.0,0.0,0.0,0.0,0.0,0.0,0.0	1440.512329102,45.2247191011236,-121.68108879796816,0.0,0.0,0.0,0.0,0.0,0.0,0.0	1384.766357422,45.2247191011236,-121.57419767776497,0.0,0.0,0.0,0.0,0.0,0.0,0.0	959.184143066,45.2247191011236,-121.46730655756178,0.0,0.0,0.0,0.0,0.0,0.0,0.0	668.377380371,45.2247191011236,-121.3604154373586,0.0,0.0,0.0,0.0,0.0,0.0,0.0	493.317749023,45.2247191011236,-121.25352431715542,0.0,0.0,0.0,0.0,0.0,0.0,0.0	494.835418701,45.2247191011236,-121.14663319695224,0.0,0.0,0.0,0.0,0.0,0.0,0.0	527.213867188,45.2247191011236,-121.03974207674905,0.0,0.0,0.0,0.0,0.0,0.0,0.0	679.28515625,45.2247191011236,-120.93285095654586,0.0,0.0,0.0,0.0,0.0,0.0,0.0
0.0,45.162921348314605,-124.56517687869965,0.0,0.0,0.0,0.0,0.0,0.0,0.0	0.0,45.162921348314605,-124.4584017681879,0.0,0.0,0.0,0.0,0.0,0.0,0.0	0.0,45.162921348314605,-124.35162665767616,0.0,0.0,0.0,0.0,0.0,0.0,0.0	0.0,45.162921348314605,-124.24485154716442,0.0,0.0,0.0,0.0,0.0,0.0,0.0	0.0,45.162921348314605,-124.13807643665267,0.0,0.0,0.0,0.0,0.0,0.0,0.0	0.0,45.162921348314605,-124.03130132614093,0.0,0.0,0.0,0.0,0.0,0.0,0.0	14.2380476,45.162921348314605,-123.92452621562919,0.0,0.0,0.0,0.0,0.0,0.0,0.0	319.563232422,45.162921348314605,-123.81775110511744,0.0,0.0,0.0,0.0,0.0,0.0,0.0	385.476074219,45.162921348314605,-123.7109759946057,0.0,0.0,0.0,0.0,0.0,0.0,0.0	424.841308594,45.162921348314605,-123.60420088409396,0.0,0.0,0.0,0.0,0.0,0.0,0.0	127.979286194,45.162921348314605,-123.49742577358221,0.0,0.0,0.0,0.0,0.0,0.0,0.0	91.540367126,45.162921348314605,-123.39065066307047,0.0,0.0,0.0,0.0,0.0,0.0,0.0	64.801887512,45.162921348314605,-123.28387555255873,0.0,0.0,0.0,0.0,0.0,0.0,0.0	37.468521118,45.162921348314605,-123.17710044204698,0.0,0.0,0.0,0.0,0.0,0.0,0.0	47.661128998,45.162921348314605,-123.07032533153524,0.0,0.0,0.0,0.0,0.0,0.0,0.0	51.634700775,45.162921348314605,-122.9635502210235,0.0,0.0,0.0,0.0,0.0,0.0,0.0	56.199268341,45.162921348314605,-122.85677511051175,0.0,0.0,0.0,0.0,0.0,0.0,0.0	55.111370087,45.162921348314605,-122.75,0.0,0.0,0.0,0.0,0.0,0.0,0.0	81.608039856,45.162921348314605,-122.64322488948827,0.0,0.0,0.0,0.0,0.0,0.0,0.0	99.066467285,45.162921348314605,-122.53644977897652,0.0,0.0,0.0,0.0,0.0,0.0,0.0	217.277053833,45.162921348314605,-122.42967466846477,0.0,0.0,0.0,0.0,0.0,0.0,0.0	644.606567383,45.162921348314605,-122.32289955795304,0.0,0.0,0.0,0.0,0.0,0.0,0.0	797.834777832,45.162921348314605,-122.21612444744129,0.0,0.0,0.0,0.0,0.0,0.0,0.0	369.191741943,45.162921348314605,-122.10934933692954,0.0,0.0,0.0,0.0,0.0,0.0,0.0	972.919433594,45.162921348314605,-122.0025742264178,0.0,0.0,0.0,0.0,0.0,0.0,0.0	1433.915893555,45.162921348314605,-121.89579911590606,0.0,0.0,0.0,0.0,0.0,0.0,0.0	1164.522949219,45.162921348314605,-121.78902400539431,0.0,0.0,0.0,0.0,0.0,0.0,0.0	1071.515014648,45.162921348314605,-121.68224889488258,0.0,0.0,0.0,0.0,0.0,0.0,0.0	1051.292602539,45.162921348314605,-121.57547378437083,0.0,0.0,0.0,0.0,0.0,0.0,0.0	895.161743164,45.162921348314605,-121.46869867385908,0.0,0.0,0.0,0.0,0.0,0.0,0.0	649.788818359,45.162921348314605,-121.36192356334735,0.0,0.0,0.0,0.0,0.0,0.0,0.0	564.99017334,45.162921348314605,-121.2551484528356,0.0,0.0,0.0,0.0,0.0,0.0,0.0	543.845214844,45.162921348314605,-121.14837334232385,0.0,0.0,0.0,0.0,0.0,0.0,0.0	296.460083008,45.162921348314605,-121.04159823181212,0.0,0.0,0.0,0.0,0.0,0.0,0.0	654.955322266,45.162921348314605,-120.93482312130037,0.0,0.0,0.0,0.0,0.0,0.0,0.0
0.0,45.10112359550562,-124.56321109717513,0.0,0.0,0.0,0.0,0.0,0.0,0.0	0.0,45.10112359550562,-124.45655162087071,0.0,0.0,0.0,0.0,0.0,0.0,0.0	0.0,45.10112359550562,-124.34989214456628,0.0,0.0,0.0,0.0,0.0,0.0,0.0	0.0,45.10112359550562,-124.24323266826187,0.0,0.0,0.0,0.0,0.0,0.0,0.0	0.0,45.10112359550562,-124.13657319195745,0.0,0.0,0.0,0.0,0.0,0.0,0.0	0.0,45.10112359550562,-124.02991371565304,0.0,0.0,0.0,0.0,0.0,0.0,0.0	342.35067749,45.10112359550562,-123.92325423934861,0.0,0.0,0.0,0.0,0.0,0.0,0.0	277.5652771,45.10112359550562,-123.8165947630442,0.0,0.0,0.0,0.0,0.0,0.0,0.0	168.430587769,45.10112359550562,-123.70993528673978,0.0,0.0,0.0,0.0,0.0,0.0,0.0	238.386444092,45.10112359550562,-123.60327581043535,0.0,0.0,0.0,0.0,0.0,0.0,0.0	85.383583069,45.10112359550562,-123.49661633413093,0.0,0.0,0.0,0.0,0.0,0.0,0.0	58.826084137,45.10112359550562,-123.38995685782652,0.0,0.0,0.0,0.0,0.0,0.0,0.0	47.082302094,45.10112359550562,-123.28329738152209,0.0,0.0,0.0,0.0,0.0,0.0,0.0	59.65776062,45.10112359550562,-123.17663790521767,0.0,0.0,0.0,0.0,0.0,0.0,0.0	51.117530823,45.10112359550562,-123.06997842891326,0.0,0.0,0.0,0.0,0.0,0.0,0.0	55.504055023,45.10112359550562,-122.96331895260884,0.0,0.0,0.0,0.0,0.0,0.0,0.0	51.931545258,45.10112359550562,-122.85665947630442,0.0,0.0,0.0,0.0,0.0,0.0,0.0	57.170185089,45.10112359550562,-122.75,0.0,0.0,0.0,0.0,0.0,0.0,0.0	83.277572632,45.10112359550562,-122.64334052369558,0.0,0.0,0.0,0.0,0.0,0.0,0.0	236.739318848,45.10112359550562,-122.53668104739116,0.0,0.0,0.0,0.0,0.0,0.0,0.0	480.129119873,45.10112359550562,-122.43002157108674,0.0,0.0,0.0,0.0,0.0,0.0,0.0	875.47644043,45.10112359550562,-122.32336209478233,0.0,0.0,0.0,0.0,0.0,0.0,0.0	1028.726074219,45.10112359550562,-122.2167026184779,0.0,0.0,0.0,0.0,0.0,0.0,0.0	1067.797851562,45.10112359550562,-122.11004314217348,0.0,0.0,0.0,0.0,0.0,0.0,0.0	1191.215576172,45.10112359550562,-122.00338366586907,0.0,0.0,0.0,0.0,0.0,0.0,0.0	1175.889404297,45.10112359550562,-121.89672418956465,0.0,0.0,0.0,0.0,0.0,0.0,0.0	1044.060791016,45.10112359550562,-121.79006471326022,0.0,0.0,0.0,0.0,0.0,0.0,0.0	1183.85925293,45.10112359550562,-121.6834052369558,0.0,0.0,0.0,0.0,0.0,0.0,0.0	1039.8515625,45.10112359550562,-121.57674576065139,0.0,0.0,0.0,0.0,0.0,0.0,0.0	989.67779541,45.10112359550562,-121.47008628434696,0.0,0.0,0.0,0.0,0.0,0.0,0.0	695.614624023,45.10112359550562,-121.36342680804255,0.0,0.0,0.0,0.0,0.0,0.0,0.0	611.71270752,45.10112359550562,-121.25676733173813,0.0,0.0,0.0,0.0,0.0,0.0,0.0	368.775817871,45.10112359550562,-121.1501078554337,0.0,0.0,0.0,0.0,0.0,0.0,0.0	699.743225098,45.10112359550562,-121.04344837912929,0.0,0.0,0.0,0.0,0.0,0.0,0.0	726.754516602,45.10112359550562,-120.93678890282487,0.0,0.0,0.0,0.0,0.0,0.0,0.0
0.0,45.03932584269663,-124.56125167359822,0.0,0.0,0.0,0.0,0.0,0.0,0.0	0.0,45.03932584269663,-124.45470745750421,0.0,0.0,0.0,0.0,0.0,0.0,0.0	0.0,45.03932584269663,-124.34816324141019,0.0,0.0,0.0,0.0,0.0,0.0,0.0	0.0,45.03932584269663,-124.24161902531618,0.0,0.0,0.0,0.0,0.0,0.0,0.0	0.0,45.03932584269663,-124.13507480922217,0.0,0.0,0.0,0.0,0.0,0.0,0.0	0.0,45.03932584269663,-124.02853059312815,0.0,0.0,0.0,0.0,0.0,0.0,0.0	114.047241211,45.03932584269663,-123.92198637703414,0.0,0.0,0.0,0.0,0.0,0.0,0.0	133.943786621,45.03932584269663,-123.81544216094012,0.0,0.0,0.0,0.0,0.0,0.0,0.0	233.104446411,45.03932584269663,-123.70889794484611,0.0,0.0,0.0,0.0,0.0,0.0,0.0	239.311096191,45.03932584269663,-123.6023537287521,0.0,0.0,0.0,0.0,0.0,0.0,0.0	150.671646118,45.03932584269663,-123.49580951265808,0.0,0.0,0.0,0.0,0.0,0.0,0.0	135.275665283,45.03932584269663,-123.38926529656408,0.0,0.0,0.0,0.0,0.0,0.0,0.0	59.163822174,45.03932584269663,-123.28272108047007,0.0,0.0,0.0,0.0,0.0,0.0,0.0	72.075569153,45.03932584269663,-123.17617686437605,0.0,0.0,0.0,0.0,0.0,0.0,0.0	31.194339752,45.03932584269663,-123.06963264828204,0.0,0.0,0.0,0.0,0.0,0.0,0.0	56.683837891,45.03932584269663,-122.96308843218803,0.0,0.0,0.0,0.0,0.0,0.0,0.0	56.227245331,45.03932584269663,-122.85654421609401,0.0,0.0,0.0,0.0,0.0,0.0,0.0	82.207572937,45.03932584269663,-122.75,0.0,0.0,0.0,0.0,0.0,0.0,0.0	270.165466309,45.03932584269663,-122.64345578390599,0.0,0.0,0.0,0.0,0.0,0.0,0.0	479.430847168,45.03932584269663,-122.53691156781197,0.0,0.0,0.0,0.0,0.0,0.0,0.0	535.096008301,45.03932584269663,-122.43036735171796,0.0,0.0,0.0,0.0,0.0,0.0,0.0	775.929016113,45.03932584269663,-122.32382313562394,0.0,0.0,0.0,0.0,0.0,0.0,0.0	1173.67199707,45.03932584269663,-122.21727891952993,0.0,0.0,0.0,0.0,0.0,0.0,0.0	1029.326904297,45.03932584269663,-122.11073470343592,0.0,0.0,0.0,0.0,0.0,0.0,0.0	1017.42010498,45.03932584269663,-122.0041904873419,0.0,0.0,0.0,0.0,0.0,0.0,0.0	997.942810059,45.03932584269663,-121.8976462712479,0.0,0.0,0.0,0.0,0.0,0.0,0.0	1250.528808594,45.03932584269663,-121.79110205515389,0.0,0.0,0.0,0.0,0.0,0.0,0.0	1193.899780273,45.03932584269663,-121.68455783905986,0.0,0.0,0.0,0.0,0.0,0.0,0.0	1102.65246582,45.03932584269663,-121.57801362296586,0.0,0.0,0.0,0.0,0.0,0.0,0.0	872.954345703,45.03932584269663,-121.47146940687185,0.0,0.0,0.0,0.0,0.0,0.0,0.0	968.145874023,45.03932584269663,-121.36492519077783,0.0,0.0,0.0,0.0,0.0,0.0,0.0	849.411132812,45.03932584269663,-121.25838097468382,0.0,0.0,0.0,0.0,0.0,0.0,0.0	945.711303711,45.03932584269663,-121.15183675858981,0.0,0.0,0.0,0.0,0.0,0.0,0.0	835.865722656,45.03932584269663,-121.04529254249579,0.0,0.0,0.0,0.0,0.0,0.0,0.0	877.247070312,45.03932584269663,-120.93874832640178,0.0,0.0,0.0,0.0,0.0,0.0,0.0
0.0,44.97752808988764,-124.55929858282774,0.0,0.0,0.0,0.0,0.0,0.0,0.0	0.0,44.97752808988764,-124.4528692544261,0.0,0.0,0.0,0.0,0.0,0.0,0.0	0.0,44.97752808988764,-124.34643992602447,0.0,0.0,0.0,0.0,0.0,0.0,0.0	0.0,44.97752808988764,-124.24001059762284,0.0,0.0,0.0,0.0,0.0,0.0,0.0	0.0,44.97752808988764,-124.13358126922121,0.0,0.0,0.0,0.0,0.0,0.0,0.0	0.0,44.97752808988764,-124.02715194081958,0.0,0.0,0.0,0.0,0.0,0.0,0.0	371.511657715,44.97752808988764,-123.92072261241795,0.0,0.0,0.0,0.0,0.0,0.0,0.0	719.095947266,44.97752808988764,-123.81429328401632,0.0,0.0,0.0,0.0,0.0,0.0,0.0	753.839050293,44.97752808988764,-123.70786395561468,0.0,0.0,0.0,0.0,0.0,0.0,0.0	632.994628906,44.97752808988764,-123.60143462721305,0.0,0.0,0.0,0.0,0.0,0.0,0.0	445.782104492,44.97752808988764,-123.49500529881142,0.0,0.0,0.0,0.0,0.0,0.0,0.0	300.467529297,44.97752808988764,-123.38857597040979,0.0,0.0,0.0,0.0,0.0,0.0,0.0	71.310844421,44.97752808988764,-123.28214664200816,0.0,0.0,0.0,0.0,0.0,0.0,0.0	69.008277893,44.97752808988764,-123.17571731360653,0.0,0.0,0.0,0.0,0.0,0.0,0.0	56.97637558,44.97752808988764,-123.0692879852049,0.0,0.0,0.0,0.0,0.0,0.0,0.0	60.218971252,44.97752808988764,-122.96285865680326,0.0,0.0,0.0,0.0,0.0,0.0,0.0	68.680000305,44.97752808988764,-122.85642932840163,0.0,0.0,0.0,0.0,0.0,0.0,0.0	176.021820068,44.97752808988764,-122.75,0.0,0.0,0.0,0.0,0.0,0.0,0.0	262.968322754,44.97752808988764,-122.64357067159835,0.0,0.0,0.0,0.0,0.0,0.0,0.0	649.382507324,44.97752808988764,-122.53714134319672,0.0,0.0,0.0,0.0,0.0,0.0,0.0	904.403015137,44.97752808988764,-122.43071201479509,0.0,0.0,0.0,0.0,0.0,0.0,0.0	929.779785156,44.97752808988764,-122.32428268639346,0.0,0.0,0.0,0.0,0.0,0.0,0.0	1311.234008789,44.97752808988764,-122.21785335799183,0.0,0.0,0.0,0.0,0.0,0.0,0.0	680.816711426,44.97752808988764,-122.1114240295902,0.0,0.0,0.0,0.0,0.0,0.0,0.0	1419.508666992,44.97752808988764,-122.00499470118856,0.0,0.0,0.0,0.0,0.0,0.0,0.0	751.219055176,44.97752808988764,-121.89856537278693,0.0,0.0,0.0,0.0,0.0,0.0,0.0	1151.209228516,44.97752808988764,-121.7921360443853,0.0,0.0,0.0,0.0,0.0,0.0,0.0	1139.276733398,44.97752808988764,-121.68570671598367,0.0,0.0,0.0,0.0,0.0,0.0,0.0	926.184387207,44.97752808988764,-121.57927738758204,0.0,0.0,0.0,0.0,0.0,0.0,0.0	805.772644043,44.97752808988764,-121.47284805918041,0.0,0.0,0.0,0.0,0.0,0.0,0.0	741.765319824,44.97752808988764,-121.36641873077878,0.0,0.0,0.0,0.0,0.0,0.0,0.0	924.084228516,44.97752808988764,-121.25998940237714,0.0,0.0,0.0,0.0,0.0,0.0,0.0	1054.073730469,44.97752808988764,-121.15356007397551,0.0,0.0,0.0,0.0,0.0,0.0,0.0	510.631622314,44.97752808988764,-121.04713074557388,0.0,0.0,0.0,0.0,0.0,0.0,0.0	934.403625488,44.97752808988764,-120.94070141717225,0.0,0.0,0.0,0.0,0.0,0.0,0.0
0.0,44.91573033707865,-124.55735179986274,0.0,0.0,0.0,0.0,0.0,0.0,0.0	0.0,44.91573033707865,-124.45103698810611,0.0,0.0,0.0,0.0,0.0,0.0,0.0	0.0,44.91573033707865,-124.34472217634948,0.0,0.0,0.0,0.0,0.0,0.0,0.0	0.0,44.91573033707865,-124.23840736459285,0.0,0.0,0.0,0.0,0.0,0.0,0.0	0.0,44.91573033707865,-124.13209255283621,0.0,0.0,0.0,0.0,0.0,0.0,0.0	1.705368638,44.91573033707865,-124.02577774107958,0.0,0.0,0.0,0.0,0.0,0.0,0.0	305.749237061,44.91573033707865,-123.91946292932295,0.0,0.0,0.0,0.0,0.0,0.0,0.0	371.822174072,44.91573033707865,-123.81314811756631,0.0,0.0,0.0,0.0,0.0,0.0,0.0	451.711456299,44.91573033707865,-123.70683330580968,0.0,0.0,0.0,0.0,0.0,0.0,0.0	950.693359375,44.91573033707865,-123.60051849405306,0.0,0.0,0.0,0.0,0.0,0.0,0.0	309.135192871,44.91573033707865,-123.49420368229643,0.0,0.0,0.0,0.0,0.0,0.0,0.0	199.269561768,44.91573033707865,-123.3878888705398,0.0,0.0,0.0,0.0,0.0,0.0,0.0	84.369819641,44.91573033707865,-123.28157405878316,0.0,0.0,0.0,0.0,0.0,0.0,0.0	53.388442993,44.91573033707865,-123.17525924702653,0.0,0.0,0.0,0.0,0.0,0.0,0.0	45.395458221,44.91573033707865,-123.0689444352699,0.0,0.0,0.0,0.0,0.0,0.0,0.0	66.899002075,44.91573033707865,-122.96262962351327,0.0,0.0,0.0,0.0,0.0,0.0,0.0	152.056396484,44.91573033707865,-122.85631481175663,0.0,0.0,0.0,0.0,0.0,0.0,0.0	195.643188477,44.91573033707865,-122.75,0.0,0.0,0.0,0.0,0.0,0.0,0.0	552.862365723,44.91573033707865,-122.64368518824337,0.0,0.0,0.0,0.0,0.0,0.0,0.0	506.347595215,44.91573033707865,-122.53737037648673,0.0,0.0,0.0,0.0,0.0,0.0,0.0	1130.150024414,44.91573033707865,-122.4310555647301,0.0,0.0,0.0,0.0,0.0,0.0,0.0	732.910583496,44.91573033707865,-122.32474075297347,0.0,0.0,0.0,0.0,0.0,0.0,0.0	1169.421386719,44.91573033707865,-122.21842594121684,0.0,0.0,0.0,0.0,0.0,0.0,0.0	1274.263916016,44.91573033707865,-122.1121111294602,0.0,0.0,0.0,0.0,0.0,0.0,0.0	803.398864746,44.91573033707865,-122.00579631770357,0.0,0.0,0.0,0.0,0.0,0.0,0.0	801.119934082,44.91573033707865,-121.89948150594694,0.0,0.0,0.0,0.0,0.0,0.0,0.0	1312.091552734,44.91573033707865,-121.79316669419032,0.0,0.0,0.0,0.0,0.0,0.0,0.0	1305.208007812,44.91573033707865,-121.68685188243369,0.0,0.0,0.0,0.0,0.0,0.0,0.0	892.77142334,44.91573033707865,-121.58053707067705,0.0,0.0,0.0,0.0,0.0,0.0,0.0	800.067260742,44.91573033707865,-121.47422225892042,0.0,0.0,0.0,0.0,0.0,0.0,0.0	810.031494141,44.91573033707865,-121.36790744716379,0.0,0.0,0.0,0.0,0.0,0.0,0.0	924.372558594,44.91573033707865,-121.26159263540715,0.0,0.0,0.0,0.0,0.0,0.0,0.0	618.751525879,44.91573033707865,-121.15527782365052,0.0,0.0,0.0,0.0,0.0,0.0,0.0	472.843505859,44.91573033707865,-121.04896301189389,0.0,0.0,0.0,0.0,0.0,0.0,0.0	973.276184082,44.91573033707865,-120.94264820013726,0.0,0.0,0.0,0.0,0.0,0.0,0.0
0.0,44.853932584269664,-124.55541129984155,0.0,0.0,0.0,0.0,0.0,0.0,0.0	0.0,44.853932584269664,-124.449210635145,0.0,0.0,0.0,0.0,0.0,0.0,0.0	0.0,44.853932584269664,-124.34300997044842,0.0,0.0,0.0,0.0,0.0,0.0,0.0	0.0,44.853932584269664,-124.23680930575186,0.0,0.0,0.0,0.0,0.0,0.0,0.0	0.0,44.853932584269664,-124.1306086410553,0.0,0.0,0.0,0.0,0.0,0.0,0.0	34.477367401,44.853932584269664,-124.02440797635875,0.0,0.0,0.0,0.0,0.0,0.0,0.0	173.611785889,44.853932584269664,-123.91820731166217,0.0,0.0,0.0,0.0,0.0,0.0,0.0	409.187652588,44.853932584269664,-123.81200664696561,0.0,0.0,0.0,0.0,0.0,0.0,0.0	555.083496094,44.853932584269664,-123.70580598226906,0.0,0.0,0.0,0.0,0.0,0.0,0.0	846.207641602,44.853932584269664,-123.5996053175725,0.0,0.0,0.0,0.0,0.0,0.0,0.0	569.573730469,44.853932584269664,-123.49340465287592,0.0,0.0,0.0,0.0,0.0,0.0,0.0	98.133842468,44.853932584269664,-123.38720398817937,0.0,0.0,0.0,0.0,0.0,0.0,0.0	70.458694458,44.853932584269664,-123.2810033234828,0.0,0.0,0.0,0.0,0.0,0.0,0.0	46.286647797,44.853932584269664,-123.17480265878625,0.0,0.0,0.0,0.0,0.0,0.0,0.0	170.14453125,44.853932584269664,-123.06860199408968,0.0,0.0,0.0,0.0,0.0,0.0,0.0	82.869850159,44.853932584269664,-122.96240132939312,0.0,0.0,0.0,0.0,0.0,0.0,0.0	108.408363342,44.853932584269664,-122.85620066469656,0.0,0.0,0.0,0.0,0.0,0.0,0.0	222.314559937,44.853932584269664,-122.75,0.0,0.0,0.0,0.0,0.0,0.0,0.0	424.20501709,44.853932584269664,-122.64379933530343,0.0,0.0,0.0,0.0,0.0,0.0,0.0	861.419006348,44.853932584269664,-122.53759867060687,0.0,0.0,0.0,0.0,0.0,0.0,0.0	874.129577637,44.853932584269664,-122.43139800591031,0.0,0.0,0.0,0.0,0.0,0.0,0.0	903.928222656,44.853932584269664,-122.32519734121375,0.0,0.0,0.0,0.0,0.0,0.0,0.0	823.797424316,44.853932584269664,-122.21899667651718,0.0,0.0,0.0,0.0,0.0,0.0,0.0	1227.15625,44.853932584269664,-122.11279601182062,0.0,0.0,0.0,0.0,0.0,0.0,0.0	1155.155151367,44.853932584269664,-122.00659534712406,0.0,0.0,0.0,0.0,0.0,0.0,0.0	938.525756836,44.853932584269664,-121.9003946824275,0.0,0.0,0.0,0.0,0.0,0.0,0.0	1271.289550781,44.853932584269664,-121.79419401773093,0.0,0.0,0.0,0.0,0.0,0.0,0.0	1495.01953125,44.853932584269664,-121.68799335303437,0.0,0.0,0.0,0.0,0.0,0.0,0.0	1074.620849609,44.853932584269664,-121.58179268833781,0.0,0.0,0.0,0.0,0.0,0.0,0.0	825.40447998,44.853932584269664,-121.47559202364125,0.0,0.0,0.0,0.0,0.0,0.0,0.0	796.231079102,44.853932584269664,-121.36939135894468,0.0,0.0,0.0,0.0,0.0,0.0,0.0	474.806060791,44.853932584269664,-121.26319069424812,0.0,0.0,0.0,0.0,0.0,0.0,0.0	478.228759766,44.853932584269664,-121.15699002955157,0.0,0.0,0.0,0.0,0.0,0.0,0.0	485.706817627,44.853932584269664,-121.050789364855,0.0,0.0,0.0,0.0,0.0,0.0,0.0	878.962036133,44.853932584269664,-120.94458870015843,0.0,0.0,0.0,0.0,0.0,0.0,0.0
0.0,44.79213483146067,-124.55347705804084,0.0,0.0,0.0,0.0,0.0,0.0,0.0	0.0,44.79213483146067,-124.44739017227373,0.0,0.0,0.0,0.0,0.0,0.0,0.0	0.0,44.79213483146067,-124.34130328650663,0.0,0.0,0.0,0.0,0.0,0.0,0.0	0.0,44.79213483146067,-124.23521640073952,0.0,0.0,0.0,0.0,0.0,0.0,0.0	0.0,44.79213483146067,-124.1291295149724,0.0,0.0,0.0,0.0,0.0,0.0,0.0	108.276000977,44.79213483146067,-124.02304262920529,0.0,0.0,0.0,0.0,0.0,0.0,0.0	124.385490417,44.79213483146067,-123.9169557434382,0.0,0.0,0.0,0.0,0.0,0.0,0.0	169.871002197,44.79213483146067,-123.81086885767108,0.0,0.0,0.0,0.0,0.0,0.0,0.0	305.628540039,44.79213483146067,-123.70478197190397,0.0,0.0,0.0,0.0,0.0,0.0,0.0	261.466033936,44.79213483146067,-123.59869508613687,0.0,0.0,0.0,0.0,0.0,0.0,0.0	367.825195312,44.79213483146067,-123.49260820036976,0.0,0.0,0.0,0.0,0.0,0.0,0.0	139.421295166,44.79213483146067,-123.38652131460265,0.0,0.0,0.0,0.0,0.0,0.0,0.0	64.292327881,44.79213483146067,-123.28043442883553,0.0,0.0,0.0,0.0,0.0,0.0,0.0	95.80355072,44.79213483146067,-123.17434754306844,0.0,0.0,0.0,0.0,0.0,0.0,0.0	70.409072876,44.79213483146067,-123.06826065730132,0.0,0.0,0.0,0.0,0.0,0.0,0.0	130.543487549,44.79213483146067,-122.96217377153421,0.0,0.0,0.0,0.0,0.0,0.0,0.0	120.76171875,44.79213483146067,-122.8560868857671,0.0,0.0,0.0,0.0,0.0,0.0,0.0	148.131134033,44.79213483146067,-122.75,0.0,0.0,0.0,0.0,0.0,0.0,0.0	186.390182495,44.79213483146067,-122.64391311423289,0.0,0.0,0.0,0.0,0.0,0.0,0.0	357.664916992,44.79213483146067,-122.53782622846578,0.0,0.0,0.0,0.0,0.0,0.0,0.0	426.310302734,44.79213483146067,-122.43173934269868,0.0,0.0,0.0,0.0,0.0,0.0,0.0	1023.438293457,44.79213483146067,-122.32565245693156,0.0,0.0,0.0,0.0,0.0,0.0,0.0	1033.37902832,44.79213483146067,-122.21956557116445,0.0,0.0,0.0,0.0,0.0,0.0,0.0	1378.5390625,44.79213483146067,-122.11347868539734,0.0,0.0,0.0,0.0,0.0,0.0,0.0	946.604370117,44.79213483146067,-122.00739179963024,0.0,0.0,0.0,0.0,0.0,0.0,0.0	895.708862305,44.79213483146067,-121.90130491386313,0.0,0.0,0.0,0.0,0.0,0.0,0.0	1574.445556641,44.79213483146067,-121.79521802809602,0.0,0.0,0.0,0.0,0.0,0.0,0.0	1381.602661133,44.79213483146067,-121.68913114232892,0.0,0.0,0.0,0.0,0.0,0.0,0.0	1143.200073242,44.79213483146067,-121.5830442565618,0.0,0.0,0.0,0.0,0.0,0.0,0.0	898.448852539,44.79213483146067,-121.4769573707947,0.0,0.0,0.0,0.0,0.0,0.0,0.0	635.415466309,44.79213483146067,-121.37087048502758,0.0,0.0,0.0,0.0,0.0,0.0,0.0	487.009246826,44.79213483146067,-121.26478359926048,0.0,0.0,0.0,0.0,0.0,0.0,0.0	466.812866211,44.79213483146067,-121.15869671349337,0.0,0.0,0.0,0.0,0.0,0.0,0.0	582.434265137,44.79213483146067,-121.05260982772626,0.0,0.0,0.0,0.0,0.0,0.0,0.0	560.213378906,44.79213483146067,-120.94652294195916,0.0,0.0,0.0,0.0,0.0,0.0,0.0
0.0,44.73033707865169,-124.55154904987467,0.0,0.0,0.0,0.0,0.0,0.0,0.0	0.0,44.73033707865169,-124.44557557635262,0.0,0.0,0.0,0.0,0.0,0.0,0.0	0.0,44.73033707865169,-124.33960210283058,0.0,0.0,0.0,0.0,0.0,0.0,0.0	0.0,44.73033707865169,-124.23362862930855,0.0,0.0,0.0,0.0,0.0,0.0,0.0	0.0,44.73033707865169,-124.12765515578651,0.0,0.0,0.0,0.0,0.0,0.0,0.0	31.286460876,44.73033707865169,-124.02168168226447,0.0,0.0,0.0,0.0,0.0,0.0,0.0	29.399711609,44.73033707865169,-123.91570820874243,0.0,0.0,0.0,0.0,0.0,0.0,0.0	60.997787476,44.73033707865169,-123.80973473522039,0.0,0.0,0.0,0.0,0.0,0.0,0.0	293.776367188,44.73033707865169,-123.70376126169836,0.0,0.0,0.0,0.0,0.0,0.0,0.0	478.758056641,44.73033707865169,-123.59778778817632,0.0,0.0,0.0,0.0,0.0,0.0,0.0	244.525756836,44.73033707865169,-123.49181431465428,0.0,0.0,0.0,0.0,0.0,0.0,0.0	227.241897583,44.73033707865169,-123.38584084113224,0.0,0.0,0.0,0.0,0.0,0.0,0.0	65.541313171,44.73033707865169,-123.2798673676102,0.0,0.0,0.0,0.0,0.0,0.0,0.0	62.424137115,44.73033707865169,-123.17389389408817,0.0,0.0,0.0,0.0,0.0,0.0,0.0	60.397331238,44.73033707865169,-123.06792042056613,0.0,0.0,0.0,0.0,0.0,0.0,0.0	85.286842346,44.73033707865169,-122.96194694704408,0.0,0.0,0.0,0.0,0.0,0.0,0.0	127.650032043,44.73033707865169,-122.85597347352204,0.0,0.0,0.0,0.0,0.0,0.0,0.0	197.504074097,44.73033707865169,-122.75,0.0,0.0,0.0,0.0,0.0,0.0,0.0	196.465744019,44.73033707865169,-122.64402652647797,0.0,0.0,0.0,0.0,0.0,0.0,0.0	498.903594971,44.73033707865169,-122.53805305295593,0.0,0.0,0.0,0.0,0.0,0.0,0.0	420.606750488,44.73033707865169,-122.43207957943389,0.0,0.0,0.0,0.0,0.0,0.0,0.0	710.335266113,44.73033707865169,-122.32610610591185,0.0,0.0,0.0,0.0,0.0,0.0,0.0	1286.839599609,44.73033707865169,-122.2201326323898,0.0,0.0,0.0,0.0,0.0,0.0,0.0	910.93951416,44.73033707865169,-122.11415915886778,0.0,0.0,0.0,0.0,0.0,0.0,0.0	1100.635986328,44.73033707865169,-122.00818568534574,0.0,0.0,0.0,0.0,0.0,0.0,0.0	1470.185668945,44.73033707865169,-121.9022122118237,0.0,0.0,0.0,0.0,0.0,0.0,0.0	1987.778808594,44.73033707865169,-121.79623873830165,0.0,0.0,0.0,0.0,0.0,0.0,0.0	1591.551025391,44.73033707865169,-121.69026526477961,0.0,0.0,0.0,0.0,0.0,0.0,0.0	1150.452636719,44.73033707865169,-121.58429179125758,0.0,0.0,0.0,0.0,0.0,0.0,0.0	979.545227051,44.73033707865169,-121.47831831773554,0.0,0.0,0.0,0.0,0.0,0.0,0.0	831.163024902,44.73033707865169,-121.3723448442135,0.0,0.0,0.0,0.0,0.0,0.0,0.0	654.529296875,44.73033707865169,-121.26637137069146,0.0,0.0,0.0,0.0,0.0,0.0,0.0	722.006958008,44.73033707865169,-121.16039789716942,0.0,0.0,0.0,0.0,0.0,0.0,0.0	676.350891113,44.73033707865169,-121.05442442364739,0.0,0.0,0.0,0.0,0.0,0.0,0.0	717.986328125,44.73033707865169,-120.94845095012535,0.0,0.0,0.0,0.0,0.0,0.0,0.0
0.0,44.668539325842694,-124.54962725089352,0.0,0.0,0.0,0.0,0.0,0.0,0.0	0.0,44.668539325842694,-124.44376682437037,0.0,0.0,0.0,0.0,0.0,0.0,0.0	0.0,44.668539325842694,-124.33790639784722,0.0,0.0,0.0,0.0,0.0,0.0,0.0	0.0,44.668539325842694,-124.23204597132408,0.0,0.0,0.0,0.0,0.0,0.0,0.0	0.0,44.668539325842694,-124.12618554480093,0.0,0.0,0.0,0.0,0.0,0.0,0.0	42.765106201,44.668539325842694,-124.02032511827778,0.0,0.0,0.0,0.0,0.0,0.0,0.0	103.181228638,44.668539325842694,-123.91446469175463,0.0,0.0,0.0,0.0,0.0,0.0,0.0	119.609039307,44.668539325842694,-123.80860426523148,0.0,0.0,0.0,0.0,0.0,0.0,0.0	64.948104858,44.668539325842694,-123.70274383870834,0.0,0.0,0.0,0.0,0.0,0.0,0.0	145.746536255,44.668539325842694,-123.59688341218519,0.0,0.0,0.0,0.0,0.0,0.0,0.0	218.210784912,44.668539325842694,-123.49102298566204,0.0,0.0,0.0,0.0,0.0,0.0,0.0	256.659240723,44.668539325842694,-123.38516255913889,0.0,0.0,0.0,0.0,0.0,0.0,0.0	110.118415833,44.668539325842694,-123.27930213261574,0.0,0.0,0.0,0.0,0.0,0.0,0.0	82.711921692,44.668539325842694,-123.1734417060926,0.0,0.0,0.0,0.0,0.0,0.0,0.0	72.703338623,44.668539325842694,-123.06758127956945,0.0,0.0,0.0,0.0,0.0,0.0,0.0	75.064941406,44.668539325842694,-122.9617208530463,0.0,0.0,0.0,0.0,0.0,0.0,0.0	159.185287476,44.668539325842694,-122.85586042652315,0.0,0.0,0.0,0.0,0.0,0.0,0.0	310.430267334,44.668539325842694,-122.75,0.0,0.0,0.0,0.0,0.0,0.0,0.0	485.875305176,44.668539325842694,-122.64413957347686,0.0,0.0,0.0,0.0,0.0,0.0,0.0	654.661682129,44.668539325842694,-122.53827914695371,0.0,0.0,0.0,0.0,0.0,0.0,0.0	742.602478027,44.668539325842694,-122.43241872043056,0.0,0.0,0.0,0.0,0.0,0.0,0.0	1270.203491211,44.668539325842694,-122.32655829390741,0.0,0.0,0.0,0.0,0.0,0.0,0.0	1210.262084961,44.668539325842694,-122.22069786738426,0.0,0.0,0.0,0.0,0.0,0.0,0.0	831.448303223,44.668539325842694,-122.11483744086112,0.0,0.0,0.0,0.0,0.0,0.0,0.0	968.457336426,44.668539325842694,-122.00897701433797,0.0,0.0,0.0,0.0,0.0,0.0,0.0	1116.781982422,44.668539325842694,-121.90311658781482,0.0,0.0,0.0,0.0,0.0,0.0,0.0	2730.944580078,44.668539325842694,-121.79725616129167,0.0,0.0,0.0,0.0,0.0,0.0,0.0	1746.360351562,44.668539325842694,-121.69139573476852,0.0,0.0,0.0,0.0,0.0,0.0,0.0	804.537902832,44.668539325842694,-121.58553530824538,0.0,0.0,0.0,0.0,0.0,0.0,0.0	969.252258301,44.668539325842694,-121.47967488172223,0.0,0.0,0.0,0.0,0.0,0.0,0.0	757.720275879,44.668539325842694,-121.37381445519908,0.0,0.0,0.0,0.0,0.0,0.0,0.0	527.214782715,44.668539325842694,-121.26795402867593,0.0,0.0,0.0,0.0,0.0,0.0,0.0	736.225830078,44.668539325842694,-121.16209360215278,0.0,0.0,0.0,0.0,0.0,0.0,0.0	731.571105957,44.668539325842694,-121.05623317562964,0.0,0.0,0.0,0.0,0.0,0.0,0.0	811.99230957,44.668539325842694,-120.95037274910649,0.0,0.0,0.0,0.0,0.0,0.0,0.0
0.0,44.60674157303371,-124.54771163678346,0.0,0.0,0.0,0.0,0.0,0.0,0.0	0.0,44.60674157303371,-124.44196389344326,0.0,0.0,0.0,0.0,0.0,0.0,0.0	0.0,44.60674157303371,-124.33621615010306,0.0,0.0,0.0,0.0,0.0,0.0,0.0	0.0,44.60674157303371,-124.23046840676285,0.0,0.0,0.0,0.0,0.0,0.0,0.0	0.0,44.60674157303371,-124.12472066342265,0.0,0.0,0.0,0.0,0.0,0.0,0.0	1.480805635,44.60674157303371,-124.01897292008245,0.0,0.0,0.0,0.0,0.0,0.0,0.0	76.461578369,44.60674157303371,-123.91322517674224,0.0,0.0,0.0,0.0,0.0,0.0,0.0	140.475219727,44.60674157303371,-123.80747743340203,0.0,0.0,0.0,0.0,0.0,0.0,0.0	237.522384644,44.60674157303371,-123.70172969006182,0.0,0.0,0.0,0.0,0.0,0.0,0.0	232.648956299,44.60674157303371,-123.59598194672162,0.0,0.0,0.0,0.0,0.0,0.0,0.0	199.899978638,44.60674157303371,-123.49023420338142,0.0,0.0,0.0,0.0,0.0,0.0,0.0	212.111495972,44.60674157303371,-123.38448646004122,0.0,0.0,0.0,0.0,0.0,0.0,0.0	160.802185059,44.60674157303371,-123.27873871670101,0.0,0.0,0.0,0.0,0.0,0.0,0.0	62.464351654,44.60674157303371,-123.17299097336081,0.0,0.0,0.0,0.0,0.0,0.0,0.0	73.06010437,44.60674157303371,-123.06724323002061,0.0,0.0,0.0,0.0,0.0,0.0,0.0	86.15196228,44.60674157303371,-122.9614954866804,0.0,0.0,0.0,0.0,0.0,0.0,0.0	102.870727539,44.60674157303371,-122.8557477433402,0.0,0.0,0.0,0.0,0.0,0.0,0.0	176.186172485,44.60674157303371,-122.75,0.0,0.0,0.0,0.0,0.0,0.0,0.0	555.504150391,44.60674157303371,-122.6442522566598,0.0,0.0,0.0,0.0,0.0,0.0,0.0	545.850402832,44.60674157303371,-122.5385045133196,0.0,0.0,0.0,0.0,0.0,0.0,0.0	999.878234863,44.60674157303371,-122.43275676997939,0.0,0.0,0.0,0.0,0.0,0.0,0.0	747.765258789,44.60674157303371,-122.32700902663917,0.0,0.0,0.0,0.0,0.0,0.0,0.0	1164.92199707,44.60674157303371,-122.22126128329897,0.0,0.0,0.0,0.0,0.0,0.0,0.0	995.389770508,44.60674157303371,-122.11551353995877,0.0,0.0,0.0,0.0,0.0,0.0,0.0	1236.475219727,44.60674157303371,-122.00976579661857,0.0,0.0,0.0,0.0,0.0,0.0,0.0	1381.088867188,44.60674157303371,-121.90401805327836,0.0,0.0,0.0,0.0,0.0,0.0,0.0	1858.44543457,44.60674157303371,-121.79827030993816,0.0,0.0,0.0,0.0,0.0,0.0,0.0	1061.028686523,44.60674157303371,-121.69252256659796,0.0,0.0,0.0,0.0,0.0,0.0,0.0	1164.444458008,44.60674157303371,-121.58677482325776,0.0,0.0,0.0,0.0,0.0,0.0,0.0	796.408691406,44.60674157303371,-121.48102707991755,0.0,0.0,0.0,0.0,0.0,0.0,0.0	830.203369141,44.60674157303371,-121.37527933657735,0.0,0.0,0.0,0.0,0.0,0.0,0.0	771.799377441,44.60674157303371,-121.26953159323715,0.0,0.0,0.0,0.0,0.0,0.0,0.0	758.86932373,44.60674157303371,-121.16378384989694,0.0,0.0,0.0,0.0,0.0,0.0,0.0	787.634216309,44.60674157303371,-121.05803610655673,0.0,0.0,0.0,0.0,0.0,0.0,0.0	991.333312988,44.60674157303371,-120.95228836321652,0.0,0.0,0.0,0.0,0.0,0.0,0.0
0.0,44.54494382022472,-124.54580218336517,0.0,0.0,0.0,0.0,0.0,0.0,0.0	0.0,44.54494382022472,-124.44016676081428,0.0,0.0,0.0,0.0,0.0,0.0,0.0	0.0,44.54494382022472,-124.33453133826339,0.0,0.0,0.0,0.0,0.0,0.0,0.0	0.0,44.54494382022472,-124.22889591571249,0.0,0.0,0.0,0.0,0.0,0.0,0.0	0.0,44.54494382022472,-124.1232604931616,0.0,0.0,0.0,0.0,0.0,0.0,0.0	91.62310791,44.54494382022472,-124.0176250706107,0.0,0.0,0.0,0.0,0.0,0.0,0.0	286.154510498,44.54494382022472,-123.91198964805982,0.0,0.0,0.0,0.0,0.0,0.0,0.0	199.902923584,44.54494382022472,-123.80635422550893,0.0,0.0,0.0,0.0,0.0,0.0,0.0	162.802688599,44.54494382022472,-123.70071880295802,0.0,0.0,0.0,0.0,0.0,0.0,0.0	344.622924805,44.54494382022472,-123.59508338040713,0.0,0.0,0.0,0.0,0.0,0.0,0.0	262.520904541,44.54494382022472,-123.48944795785624,0.0,0.0,0.0,0.0,0.0,0.0,0.0	131.799865723,44.54494382022472,-123.38381253530535,0.0,0.0,0.0,0.0,0.0,0.0,0.0	67.672225952,44.54494382022472,-123.27817711275446,0.0,0.0,0.0,0.0,0.0,0.0,0.0	71.497772217,44.54494382022472,-123.17254169020356,0.0,0.0,0.0,0.0,0.0,0.0,0.0	80.851730347,44.54494382022472,-123.06690626765267,0.0,0.0,0.0,0.0,0.0,0.0,0.0	97.538131714,44.54494382022472,-122.96127084510178,0.0,0.0,0.0,0.0,0.0,0.0,0.0	226.984817505,44.54494382022472,-122.85563542255089,0.0,0.0,0.0,0.0,0.0,0.0,0.0	203.050369263,44.54494382022472,-122.75,0.0,0.0,0.0,0.0,0.0,0.0,0.0	523.149780273,44.54494382022472,-122.6443645774491,0.0,0.0,0.0,0.0,0.0,0.0,0.0	948.760864258,44.54494382022472,-122.5387291548982,0.0,0.0,0.0,0.0,0.0,0.0,0.0	509.395904541,44.54494382022472,-122.43309373234732,0.0,0.0,0.0,0.0,0.0,0.0,0.0	1173.466186523,44.54494382022472,-122.32745830979643,0.0,0.0,0.0,0.0,0.0,0.0,0.0	1133.32019043,44.54494382022472,-122.22182288724554,0.0,0.0,0.0,0.0,0.0,0.0,0.0	973.271728516,44.54494382022472,-122.11618746469463,0.0,0.0,0.0,0.0,0.0,0.0,0.0	1127.998901367,44.54494382022472,-122.01055204214374,0.0,0.0,0.0,0.0,0.0,0.0,0.0	1401.849365234,44.54494382022472,-121.90491661959285,0.0,0.0,0.0,0.0,0.0,0.0,0.0	1754.634765625,44.54494382022472,-121.79928119704196,0.0,0.0,0.0,0.0,0.0,0.0,0.0	1060.23059082,44.54494382022472,-121.69364577449107,0.0,0.0,0.0,0.0,0.0,0.0,0.0	1404.615844727,44.54494382022472,-121.58801035194018,0.0,0.0,0.0,0.0,0.0,0.0,0.0	1022.567810059,44.54494382022472,-121.48237492938928,0.0,0.0,0.0,0.0,0.0,0.0,0.0	861.110961914,44.54494382022472,-121.37673950683839,0.0,0.0,0.0,0.0,0.0,0.0,0.0	593.400024414,44.54494382022472,-121.2711040842875,0.0,0.0,0.0,0.0,0.0,0.0,0.0	799.848205566,44.54494382022472,-121.16546866173661,0.0,0.0,0.0,0.0,0.0,0.0,0.0	927.060668945,44.54494382022472,-121.05983323918572,0.0,0.0,0.0,0.0,0.0,0.0,0.0	1099.5703125,44.54494382022472,-120.95419781663482,0.0,0.0,0.0,0.0,0.0,0.0,0.0
0.0,44.48314606741573,-124.54389886659303,0.0,0.0,0.0,0.0,0.0,0.0,0.0	0.0,44.48314606741573,-124.43837540385226,0.0,0.0,0.0,0.0,0.0,0.0,0.0	0.0,44.48314606741573,-124.3328519411115,0.0,0.0,0.0,0.0,0.0,0.0,0.0	0.0,44.48314606741573,-124.22732847837072,0.0,0.0,0.0,0.0,0.0,0.0,0.0	0.0,44.48314606741573,-124.12180501562996,0.0,0.0,0.0,0.0,0.0,0.0,0.0	17.111366272,44.48314606741573,-124.0162815528892,0.0,0.0,0.0,0.0,0.0,0.0,0.0	362.659057617,44.48314606741573,-123.91075809014843,0.0,0.0,0.0,0.0,0.0,0.0,0.0	234.1690979,44.48314606741573,-123.80523462740766,0.0,0.0,0.0,0.0,0.0,0.0,0.0	482.141662598,44.48314606741573,-123.6997111646669,0.0,0.0,0.0,0.0,0.0,0.0,0.0	392.774414062,44.48314606741573,-123.59418770192613,0.0,0.0,0.0,0.0,0.0,0.0,0.0	309.195098877,44.48314606741573,-123.48866423918537,0.0,0.0,0.0,0.0,0.0,0.0,0.0	91.311210632,44.48314606741573,-123.3831407764446,0.0,0.0,0.0,0.0,0.0,0.0,0.0	75.649284363,44.48314606741573,-123.27761731370383,0.0,0.0,0.0,0.0,0.0,0.0,0.0	78.055335999,44.48314606741573,-123.17209385096307,0.0,0.0,0.0,0.0,0.0,0.0,0.0	79.810722351,44.48314606741573,-123.0665703882223,0.0,0.0,0.0,0.0,0.0,0.0,0.0	94.702163696,44.48314606741573,-122.96104692548154,0.0,0.0,0.0,0.0,0.0,0.0,0.0	178.022232056,44.48314606741573,-122.85552346274078,0.0,0.0,0.0,0.0,0.0,0.0,0.0	177.690032959,44.48314606741573,-122.75,0.0,0.0,0.0,0.0,0.0,0.0,0.0	553.158508301,44.48314606741573,-122.64447653725924,0.0,0.0,0.0,0.0,0.0,0.0,0.0	575.799804688,44.48314606741573,-122.53895307451847,0.0,0.0,0.0,0.0,0.0,0.0,0.0	290.844818115,44.48314606741573,-122.43342961177771,0.0,0.0,0.0,0.0,0.0,0.0,0.0	1102.359863281,44.48314606741573,-122.32790614903693,0.0,0.0,0.0,0.0,0.0,0.0,0.0	1020.359680176,44.48314606741573,-122.22238268629617,0.0,0.0,0.0,0.0,0.0,0.0,0.0	1052.929931641,44.48314606741573,-122.11685922355541,0.0,0.0,0.0,0.0,0.0,0.0,0.0	1111.878295898,44.48314606741573,-122.01133576081465,0.0,0.0,0.0,0.0,0.0,0.0,0.0	1491.221679688,44.48314606741573,-121.90581229807388,0.0,0.0,0.0,0.0,0.0,0.0,0.0	1623.670654297,44.48314606741573,-121.8002888353331,0.0,0.0,0.0,0.0,0.0,0.0,0.0	955.199829102,44.48314606741573,-121.69476537259234,0.0,0.0,0.0,0.0,0.0,0.0,0.0	1388.509521484,44.48314606741573,-121.58924190985158,0.0,0.0,0.0,0.0,0.0,0.0,0.0	1365.174682617,44.48314606741573,-121.48371844711082,0.0,0.0,0.0,0.0,0.0,0.0,0.0	867.693908691,44.48314606741573,-121.37819498437005,0.0,0.0,0.0,0.0,0.0,0.0,0.0	855.223205566,44.48314606741573,-121.27267152162928,0.0,0.0,0.0,0.0,0.0,0.0,0.0	916.992797852,44.48314606741573,-121.16714805888851,0.0,0.0,0.0,0.0,0.0,0.0,0.0	952.770202637,44.48314606741573,-121.06162459614775,0.0,0.0,0.0,0.0,0.0,0.0,0.0	1108.681884766,44.48314606741573,-120.95610113340699,0.0,0.0,0.0,0.0,0.0,0.0,0.0
0.0,44.42134831460674,-124.5420016625542,0.0,0.0,0.0,0.0,0.0,0.0,0.0	0.0,44.42134831460674,-124.43658980005101,0.0,0.0,0.0,0.0,0.0,0.0,0.0	0.0,44.42134831460674,-124.33117793754782,0.0,0.0,0.0,0.0,0.0,0.0,0.0	0.0,44.42134831460674,-124.22576607504463,0.0,0.0,0.0,0.0,0.0,0.0,0.0	0.0,44.42134831460674,-124.12035421254144,0.0,0.0,0.0,0.0,0.0,0.0,0.0	0.66235435,44.42134831460674,-124.01494235003825,0.0,0.0,0.0,0.0,0.0,0.0,0.0	123.602905273,44.42134831460674,-123.90953048753506,0.0,0.0,0.0,0.0,0.0,0.0,0.0	400.017486572,44.42134831460674,-123.80411862503189,0.0,0.0,0.0,0.0,0.0,0.0,0.0	754.600952148,44.42134831460674,-123.6987067625287,0.0,0.0,0.0,0.0,0.0,0.0,0.0	178.716125488,44.42134831460674,-123.59329490002551,0.0,0.0,0.0,0.0,0.0,0.0,0.0	727.446594238,44.42134831460674,-123.48788303752232,0.0,0.0,0.0,0.0,0.0,0.0,0.0	263.246002197,44.42134831460674,-123.38247117501913,0.0,0.0,0.0,0.0,0.0,0.0,0.0	78.340637207,44.42134831460674,-123.27705931251595,0.0,0.0,0.0,0.0,0.0,0.0,0.0	81.561607361,44.42134831460674,-123.17164745001276,0.0,0.0,0.0,0.0,0.0,0.0,0.0	85.317054749,44.42134831460674,-123.06623558750957,0.0,0.0,0.0,0.0,0.0,0.0,0.0	250.172286987,44.42134831460674,-122.96082372500638,0.0,0.0,0.0,0.0,0.0,0.0,0.0	401.534729004,44.42134831460674,-122.85541186250319,0.0,0.0,0.0,0.0,0.0,0.0,0.0	164.198806763,44.42134831460674,-122.75,0.0,0.0,0.0,0.0,0.0,0.0,0.0	255.96484375,44.42134831460674,-122.64458813749681,0.0,0.0,0.0,0.0,0.0,0.0,0.0	507.774505615,44.42134831460674,-122.53917627499362,0.0,0.0,0.0,0.0,0.0,0.0,0.0	555.328186035,44.42134831460674,-122.43376441249043,0.0,0.0,0.0,0.0,0.0,0.0,0.0	778.946899414,44.42134831460674,-122.32835254998724,0.0,0.0,0.0,0.0,0.0,0.0,0.0	1053.52331543,44.42134831460674,-122.22294068748407,0.0,0.0,0.0,0.0,0.0,0.0,0.0	1126.247314453,44.42134831460674,-122.11752882498088,0.0,0.0,0.0,0.0,0.0,0.0,0.0	1061.499633789,44.42134831460674,-122.01211696247769,0.0,0.0,0.0,0.0,0.0,0.0,0.0	1467.357055664,44.42134831460674,-121.9067050999745,0.0,0.0,0.0,0.0,0.0,0.0,0.0	1327.501464844,44.42134831460674,-121.80129323747131,0.0,0.0,0.0,0.0,0.0,0.0,0.0	984.491516113,44.42134831460674,-121.69588137496812,0.0,0.0,0.0,0.0,0.0,0.0,0.0	1161.232055664,44.42134831460674,-121.59046951246494,0.0,0.0,0.0,0.0,0.0,0.0,0.0	976.551025391,44.42134831460674,-121.48505764996175,0.0,0.0,0.0,0.0,0.0,0.0,0.0	841.978515625,44.42134831460674,-121.37964578745856,0.0,0.0,0.0,0.0,0.0,0.0,0.0	850.227722168,44.42134831460674,-121.27423392495537,0.0,0.0,0.0,0.0,0.0,0.0,0.0	870.96673584,44.42134831460674,-121.16882206245218,0.0,0.0,0.0,0.0,0.0,0.0,0.0	1232.994140625,44.42134831460674,-121.06341019994899,0.0,0.0,0.0,0.0,0.0,0.0,0.0	1268.592407227,44.42134831460674,-120.9579983374458,0.0,0.0,0.0,0.0,0.0,0.0,0.0
0.0,44.359550561797754,-124.5401105474678,0.0,0.0,0.0,0.0,0.0,0.0,0.0	0.0,44.359550561797754,-124.43480992702852,0.0,0.0,0.0,0.0,0.0,0.0,0.0	0.0,44.359550561797754,-124.32950930658924,0.0,0.0,0.0,0.0,0.0,0.0,0.0	0.0,44.359550561797754,-124.22420868614995,0.0,0.0,0.0,0.0,0.0,0.0,0.0	0.0,44.359550561797754,-124.11890806571067,0.0,0.0,0.0,0.0,0.0,0.0,0.0	274.656005859,44.359550561797754,-124.01360744527139,0.0,0.0,0.0,0.0,0.0,0.0,0.0	113.137382507,44.359550561797754,-123.90830682483211,0.0,0.0,0.0,0.0,0.0,0.0,0.0	103.061454773,44.359550561797754,-123.80300620439283,0.0,0.0,0.0,0.0,0.0,0.0,0.0	342.927459717,44.359550561797754,-123.69770558395355,0.0,0.0,0.0,0.0,0.0,0.0,0.0	96.706192017,44.359550561797754,-123.59240496351426,0.0,0.0,0.0,0.0,0.0,0.0,0.0	295.411743164,44.359550561797754,-123.48710434307498,0.0,0.0,0.0,0.0,0.0,0.0,0.0	99.281677246,44.359550561797754,-123.3818037226357,0.0,0.0,0.0,0.0,0.0,0.0,0.0	83.906417847,44.359550561797754,-123.27650310219641,0.0,0.0,0.0,0.0,0.0,0.0,0.0	86.20400238,44.359550561797754,-123.17120248175713,0.0,0.0,0.0,0.0,0.0,0.0,0.0	89.884567261,44.359550561797754,-123.06590186131785,0.0,0.0,0.0,0.0,0.0,0.0,0.0	108.752838135,44.359550561797754,-122.96060124087856,0.0,0.0,0.0,0.0,0.0,0.0,0.0	140.808334351,44.359550561797754,-122.85530062043928,0.0,0.0,0.0,0.0,0.0,0.0,0.0	205.101119995,44.359550561797754,-122.75,0.0,0.0,0.0,0.0,0.0,0.0,0.0	317.649078369,44.359550561797754,-122.64469937956072,0.0,0.0,0.0,0.0,0.0,0.0,0.0	709.980957031,44.359550561797754,-122.53939875912144,0.0,0.0,0.0,0.0,0.0,0.0,0.0	790.733825684,44.359550561797754,-122.43409813868216,0.0,0.0,0.0,0.0,0.0,0.0,0.0	1227.236083984,44.359550561797754,-122.32879751824287,0.0,0.0,0.0,0.0,0.0,0.0,0.0	838.76550293,44.359550561797754,-122.22349689780359,0.0,0.0,0.0,0.0,0.0,0.0,0.0	1190.703613281,44.359550561797754,-122.1181962773643,0.0,0.0,0.0,0.0,0.0,0.0,0.0	1055.485229492,44.359550561797754,-122.01289565692502,0.0,0.0,0.0,0.0,0.0,0.0,0.0	1426.487060547,44.359550561797754,-121.90759503648574,0.0,0.0,0.0,0.0,0.0,0.0,0.0	1461.035888672,44.359550561797754,-121.80229441604646,0.0,0.0,0.0,0.0,0.0,0.0,0.0	1147.24597168,44.359550561797754,-121.69699379560717,0.0,0.0,0.0,0.0,0.0,0.0,0.0	981.09765625,44.359550561797754,-121.59169317516789,0.0,0.0,0.0,0.0,0.0,0.0,0.0	988.447509766,44.359550561797754,-121.48639255472861,0.0,0.0,0.0,0.0,0.0,0.0,0.0	948.240966797,44.359550561797754,-121.38109193428933,0.0,0.0,0.0,0.0,0.0,0.0,0.0	805.469177246,44.359550561797754,-121.27579131385005,0.0,0.0,0.0,0.0,0.0,0.0,0.0	872.464416504,44.359550561797754,-121.17049069341077,0.0,0.0,0.0,0.0,0.0,0.0,0.0	867.106689453,44.359550561797754,-121.06519007297148,0.0,0.0,0.0,0.0,0.0,0.0,0.0	923.814453125,44.359550561797754,-120.9598894525322,0.0,0.0,0.0,0.0,0.0,0.0,0.0
0.0,44.29775280898876,-124.53822549768397,0.0,0.0,0.0,0.0,0.0,0.0,0.0	0.0,44.29775280898876,-124.43303576252609,0.0,0.0,0.0,0.0,0.0,0.0,0.0	0.0,44.29775280898876,-124.32784602736821,0.0,0.0,0.0,0.0,0.0,0.0,0.0	0.0,44.29775280898876,-124.22265629221033,0.0,0.0,0.0,0.0,0.0,0.0,0.0	0.0,44.29775280898876,-124.11746655705244,0.0,0.0,0.0,0.0,0.0,0.0,0.0	73.582061768,44.29775280898876,-124.01227682189456,0.0,0.0,0.0,0.0,0.0,0.0,0.0	343.421691895,44.29775280898876,-123.90708708673668,0.0,0.0,0.0,0.0,0.0,0.0,0.0	236.952697754,44.29775280898876,-123.8018973515788,0.0,0.0,0.0,0.0,0.0,0.0,0.0	170.910522461,44.29775280898876,-123.69670761642092,0.0,0.0,0.0,0.0,0.0,0.0,0.0	444.427307129,44.29775280898876,-123.59151788126304,0.0,0.0,0.0,0.0,0.0,0.0,0.0	403.735778809,44.29775280898876,-123.48632814610517,0.0,0.0,0.0,0.0,0.0,0.0,0.0	156.160888672,44.29775280898876,-123.38113841094727,0.0,0.0,0.0,0.0,0.0,0.0,0.0	87.668411255,44.29775280898876,-123.2759486757894,0.0,0.0,0.0,0.0,0.0,0.0,0.0	92.115646362,44.29775280898876,-123.17075894063152,0.0,0.0,0.0,0.0,0.0,0.0,0.0	95.425514221,44.29775280898876,-123.06556920547364,0.0,0.0,0.0,0.0,0.0,0.0,0.0	259.416778564,44.29775280898876,-122.96037947031576,0.0,0.0,0.0,0.0,0.0,0.0,0.0	521.285400391,44.29775280898876,-122.85518973515788,0.0,0.0,0.0,0.0,0.0,0.0,0.0	543.939941406,44.29775280898876,-122.75,0.0,0.0,0.0,0.0,0.0,0.0,0.0	419.764892578,44.29775280898876,-122.6448102648421,0.0,0.0,0.0,0.0,0.0,0.0,0.0	1050.687988281,44.29775280898876,-122.53962052968423,0.0,0.0,0.0,0.0,0.0,0.0,0.0	855.827880859,44.29775280898876,-122.43443079452635,0.0,0.0,0.0,0.0,0.0,0.0,0.0	854.384094238,44.29775280898876,-122.32924105936847,0.0,0.0,0.0,0.0,0.0,0.0,0.0	754.647949219,44.29775280898876,-122.22405132421059,0.0,0.0,0.0,0.0,0.0,0.0,0.0	1040.178222656,44.29775280898876,-122.11886158905271,0.0,0.0,0.0,0.0,0.0,0.0,0.0	935.715393066,44.29775280898876,-122.01367185389483,0.0,0.0,0.0,0.0,0.0,0.0,0.0	1380.468017578,44.29775280898876,-121.90848211873694,0.0,0.0,0.0,0.0,0.0,0.0,0.0	1586.124023438,44.29775280898876,-121.80329238357906,0.0,0.0,0.0,0.0,0.0,0.0,0.0	1198.735961914,44.29775280898876,-121.69810264842118,0.0,0.0,0.0,0.0,0.0,0.0,0.0	994.458129883,44.29775280898876,-121.5929129132633,0.0,0.0,0.0,0.0,0.0,0.0,0.0	958.237609863,44.29775280898876,-121.48772317810543,0.0,0.0,0.0,0.0,0.0,0.0,0.0	927.801696777,44.29775280898876,-121.38253344294755,0.0,0.0,0.0,0.0,0.0,0.0,0.0	887.798400879,44.29775280898876,-121.27734370778967,0.0,0.0,0.0,0.0,0.0,0.0,0.0	907.887084961,44.29775280898876,-121.17215397263178,0.0,0.0,0.0,0.0,0.0,0.0,0.0	912.099182129,44.29775280898876,-121.0669642374739,0.0,0.0,0.0,0.0,0.0,0.0,0.0	942.203186035,44.29775280898876,-120.96177450231602,0.0,0.0,0.0,0.0,0.0,0.0,0.0
0.0,44.235955056179776,-124.53634648968298,0.0,0.0,0.0,0.0,0.0,0.0,0.0	0.0,44.235955056179776,-124.43126728440751,0.0,0.0,0.0,0.0,0.0,0.0,0.0	0.0,44.235955056179776,-124.32618807913204,0.0,0.0,0.0,0.0,0.0,0.0,0.0	0.0,44.235955056179776,-124.22110887385658,0.0,0.0,0.0,0.0,0.0,0.0,0.0	1.802846909,44.235955056179776,-124.1160296685811,0.0,0.0,0.0,0.0,0.0,0.0,0.0	418.645141602,44.235955056179776,-124.01095046330563,0.0,0.0,0.0,0.0,0.0,0.0,0.0	276.083618164,44.235955056179776,-123.90587125803016,0.0,0.0,0.0,0.0,0.0,0.0,0.0	224.388305664,44.235955056179776,-123.8007920527547,0.0,0.0,0.0,0.0,0.0,0.0,0.0	260.709899902,44.235955056179776,-123.69571284747923,0.0,0.0,0.0,0.0,0.0,0.0,0.0	583.541381836,44.235955056179776,-123.59063364220376,0.0,0.0,0.0,0.0,0.0,0.0,0.0	427.090423584,44.235955056179776,-123.48555443692828,0.0,0.0,0.0,0.0,0.0,0.0,0.0	240.917892456,44.235955056179776,-123.38047523165281,0.0,0.0,0.0,0.0,0.0,0.0,0.0	95.423118591,44.235955056179776,-123.27539602637735,0.0,0.0,0.0,0.0,0.0,0.0,0.0	98.146484375,44.235955056179776,-123.17031682110188,0.0,0.0,0.0,0.0,0.0,0.0,0.0	105.264945984,44.235955056179776,-123.0652376158264,0.0,0.0,0.0,0.0,0.0,0.0,0.0	805.273681641,44.235955056179776,-122.96015841055093,0.0,0.0,0.0,0.0,0.0,0.0,0.0	232.76991272,44.235955056179776,-122.85507920527547,0.0,0.0,0.0,0.0,0.0,0.0,0.0	616.30859375,44.235955056179776,-122.75,0.0,0.0,0.0,0.0,0.0,0.0,0.0	675.488342285,44.235955056179776,-122.64492079472453,0.0,0.0,0.0,0.0,0.0,0.0,0.0	1008.876098633,44.235955056179776,-122.53984158944905,0.0,0.0,0.0,0.0,0.0,0.0,0.0	528.556335449,44.235955056179776,-122.43476238417358,0.0,0.0,0.0,0.0,0.0,0.0,0.0	1396.813598633,44.235955056179776,-122.32968317889812,0.0,0.0,0.0,0.0,0.0,0.0,0.0	731.840454102,44.235955056179776,-122.22460397362265,0.0,0.0,0.0,0.0,0.0,0.0,0.0	1190.143432617,44.235955056179776,-122.11952476834718,0.0,0.0,0.0,0.0,0.0,0.0,0.0	932.530883789,44.235955056179776,-122.0144455630717,0.0,0.0,0.0,0.0,0.0,0.0,0.0	1704.231201172,44.235955056179776,-121.90936635779623,0.0,0.0,0.0,0.0,0.0,0.0,0.0	1694.359741211,44.235955056179776,-121.80428715252077,0.0,0.0,0.0,0.0,0.0,0.0,0.0	1408.380004883,44.235955056179776,-121.6992079472453,0.0,0.0,0.0,0.0,0.0,0.0,0.0	1187.609985352,44.235955056179776,-121.59412874196983,0.0,0.0,0.0,0.0,0.0,0.0,0.0	1003.668945312,44.235955056179776,-121.48904953669435,0.0,0.0,0.0,0.0,0.0,0.0,0.0	984.870239258,44.235955056179776,-121.3839703314189,0.0,0.0,0.0,0.0,0.0,0.0,0.0	966.377868652,44.235955056179776,-121.27889112614342,0.0,0.0,0.0,0.0,0.0,0.0,0.0	937.277709961,44.235955056179776,-121.17381192086795,0.0,0.0,0.0,0.0,0.0,0.0,0.0	959.359130859,44.235955056179776,-121.06873271559247,0.0,0.0,0.0,0.0,0.0,0.0,0.0	1028.746582031,44.235955056179776,-120.963653510317,0.0,0.0,0.0,0.0,0.0,0.0,0.0
0.0,44.174157303370784,-124.5344735000744,0.0,0.0,0.0,0.0,0.0,0.0,0.0	0.0,44.174157303370784,-124.42950447065826,0.0,0.0,0.0,0.0,0.0,0.0,0.0	0.0,44.174157303370784,-124.32453544124212,0.0,0.0,0.0,0.0,0.0,0.0,0.0	0.0,44.174157303370784,-124.21956641182598,0.0,0.0,0.0,0.0,0.0,0.0,0.0	6.77721262,44.174157303370784,-124.11459738240983,0.0,0.0,0.0,0.0,0.0,0.0,0.0	335.973571777,44.174157303370784,-124.00962835299369,0.0,0.0,0.0,0.0,0.0,0.0,0.0	249.292953491,44.174157303370784,-123.90465932357755,0.0,0.0,0.0,0.0,0.0,0.0,0.0	252.853744507,44.174157303370784,-123.79969029416141,0.0,0.0,0.0,0.0,0.0,0.0,0.0	298.4347229,44.174157303370784,-123.69472126474527,0.0,0.0,0.0,0.0,0.0,0.0,0.0	287.310302734,44.174157303370784,-123.58975223532913,0.0,0.0,0.0,0.0,0.0,0.0,0.0	347.123260498,44.174157303370784,-123.48478320591299,0.0,0.0,0.0,0.0,0.0,0.0,0.0	252.334442139,44.174157303370784,-123.37981417649684,0.0,0.0,0.0,0.0,0.0,0.0,0.0	101.274986267,44.174157303370784,-123.2748451470807,0.0,0.0,0.0,0.0,0.0,0.0,0.0	106.968696594,44.174157303370784,-123.16987611766456,0.0,0.0,0.0,0.0,0.0,0.0,0.0	115.301040649,44.174157303370784,-123.06490708824842,0.0,0.0,0.0,0.0,0.0,0.0,0.0	471.732666016,44.174157303370784,-122.95993805883228,0.0,0.0,0.0,0.0,0.0,0.0,0.0	163.837814331,44.174157303370784,-122.85496902941614,0.0,0.0,0.0,0.0,0.0,0.0,0.0	425.943389893,44.174157303370784,-122.75,0.0,0.0,0.0,0.0,0.0,0.0,0.0	724.900878906,44.174157303370784,-122.64503097058386,0.0,0.0,0.0,0.0,0.0,0.0,0.0	547.142089844,44.174157303370784,-122.5400619411677,0.0,0.0,0.0,0.0,0.0,0.0,0.0	705.841552734,44.174157303370784,-122.43509291175157,0.0,0.0,0.0,0.0,0.0,0.0,0.0	405.315368652,44.174157303370784,-122.33012388233543,0.0,0.0,0.0,0.0,0.0,0.0,0.0	379.149963379,44.174157303370784,-122.22515485291929,0.0,0.0,0.0,0.0,0.0,0.0,0.0	530.005371094,44.174157303370784,-122.12018582350315,0.0,0.0,0.0,0.0,0.0,0.0,0.0	1061.827514648,44.174157303370784,-122.01521679408701,0.0,0.0,0.0,0.0,0.0,0.0,0.0	1088.489868164,44.174157303370784,-121.91024776467087,0.0,0.0,0.0,0.0,0.0,0.0,0.0	2169.851806641,44.174157303370784,-121.80527873525472,0.0,0.0,0.0,0.0,0.0,0.0,0.0	1750.829956055,44.174157303370784,-121.70030970583858,0.0,0.0,0.0,0.0,0.0,0.0,0.0	1354.969970703,44.174157303370784,-121.59534067642244,0.0,0.0,0.0,0.0,0.0,0.0,0.0	1107.243286133,44.174157303370784,-121.4903716470063,0.0,0.0,0.0,0.0,0.0,0.0,0.0	1024.002563477,44.174157303370784,-121.38540261759016,0.0,0.0,0.0,0.0,0.0,0.0,0.0	1068.677490234,44.174157303370784,-121.28043358817402,0.0,0.0,0.0,0.0,0.0,0.0,0.0	989.602478027,44.174157303370784,-121.17546455875788,0.0,0.0,0.0,0.0,0.0,0.0,0.0	962.995239258,44.174157303370784,-121.07049552934173,0.0,0.0,0.0,0.0,0.0,0.0,0.0	1231.679443359,44.174157303370784,-120.96552649992559,0.0,0.0,0.0,0.0,0.0,0.0,0.0
0.0,44.1123595505618,-124.53260650559619,0.0,0.0,0.0,0.0,0.0,0.0,0.0	0.0,44.1123595505618,-124.42774729938465,0.0,0.0,0.0,0.0,0.0,0.0,0.0	0.0,44.1123595505618,-124.3228880931731,0.0,0.0,0.0,0.0,0.0,0.0,0.0	0.0,44.1123595505618,-124.21802888696158,0.0,0.0,0.0,0.0,0.0,0.0,0.0	245.340423584,44.1123595505618,-124.11316968075003,0.0,0.0,0.0,0.0,0.0,0.0,0.0	274.571411133,44.1123595505618,-124.00831047453849,0.0,0.0,0.0,0.0,0.0,0.0,0.0	198.779281616,44.1123595505618,-123.90345126832695,0.0,0.0,0.0,0.0,0.0,0.0,0.0	108.226249695,44.1123595505618,-123.7985920621154,0.0,0.0,0.0,0.0,0.0,0.0,0.0	295.328216553,44.1123595505618,-123.69373285590387,0.0,0.0,0.0,0.0,0.0,0.0,0.0	270.292449951,44.1123595505618,-123.58887364969233,0.0,0.0,0.0,0.0,0.0,0.0,0.0	174.694000244,44.1123595505618,-123.48401444348079,0.0,0.0,0.0,0.0,0.0,0.0,0.0	183.211288452,44.1123595505618,-123.37915523726925,0.0,0.0,0.0,0.0,0.0,0.0,0.0	116.952560425,44.1123595505618,-123.2742960310577,0.0,0.0,0.0,0.0,0.0,0.0,0.0	114.663192749,44.1123595505618,-123.16943682484617,0.0,0.0,0.0,0.0,0.0,0.0,0.0	123.477310181,44.1123595505618,-123.06457761863463,0.0,0.0,0.0,0.0,0.0,0.0,0.0	298.223083496,44.1123595505618,-122.95971841242309,0.0,0.0,0.0,0.0,0.0,0.0,0.0	280.106323242,44.1123595505618,-122.85485920621154,0.0,0.0,0.0,0.0,0.0,0.0,0.0	677.819641113,44.1123595505618,-122.75,0.0,0.0,0.0,0.0,0.0,0.0,0.0	223.654754639,44.1123595505618,-122.64514079378847,0.0,0.0,0.0,0.0,0.0,0.0,0.0	424.381866455,44.1123595505618,-122.54028158757693,0.0,0.0,0.0,0.0,0.0,0.0,0.0	279.920593262,44.1123595505618,-122.43542238136538,0.0,0.0,0.0,0.0,0.0,0.0,0.0	444.189880371,44.1123595505618,-122.33056317515384,0.0,0.0,0.0,0.0,0.0,0.0,0.0	600.656982422,44.1123595505618,-122.2257039689423,0.0,0.0,0.0,0.0,0.0,0.0,0.0	1395.519287109,44.1123595505618,-122.12084476273077,0.0,0.0,0.0,0.0,0.0,0.0,0.0	879.750427246,44.1123595505618,-122.01598555651923,0.0,0.0,0.0,0.0,0.0,0.0,0.0	1686.879150391,44.1123595505618,-121.91112635030768,0.0,0.0,0.0,0.0,0.0,0.0,0.0	1998.743286133,44.1123595505618,-121.80626714409614,0.0,0.0,0.0,0.0,0.0,0.0,0.0	1928.829956055,44.1123595505618,-121.7014079378846,0.0,0.0,0.0,0.0,0.0,0.0,0.0	1909.380004883,44.1123595505618,-121.59654873167307,0.0,0.0,0.0,0.0,0.0,0.0,0.0	1254.706176758,44.1123595505618,-121.49168952546152,0.0,0.0,0.0,0.0,0.0,0.0,0.0	1078.895629883,44.1123595505618,-121.38683031924998,0.0,0.0,0.0,0.0,0.0,0.0,0.0	1056.276855469,44.1123595505618,-121.28197111303844,0.0,0.0,0.0,0.0,0.0,0.0,0.0	1025.006958008,44.1123595505618,-121.1771119068269,0.0,0.0,0.0,0.0,0.0,0.0,0.0	1020.941223145,44.1123595505618,-121.07225270061537,0.0,0.0,0.0,0.0,0.0,0.0,0.0	1041.03112793,44.1123595505618,-120.96739349440382,0.0,0.0,0.0,0.0,0.0,0.0,0.0
0.0,44.050561797752806,-124.53074548311386,0.0,0.0,0.0,0.0,0.0,0.0,0.0	0.0,44.050561797752806,-124.42599574881305,0.0,0.0,0.0,0.0,0.0,0.0,0.0	0.0,44.050561797752806,-124.32124601451223,0.0,0.0,0.0,0.0,0.0,0.0,0.0	0.0,44.050561797752806,-124.21649628021142,0.0,0.0,0.0,0.0,0.0,0.0,0.0	23.320344925,44.050561797752806,-124.1117465459106,0.0,0.0,0.0,0.0,0.0,0.0,0.0	10.272326469,44.050561797752806,-124.00699681160978,0.0,0.0,0.0,0.0,0.0,0.0,0.0	273.559906006,44.050561797752806,-123.90224707730897,0.0,0.0,0.0,0.0,0.0,0.0,0.0	267.24887085,44.050561797752806,-123.79749734300816,0.0,0.0,0.0,0.0,0.0,0.0,0.0	66.904983521,44.050561797752806,-123.69274760870734,0.0,0.0,0.0,0.0,0.0,0.0,0.0	467.7706604,44.050561797752806,-123.58799787440653,0.0,0.0,0.0,0.0,0.0,0.0,0.0	418.871337891,44.050561797752806,-123.48324814010572,0.0,0.0,0.0,0.0,0.0,0.0,0.0	118.013153076,44.050561797752806,-123.37849840580489,0.0,0.0,0.0,0.0,0.0,0.0,0.0	115.097999573,44.050561797752806,-123.27374867150408,0.0,0.0,0.0,0.0,0.0,0.0,0.0	120.137489319,44.050561797752806,-123.16899893720327,0.0,0.0,0.0,0.0,0.0,0.0,0.0	130.02456665,44.050561797752806,-123.06424920290245,0.0,0.0,0.0,0.0,0.0,0.0,0.0	148.611923218,44.050561797752806,-122.95949946860163,0.0,0.0,0.0,0.0,0.0,0.0,0.0	193.872024536,44.050561797752806,-122.85474973430082,0.0,0.0,0.0,0.0,0.0,0.0,0.0	566.191467285,44.050561797752806,-122.75,0.0,0.0,0.0,0.0,0.0,0.0,0.0	937.397521973,44.050561797752806,-122.64525026569919,0.0,0.0,0.0,0.0,0.0,0.0,0.0	703.348205566,44.050561797752806,-122.54050053139838,0.0,0.0,0.0,0.0,0.0,0.0,0.0	897.458496094,44.050561797752806,-122.43575079709757,0.0,0.0,0.0,0.0,0.0,0.0,0.0	539.627258301,44.050561797752806,-122.33100106279674,0.0,0.0,0.0,0.0,0.0,0.0,0.0	734.491577148,44.050561797752806,-122.22625132849593,0.0,0.0,0.0,0.0,0.0,0.0,0.0	1074.901367188,44.050561797752806,-122.12150159419512,0.0,0.0,0.0,0.0,0.0,0.0,0.0	1182.83190918,44.050561797752806,-122.0167518598943,0.0,0.0,0.0,0.0,0.0,0.0,0.0	1516.650024414,44.050561797752806,-121.91200212559349,0.0,0.0,0.0,0.0,0.0,0.0,0.0	1901.744018555,44.050561797752806,-121.80725239129268,0.0,0.0,0.0,0.0,0.0,0.0,0.0	1970.479003906,44.050561797752806,-121.70250265699185,0.0,0.0,0.0,0.0,0.0,0.0,0.0	1754.560913086,44.050561797752806,-121.59775292269104,0.0,0.0,0.0,0.0,0.0,0.0,0.0	1504.627685547,44.050561797752806,-121.49300318839023,0.0,0.0,0.0,0.0,0.0,0.0,0.0	1181.745727539,44.050561797752806,-121.38825345408941,0.0,0.0,0.0,0.0,0.0,0.0,0.0	1118.75390625,44.050561797752806,-121.2835037197886,0.0,0.0,0.0,0.0,0.0,0.0,0.0	1088.393554688,44.050561797752806,-121.17875398548779,0.0,0.0,0.0,0.0,0.0,0.0,0.0	1040.443725586,44.050561797752806,-121.07400425118696,0.0,0.0,0.0,0.0,0.0,0.0,0.0	1045.634033203,44.050561797752806,-120.96925451688615,0.0,0.0,0.0,0.0,0.0,0.0,0.0
0.0,43.98876404494382,-124.52889040961963,0.0,0.0,0.0,0.0,0.0,0.0,0.0	0.0,43.98876404494382,-124.42424979728906,0.0,0.0,0.0,0.0,0.0,0.0,0.0	0.0,43.98876404494382,-124.31960918495851,0.0,0.0,0.0,0.0,0.0,0.0,0.0	0.0,43.98876404494382,-124.21496857262794,0.0,0.0,0.0,0.0,0.0,0.0,0.0	16.619832993,43.98876404494382,-124.11032796029737,0.0,0.0,0.0,0.0,0.0,0.0,0.0	169.773574829,43.98876404494382,-124.0056873479668,0.0,0.0,0.0,0.0,0.0,0.0,0.0	7.511000156,43.98876404494382,-123.90104673563624,0.0,0.0,0.0,0.0,0.0,0.0,0.0	179.793411255,43.98876404494382,-123.79640612330567,0.0,0.0,0.0,0.0,0.0,0.0,0.0	245.451080322,43.98876404494382,-123.6917655109751,0.0,0.0,0.0,0.0,0.0,0.0,0.0	306.846313477,43.98876404494382,-123.58712489864453,0.0,0.0,0.0,0.0,0.0,0.0,0.0	257.755279541,43.98876404494382,-123.48248428631398,0.0,0.0,0.0,0.0,0.0,0.0,0.0	194.633453369,43.98876404494382,-123.3778436739834,0.0,0.0,0.0,0.0,0.0,0.0,0.0	163.800872803,43.98876404494382,-123.27320306165284,0.0,0.0,0.0,0.0,0.0,0.0,0.0	138.632171631,43.98876404494382,-123.16856244932227,0.0,0.0,0.0,0.0,0.0,0.0,0.0	291.654998779,43.98876404494382,-123.06392183699171,0.0,0.0,0.0,0.0,0.0,0.0,0.0	146.666625977,43.98876404494382,-122.95928122466114,0.0,0.0,0.0,0.0,0.0,0.0,0.0	331.727813721,43.98876404494382,-122.85464061233057,0.0,0.0,0.0,0.0,0.0,0.0,0.0	463.668182373,43.98876404494382,-122.75,0.0,0.0,0.0,0.0,0.0,0.0,0.0	524.925537109,43.98876404494382,-122.64535938766944,0.0,0.0,0.0,0.0,0.0,0.0,0.0	525.858032227,43.98876404494382,-122.54071877533887,0.0,0.0,0.0,0.0,0.0,0.0,0.0	551.167114258,43.98876404494382,-122.4360781630083,0.0,0.0,0.0,0.0,0.0,0.0,0.0	1057.908935547,43.98876404494382,-122.33143755067773,0.0,0.0,0.0,0.0,0.0,0.0,0.0	1344.029174805,43.98876404494382,-122.22679693834718,0.0,0.0,0.0,0.0,0.0,0.0,0.0	1357.170166016,43.98876404494382,-122.12215632601661,0.0,0.0,0.0,0.0,0.0,0.0,0.0	1491.414428711,43.98876404494382,-122.01751571368604,0.0,0.0,0.0,0.0,0.0,0.0,0.0	1569.232421875,43.98876404494382,-121.91287510135547,0.0,0.0,0.0,0.0,0.0,0.0,0.0	1512.943603516,43.98876404494382,-121.80823448902491,0.0,0.0,0.0,0.0,0.0,0.0,0.0	2091.480224609,43.98876404494382,-121.70359387669434,0.0,0.0,0.0,0.0,0.0,0.0,0.0	1915.622802734,43.98876404494382,-121.59895326436377,0.0,0.0,0.0,0.0,0.0,0.0,0.0	1527.837158203,43.98876404494382,-121.4943126520332,0.0,0.0,0.0,0.0,0.0,0.0,0.0	1207.029418945,43.98876404494382,-121.38967203970265,0.0,0.0,0.0,0.0,0.0,0.0,0.0	1182.951904297,43.98876404494382,-121.28503142737208,0.0,0.0,0.0,0.0,0.0,0.0,0.0	1187.746337891,43.98876404494382,-121.1803908150415,0.0,0.0,0.0,0.0,0.0,0.0,0.0	1108.599975586,43.98876404494382,-121.07575020271094,0.0,0.0,0.0,0.0,0.0,0.0,0.0	1091.350585938,43.98876404494382,-120.97110959038038,0.0,0.0,0.0,0.0,0.0,0.0,0.0
0.0,43.92696629213483,-124.52704126223159,0.0,0.0,0.0,0.0,0.0,0.0,0.0	0.0,43.92696629213483,-124.4225094232768,0.0,0.0,0.0,0.0,0.0,0.0,0.0	0.0,43.92696629213483,-124.317977584322,0.0,0.0,0.0,0.0,0.0,0.0,0.0	0.0,43.92696629213483,-124.2134457453672,0.0,0.0,0.0,0.0,0.0,0.0,0.0	42.378520966,43.92696629213483,-124.1089139064124,0.0,0.0,0.0,0.0,0.0,0.0,0.0	64.895774841,43.92696629213483,-124.0043820674576,0.0,0.0,0.0,0.0,0.0,0.0,0.0	369.9894104,43.92696629213483,-123.8998502285028,0.0,0.0,0.0,0.0,0.0,0.0,0.0	497.184997559,43.92696629213483,-123.795318389548,0.0,0.0,0.0,0.0,0.0,0.0,0.0	531.014831543,43.92696629213483,-123.6907865505932,0.0,0.0,0.0,0.0,0.0,0.0,0.0	239.775497437,43.92696629213483,-123.5862547116384,0.0,0.0,0.0,0.0,0.0,0.0,0.0	342.276367188,43.92696629213483,-123.4817228726836,0.0,0.0,0.0,0.0,0.0,0.0,0.0	250.025283813,43.92696629213483,-123.3771910337288,0.0,0.0,0.0,0.0,0.0,0.0,0.0	141.761459351,43.92696629213483,-123.27265919477401,0.0,0.0,0.0,0.0,0.0,0.0,0.0	344.99029541,43.92696629213483,-123.16812735581921,0.0,0.0,0.0,0.0,0.0,0.0,0.0	164.706497192,43.92696629213483,-123.06359551686441,0.0,0.0,0.0,0.0,0.0,0.0,0.0	173.069473267,43.92696629213483,-122.9590636779096,0.0,0.0,0.0,0.0,0.0,0.0,0.0	206.961288452,43.92696629213483,-122.8545318389548,0.0,0.0,0.0,0.0,0.0,0.0,0.0	569.459350586,43.92696629213483,-122.75,0.0,0.0,0.0,0.0,0.0,0.0,0.0	829.330871582,43.92696629213483,-122.6454681610452,0.0,0.0,0.0,0.0,0.0,0.0,0.0	869.59576416,43.92696629213483,-122.5409363220904,0.0,0.0,0.0,0.0,0.0,0.0,0.0	1011.444152832,43.92696629213483,-122.4364044831356,0.0,0.0,0.0,0.0,0.0,0.0,0.0	850.88494873,43.92696629213483,-122.3318726441808,0.0,0.0,0.0,0.0,0.0,0.0,0.0	1484.826293945,43.92696629213483,-122.227340805226,0.0,0.0,0.0,0.0,0.0,0.0,0.0	1621.886108398,43.92696629213483,-122.12280896627121,0.0,0.0,0.0,0.0,0.0,0.0,0.0	1171.351806641,43.92696629213483,-122.01827712731641,0.0,0.0,0.0,0.0,0.0,0.0,0.0	1524.084472656,43.92696629213483,-121.91374528836161,0.0,0.0,0.0,0.0,0.0,0.0,0.0	1659.555786133,43.92696629213483,-121.80921344940681,0.0,0.0,0.0,0.0,0.0,0.0,0.0	1774.840454102,43.92696629213483,-121.70468161045201,0.0,0.0,0.0,0.0,0.0,0.0,0.0	1508.295898438,43.92696629213483,-121.60014977149721,0.0,0.0,0.0,0.0,0.0,0.0,0.0	1525.034301758,43.92696629213483,-121.49561793254242,0.0,0.0,0.0,0.0,0.0,0.0,0.0	1324.234619141,43.92696629213483,-121.39108609358762,0.0,0.0,0.0,0.0,0.0,0.0,0.0	1353.181518555,43.92696629213483,-121.28655425463282,0.0,0.0,0.0,0.0,0.0,0.0,0.0	1343.975708008,43.92696629213483,-121.18202241567802,0.0,0.0,0.0,0.0,0.0,0.0,0.0	1408.190795898,43.92696629213483,-121.07749057672322,0.0,0.0,0.0,0.0,0.0,0.0,0.0	1370.15637207,43.92696629213483,-120.97295873776842,0.0,0.0,0.0,0.0,0.0,0.0,0.0
0.0,43.86516853932584,-124.52519801819281,0.0,0.0,0.0,0.0,0.0,0.0,0.0	0.0,43.86516853932584,-124.42077460535793,0.0,0.0,0.0,0.0,0.0,0.0,0.0	0.0,43.86516853932584,-124.31635119252307,0.0,0.0,0.0,0.0,0.0,0.0,0.0	0.0,43.86516853932584,-124.2119277796882,0.0,0.0,0.0,0.0,0.0,0.0,0.0	3.789000034,43.86516853932584,-124.10750436685332,0.0,0.0,0.0,0.0,0.0,0.0,0.0	46.624641418,43.86516853932584,-124.00308095401846,0.0,0.0,0.0,0.0,0.0,0.0,0.0	255.022766113,43.86516853932584,-123.89865754118358,0.0,0.0,0.0,0.0,0.0,0.0,0.0	329.426361084,43.86516853932584,-123.7942341283487,0.0,0.0,0.0,0.0,0.0,0.0,0.0	235.07951355,43.86516853932584,-123.68981071551384,0.0,0.0,0.0,0.0,0.0,0.0,0.0	338.44039917,43.86516853932584,-123.58538730267897,0.0,0.0,0.0,0.0,0.0,0.0,0.0	271.165588379,43.86516853932584,-123.48096388984409,0.0,0.0,0.0,0.0,0.0,0.0,0.0	256.989715576,43.86516853932584,-123.37654047700923,0.0,0.0,0.0,0.0,0.0,0.0,0.0	343.260223389,43.86516853932584,-123.27211706417435,0.0,0.0,0.0,0.0,0.0,0.0,0.0	350.303985596,43.86516853932584,-123.16769365133948,0.0,0.0,0.0,0.0,0.0,0.0,0.0	195.06942749,43.86516853932584,-123.06327023850461,0.0,0.0,0.0,0.0,0.0,0.0,0.0	670.21661377,43.86516853932584,-122.95884682566974,0.0,0.0,0.0,0.0,0.0,0.0,0.0	495.822784424,43.86516853932584,-122.85442341283486,0.0,0.0,0.0,0.0,0.0,0.0,0.0	685.775695801,43.86516853932584,-122.75,0.0,0.0,0.0,0.0,0.0,0.0,0.0	500.780670166,43.86516853932584,-122.64557658716512,0.0,0.0,0.0,0.0,0.0,0.0,0.0	776.881286621,43.86516853932584,-122.54115317433025,0.0,0.0,0.0,0.0,0.0,0.0,0.0	775.120910645,43.86516853932584,-122.43672976149539,0.0,0.0,0.0,0.0,0.0,0.0,0.0	1096.08215332,43.86516853932584,-122.33230634866051,0.0,0.0,0.0,0.0,0.0,0.0,0.0	983.983581543,43.86516853932584,-122.22788293582563,0.0,0.0,0.0,0.0,0.0,0.0,0.0	1153.584838867,43.86516853932584,-122.12345952299077,0.0,0.0,0.0,0.0,0.0,0.0,0.0	1623.806762695,43.86516853932584,-122.0190361101559,0.0,0.0,0.0,0.0,0.0,0.0,0.0	1580.335693359,43.86516853932584,-121.91461269732102,0.0,0.0,0.0,0.0,0.0,0.0,0.0	1412.260986328,43.86516853932584,-121.81018928448616,0.0,0.0,0.0,0.0,0.0,0.0,0.0	1521.641479492,43.86516853932584,-121.70576587165128,0.0,0.0,0.0,0.0,0.0,0.0,0.0	1391.034912109,43.86516853932584,-121.6013424588164,0.0,0.0,0.0,0.0,0.0,0.0,0.0	1345.649780273,43.86516853932584,-121.49691904598154,0.0,0.0,0.0,0.0,0.0,0.0,0.0	1378.140991211,43.86516853932584,-121.39249563314667,0.0,0.0,0.0,0.0,0.0,0.0,0.0	1566.458862305,43.86516853932584,-121.28807222031179,0.0,0.0,0.0,0.0,0.0,0.0,0.0	1555.345703125,43.86516853932584,-121.18364880747691,0.0,0.0,0.0,0.0,0.0,0.0,0.0	1366.532226562,43.86516853932584,-121.07922539464205,0.0,0.0,0.0,0.0,0.0,0.0,0.0	1300.418457031,43.86516853932584,-120.97480198180718,0.0,0.0,0.0,0.0,0.0,0.0,0.0
0.0,43.80337078651685,-124.5233606548706,0.0,0.0,0.0,0.0,0.0,0.0,0.0	0.0,43.80337078651685,-124.41904532223116,0.0,0.0,0.0,0.0,0.0,0.0,0.0	0.0,43.80337078651685,-124.31472998959171,0.0,0.0,0.0,0.0,0.0,0.0,0.0	0.0,43.80337078651685,-124.21041465695225,0.0,0.0,0.0,0.0,0.0,0.0,0.0	38.485710144,43.80337078651685,-124.10609932431281,0.0,0.0,0.0,0.0,0.0,0.0,0.0	193.651443481,43.80337078651685,-124.00178399167336,0.0,0.0,0.0,0.0,0.0,0.0,0.0	307.649078369,43.80337078651685,-123.89746865903392,0.0,0.0,0.0,0.0,0.0,0.0,0.0	90.973731995,43.80337078651685,-123.79315332639447,0.0,0.0,0.0,0.0,0.0,0.0,0.0	332.498779297,43.80337078651685,-123.68883799375503,0.0,0.0,0.0,0.0,0.0,0.0,0.0	397.015411377,43.80337078651685,-123.58452266111557,0.0,0.0,0.0,0.0,0.0,0.0,0.0	235.549850464,43.80337078651685,-123.48020732847613,0.0,0.0,0.0,0.0,0.0,0.0,0.0	322.871032715,43.80337078651685,-123.37589199583668,0.0,0.0,0.0,0.0,0.0,0.0,0.0	366.753936768,43.80337078651685,-123.27157666319724,0.0,0.0,0.0,0.0,0.0,0.0,0.0	324.967559814,43.80337078651685,-123.16726133055779,0.0,0.0,0.0,0.0,0.0,0.0,0.0	239.637619019,43.80337078651685,-123.06294599791833,0.0,0.0,0.0,0.0,0.0,0.0,0.0	477.186981201,43.80337078651685,-122.95863066527889,0.0,0.0,0.0,0.0,0.0,0.0,0.0	624.920227051,43.80337078651685,-122.85431533263944,0.0,0.0,0.0,0.0,0.0,0.0,0.0	590.645996094,43.80337078651685,-122.75,0.0,0.0,0.0,0.0,0.0,0.0,0.0	756.823608398,43.80337078651685,-122.64568466736056,0.0,0.0,0.0,0.0,0.0,0.0,0.0	461.378570557,43.80337078651685,-122.54136933472111,0.0,0.0,0.0,0.0,0.0,0.0,0.0	390.3152771,43.80337078651685,-122.43705400208165,0.0,0.0,0.0,0.0,0.0,0.0,0.0	756.505859375,43.80337078651685,-122.33273866944221,0.0,0.0,0.0,0.0,0.0,0.0,0.0	1097.685302734,43.80337078651685,-122.22842333680276,0.0,0.0,0.0,0.0,0.0,0.0,0.0	1522.946899414,43.80337078651685,-122.12410800416332,0.0,0.0,0.0,0.0,0.0,0.0,0.0	1718.555664062,43.80337078651685,-122.01979267152387,0.0,0.0,0.0,0.0,0.0,0.0,0.0	1550.64050293,43.80337078651685,-121.91547733888441,0.0,0.0,0.0,0.0,0.0,0.0,0.0	1358.002807617,43.80337078651685,-121.81116200624497,0.0,0.0,0.0,0.0,0.0,0.0,0.0	1753.526489258,43.80337078651685,-121.70684667360553,0.0,0.0,0.0,0.0,0.0,0.0,0.0	1310.85168457,43.80337078651685,-121.60253134096608,0.0,0.0,0.0,0.0,0.0,0.0,0.0	1274.152832031,43.80337078651685,-121.49821600832664,0.0,0.0,0.0,0.0,0.0,0.0,0.0	1377.330566406,43.80337078651685,-121.39390067568719,0.0,0.0,0.0,0.0,0.0,0.0,0.0	1762.440917969,43.80337078651685,-121.28958534304773,0.0,0.0,0.0,0.0,0.0,0.0,0.0	1755.66003418,43.80337078651685,-121.18527001040829,0.0,0.0,0.0,0.0,0.0,0.0,0.0	1530.459228516,43.80337078651685,-121.08095467776884,0.0,0.0,0.0,0.0,0.0,0.0,0.0	1615.646118164,43.80337078651685,-120.9766393451294,0.0,0.0,0.0,0.0,0.0,0.0,0.0
0.0,43.741573033707866,-124.52152914975558,0.0,0.0,0.0,0.0,0.0,0.0,0.0	0.0,43.741573033707866,-124.41732155271113,0.0,0.0,0.0,0.0,0.0,0.0,0.0	0.0,43.741573033707866,-124.3131139556667,0.0,0.0,0.0,0.0,0.0,0.0,0.0	0.0,43.741573033707866,-124.20890635862224,0.0,0.0,0.0,0.0,0.0,0.0,0.0	77.110198975,43.741573033707866,-124.1046987615778,0.0,0.0,0.0,0.0,0.0,0.0,0.0	118.814796448,43.741573033707866,-124.00049116453334,0.0,0.0,0.0,0.0,0.0,0.0,0.0	204.203155518,43.741573033707866,-123.89628356748891,0.0,0.0,0.0,0.0,0.0,0.0,0.0	323.578735352,43.741573033707866,-123.79207597044446,0.0,0.0,0.0,0.0,0.0,0.0,0.0	251.010681152,43.741573033707866,-123.68786837340001,0.0,0.0,0.0,0.0,0.0,0.0,0.0	242.943954468,43.741573033707866,-123.58366077635556,0.0,0.0,0.0,0.0,0.0,0.0,0.0	300.940093994,43.741573033707866,-123.47945317931112,0.0,0.0,0.0,0.0,0.0,0.0,0.0	459.828735352,43.741573033707866,-123.37524558226667,0.0,0.0,0.0,0.0,0.0,0.0,0.0	209.583480835,43.741573033707866,-123.27103798522222,0.0,0.0,0.0,0.0,0.0,0.0,0.0	332.128570557,43.741573033707866,-123.16683038817777,0.0,0.0,0.0,0.0,0.0,0.0,0.0	245.636703491,43.741573033707866,-123.06262279113334,0.0,0.0,0.0,0.0,0.0,0.0,0.0	371.585906982,43.741573033707866,-122.95841519408889,0.0,0.0,0.0,0.0,0.0,0.0,0.0	549.740539551,43.741573033707866,-122.85420759704444,0.0,0.0,0.0,0.0,0.0,0.0,0.0	821.189025879,43.741573033707866,-122.75,0.0,0.0,0.0,0.0,0.0,0.0,0.0	779.253723145,43.741573033707866,-122.64579240295555,0.0,0.0,0.0,0.0,0.0,0.0,0.0	794.400634766,43.741573033707866,-122.5415848059111,0.0,0.0,0.0,0.0,0.0,0.0,0.0	502.1824646,43.741573033707866,-122.43737720886665,0.0,0.0,0.0,0.0,0.0,0.0,0.0	1071.100830078,43.741573033707866,-122.33316961182221,0.0,0.0,0.0,0.0,0.0,0.0,0.0	1005.312683105,43.741573033707866,-122.22896201477776,0.0,0.0,0.0,0.0,0.0,0.0,0.0	1603.654785156,43.741573033707866,-122.12475441773331,0.0,0.0,0.0,0.0,0.0,0.0,0.0	1651.513916016,43.741573033707866,-122.02054682068886,0.0,0.0,0.0,0.0,0.0,0.0,0.0	1632.228759766,43.741573033707866,-121.91633922364443,0.0,0.0,0.0,0.0,0.0,0.0,0.0	1476.923217773,43.741573033707866,-121.81213162659998,0.0,0.0,0.0,0.0,0.0,0.0,0.0	1371.568725586,43.741573033707866,-121.70792402955553,0.0,0.0,0.0,0.0,0.0,0.0,0.0	1305.614135742,43.741573033707866,-121.60371643251108,0.0,0.0,0.0,0.0,0.0,0.0,0.0	1280.724975586,43.741573033707866,-121.49950883546664,0.0,0.0,0.0,0.0,0.0,0.0,0.0	1381.810546875,43.741573033707866,-121.39530123842219,0.0,0.0,0.0,0.0,0.0,0.0,0.0	1918.890380859,43.741573033707866,-121.29109364137774,0.0,0.0,0.0,0.0,0.0,0.0,0.0	2123.73828125,43.741573033707866,-121.1868860443333,0.0,0.0,0.0,0.0,0.0,0.0,0.0	1637.33972168,43.741573033707866,-121.08267844728886,0.0,0.0,0.0,0.0,0.0,0.0,0.0	1470.322753906,43.741573033707866,-120.9784708502444,0.0,0.0,0.0,0.0,0.0,0.0,0.0
0.0,43.67977528089887,-124.51970348046095,0.0,0.0,0.0,0.0,0.0,0.0,0.0	0.0,43.67977528089887,-124.41560327572795,0.0,0.0,0.0,0.0,0.0,0.0,0.0	0.0,43.67977528089887,-124.31150307099496,0.0,0.0,0.0,0.0,0.0,0.0,0.0	0.0,43.67977528089887,-124.20740286626196,0.0,0.0,0.0,0.0,0.0,0.0,0.0	76.064483643,43.67977528089887,-124.10330266152896,0.0,0.0,0.0,0.0,0.0,0.0,0.0	15.348233223,43.67977528089887,-123.99920245679596,0.0,0.0,0.0,0.0,0.0,0.0,0.0	67.424667358,43.67977528089887,-123.89510225206297,0.0,0.0,0.0,0.0,0.0,0.0,0.0	130.526702881,43.67977528089887,-123.79100204732997,0.0,0.0,0.0,0.0,0.0,0.0,0.0	173.217178345,43.67977528089887,-123.68690184259697,0.0,0.0,0.0,0.0,0.0,0.0,0.0	217.423873901,43.67977528089887,-123.58280163786397,0.0,0.0,0.0,0.0,0.0,0.0,0.0	321.662902832,43.67977528089887,-123.47870143313098,0.0,0.0,0.0,0.0,0.0,0.0,0.0	206.2396698,43.67977528089887,-123.37460122839798,0.0,0.0,0.0,0.0,0.0,0.0,0.0	299.071380615,43.67977528089887,-123.27050102366498,0.0,0.0,0.0,0.0,0.0,0.0,0.0	399.341674805,43.67977528089887,-123.16640081893198,0.0,0.0,0.0,0.0,0.0,0.0,0.0	398.277191162,43.67977528089887,-123.06230061419899,0.0,0.0,0.0,0.0,0.0,0.0,0.0	455.316741943,43.67977528089887,-122.95820040946599,0.0,0.0,0.0,0.0,0.0,0.0,0.0	623.676818848,43.67977528089887,-122.85410020473299,0.0,0.0,0.0,0.0,0.0,0.0,0.0	455.719055176,43.67977528089887,-122.75,0.0,0.0,0.0,0.0,0.0,0.0,0.0	1026.021118164,43.67977528089887,-122.645899795267,0.0,0.0,0.0,0.0,0.0,0.0,0.0	1029.268188477,43.67977528089887,-122.541799590534,0.0,0.0,0.0,0.0,0.0,0.0,0.0	614.651428223,43.67977528089887,-122.437699385801,0.0,0.0,0.0,0.0,0.0,0.0,0.0	923.400817871,43.67977528089887,-122.33359918106801,0.0,0.0,0.0,0.0,0.0,0.0,0.0	754.721008301,43.67977528089887,-122.22949897633501,0.0,0.0,0.0,0.0,0.0,0.0,0.0	1610.56262207,43.67977528089887,-122.12539877160201,0.0,0.0,0.0,0.0,0.0,0.0,0.0	1723.25,43.67977528089887,-122.021298566869,0.0,0.0,0.0,0.0,0.0,0.0,0.0	1593.512939453,43.67977528089887,-121.91719836213602,0.0,0.0,0.0,0.0,0.0,0.0,0.0	1346.078735352,43.67977528089887,-121.81309815740302,0.0,0.0,0.0,0.0,0.0,0.0,0.0	1319.37097168,43.67977528089887,-121.70899795267002,0.0,0.0,0.0,0.0,0.0,0.0,0.0	1307.28918457,43.67977528089887,-121.60489774793702,0.0,0.0,0.0,0.0,0.0,0.0,0.0	1289.790893555,43.67977528089887,-121.50079754320403,0.0,0.0,0.0,0.0,0.0,0.0,0.0	1399.420410156,43.67977528089887,-121.39669733847103,0.0,0.0,0.0,0.0,0.0,0.0,0.0	2001.796020508,43.67977528089887,-121.29259713373803,0.0,0.0,0.0,0.0,0.0,0.0,0.0	2038.851074219,43.67977528089887,-121.18849692900503,0.0,0.0,0.0,0.0,0.0,0.0,0.0	1663.834716797,43.67977528089887,-121.08439672427204,0.0,0.0,0.0,0.0,0.0,0.0,0.0	1525.370483398,43.67977528089887,-120.98029651953904,0.0,0.0,0.0,0.0,0.0,0.0,0.0
0.0,43.61797752808989,-124.51788362472163,0.0,0.0,0.0,0.0,0.0,0.0,0.0	0.0,43.61797752808989,-124.41389047032624,0.0,0.0,0.0,0.0,0.0,0.0,0.0	0.0,43.61797752808989,-124.30989731593085,0.0,0.0,0.0,0.0,0.0,0.0,0.0	39.608707428,43.61797752808989,-124.20590416153546,0.0,0.0,0.0,0.0,0.0,0.0,0.0	52.160415649,43.61797752808989,-124.10191100714007,0.0,0.0,0.0,0.0,0.0,0.0,0.0	354.377044678,43.61797752808989,-123.99791785274468,0.0,0.0,0.0,0.0,0.0,0.0,0.0	312.728118896,43.61797752808989,-123.8939246983493,0.0,0.0,0.0,0.0,0.0,0.0,0.0	369.237640381,43.61797752808989,-123.7899315439539,0.0,0.0,0.0,0.0,0.0,0.0,0.0	291.891662598,43.61797752808989,-123.68593838955852,0.0,0.0,0.0,0.0,0.0,0.0,0.0	41.066936493,43.61797752808989,-123.58194523516312,0.0,0.0,0.0,0.0,0.0,0.0,0.0	93.089271545,43.61797752808989,-123.47795208076774,0.0,0.0,0.0,0.0,0.0,0.0,0.0	258.894226074,43.61797752808989,-123.37395892637234,0.0,0.0,0.0,0.0,0.0,0.0,0.0	223.351852417,43.61797752808989,-123.26996577197696,0.0,0.0,0.0,0.0,0.0,0.0,0.0	237.497879028,43.61797752808989,-123.16597261758156,0.0,0.0,0.0,0.0,0.0,0.0,0.0	512.501953125,43.61797752808989,-123.06197946318618,0.0,0.0,0.0,0.0,0.0,0.0,0.0	881.475097656,43.61797752808989,-122.95798630879078,0.0,0.0,0.0,0.0,0.0,0.0,0.0	750.596069336,43.61797752808989,-122.8539931543954,0.0,0.0,0.0,0.0,0.0,0.0,0.0	709.721862793,43.61797752808989,-122.75,0.0,0.0,0.0,0.0,0.0,0.0,0.0	813.364685059,43.61797752808989,-122.64600684560462,0.0,0.0,0.0,0.0,0.0,0.0,0.0	1116.427612305,43.61797752808989,-122.54201369120922,0.0,0.0,0.0,0.0,0.0,0.0,0.0	559.597717285,43.61797752808989,-122.43802053681384,0.0,0.0,0.0,0.0,0.0,0.0,0.0	1172.265380859,43.61797752808989,-122.33402738241844,0.0,0.0,0.0,0.0,0.0,0.0,0.0	1914.864501953,43.61797752808989,-122.23003422802306,0.0,0.0,0.0,0.0,0.0,0.0,0.0	1369.64453125,43.61797752808989,-122.12604107362766,0.0,0.0,0.0,0.0,0.0,0.0,0.0	1908.749023438,43.61797752808989,-122.02204791923228,0.0,0.0,0.0,0.0,0.0,0.0,0.0	1650.730957031,43.61797752808989,-121.91805476483688,0.0,0.0,0.0,0.0,0.0,0.0,0.0	1402.684082031,43.61797752808989,-121.8140616104415,0.0,0.0,0.0,0.0,0.0,0.0,0.0	1356.03894043,43.61797752808989,-121.7100684560461,0.0,0.0,0.0,0.0,0.0,0.0,0.0	1306.278198242,43.61797752808989,-121.60607530165072,0.0,0.0,0.0,0.0,0.0,0.0,0.0	1298.549926758,43.61797752808989,-121.50208214725532,0.0,0.0,0.0,0.0,0.0,0.0,0.0	1457.024780273,43.61797752808989,-121.39808899285994,0.0,0.0,0.0,0.0,0.0,0.0,0.0	1614.639404297,43.61797752808989,-121.29409583846454,0.0,0.0,0.0,0.0,0.0,0.0,0.0	1804.139282227,43.61797752808989,-121.19010268406916,0.0,0.0,0.0,0.0,0.0,0.0,0.0	1579.033325195,43.61797752808989,-121.08610952967376,0.0,0.0,0.0,0.0,0.0,0.0,0.0	1608.32421875,43.61797752808989,-120.98211637527838,0.0,0.0,0.0,0.0,0.0,0.0,0.0
0.0,43.556179775280896,-124.51606956039346,0.0,0.0,0.0,0.0,0.0,0.0,0.0	0.0,43.556179775280896,-124.41218311566443,0.0,0.0,0.0,0.0,0.0,0.0,0.0	0.0,43.556179775280896,-124.3082966709354,0.0,0.0,0.0,0.0,0.0,0.0,0.0	24.226701736,43.556179775280896,-124.20441022620638,0.0,0.0,0.0,0.0,0.0,0.0,0.0	131.18371582,43.556179775280896,-124.10052378147735,0.0,0.0,0.0,0.0,0.0,0.0,0.0	218.907058716,43.556179775280896,-123.99663733674832,0.0,0.0,0.0,0.0,0.0,0.0,0.0	516.258056641,43.556179775280896,-123.8927508920193,0.0,0.0,0.0,0.0,0.0,0.0,0.0	226.244277954,43.556179775280896,-123.78886444729028,0.0,0.0,0.0,0.0,0.0,0.0,0.0	406.870666504,43.556179775280896,-123.68497800256125,0.0,0.0,0.0,0.0,0.0,0.0,0.0	143.634796143,43.556179775280896,-123.58109155783222,0.0,0.0,0.0,0.0,0.0,0.0,0.0	365.561523438,43.556179775280896,-123.4772051131032,0.0,0.0,0.0,0.0,0.0,0.0,0.0	366.672546387,43.556179775280896,-123.37331866837417,0.0,0.0,0.0,0.0,0.0,0.0,0.0	271.515441895,43.556179775280896,-123.26943222364514,0.0,0.0,0.0,0.0,0.0,0.0,0.0	263.970397949,43.556179775280896,-123.16554577891611,0.0,0.0,0.0,0.0,0.0,0.0,0.0	551.725341797,43.556179775280896,-123.06165933418708,0.0,0.0,0.0,0.0,0.0,0.0,0.0	806.703613281,43.556179775280896,-122.95777288945806,0.0,0.0,0.0,0.0,0.0,0.0,0.0	493.102600098,43.556179775280896,-122.85388644472903,0.0,0.0,0.0,0.0,0.0,0.0,0.0	702.4375,43.556179775280896,-122.75,0.0,0.0,0.0,0.0,0.0,0.0,0.0	1041.779907227,43.556179775280896,-122.64611355527097,0.0,0.0,0.0,0.0,0.0,0.0,0.0	1173.525024414,43.556179775280896,-122.54222711054194,0.0,0.0,0.0,0.0,0.0,0.0,0.0	862.351928711,43.556179775280896,-122.43834066581292,0.0,0.0,0.0,0.0,0.0,0.0,0.0	1586.914550781,43.556179775280896,-122.33445422108389,0.0,0.0,0.0,0.0,0.0,0.0,0.0	1307.088256836,43.556179775280896,-122.23056777635487,0.0,0.0,0.0,0.0,0.0,0.0,0.0	1959.174438477,43.556179775280896,-122.12668133162585,0.0,0.0,0.0,0.0,0.0,0.0,0.0	1590.552368164,43.556179775280896,-122.02279488689682,0.0,0.0,0.0,0.0,0.0,0.0,0.0	1402.877929688,43.556179775280896,-121.91890844216779,0.0,0.0,0.0,0.0,0.0,0.0,0.0	2052.30078125,43.556179775280896,-121.81502199743876,0.0,0.0,0.0,0.0,0.0,0.0,0.0	1602.207397461,43.556179775280896,-121.71113555270973,0.0,0.0,0.0,0.0,0.0,0.0,0.0	1317.127197266,43.556179775280896,-121.6072491079807,0.0,0.0,0.0,0.0,0.0,0.0,0.0	1307.668457031,43.556179775280896,-121.50336266325168,0.0,0.0,0.0,0.0,0.0,0.0,0.0	1415.387573242,43.556179775280896,-121.39947621852265,0.0,0.0,0.0,0.0,0.0,0.0,0.0	1747.700317383,43.556179775280896,-121.29558977379362,0.0,0.0,0.0,0.0,0.0,0.0,0.0	1607.598144531,43.556179775280896,-121.1917033290646,0.0,0.0,0.0,0.0,0.0,0.0,0.0	1500.334106445,43.556179775280896,-121.08781688433557,0.0,0.0,0.0,0.0,0.0,0.0,0.0	1435.793579102,43.556179775280896,-120.98393043960654,0.0,0.0,0.0,0.0,0.0,0.0,0.0
0.0,43.49438202247191,-124.51426126545242,0.0,0.0,0.0,0.0,0.0,0.0,0.0	0.0,43.49438202247191,-124.41048119101404,0.0,0.0,0.0,0.0,0.0,0.0,0.0	0.0,43.49438202247191,-124.30670111657567,0.0,0.0,0.0,0.0,0.0,0.0,0.0	1.623499632,43.49438202247191,-124.20292104213729,0.0,0.0,0.0,0.0,0.0,0.0,0.0	182.316467285,43.49438202247191,-124.0991409676989,0.0,0.0,0.0,0.0,0.0,0.0,0.0	214.813827515,43.49438202247191,-123.99536089326052,0.0,0.0,0.0,0.0,0.0,0.0,0.0	280.900054932,43.49438202247191,-123.89158081882215,0.0,0.0,0.0,0.0,0.0,0.0,0.0	184.422058105,43.49438202247191,-123.78780074438377,0.0,0.0,0.0,0.0,0.0,0.0,0.0	331.834686279,43.49438202247191,-123.6840206699454,0.0,0.0,0.0,0.0,0.0,0.0,0.0	329.613800049,43.49438202247191,-123.58024059550702,0.0,0.0,0.0,0.0,0.0,0.0,0.0	96.549674988,43.49438202247191,-123.47646052106865,0.0,0.0,0.0,0.0,0.0,0.0,0.0	219.700622559,43.49438202247191,-123.37268044663027,0.0,0.0,0.0,0.0,0.0,0.0,0.0	232.141662598,43.49438202247191,-123.26890037219188,0.0,0.0,0.0,0.0,0.0,0.0,0.0	461.170257568,43.49438202247191,-123.1651202977535,0.0,0.0,0.0,0.0,0.0,0.0,0.0	334.813659668,43.49438202247191,-123.06134022331513,0.0,0.0,0.0,0.0,0.0,0.0,0.0	1099.424804688,43.49438202247191,-122.95756014887675,0.0,0.0,0.0,0.0,0.0,0.0,0.0	1163.857299805,43.49438202247191,-122.85378007443838,0.0,0.0,0.0,0.0,0.0,0.0,0.0	792.338256836,43.49438202247191,-122.75,0.0,0.0,0.0,0.0,0.0,0.0,0.0	778.791137695,43.49438202247191,-122.64621992556162,0.0,0.0,0.0,0.0,0.0,0.0,0.0	1031.721069336,43.49438202247191,-122.54243985112323,0.0,0.0,0.0,0.0,0.0,0.0,0.0	898.101928711,43.49438202247191,-122.43865977668486,0.0,0.0,0.0,0.0,0.0,0.0,0.0	741.71081543,43.49438202247191,-122.33487970224648,0.0,0.0,0.0,0.0,0.0,0.0,0.0	1080.183959961,43.49438202247191,-122.2310996278081,0.0,0.0,0.0,0.0,0.0,0.0,0.0	1901.187133789,43.49438202247191,-122.12731955336973,0.0,0.0,0.0,0.0,0.0,0.0,0.0	1840.432250977,43.49438202247191,-122.02353947893135,0.0,0.0,0.0,0.0,0.0,0.0,0.0	1442.946289062,43.49438202247191,-121.91975940449298,0.0,0.0,0.0,0.0,0.0,0.0,0.0	1364.451660156,43.49438202247191,-121.8159793300546,0.0,0.0,0.0,0.0,0.0,0.0,0.0	1371.794433594,43.49438202247191,-121.71219925561621,0.0,0.0,0.0,0.0,0.0,0.0,0.0	1344.230834961,43.49438202247191,-121.60841918117784,0.0,0.0,0.0,0.0,0.0,0.0,0.0	1334.783813477,43.49438202247191,-121.50463910673946,0.0,0.0,0.0,0.0,0.0,0.0,0.0	1411.677001953,43.49438202247191,-121.40085903230108,0.0,0.0,0.0,0.0,0.0,0.0,0.0	1491.557006836,43.49438202247191,-121.29707895786271,0.0,0.0,0.0,0.0,0.0,0.0,0.0	1493.237060547,43.49438202247191,-121.19329888342433,0.0,0.0,0.0,0.0,0.0,0.0,0.0	1391.776000977,43.49438202247191,-121.08951880898596,0.0,0.0,0.0,0.0,0.0,0.0,0.0	1385.289428711,43.49438202247191,-120.98573873454757,0.0,0.0,0.0,0.0,0.0,0.0,0.0
0.0,43.432584269662925,-124.51245871799384,0.0,0.0,0.0,0.0,0.0,0.0,0.0	0.0,43.432584269662925,-124.40878467575891,0.0,0.0,0.0,0.0,0.0,0.0,0.0	0.0,43.432584269662925,-124.30511063352398,0.0,0.0,0.0,0.0,0.0,0.0,0.0	88.537132263,43.432584269662925,-124.20143659128904,0.0,0.0,0.0,0.0,0.0,0.0,0.0	150.745223999,43.432584269662925,-124.09776254905411,0.0,0.0,0.0,0.0,0.0,0.0,0.0	110.258132935,43.432584269662925,-123.99408850681918,0.0,0.0,0.0,0.0,0.0,0.0,0.0	293.07699585,43.432584269662925,-123.89041446458425,0.0,0.0,0.0,0.0,0.0,0.0,0.0	466.078460693,43.432584269662925,-123.78674042234931,0.0,0.0,0.0,0.0,0.0,0.0,0.0	443.240478516,43.432584269662925,-123.68306638011438,0.0,0.0,0.0,0.0,0.0,0.0,0.0	277.077545166,43.432584269662925,-123.57939233787945,0.0,0.0,0.0,0.0,0.0,0.0,0.0	438.253417969,43.432584269662925,-123.47571829564453,0.0,0.0,0.0,0.0,0.0,0.0,0.0	289.881256104,43.432584269662925,-123.37204425340958,0.0,0.0,0.0,0.0,0.0,0.0,0.0	147.722320557,43.432584269662925,-123.26837021117466,0.0,0.0,0.0,0.0,0.0,0.0,0.0	266.779754639,43.432584269662925,-123.16469616893973,0.0,0.0,0.0,0.0,0.0,0.0,0.0	420.360229492,43.432584269662925,-123.0610221267048,0.0,0.0,0.0,0.0,0.0,0.0,0.0	696.858459473,43.432584269662925,-122.95734808446986,0.0,0.0,0.0,0.0,0.0,0.0,0.0	740.157897949,43.432584269662925,-122.85367404223493,0.0,0.0,0.0,0.0,0.0,0.0,0.0	911.454528809,43.432584269662925,-122.75,0.0,0.0,0.0,0.0,0.0,0.0,0.0	719.061523438,43.432584269662925,-122.64632595776507,0.0,0.0,0.0,0.0,0.0,0.0,0.0	883.809814453,43.432584269662925,-122.54265191553014,0.0,0.0,0.0,0.0,0.0,0.0,0.0	1284.731811523,43.432584269662925,-122.4389778732952,0.0,0.0,0.0,0.0,0.0,0.0,0.0	1394.699584961,43.432584269662925,-122.33530383106027,0.0,0.0,0.0,0.0,0.0,0.0,0.0	1667.314086914,43.432584269662925,-122.23162978882534,0.0,0.0,0.0,0.0,0.0,0.0,0.0	1733.451660156,43.432584269662925,-122.12795574659042,0.0,0.0,0.0,0.0,0.0,0.0,0.0	1680.253173828,43.432584269662925,-122.02428170435547,0.0,0.0,0.0,0.0,0.0,0.0,0.0	1479.610961914,43.432584269662925,-121.92060766212055,0.0,0.0,0.0,0.0,0.0,0.0,0.0	1392.444458008,43.432584269662925,-121.81693361988562,0.0,0.0,0.0,0.0,0.0,0.0,0.0	1366.483032227,43.432584269662925,-121.71325957765069,0.0,0.0,0.0,0.0,0.0,0.0,0.0	1332.863525391,43.432584269662925,-121.60958553541575,0.0,0.0,0.0,0.0,0.0,0.0,0.0	1380.173339844,43.432584269662925,-121.50591149318082,0.0,0.0,0.0,0.0,0.0,0.0,0.0	1496.277954102,43.432584269662925,-121.40223745094589,0.0,0.0,0.0,0.0,0.0,0.0,0.0	1490.874633789,43.432584269662925,-121.29856340871096,0.0,0.0,0.0,0.0,0.0,0.0,0.0	1421.184082031,43.432584269662925,-121.19488936647602,0.0,0.0,0.0,0.0,0.0,0.0,0.0	1359.915283203,43.432584269662925,-121.09121532424109,0.0,0.0,0.0,0.0,0.0,0.0,0.0	1344.970336914,43.432584269662925,-120.98754128200616,0.0,0.0,0.0,0.0,0.0,0.0,0.0
0.0,43.37078651685393,-124.51066189623158,0.0,0.0,0.0,0.0,0.0,0.0,0.0	0.0,43.37078651685393,-124.40709354939443,0.0,0.0,0.0,0.0,0.0,0.0,0.0	0.270063281,43.37078651685393,-124.30352520255728,0.0,0.0,0.0,0.0,0.0,0.0,0.0	9.232891083,43.37078651685393,-124.19995685572013,0.0,0.0,0.0,0.0,0.0,0.0,0.0	60.2590065,43.37078651685393,-124.09638850888298,0.0,0.0,0.0,0.0,0.0,0.0,0.0	87.60660553,43.37078651685393,-123.99282016204583,0.0,0.0,0.0,0.0,0.0,0.0,0.0	121.722312927,43.37078651685393,-123.88925181520867,0.0,0.0,0.0,0.0,0.0,0.0,0.0	398.492858887,43.37078651685393,-123.78568346837152,0.0,0.0,0.0,0.0,0.0,0.0,0.0	688.165039062,43.37078651685393,-123.68211512153437,0.0,0.0,0.0,0.0,0.0,0.0,0.0	259.672149658,43.37078651685393,-123.57854677469722,0.0,0.0,0.0,0.0,0.0,0.0,0.0	99.043823242,43.37078651685393,-123.47497842786007,0.0,0.0,0.0,0.0,0.0,0.0,0.0	225.840209961,43.37078651685393,-123.37141008102292,0.0,0.0,0.0,0.0,0.0,0.0,0.0	282.754760742,43.37078651685393,-123.26784173418577,0.0,0.0,0.0,0.0,0.0,0.0,0.0	326.991729736,43.37078651685393,-123.16427338734862,0.0,0.0,0.0,0.0,0.0,0.0,0.0	1220.20715332,43.37078651685393,-123.06070504051146,0.0,0.0,0.0,0.0,0.0,0.0,0.0	391.719146729,43.37078651685393,-122.95713669367431,0.0,0.0,0.0,0.0,0.0,0.0,0.0	981.012329102,43.37078651685393,-122.85356834683716,0.0,0.0,0.0,0.0,0.0,0.0,0.0	450.021789551,43.37078651685393,-122.75,0.0,0.0,0.0,0.0,0.0,0.0,0.0	557.583312988,43.37078651685393,-122.64643165316285,0.0,0.0,0.0,0.0,0.0,0.0,0.0	1272.630371094,43.37078651685393,-122.5428633063257,0.0,0.0,0.0,0.0,0.0,0.0,0.0	1603.651855469,43.37078651685393,-122.43929495948855,0.0,0.0,0.0,0.0,0.0,0.0,0.0	1729.130859375,43.37078651685393,-122.3357266126514,0.0,0.0,0.0,0.0,0.0,0.0,0.0	1336.08581543,43.37078651685393,-122.23215826581425,0.0,0.0,0.0,0.0,0.0,0.0,0.0	1816.461181641,43.37078651685393,-122.1285899189771,0.0,0.0,0.0,0.0,0.0,0.0,0.0	1717.065673828,43.37078651685393,-122.02502157213995,0.0,0.0,0.0,0.0,0.0,0.0,0.0	1582.892944336,43.37078651685393,-121.9214532253028,0.0,0.0,0.0,0.0,0.0,0.0,0.0	1449.60559082,43.37078651685393,-121.81788487846565,0.0,0.0,0.0,0.0,0.0,0.0,0.0	1402.849121094,43.37078651685393,-121.7143165316285,0.0,0.0,0.0,0.0,0.0,0.0,0.0	1688.051879883,43.37078651685393,-121.61074818479133,0.0,0.0,0.0,0.0,0.0,0.0,0.0	1698.51159668,43.37078651685393,-121.50717983795418,0.0,0.0,0.0,0.0,0.0,0.0,0.0	1743.911865234,43.37078651685393,-121.40361149111703,0.0,0.0,0.0,0.0,0.0,0.0,0.0	1510.442260742,43.37078651685393,-121.30004314427988,0.0,0.0,0.0,0.0,0.0,0.0,0.0	1431.114990234,43.37078651685393,-121.19647479744273,0.0,0.0,0.0,0.0,0.0,0.0,0.0	1331.780639648,43.37078651685393,-121.09290645060558,0.0,0.0,0.0,0.0,0.0,0.0,0.0	1329.197753906,43.37078651685393,-120.98933810376843,0.0,0.0,0.0,0.0,0.0,0.0,0.0
0.0,43.30898876404494,-124.50887077849728,0.0,0.0,0.0,0.0,0.0,0.0,0.0	2.07531333,43.30898876404494,-124.40540779152686,0.0,0.0,0.0,0.0,0.0,0.0,0.0	85.735694885,43.30898876404494,-124.30194480455643,0.0,0.0,0.0,0.0,0.0,0.0,0.0	26.5097332,43.30898876404494,-124.198481817586,0.0,0.0,0.0,0.0,0.0,0.0,0.0	88.245079041,43.30898876404494,-124.09501883061557,0.0,0.0,0.0,0.0,0.0,0.0,0.0	410.118530273,43.30898876404494,-123.99155584364514,0.0,0.0,0.0,0.0,0.0,0.0,0.0	460.014526367,43.30898876404494,-123.88809285667472,0.0,0.0,0.0,0.0,0.0,0.0,0.0	405.784057617,43.30898876404494,-123.78462986970429,0.0,0.0,0.0,0.0,0.0,0.0,0.0	505.77432251,43.30898876404494,-123.68116688273386,0.0,0.0,0.0,0.0,0.0,0.0,0.0	409.175292969,43.30898876404494,-123.57770389576343,0.0,0.0,0.0,0.0,0.0,0.0,0.0	146.979156494,43.30898876404494,-123.474240908793,0.0,0.0,0.0,0.0,0.0,0.0,0.0	134.874160767,43.30898876404494,-123.37077792182258,0.0,0.0,0.0,0.0,0.0,0.0,0.0	249.689926147,43.30898876404494,-123.26731493485215,0.0,0.0,0.0,0.0,0.0,0.0,0.0	214.347457886,43.30898876404494,-123.16385194788171,0.0,0.0,0.0,0.0,0.0,0.0,0.0	351.833190918,43.30898876404494,-123.06038896091128,0.0,0.0,0.0,0.0,0.0,0.0,0.0	337.990478516,43.30898876404494,-122.95692597394086,0.0,0.0,0.0,0.0,0.0,0.0,0.0	440.14730835,43.30898876404494,-122.85346298697043,0.0,0.0,0.0,0.0,0.0,0.0,0.0	1080.823730469,43.30898876404494,-122.75,0.0,0.0,0.0,0.0,0.0,0.0,0.0	890.798217773,43.30898876404494,-122.64653701302957,0.0,0.0,0.0,0.0,0.0,0.0,0.0	850.601928711,43.30898876404494,-122.54307402605914,0.0,0.0,0.0,0.0,0.0,0.0,0.0	1032.524047852,43.30898876404494,-122.43961103908872,0.0,0.0,0.0,0.0,0.0,0.0,0.0	946.666442871,43.30898876404494,-122.33614805211829,0.0,0.0,0.0,0.0,0.0,0.0,0.0	1556.210449219,43.30898876404494,-122.23268506514786,0.0,0.0,0.0,0.0,0.0,0.0,0.0	1283.012939453,43.30898876404494,-122.12922207817743,0.0,0.0,0.0,0.0,0.0,0.0,0.0	1639.541870117,43.30898876404494,-122.02575909120701,0.0,0.0,0.0,0.0,0.0,0.0,0.0	2138.859863281,43.30898876404494,-121.92229610423658,0.0,0.0,0.0,0.0,0.0,0.0,0.0	1517.46484375,43.30898876404494,-121.81883311726615,0.0,0.0,0.0,0.0,0.0,0.0,0.0	2092.6953125,43.30898876404494,-121.71537013029572,0.0,0.0,0.0,0.0,0.0,0.0,0.0	1710.555664062,43.30898876404494,-121.6119071433253,0.0,0.0,0.0,0.0,0.0,0.0,0.0	1673.390869141,43.30898876404494,-121.50844415635487,0.0,0.0,0.0,0.0,0.0,0.0,0.0	1707.088745117,43.30898876404494,-121.40498116938444,0.0,0.0,0.0,0.0,0.0,0.0,0.0	1866.099731445,43.30898876404494,-121.30151818241401,0.0,0.0,0.0,0.0,0.0,0.0,0.0	1442.585571289,43.30898876404494,-121.19805519544359,0.0,0.0,0.0,0.0,0.0,0.0,0.0	1350.391235352,43.30898876404494,-121.09459220847316,0.0,0.0,0.0,0.0,0.0,0.0,0.0	1314.074829102,43.30898876404494,-120.99112922150273,0.0,0.0,0.0,0.0,0.0,0.0,0.0
0.0,43.247191011235955,-124.5070853432396,0.0,0.0,0.0,0.0,0.0,0.0,0.0	0.0,43.247191011235955,-124.40372738187256,0.0,0.0,0.0,0.0,0.0,0.0,0.0	49.660686493,43.247191011235955,-124.30036942050553,0.0,0.0,0.0,0.0,0.0,0.0,0.0	35.597839355,43.247191011235955,-124.1970114591385,0.0,0.0,0.0,0.0,0.0,0.0,0.0	145.786590576,43.247191011235955,-124.09365349777146,0.0,0.0,0.0,0.0,0.0,0.0,0.0	342.658874512,43.247191011235955,-123.99029553640442,0.0,0.0,0.0,0.0,0.0,0.0,0.0	387.140899658,43.247191011235955,-123.8869375750374,0.0,0.0,0.0,0.0,0.0,0.0,0.0	480.954925537,43.247191011235955,-123.78357961367036,0.0,0.0,0.0,0.0,0.0,0.0,0.0	481.445648193,43.247191011235955,-123.68022165230332,0.0,0.0,0.0,0.0,0.0,0.0,0.0	752.730651855,43.247191011235955,-123.57686369093628,0.0,0.0,0.0,0.0,0.0,0.0,0.0	176.794921875,43.247191011235955,-123.47350572956925,0.0,0.0,0.0,0.0,0.0,0.0,0.0	297.211853027,43.247191011235955,-123.37014776820222,0.0,0.0,0.0,0.0,0.0,0.0,0.0	238.186889648,43.247191011235955,-123.26678980683518,0.0,0.0,0.0,0.0,0.0,0.0,0.0	247.351364136,43.247191011235955,-123.16343184546814,0.0,0.0,0.0,0.0,0.0,0.0,0.0	627.709106445,43.247191011235955,-123.06007388410112,0.0,0.0,0.0,0.0,0.0,0.0,0.0	565.477111816,43.247191011235955,-122.95671592273408,0.0,0.0,0.0,0.0,0.0,0.0,0.0	1055.090820312,43.247191011235955,-122.85335796136704,0.0,0.0,0.0,0.0,0.0,0.0,0.0	1008.527038574,43.247191011235955,-122.75,0.0,0.0,0.0,0.0,0.0,0.0,0.0	927.210205078,43.247191011235955,-122.64664203863298,0.0,0.0,0.0,0.0,0.0,0.0,0.0	968.106201172,43.247191011235955,-122.54328407726594,0.0,0.0,0.0,0.0,0.0,0.0,0.0	951.31048584,43.247191011235955,-122.4399261158989,0.0,0.0,0.0,0.0,0.0,0.0,0.0	1106.254760742,43.247191011235955,-122.33656815453186,0.0,0.0,0.0,0.0,0.0,0.0,0.0	1285.118652344,43.247191011235955,-122.23321019316484,0.0,0.0,0.0,0.0,0.0,0.0,0.0	1563.022705078,43.247191011235955,-122.1298522317978,0.0,0.0,0.0,0.0,0.0,0.0,0.0	1905.499145508,43.247191011235955,-122.02649427043076,0.0,0.0,0.0,0.0,0.0,0.0,0.0	1966.817749023,43.247191011235955,-121.92313630906372,0.0,0.0,0.0,0.0,0.0,0.0,0.0	1500.688720703,43.247191011235955,-121.8197783476967,0.0,0.0,0.0,0.0,0.0,0.0,0.0	1717.211303711,43.247191011235955,-121.71642038632966,0.0,0.0,0.0,0.0,0.0,0.0,0.0	1659.756591797,43.247191011235955,-121.61306242496262,0.0,0.0,0.0,0.0,0.0,0.0,0.0	1603.926391602,43.247191011235955,-121.50970446359558,0.0,0.0,0.0,0.0,0.0,0.0,0.0	1630.815917969,43.247191011235955,-121.40634650222856,0.0,0.0,0.0,0.0,0.0,0.0,0.0	1888.921386719,43.247191011235955,-121.30298854086152,0.0,0.0,0.0,0.0,0.0,0.0,0.0	1442.025146484,43.247191011235955,-121.19963057949448,0.0,0.0,0.0,0.0,0.0,0.0,0.0	1375.99609375,43.247191011235955,-121.09627261812744,0.0,0.0,0.0,0.0,0.0,0.0,0.0	1404.316894531,43.247191011235955,-120.99291465676042,0.0,0.0,0.0,0.0,0.0,0.0,0.0
0.0,43.18539325842697,-124.50530556902339,0.0,0.0,0.0,0.0,0.0,0.0,0.0	2.518867731,43.18539325842697,-124.40205230025731,0.0,0.0,0.0,0.0,0.0,0.0,0.0	27.057340622,43.18539325842697,-124.29879903149123,0.0,0.0,0.0,0.0,0.0,0.0,0.0	16.690322876,43.18539325842697,-124.19554576272515,0.0,0.0,0.0,0.0,0.0,0.0,0.0	31.58319664,43.18539325842697,-124.09229249395906,0.0,0.0,0.0,0.0,0.0,0.0,0.0	104.100585938,43.18539325842697,-123.98903922519298,0.0,0.0,0.0,0.0,0.0,0.0,0.0	526.717773438,43.18539325842697,-123.8857859564269,0.0,0.0,0.0,0.0,0.0,0.0,0.0	600.21697998,43.18539325842697,-123.78253268766082,0.0,0.0,0.0,0.0,0.0,0.0,0.0	645.398742676,43.18539325842697,-123.67927941889474,0.0,0.0,0.0,0.0,0.0,0.0,0.0	359.150085449,43.18539325842697,-123.57602615012865,0.0,0.0,0.0,0.0,0.0,0.0,0.0	188.712997437,43.18539325842697,-123.47277288136257,0.0,0.0,0.0,0.0,0.0,0.0,0.0	142.84727478,43.18539325842697,-123.36951961259649,0.0,0.0,0.0,0.0,0.0,0.0,0.0	318.347747803,43.18539325842697,-123.26626634383041,0.0,0.0,0.0,0.0,0.0,0.0,0.0	391.102752686,43.18539325842697,-123.16301307506433,0.0,0.0,0.0,0.0,0.0,0.0,0.0	573.646606445,43.18539325842697,-123.05975980629825,0.0,0.0,0.0,0.0,0.0,0.0,0.0	780.835327148,43.18539325842697,-122.95650653753216,0.0,0.0,0.0,0.0,0.0,0.0,0.0	1322.025024414,43.18539325842697,-122.85325326876608,0.0,0.0,0.0,0.0,0.0,0.0,0.0	1045.719238281,43.18539325842697,-122.75,0.0,0.0,0.0,0.0,0.0,0.0,0.0	1358.408691406,43.18539325842697,-122.64674673123392,0.0,0.0,0.0,0.0,0.0,0.0,0.0	1390.830810547,43.18539325842697,-122.54349346246784,0.0,0.0,0.0,0.0,0.0,0.0,0.0	1596.875,43.18539325842697,-122.44024019370175,0.0,0.0,0.0,0.0,0.0,0.0,0.0	1305.566162109,43.18539325842697,-122.33698692493567,0.0,0.0,0.0,0.0,0.0,0.0,0.0	1798.355834961,43.18539325842697,-122.23373365616959,0.0,0.0,0.0,0.0,0.0,0.0,0.0	1640.200317383,43.18539325842697,-122.13048038740351,0.0,0.0,0.0,0.0,0.0,0.0,0.0	2194.184814453,43.18539325842697,-122.02722711863743,0.0,0.0,0.0,0.0,0.0,0.0,0.0	1671.081420898,43.18539325842697,-121.92397384987135,0.0,0.0,0.0,0.0,0.0,0.0,0.0	1434.086914062,43.18539325842697,-121.82072058110526,0.0,0.0,0.0,0.0,0.0,0.0,0.0	1575.185913086,43.18539325842697,-121.7174673123392,0.0,0.0,0.0,0.0,0.0,0.0,0.0	1589.748779297,43.18539325842697,-121.61421404357311,0.0,0.0,0.0,0.0,0.0,0.0,0.0	1563.006347656,43.18539325842697,-121.51096077480703,0.0,0.0,0.0,0.0,0.0,0.0,0.0	1536.612426758,43.18539325842697,-121.40770750604095,0.0,0.0,0.0,0.0,0.0,0.0,0.0	1807.622558594,43.18539325842697,-121.30445423727487,0.0,0.0,0.0,0.0,0.0,0.0,0.0	1555.196411133,43.18539325842697,-121.20120096850879,0.0,0.0,0.0,0.0,0.0,0.0,0.0	1326.3984375,43.18539325842697,-121.0979476997427,0.0,0.0,0.0,0.0,0.0,0.0,0.0	1315.74206543,43.18539325842697,-120.99469443097662,0.0,0.0,0.0,0.0,0.0,0.0,0.0
0.0,43.12359550561798,-124.50353143452901,0.0,0.0,0.0,0.0,0.0,0.0,0.0	22.537050247,43.12359550561798,-124.40038252661554,0.0,0.0,0.0,0.0,0.0,0.0,0.0	11.627728462,43.12359550561798,-124.29723361870207,0.0,0.0,0.0,0.0,0.0,0.0,0.0	7.05746603,43.12359550561798,-124.19408471078859,0.0,0.0,0.0,0.0,0.0,0.0,0.0	46.69883728,43.12359550561798,-124.09093580287512,0.0,0.0,0.0,0.0,0.0,0.0,0.0	93.507133484,43.12359550561798,-123.98778689496166,0.0,0.0,0.0,0.0,0.0,0.0,0.0	371.216033936,43.12359550561798,-123.88463798704818,0.0,0.0,0.0,0.0,0.0,0.0,0.0	411.471008301,43.12359550561798,-123.7814890791347,0.0,0.0,0.0,0.0,0.0,0.0,0.0	762.951721191,43.12359550561798,-123.67834017122124,0.0,0.0,0.0,0.0,0.0,0.0,0.0	573.629882812,43.12359550561798,-123.57519126330777,0.0,0.0,0.0,0.0,0.0,0.0,0.0	233.022201538,43.12359550561798,-123.4720423553943,0.0,0.0,0.0,0.0,0.0,0.0,0.0	240.247467041,43.12359550561798,-123.36889344748081,0.0,0.0,0.0,0.0,0.0,0.0,0.0	390.123382568,43.12359550561798,-123.26574453956735,0.0,0.0,0.0,0.0,0.0,0.0,0.0	333.333648682,43.12359550561798,-123.16259563165389,0.0,0.0,0.0,0.0,0.0,0.0,0.0	790.41973877,43.12359550561798,-123.05944672374041,0.0,0.0,0.0,0.0,0.0,0.0,0.0	757.000976562,43.12359550561798,-122.95629781582693,0.0,0.0,0.0,0.0,0.0,0.0,0.0	1109.045043945,43.12359550561798,-122.85314890791346,0.0,0.0,0.0,0.0,0.0,0.0,0.0	1091.241577148,43.12359550561798,-122.75,0.0,0.0,0.0,0.0,0.0,0.0,0.0	801.31817627,43.12359550561798,-122.64685109208652,0.0,0.0,0.0,0.0,0.0,0.0,0.0	1158.880981445,43.12359550561798,-122.54370218417304,0.0,0.0,0.0,0.0,0.0,0.0,0.0	1513.372436523,43.12359550561798,-122.44055327625958,0.0,0.0,0.0,0.0,0.0,0.0,0.0	1441.227783203,43.12359550561798,-122.33740436834611,0.0,0.0,0.0,0.0,0.0,0.0,0.0	1841.216796875,43.12359550561798,-122.23425546043264,0.0,0.0,0.0,0.0,0.0,0.0,0.0	1624.861450195,43.12359550561798,-122.13110655251916,0.0,0.0,0.0,0.0,0.0,0.0,0.0	1949.38293457,43.12359550561798,-122.02795764460569,0.0,0.0,0.0,0.0,0.0,0.0,0.0	1500.816040039,43.12359550561798,-121.92480873669223,0.0,0.0,0.0,0.0,0.0,0.0,0.0	1410.415527344,43.12359550561798,-121.82165982877875,0.0,0.0,0.0,0.0,0.0,0.0,0.0	1458.915527344,43.12359550561798,-121.71851092086527,0.0,0.0,0.0,0.0,0.0,0.0,0.0	1814.703979492,43.12359550561798,-121.6153620129518,0.0,0.0,0.0,0.0,0.0,0.0,0.0	1516.382324219,43.12359550561798,-121.51221310503834,0.0,0.0,0.0,0.0,0.0,0.0,0.0	1509.279907227,43.12359550561798,-121.40906419712486,0.0,0.0,0.0,0.0,0.0,0.0,0.0	1493.618530273,43.12359550561798,-121.30591528921138,0.0,0.0,0.0,0.0,0.0,0.0,0.0	1445.92565918,43.12359550561798,-121.20276638129792,0.0,0.0,0.0,0.0,0.0,0.0,0.0	1360.475463867,43.12359550561798,-121.09961747338446,0.0,0.0,0.0,0.0,0.0,0.0,0.0	1323.519897461,43.12359550561798,-120.99646856547098,0.0,0.0,0.0,0.0,0.0,0.0,0.0
0.0,43.061797752808985,-124.50176291855155,0.0,0.0,0.0,0.0,0.0,0.0,0.0	39.573642731,43.061797752808985,-124.39871804098969,0.0,0.0,0.0,0.0,0.0,0.0,0.0	199.598831177,43.061797752808985,-124.29567316342784,0.0,0.0,0.0,0.0,0.0,0.0,0.0	78.620231628,43.061797752808985,-124.19262828586598,0.0,0.0,0.0,0.0,0.0,0.0,0.0	169.810638428,43.061797752808985,-124.08958340830412,0.0,0.0,0.0,0.0,0.0,0.0,0.0	239.665313721,43.061797752808985,-123.98653853074227,0.0,0.0,0.0,0.0,0.0,0.0,0.0	410.671966553,43.061797752808985,-123.88349365318041,0.0,0.0,0.0,0.0,0.0,0.0,0.0	705.826538086,43.061797752808985,-123.78044877561857,0.0,0.0,0.0,0.0,0.0,0.0,0.0	356.4793396,43.061797752808985,-123.67740389805671,0.0,0.0,0.0,0.0,0.0,0.0,0.0	436.346923828,43.061797752808985,-123.57435902049485,0.0,0.0,0.0,0.0,0.0,0.0,0.0	319.595428467,43.061797752808985,-123.471314142933,0.0,0.0,0.0,0.0,0.0,0.0,0.0	172.752883911,43.061797752808985,-123.36826926537114,0.0,0.0,0.0,0.0,0.0,0.0,0.0	405.475128174,43.061797752808985,-123.26522438780928,0.0,0.0,0.0,0.0,0.0,0.0,0.0	452.848327637,43.061797752808985,-123.16217951024743,0.0,0.0,0.0,0.0,0.0,0.0,0.0	527.622314453,43.061797752808985,-123.05913463268557,0.0,0.0,0.0,0.0,0.0,0.0,0.0	1042.387329102,43.061797752808985,-122.95608975512371,0.0,0.0,0.0,0.0,0.0,0.0,0.0	934.977478027,43.061797752808985,-122.85304487756186,0.0,0.0,0.0,0.0,0.0,0.0,0.0	951.226745605,43.061797752808985,-122.75,0.0,0.0,0.0,0.0,0.0,0.0,0.0	840.937744141,43.061797752808985,-122.64695512243814,0.0,0.0,0.0,0.0,0.0,0.0,0.0	1334.838378906,43.061797752808985,-122.5439102448763,0.0,0.0,0.0,0.0,0.0,0.0,0.0	1713.765014648,43.061797752808985,-122.44086536731444,0.0,0.0,0.0,0.0,0.0,0.0,0.0	1228.227783203,43.061797752808985,-122.33782048975259,0.0,0.0,0.0,0.0,0.0,0.0,0.0	1721.397460938,43.061797752808985,-122.23477561219073,0.0,0.0,0.0,0.0,0.0,0.0,0.0	1889.273925781,43.061797752808985,-122.13173073462887,0.0,0.0,0.0,0.0,0.0,0.0,0.0	1773.434936523,43.061797752808985,-122.02868585706702,0.0,0.0,0.0,0.0,0.0,0.0,0.0	1443.999389648,43.061797752808985,-121.92564097950516,0.0,0.0,0.0,0.0,0.0,0.0,0.0	1408.666992188,43.061797752808985,-121.8225961019433,0.0,0.0,0.0,0.0,0.0,0.0,0.0	1430.383422852,43.061797752808985,-121.71955122438145,0.0,0.0,0.0,0.0,0.0,0.0,0.0	1378.528198242,43.061797752808985,-121.61650634681959,0.0,0.0,0.0,0.0,0.0,0.0,0.0	1463.513061523,43.061797752808985,-121.51346146925773,0.0,0.0,0.0,0.0,0.0,0.0,0.0	1589.680053711,43.061797752808985,-121.41041659169588,0.0,0.0,0.0,0.0,0.0,0.0,0.0	1581.257446289,43.061797752808985,-121.30737171413404,0.0,0.0,0.0,0.0,0.0,0.0,0.0	1528.088623047,43.061797752808985,-121.20432683657218,0.0,0.0,0.0,0.0,0.0,0.0,0.0	1447.847290039,43.061797752808985,-121.10128195901032,0.0,0.0,0.0,0.0,0.0,0.0,0.0	1443.137939453,43.061797752808985,-120.99823708144847,0.0,0.0,0.0,0.0,0.0,0.0,0.0
0.0,43.0,-124.5,0.0,0.0,0.0,0.0,0.0,0.0,0.0	22.658348083,43.0,-124.3970588235294,0.0,0.0,0.0,0.0,0.0,0.0,0.0	414.230621338,43.0,-124.29411764705883,0.0,0.0,0.0,0.0,0.0,0.0,0.0	114.542938232,43.0,-124.19117647058823,0.0,0.0,0.0,0.0,0.0,0.0,0.0	303.13067627,43.0,-124.08823529411765,0.0,0.0,0.0,0.0,0.0,0.0,0.0	153.371383667,43.0,-123.98529411764706,0.0,0.0,0.0,0.0,0.0,0.0,0.0	71.119262695,43.0,-123.88235294117646,0.0,0.0,0.0,0.0,0.0,0.0,0.0	919.33392334,43.0,-123.77941176470588,0.0,0.0,0.0,0.0,0.0,0.0,0.0	474.410430908,43.0,-123.67647058823529,0.0,0.0,0.0,0.0,0.0,0.0,0.0	499.846160889,43.0,-123.57352941176471,0.0,0.0,0.0,0.0,0.0,0.0,0.0	655.125854492,43.0,-123.47058823529412,0.0,0.0,0.0,0.0,0.0,0.0,0.0	693.850891113,43.0,-123.36764705882354,0.0,0.0,0.0,0.0,0.0,0.0,0.0	288.450012207,43.0,-123.26470588235294,0.0,0.0,0.0,0.0,0.0,0.0,0.0	370.57623291,43.0,-123.16176470588235,0.0,0.0,0.0,0.0,0.0,0.0,0.0	664.393737793,43.0,-123.05882352941177,0.0,0.0,0.0,0.0,0.0,0.0,0.0	804.797546387,43.0,-122.95588235294117,0.0,0.0,0.0,0.0,0.0,0.0,0.0	535.134155273,43.0,-122.8529411764706,0.0,0.0,0.0,0.0,0.0,0.0,0.0	955.418762207,43.0,-122.75,0.0,0.0,0.0,0.0,0.0,0.0,0.0	614.391235352,43.0,-122.6470588235294,0.0,0.0,0.0,0.0,0.0,0.0,0.0	985.942871094,43.0,-122.54411764705883,0.0,0.0,0.0,0.0,0.0,0.0,0.0	1563.587036133,43.0,-122.44117647058823,0.0,0.0,0.0,0.0,0.0,0.0,0.0	1415.167480469,43.0,-122.33823529411765,0.0,0.0,0.0,0.0,0.0,0.0,0.0	1733.0625,43.0,-122.23529411764706,0.0,0.0,0.0,0.0,0.0,0.0,0.0	1989.911865234,43.0,-122.13235294117646,0.0,0.0,0.0,0.0,0.0,0.0,0.0	1726.204956055,43.0,-122.02941176470588,0.0,0.0,0.0,0.0,0.0,0.0,0.0	1472.714233398,43.0,-121.92647058823529,0.0,0.0,0.0,0.0,0.0,0.0,0.0	1398.174072266,43.0,-121.82352941176471,0.0,0.0,0.0,0.0,0.0,0.0,0.0	1399.142578125,43.0,-121.72058823529412,0.0,0.0,0.0,0.0,0.0,0.0,0.0	1377.470214844,43.0,-121.61764705882354,0.0,0.0,0.0,0.0,0.0,0.0,0.0	1390.060668945,43.0,-121.51470588235294,0.0,0.0,0.0,0.0,0.0,0.0,0.0	1729.536132812,43.0,-121.41176470588235,0.0,0.0,0.0,0.0,0.0,0.0,0.0	1912.427124023,43.0,-121.30882352941177,0.0,0.0,0.0,0.0,0.0,0.0,0.0	1724.411865234,43.0,-121.20588235294117,0.0,0.0,0.0,0.0,0.0,0.0,0.0	1502.452636719,43.0,-121.1029411764706,0.0,0.0,0.0,0.0,0.0,0.0,0.0	1743.39074707,43.0,-121.0,0.0,0.0,0.0,0.0,0.0,0.0,0.0
0.0,42.938202247191015,-124.49824265789664,0.0,0.0,0.0,0.0,0.0,0.0,0.0	393.831542969,42.938202247191015,-124.39540485449095,0.0,0.0,0.0,0.0,0.0,0.0,0.0	191.842453003,42.938202247191015,-124.29256705108527,0.0,0.0,0.0,0.0,0.0,0.0,0.0	129.249511719,42.938202247191015,-124.18972924767958,0.0,0.0,0.0,0.0,0.0,0.0,0.0	150.675735474,42.938202247191015,-124.0868914442739,0.0,0.0,0.0,0.0,0.0,0.0,0.0	136.355575562,42.938202247191015,-123.98405364086821,0.0,0.0,0.0,0.0,0.0,0.0,0.0	724.983093262,42.938202247191015,-123.88121583746253,0.0,0.0,0.0,0.0,0.0,0.0,0.0	602.955993652,42.938202247191015,-123.77837803405684,0.0,0.0,0.0,0.0,0.0,0.0,0.0	385.640655518,42.938202247191015,-123.67554023065117,0.0,0.0,0.0,0.0,0.0,0.0,0.0	860.027709961,42.938202247191015,-123.57270242724547,0.0,0.0,0.0,0.0,0.0,0.0,0.0	653.914489746,42.938202247191015,-123.46986462383978,0.0,0.0,0.0,0.0,0.0,0.0,0.0	206.317428589,42.938202247191015,-123.3670268204341,0.0,0.0,0.0,0.0,0.0,0.0,0.0	223.547637939,42.938202247191015,-123.26418901702841,0.0,0.0,0.0,0.0,0.0,0.0,0.0	370.501403809,42.938202247191015,-123.16135121362274,0.0,0.0,0.0,0.0,0.0,0.0,0.0	566.351074219,42.938202247191015,-123.05851341021705,0.0,0.0,0.0,0.0,0.0,0.0,0.0	525.785888672,42.938202247191015,-122.95567560681137,0.0,0.0,0.0,0.0,0.0,0.0,0.0	813.411132812,42.938202247191015,-122.85283780340568,0.0,0.0,0.0,0.0,0.0,0.0,0.0	827.913146973,42.938202247191015,-122.75,0.0,0.0,0.0,0.0,0.0,0.0,0.0	971.979553223,42.938202247191015,-122.64716219659431,0.0,0.0,0.0,0.0,0.0,0.0,0.0	1646.363769531,42.938202247191015,-122.54432439318863,0.0,0.0,0.0,0.0,0.0,0.0,0.0	1205.129150391,42.938202247191015,-122.44148658978294,0.0,0.0,0.0,0.0,0.0,0.0,0.0	1405.605102539,42.938202247191015,-122.33864878637725,0.0,0.0,0.0,0.0,0.0,0.0,0.0	1640.215942383,42.938202247191015,-122.23581098297157,0.0,0.0,0.0,0.0,0.0,0.0,0.0	1880.510009766,42.938202247191015,-122.13297317956588,0.0,0.0,0.0,0.0,0.0,0.0,0.0	2258.538330078,42.938202247191015,-122.0301353761602,0.0,0.0,0.0,0.0,0.0,0.0,0.0	1553.476806641,42.938202247191015,-121.92729757275451,0.0,0.0,0.0,0.0,0.0,0.0,0.0	1389.805297852,42.938202247191015,-121.82445976934883,0.0,0.0,0.0,0.0,0.0,0.0,0.0	1377.912353516,42.938202247191015,-121.72162196594314,0.0,0.0,0.0,0.0,0.0,0.0,0.0	1379.740112305,42.938202247191015,-121.61878416253747,0.0,0.0,0.0,0.0,0.0,0.0,0.0	1480.787109375,42.938202247191015,-121.51594635913177,0.0,0.0,0.0,0.0,0.0,0.0,0.0	1792.996337891,42.938202247191015,-121.4131085557261,0.0,0.0,0.0,0.0,0.0,0.0,0.0	2210.125732422,42.938202247191015,-121.3102707523204,0.0,0.0,0.0,0.0,0.0,0.0,0.0	1766.709594727,42.938202247191015,-121.20743294891471,0.0,0.0,0.0,0.0,0.0,0.0,0.0	1513.040405273,42.938202247191015,-121.10459514550904,0.0,0.0,0.0,0.0,0.0,0.0,0.0	1752.154296875,42.938202247191015,-121.00175734210335,0.0,0.0,0.0,0.0,0.0,0.0,0.0
29.351398468,42.87640449438202,-124.49649087137622,0.0,0.0,0.0,0.0,0.0,0.0,0.0	573.306396484,42.87640449438202,-124.39375611423645,0.0,0.0,0.0,0.0,0.0,0.0,0.0	349.167816162,42.87640449438202,-124.29102135709667,0.0,0.0,0.0,0.0,0.0,0.0,0.0	248.967971802,42.87640449438202,-124.1882865999569,0.0,0.0,0.0,0.0,0.0,0.0,0.0	266.790405273,42.87640449438202,-124.08555184281711,0.0,0.0,0.0,0.0,0.0,0.0,0.0	600.159606934,42.87640449438202,-123.98281708567734,0.0,0.0,0.0,0.0,0.0,0.0,0.0	1007.313964844,42.87640449438202,-123.88008232853755,0.0,0.0,0.0,0.0,0.0,0.0,0.0	695.826843262,42.87640449438202,-123.77734757139778,0.0,0.0,0.0,0.0,0.0,0.0,0.0	900.814575195,42.87640449438202,-123.674612814258,0.0,0.0,0.0,0.0,0.0,0.0,0.0	468.940948486,42.87640449438202,-123.57187805711823,0.0,0.0,0.0,0.0,0.0,0.0,0.0	658.56237793,42.87640449438202,-123.46914329997844,0.0,0.0,0.0,0.0,0.0,0.0,0.0	688.632324219,42.87640449438202,-123.36640854283867,0.0,0.0,0.0,0.0,0.0,0.0,0.0	448.538787842,42.87640449438202,-123.26367378569888,0.0,0.0,0.0,0.0,0.0,0.0,0.0	748.454101562,42.87640449438202,-123.16093902855911,0.0,0.0,0.0,0.0,0.0,0.0,0.0	604.516418457,42.87640449438202,-123.05820427141934,0.0,0.0,0.0,0.0,0.0,0.0,0.0	753.816040039,42.87640449438202,-122.95546951427956,0.0,0.0,0.0,0.0,0.0,0.0,0.0	620.053955078,42.87640449438202,-122.85273475713979,0.0,0.0,0.0,0.0,0.0,0.0,0.0	1127.749755859,42.87640449438202,-122.75,0.0,0.0,0.0,0.0,0.0,0.0,0.0	1311.231323242,42.87640449438202,-122.64726524286023,0.0,0.0,0.0,0.0,0.0,0.0,0.0	1142.302124023,42.87640449438202,-122.54453048572044,0.0,0.0,0.0,0.0,0.0,0.0,0.0	977.823730469,42.87640449438202,-122.44179572858067,0.0,0.0,0.0,0.0,0.0,0.0,0.0	1658.990844727,42.87640449438202,-122.33906097144089,0.0,0.0,0.0,0.0,0.0,0.0,0.0	1775.937255859,42.87640449438202,-122.23632621430112,0.0,0.0,0.0,0.0,0.0,0.0,0.0	1894.315917969,42.87640449438202,-122.13359145716133,0.0,0.0,0.0,0.0,0.0,0.0,0.0	1790.612426758,42.87640449438202,-122.03085670002156,0.0,0.0,0.0,0.0,0.0,0.0,0.0	1451.839355469,42.87640449438202,-121.92812194288177,0.0,0.0,0.0,0.0,0.0,0.0,0.0	1386.614624023,42.87640449438202,-121.825387185742,0.0,0.0,0.0,0.0,0.0,0.0,0.0	1376.638549805,42.87640449438202,-121.72265242860223,0.0,0.0,0.0,0.0,0.0,0.0,0.0	1428.769897461,42.87640449438202,-121.61991767146245,0.0,0.0,0.0,0.0,0.0,0.0,0.0	1473.810302734,42.87640449438202,-121.51718291432267,0.0,0.0,0.0,0.0,0.0,0.0,0.0	1504.13269043,42.87640449438202,-121.41444815718289,0.0,0.0,0.0,0.0,0.0,0.0,0.0	1785.842651367,42.87640449438202,-121.31171340004312,0.0,0.0,0.0,0.0,0.0,0.0,0.0	1631.784790039,42.87640449438202,-121.20897864290333,0.0,0.0,0.0,0.0,0.0,0.0,0.0	1542.299926758,42.87640449438202,-121.10624388576356,0.0,0.0,0.0,0.0,0.0,0.0,0.0	1704.360961914,42.87640449438202,-121.00350912862378,0.0,0.0,0.0,0.0,0.0,0.0,0.0
48.316684723,42.81460674157303,-124.49474461968524,0.0,0.0,0.0,0.0,0.0,0.0,0.0	234.304611206,42.81460674157303,-124.39211258323316,0.0,0.0,0.0,0.0,0.0,0.0,0.0	172.919219971,42.81460674157303,-124.28948054678109,0.0,0.0,0.0,0.0,0.0,0.0,0.0	270.410552979,42.81460674157303,-124.18684851032901,0.0,0.0,0.0,0.0,0.0,0.0,0.0	758.956848145,42.81460674157303,-124.08421647387695,0.0,0.0,0.0,0.0,0.0,0.0,0.0	778.475585938,42.81460674157303,-123.98158443742487,0.0,0.0,0.0,0.0,0.0,0.0,0.0	718.665344238,42.81460674157303,-123.8789524009728,0.0,0.0,0.0,0.0,0.0,0.0,0.0	827.940856934,42.81460674157303,-123.77632036452073,0.0,0.0,0.0,0.0,0.0,0.0,0.0	590.91986084,42.81460674157303,-123.67368832806865,0.0,0.0,0.0,0.0,0.0,0.0,0.0	750.242370605,42.81460674157303,-123.57105629161659,0.0,0.0,0.0,0.0,0.0,0.0,0.0	636.609680176,42.81460674157303,-123.4684242551645,0.0,0.0,0.0,0.0,0.0,0.0,0.0	833.736816406,42.81460674157303,-123.36579221871244,0.0,0.0,0.0,0.0,0.0,0.0,0.0	602.555419922,42.81460674157303,-123.26316018226036,0.0,0.0,0.0,0.0,0.0,0.0,0.0	749.065368652,42.81460674157303,-123.16052814580829,0.0,0.0,0.0,0.0,0.0,0.0,0.0	635.571289062,42.81460674157303,-123.05789610935622,0.0,0.0,0.0,0.0,0.0,0.0,0.0	913.790405273,42.81460674157303,-122.95526407290414,0.0,0.0,0.0,0.0,0.0,0.0,0.0	637.091918945,42.81460674157303,-122.85263203645208,0.0,0.0,0.0,0.0,0.0,0.0,0.0	1255.590698242,42.81460674157303,-122.75,0.0,0.0,0.0,0.0,0.0,0.0,0.0	682.635070801,42.81460674157303,-122.64736796354794,0.0,0.0,0.0,0.0,0.0,0.0,0.0	1096.979125977,42.81460674157303,-122.54473592709586,0.0,0.0,0.0,0.0,0.0,0.0,0.0	1029.317504883,42.81460674157303,-122.44210389064378,0.0,0.0,0.0,0.0,0.0,0.0,0.0	1743.142578125,42.81460674157303,-122.33947185419171,0.0,0.0,0.0,0.0,0.0,0.0,0.0	1889.329467773,42.81460674157303,-122.23683981773964,0.0,0.0,0.0,0.0,0.0,0.0,0.0	1842.448608398,42.81460674157303,-122.13420778128757,0.0,0.0,0.0,0.0,0.0,0.0,0.0	1481.625732422,42.81460674157303,-122.0315757448355,0.0,0.0,0.0,0.0,0.0,0.0,0.0	1526.083740234,42.81460674157303,-121.92894370838343,0.0,0.0,0.0,0.0,0.0,0.0,0.0	1377.57019043,42.81460674157303,-121.82631167193135,0.0,0.0,0.0,0.0,0.0,0.0,0.0	1407.965332031,42.81460674157303,-121.72367963547927,0.0,0.0,0.0,0.0,0.0,0.0,0.0	1480.87878418,42.81460674157303,-121.62104759902721,0.0,0.0,0.0,0.0,0.0,0.0,0.0	1488.32434082,42.81460674157303,-121.51841556257513,0.0,0.0,0.0,0.0,0.0,0.0,0.0	1503.952880859,42.81460674157303,-121.41578352612306,0.0,0.0,0.0,0.0,0.0,0.0,0.0	1783.958496094,42.81460674157303,-121.31315148967099,0.0,0.0,0.0,0.0,0.0,0.0,0.0	1622.350219727,42.81460674157303,-121.21051945321892,0.0,0.0,0.0,0.0,0.0,0.0,0.0	1519.430297852,42.81460674157303,-121.10788741676684,0.0,0.0,0.0,0.0,0.0,0.0,0.0	1619.717163086,42.81460674157303,-121.00525538031476,0.0,0.0,0.0,0.0,0.0,0.0,0.0
25.343265533,42.752808988764045,-124.49300388218121,0.0,0.0,0.0,0.0,0.0,0.0,0.0	477.04196167,42.752808988764045,-124.3904742420529,0.0,0.0,0.0,0.0,0.0,0.0,0.0	289.204498291,42.752808988764045,-124.2879446019246,0.0,0.0,0.0,0.0,0.0,0.0,0.0	816.287902832,42.752808988764045,-124.1854149617963,0.0,0.0,0.0,0.0,0.0,0.0,0.0	318.702514648,42.752808988764045,-124.08288532166799,0.0,0.0,0.0,0.0,0.0,0.0,0.0	766.09979248,42.752808988764045,-123.98035568153968,0.0,0.0,0.0,0.0,0.0,0.0,0.0	587.028137207,42.752808988764045,-123.87782604141137,0.0,0.0,0.0,0.0,0.0,0.0,0.0	775.06439209,42.752808988764045,-123.77529640128307,0.0,0.0,0.0,0.0,0.0,0.0,0.0	810.991760254,42.752808988764045,-123.67276676115476,0.0,0.0,0.0,0.0,0.0,0.0,0.0	749.989257812,42.752808988764045,-123.57023712102645,0.0,0.0,0.0,0.0,0.0,0.0,0.0	494.933502197,42.752808988764045,-123.46770748089814,0.0,0.0,0.0,0.0,0.0,0.0,0.0	441.93649292,42.752808988764045,-123.36517784076985,0.0,0.0,0.0,0.0,0.0,0.0,0.0	538.86151123,42.752808988764045,-123.26264820064154,0.0,0.0,0.0,0.0,0.0,0.0,0.0	1394.878662109,42.752808988764045,-123.16011856051323,0.0,0.0,0.0,0.0,0.0,0.0,0.0	861.807128906,42.752808988764045,-123.05758892038492,0.0,0.0,0.0,0.0,0.0,0.0,0.0	1344.889404297,42.752808988764045,-122.95505928025662,0.0,0.0,0.0,0.0,0.0,0.0,0.0	936.486633301,42.752808988764045,-122.85252964012831,0.0,0.0,0.0,0.0,0.0,0.0,0.0	970.186157227,42.752808988764045,-122.75,0.0,0.0,0.0,0.0,0.0,0.0,0.0	791.128295898,42.752808988764045,-122.64747035987169,0.0,0.0,0.0,0.0,0.0,0.0,0.0	1116.114257812,42.752808988764045,-122.5449407197434,0.0,0.0,0.0,0.0,0.0,0.0,0.0	808.887451172,42.752808988764045,-122.44241107961508,0.0,0.0,0.0,0.0,0.0,0.0,0.0	1401.956787109,42.752808988764045,-122.33988143948677,0.0,0.0,0.0,0.0,0.0,0.0,0.0	1805.310058594,42.752808988764045,-122.23735179935846,0.0,0.0,0.0,0.0,0.0,0.0,0.0	1655.051391602,42.752808988764045,-122.13482215923017,0.0,0.0,0.0,0.0,0.0,0.0,0.0	1303.452026367,42.752808988764045,-122.03229251910186,0.0,0.0,0.0,0.0,0.0,0.0,0.0	1537.960449219,42.752808988764045,-121.92976287897355,0.0,0.0,0.0,0.0,0.0,0.0,0.0	1380.667480469,42.752808988764045,-121.82723323884524,0.0,0.0,0.0,0.0,0.0,0.0,0.0	1414.922363281,42.752808988764045,-121.72470359871694,0.0,0.0,0.0,0.0,0.0,0.0,0.0	1550.150146484,42.752808988764045,-121.62217395858863,0.0,0.0,0.0,0.0,0.0,0.0,0.0	1473.281005859,42.752808988764045,-121.51964431846032,0.0,0.0,0.0,0.0,0.0,0.0,0.0	1460.088256836,42.752808988764045,-121.41711467833201,0.0,0.0,0.0,0.0,0.0,0.0,0.0	1675.76965332,42.752808988764045,-121.31458503820372,0.0,0.0,0.0,0.0,0.0,0.0,0.0	1591.280151367,42.752808988764045,-121.2120553980754,0.0,0.0,0.0,0.0,0.0,0.0,0.0	1578.81652832,42.752808988764045,-121.1095257579471,0.0,0.0,0.0,0.0,0.0,0.0,0.0	1620.322998047,42.752808988764045,-121.00699611781879,0.0,0.0,0.0,0.0,0.0,0.0,0.0
0.0,42.69101123595506,-124.491268638332,0.0,0.0,0.0,0.0,0.0,0.0,0.0	410.582702637,42.69101123595506,-124.3888410713713,0.0,0.0,0.0,0.0,0.0,0.0,0.0	213.141815186,42.69101123595506,-124.28641350441059,0.0,0.0,0.0,0.0,0.0,0.0,0.0	448.654449463,42.69101123595506,-124.18398593744989,0.0,0.0,0.0,0.0,0.0,0.0,0.0	539.062194824,42.69101123595506,-124.08155837048918,0.0,0.0,0.0,0.0,0.0,0.0,0.0	571.183654785,42.69101123595506,-123.97913080352848,0.0,0.0,0.0,0.0,0.0,0.0,0.0	820.271179199,42.69101123595506,-123.87670323656776,0.0,0.0,0.0,0.0,0.0,0.0,0.0	647.996520996,42.69101123595506,-123.77427566960706,0.0,0.0,0.0,0.0,0.0,0.0,0.0	946.304443359,42.69101123595506,-123.67184810264635,0.0,0.0,0.0,0.0,0.0,0.0,0.0	869.326416016,42.69101123595506,-123.56942053568565,0.0,0.0,0.0,0.0,0.0,0.0,0.0	670.499572754,42.69101123595506,-123.46699296872495,0.0,0.0,0.0,0.0,0.0,0.0,0.0	522.029541016,42.69101123595506,-123.36456540176424,0.0,0.0,0.0,0.0,0.0,0.0,0.0	1223.609619141,42.69101123595506,-123.26213783480354,0.0,0.0,0.0,0.0,0.0,0.0,0.0	989.824645996,42.69101123595506,-123.15971026784283,0.0,0.0,0.0,0.0,0.0,0.0,0.0	735.689758301,42.69101123595506,-123.05728270088213,0.0,0.0,0.0,0.0,0.0,0.0,0.0	852.080932617,42.69101123595506,-122.95485513392141,0.0,0.0,0.0,0.0,0.0,0.0,0.0	653.476013184,42.69101123595506,-122.85242756696071,0.0,0.0,0.0,0.0,0.0,0.0,0.0	671.215087891,42.69101123595506,-122.75,0.0,0.0,0.0,0.0,0.0,0.0,0.0	553.799255371,42.69101123595506,-122.6475724330393,0.0,0.0,0.0,0.0,0.0,0.0,0.0	1197.348510742,42.69101123595506,-122.5451448660786,0.0,0.0,0.0,0.0,0.0,0.0,0.0	928.685119629,42.69101123595506,-122.44271729911789,0.0,0.0,0.0,0.0,0.0,0.0,0.0	1168.247558594,42.69101123595506,-122.34028973215719,0.0,0.0,0.0,0.0,0.0,0.0,0.0	1586.776245117,42.69101123595506,-122.23786216519647,0.0,0.0,0.0,0.0,0.0,0.0,0.0	2046.297119141,42.69101123595506,-122.13543459823578,0.0,0.0,0.0,0.0,0.0,0.0,0.0	1272.281860352,42.69101123595506,-122.03300703127506,0.0,0.0,0.0,0.0,0.0,0.0,0.0	1393.873413086,42.69101123595506,-121.93057946431436,0.0,0.0,0.0,0.0,0.0,0.0,0.0	1390.518310547,42.69101123595506,-121.82815189735366,0.0,0.0,0.0,0.0,0.0,0.0,0.0	1476.969726562,42.69101123595506,-121.72572433039295,0.0,0.0,0.0,0.0,0.0,0.0,0.0	1477.846557617,42.69101123595506,-121.62329676343225,0.0,0.0,0.0,0.0,0.0,0.0,0.0	1718.294189453,42.69101123595506,-121.52086919647154,0.0,0.0,0.0,0.0,0.0,0.0,0.0	1534.17578125,42.69101123595506,-121.41844162951084,0.0,0.0,0.0,0.0,0.0,0.0,0.0	1536.005493164,42.69101123595506,-121.31601406255012,0.0,0.0,0.0,0.0,0.0,0.0,0.0	1506.077270508,42.69101123595506,-121.21358649558942,0.0,0.0,0.0,0.0,0.0,0.0,0.0	1574.447509766,42.69101123595506,-121.11115892862871,0.0,0.0,0.0,0.0,0.0,0.0,0.0	1640.358764648,42.69101123595506,-121.00873136166801,0.0,0.0,0.0,0.0,0.0,0.0,0.0
0.0,42.62921348314607,-124.48953886771503,0.0,0.0,0.0,0.0,0.0,0.0,0.0	201.137008667,42.62921348314607,-124.38721305196708,0.0,0.0,0.0,0.0,0.0,0.0,0.0	612.771606445,42.62921348314607,-124.28488723621913,0.0,0.0,0.0,0.0,0.0,0.0,0.0	469.2137146,42.62921348314607,-124.1825614204712,0.0,0.0,0.0,0.0,0.0,0.0,0.0	546.069946289,42.62921348314607,-124.08023560472326,0.0,0.0,0.0,0.0,0.0,0.0,0.0	776.499755859,42.62921348314607,-123.97790978897531,0.0,0.0,0.0,0.0,0.0,0.0,0.0	1333.645507812,42.62921348314607,-123.87558397322736,0.0,0.0,0.0,0.0,0.0,0.0,0.0	556.654296875,42.62921348314607,-123.77325815747943,0.0,0.0,0.0,0.0,0.0,0.0,0.0	987.218811035,42.62921348314607,-123.67093234173149,0.0,0.0,0.0,0.0,0.0,0.0,0.0	694.675842285,42.62921348314607,-123.56860652598354,0.0,0.0,0.0,0.0,0.0,0.0,0.0	432.936798096,42.62921348314607,-123.4662807102356,0.0,0.0,0.0,0.0,0.0,0.0,0.0	376.04788208,42.62921348314607,-123.36395489448766,0.0,0.0,0.0,0.0,0.0,0.0,0.0	882.251525879,42.62921348314607,-123.26162907873972,0.0,0.0,0.0,0.0,0.0,0.0,0.0	565.773132324,42.62921348314607,-123.15930326299177,0.0,0.0,0.0,0.0,0.0,0.0,0.0	578.832275391,42.62921348314607,-123.05697744724382,0.0,0.0,0.0,0.0,0.0,0.0,0.0	625.863098145,42.62921348314607,-122.95465163149588,0.0,0.0,0.0,0.0,0.0,0.0,0.0	655.259765625,42.62921348314607,-122.85232581574795,0.0,0.0,0.0,0.0,0.0,0.0,0.0	769.656677246,42.62921348314607,-122.75,0.0,0.0,0.0,0.0,0.0,0.0,0.0	817.731689453,42.62921348314607,-122.64767418425205,0.0,0.0,0.0,0.0,0.0,0.0,0.0	1231.181396484,42.62921348314607,-122.54534836850411,0.0,0.0,0.0,0.0,0.0,0.0,0.0	1020.915893555,42.62921348314607,-122.44302255275618,0.0,0.0,0.0,0.0,0.0,0.0,0.0	1612.638183594,42.62921348314607,-122.34069673700823,0.0,0.0,0.0,0.0,0.0,0.0,0.0	1963.225585938,42.62921348314607,-122.23837092126028,0.0,0.0,0.0,0.0,0.0,0.0,0.0	1797.594360352,42.62921348314607,-122.13604510551234,0.0,0.0,0.0,0.0,0.0,0.0,0.0	1263.164306641,42.62921348314607,-122.0337192897644,0.0,0.0,0.0,0.0,0.0,0.0,0.0	1387.838745117,42.62921348314607,-121.93139347401646,0.0,0.0,0.0,0.0,0.0,0.0,0.0	1308.4453125,42.62921348314607,-121.82906765826851,0.0,0.0,0.0,0.0,0.0,0.0,0.0	1399.912231445,42.62921348314607,-121.72674184252057,0.0,0.0,0.0,0.0,0.0,0.0,0.0	1435.085693359,42.62921348314607,-121.62441602677264,0.0,0.0,0.0,0.0,0.0,0.0,0.0	1762.514038086,42.62921348314607,-121.52209021102469,0.0,0.0,0.0,0.0,0.0,0.0,0.0	1663.996704102,42.62921348314607,-121.41976439527674,0.0,0.0,0.0,0.0,0.0,0.0,0.0	1526.361694336,42.62921348314607,-121.3174385795288,0.0,0.0,0.0,0.0,0.0,0.0,0.0	1621.948486328,42.62921348314607,-121.21511276378085,0.0,0.0,0.0,0.0,0.0,0.0,0.0	1634.903564453,42.62921348314607,-121.11278694803292,0.0,0.0,0.0,0.0,0.0,0.0,0.0	1815.080932617,42.62921348314607,-121.01046113228497,0.0,0.0,0.0,0.0,0.0,0.0,0.0
0.0,42.567415730337075,-124.48781455001664,0.0,0.0,0.0,0.0,0.0,0.0,0.0	15.501241684,42.567415730337075,-124.38559016472153,0.0,0.0,0.0,0.0,0.0,0.0,0.0	300.673492432,42.567415730337075,-124.28336577942645,0.0,0.0,0.0,0.0,0.0,0.0,0.0	896.981384277,42.567415730337075,-124.18114139413134,0.0,0.0,0.0,0.0,0.0,0.0,0.0	380.004974365,42.567415730337075,-124.07891700883626,0.0,0.0,0.0,0.0,0.0,0.0,0.0	571.53503418,42.567415730337075,-123.97669262354115,0.0,0.0,0.0,0.0,0.0,0.0,0.0	941.485900879,42.567415730337075,-123.87446823824607,0.0,0.0,0.0,0.0,0.0,0.0,0.0	1084.11340332,42.567415730337075,-123.77224385295096,0.0,0.0,0.0,0.0,0.0,0.0,0.0	878.412841797,42.567415730337075,-123.67001946765586,0.0,0.0,0.0,0.0,0.0,0.0,0.0	363.502288818,42.567415730337075,-123.56779508236077,0.0,0.0,0.0,0.0,0.0,0.0,0.0	390.749786377,42.567415730337075,-123.46557069706567,0.0,0.0,0.0,0.0,0.0,0.0,0.0	365.286865234,42.567415730337075,-123.36334631177058,0.0,0.0,0.0,0.0,0.0,0.0,0.0	750.414489746,42.567415730337075,-123.26112192647548,0.0,0.0,0.0,0.0,0.0,0.0,0.0	429.277069092,42.567415730337075,-123.1588975411804,0.0,0.0,0.0,0.0,0.0,0.0,0.0	555.69519043,42.567415730337075,-123.05667315588529,0.0,0.0,0.0,0.0,0.0,0.0,0.0	555.221496582,42.567415730337075,-122.95444877059019,0.0,0.0,0.0,0.0,0.0,0.0,0.0	427.418731689,42.567415730337075,-122.8522243852951,0.0,0.0,0.0,0.0,0.0,0.0,0.0	656.290771484,42.567415730337075,-122.75,0.0,0.0,0.0,0.0,0.0,0.0,0.0	624.657592773,42.567415730337075,-122.64777561470491,0.0,0.0,0.0,0.0,0.0,0.0,0.0	885.805786133,42.567415730337075,-122.54555122940981,0.0,0.0,0.0,0.0,0.0,0.0,0.0	944.526794434,42.567415730337075,-122.44332684411472,0.0,0.0,0.0,0.0,0.0,0.0,0.0	1396.642456055,42.567415730337075,-122.34110245881962,0.0,0.0,0.0,0.0,0.0,0.0,0.0	1910.466918945,42.567415730337075,-122.23887807352452,0.0,0.0,0.0,0.0,0.0,0.0,0.0	1699.414550781,42.567415730337075,-122.13665368822943,0.0,0.0,0.0,0.0,0.0,0.0,0.0	1261.766479492,42.567415730337075,-122.03442930293433,0.0,0.0,0.0,0.0,0.0,0.0,0.0	1261.729980469,42.567415730337075,-121.93220491763924,0.0,0.0,0.0,0.0,0.0,0.0,0.0	1494.66418457,42.567415730337075,-121.82998053234414,0.0,0.0,0.0,0.0,0.0,0.0,0.0	1345.17578125,42.567415730337075,-121.72775614704905,0.0,0.0,0.0,0.0,0.0,0.0,0.0	1404.584350586,42.567415730337075,-121.62553176175395,0.0,0.0,0.0,0.0,0.0,0.0,0.0	1522.515014648,42.567415730337075,-121.52330737645886,0.0,0.0,0.0,0.0,0.0,0.0,0.0	1537.75390625,42.567415730337075,-121.42108299116376,0.0,0.0,0.0,0.0,0.0,0.0,0.0	1415.775878906,42.567415730337075,-121.31885860586866,0.0,0.0,0.0,0.0,0.0,0.0,0.0	1725.571655273,42.567415730337075,-121.21663422057357,0.0,0.0,0.0,0.0,0.0,0.0,0.0	1441.671875,42.567415730337075,-121.11440983527847,0.0,0.0,0.0,0.0,0.0,0.0,0.0	1672.624511719,42.567415730337075,-121.01218544998338,0.0,0.0,0.0,0.0,0.0,0.0,0.0
0.0,42.50561797752809,-124.48609566503131,0.0,0.0,0.0,0.0,0.0,0.0,0.0	239.892623901,42.50561797752809,-124.38397239061771,0.0,0.0,0.0,0.0,0.0,0.0,0.0	159.964385986,42.50561797752809,-124.2818491162041,0.0,0.0,0.0,0.0,0.0,0.0,0.0	65.057235718,42.50561797752809,-124.1797258417905,0.0,0.0,0.0,0.0,0.0,0.0,0.0	474.967346191,42.50561797752809,-124.07760256737689,0.0,0.0,0.0,0.0,0.0,0.0,0.0	636.315795898,42.50561797752809,-123.97547929296329,0.0,0.0,0.0,0.0,0.0,0.0,0.0	559.288513184,42.50561797752809,-123.87335601854967,0.0,0.0,0.0,0.0,0.0,0.0,0.0	1128.03112793,42.50561797752809,-123.77123274413607,0.0,0.0,0.0,0.0,0.0,0.0,0.0	678.38885498,42.50561797752809,-123.66910946972246,0.0,0.0,0.0,0.0,0.0,0.0,0.0	853.062438965,42.50561797752809,-123.56698619530886,0.0,0.0,0.0,0.0,0.0,0.0,0.0	343.125244141,42.50561797752809,-123.46486292089524,0.0,0.0,0.0,0.0,0.0,0.0,0.0	369.752410889,42.50561797752809,-123.36273964648164,0.0,0.0,0.0,0.0,0.0,0.0,0.0	856.181762695,42.50561797752809,-123.26061637206803,0.0,0.0,0.0,0.0,0.0,0.0,0.0	377.008087158,42.50561797752809,-123.15849309765443,0.0,0.0,0.0,0.0,0.0,0.0,0.0	527.239624023,42.50561797752809,-123.05636982324081,0.0,0.0,0.0,0.0,0.0,0.0,0.0	433.074920654,42.50561797752809,-122.95424654882721,0.0,0.0,0.0,0.0,0.0,0.0,0.0	384.627990723,42.50561797752809,-122.8521232744136,0.0,0.0,0.0,0.0,0.0,0.0,0.0	533.826293945,42.50561797752809,-122.75,0.0,0.0,0.0,0.0,0.0,0.0,0.0	750.343200684,42.50561797752809,-122.64787672558639,0.0,0.0,0.0,0.0,0.0,0.0,0.0	1052.635375977,42.50561797752809,-122.54575345117279,0.0,0.0,0.0,0.0,0.0,0.0,0.0	872.26965332,42.50561797752809,-122.44363017675917,0.0,0.0,0.0,0.0,0.0,0.0,0.0	1242.255126953,42.50561797752809,-122.34150690234557,0.0,0.0,0.0,0.0,0.0,0.0,0.0	1903.162841797,42.50561797752809,-122.23938362793196,0.0,0.0,0.0,0.0,0.0,0.0,0.0	2178.351318359,42.50561797752809,-122.13726035351836,0.0,0.0,0.0,0.0,0.0,0.0,0.0	1262.740478516,42.50561797752809,-122.03513707910474,0.0,0.0,0.0,0.0,0.0,0.0,0.0	1264.009399414,42.50561797752809,-121.93301380469114,0.0,0.0,0.0,0.0,0.0,0.0,0.0	1549.428588867,42.50561797752809,-121.83089053027753,0.0,0.0,0.0,0.0,0.0,0.0,0.0	1410.390869141,42.50561797752809,-121.72876725586393,0.0,0.0,0.0,0.0,0.0,0.0,0.0	1392.136352539,42.50561797752809,-121.62664398145031,0.0,0.0,0.0,0.0,0.0,0.0,0.0	1337.255615234,42.50561797752809,-121.52452070703671,0.0,0.0,0.0,0.0,0.0,0.0,0.0	1481.710205078,42.50561797752809,-121.4223974326231,0.0,0.0,0.0,0.0,0.0,0.0,0.0	1372.693359375,42.50561797752809,-121.3202741582095,0.0,0.0,0.0,0.0,0.0,0.0,0.0	1344.972045898,42.50561797752809,-121.21815088379589,0.0,0.0,0.0,0.0,0.0,0.0,0.0	1413.475585938,42.50561797752809,-121.11602760938229,0.0,0.0,0.0,0.0,0.0,0.0,0.0	1487.638061523,42.50561797752809,-121.01390433496867,0.0,0.0,0.0,0.0,0.0,0.0,0.0
0.0,42.443820224719104,-124.48438219266109,0.0,0.0,0.0,0.0,0.0,0.0,0.0	3.916096449,42.443820224719104,-124.38235971073985,0.0,0.0,0.0,0.0,0.0,0.0,0.0	800.615234375,42.443820224719104,-124.28033722881861,0.0,0.0,0.0,0.0,0.0,0.0,0.0	834.266723633,42.443820224719104,-124.17831474689737,0.0,0.0,0.0,0.0,0.0,0.0,0.0	1077.209106445,42.443820224719104,-124.07629226497612,0.0,0.0,0.0,0.0,0.0,0.0,0.0	392.174591064,42.443820224719104,-123.97426978305488,0.0,0.0,0.0,0.0,0.0,0.0,0.0	642.286499023,42.443820224719104,-123.87224730113364,0.0,0.0,0.0,0.0,0.0,0.0,0.0	888.714599609,42.443820224719104,-123.7702248192124,0.0,0.0,0.0,0.0,0.0,0.0,0.0	768.947021484,42.443820224719104,-123.66820233729116,0.0,0.0,0.0,0.0,0.0,0.0,0.0	824.334472656,42.443820224719104,-123.56617985536992,0.0,0.0,0.0,0.0,0.0,0.0,0.0	285.919555664,42.443820224719104,-123.46415737344869,0.0,0.0,0.0,0.0,0.0,0.0,0.0	278.520507812,42.443820224719104,-123.36213489152745,0.0,0.0,0.0,0.0,0.0,0.0,0.0	536.965393066,42.443820224719104,-123.2601124096062,0.0,0.0,0.0,0.0,0.0,0.0,0.0	413.496490479,42.443820224719104,-123.15808992768496,0.0,0.0,0.0,0.0,0.0,0.0,0.0	616.206848145,42.443820224719104,-123.05606744576372,0.0,0.0,0.0,0.0,0.0,0.0,0.0	609.816650391,42.443820224719104,-122.95404496384248,0.0,0.0,0.0,0.0,0.0,0.0,0.0	399.111206055,42.443820224719104,-122.85202248192124,0.0,0.0,0.0,0.0,0.0,0.0,0.0	441.522613525,42.443820224719104,-122.75,0.0,0.0,0.0,0.0,0.0,0.0,0.0	508.887145996,42.443820224719104,-122.64797751807876,0.0,0.0,0.0,0.0,0.0,0.0,0.0	1059.647216797,42.443820224719104,-122.54595503615752,0.0,0.0,0.0,0.0,0.0,0.0,0.0	1006.09185791,42.443820224719104,-122.44393255423627,0.0,0.0,0.0,0.0,0.0,0.0,0.0	1881.40246582,42.443820224719104,-122.34191007231503,0.0,0.0,0.0,0.0,0.0,0.0,0.0	1798.835693359,42.443820224719104,-122.23988759039379,0.0,0.0,0.0,0.0,0.0,0.0,0.0	1268.294067383,42.443820224719104,-122.13786510847255,0.0,0.0,0.0,0.0,0.0,0.0,0.0	1261.729980469,42.443820224719104,-122.03584262655131,0.0,0.0,0.0,0.0,0.0,0.0,0.0	1261.729980469,42.443820224719104,-121.93382014463008,0.0,0.0,0.0,0.0,0.0,0.0,0.0	1866.349487305,42.443820224719104,-121.83179766270884,0.0,0.0,0.0,0.0,0.0,0.0,0.0	1694.495727539,42.443820224719104,-121.72977518078758,0.0,0.0,0.0,0.0,0.0,0.0,0.0	1454.682250977,42.443820224719104,-121.62775269886635,0.0,0.0,0.0,0.0,0.0,0.0,0.0	1335.061889648,42.443820224719104,-121.5257302169451,0.0,0.0,0.0,0.0,0.0,0.0,0.0	1316.209594727,42.443820224719104,-121.42370773502387,0.0,0.0,0.0,0.0,0.0,0.0,0.0	1371.950317383,42.443820224719104,-121.32168525310263,0.0,0.0,0.0,0.0,0.0,0.0,0.0	1315.409301758,42.443820224719104,-121.21966277118139,0.0,0.0,0.0,0.0,0.0,0.0,0.0	1320.069946289,42.443820224719104,-121.11764028926015,0.0,0.0,0.0,0.0,0.0,0.0,0.0	1372.114746094,42.443820224719104,-121.01561780733891,0.0,0.0,0.0,0.0,0.0,0.0,0.0
0.0,42.38202247191011,-124.48267411291474,0.0,0.0,0.0,0.0,0.0,0.0,0.0	477.286651611,42.38202247191011,-124.3807521062727,0.0,0.0,0.0,0.0,0.0,0.0,0.0	597.246765137,42.38202247191011,-124.27883009963065,0.0,0.0,0.0,0.0,0.0,0.0,0.0	995.660705566,42.38202247191011,-124.17690809298861,0.0,0.0,0.0,0.0,0.0,0.0,0.0	338.915405273,42.38202247191011,-124.07498608634657,0.0,0.0,0.0,0.0,0.0,0.0,0.0	496.060058594,42.38202247191011,-123.97306407970451,0.0,0.0,0.0,0.0,0.0,0.0,0.0	542.63470459,42.38202247191011,-123.87114207306247,0.0,0.0,0.0,0.0,0.0,0.0,0.0	601.07043457,42.38202247191011,-123.76922006642043,0.0,0.0,0.0,0.0,0.0,0.0,0.0	1074.261230469,42.38202247191011,-123.66729805977839,0.0,0.0,0.0,0.0,0.0,0.0,0.0	501.089233398,42.38202247191011,-123.56537605313635,0.0,0.0,0.0,0.0,0.0,0.0,0.0	281.690795898,42.38202247191011,-123.4634540464943,0.0,0.0,0.0,0.0,0.0,0.0,0.0	346.389678955,42.38202247191011,-123.36153203985226,0.0,0.0,0.0,0.0,0.0,0.0,0.0	979.386901855,42.38202247191011,-123.25961003321022,0.0,0.0,0.0,0.0,0.0,0.0,0.0	400.938720703,42.38202247191011,-123.15768802656818,0.0,0.0,0.0,0.0,0.0,0.0,0.0	494.201812744,42.38202247191011,-123.05576601992614,0.0,0.0,0.0,0.0,0.0,0.0,0.0	383.23336792,42.38202247191011,-122.95384401328408,0.0,0.0,0.0,0.0,0.0,0.0,0.0	409.141387939,42.38202247191011,-122.85192200664204,0.0,0.0,0.0,0.0,0.0,0.0,0.0	608.612243652,42.38202247191011,-122.75,0.0,0.0,0.0,0.0,0.0,0.0,0.0	784.129272461,42.38202247191011,-122.64807799335796,0.0,0.0,0.0,0.0,0.0,0.0,0.0	1051.153076172,42.38202247191011,-122.54615598671592,0.0,0.0,0.0,0.0,0.0,0.0,0.0	1107.935180664,42.38202247191011,-122.44423398007388,0.0,0.0,0.0,0.0,0.0,0.0,0.0	1413.697021484,42.38202247191011,-122.34231197343183,0.0,0.0,0.0,0.0,0.0,0.0,0.0	1512.564331055,42.38202247191011,-122.24038996678979,0.0,0.0,0.0,0.0,0.0,0.0,0.0	1968.651367188,42.38202247191011,-122.13846796014775,0.0,0.0,0.0,0.0,0.0,0.0,0.0	1348.784301758,42.38202247191011,-122.0365459535057,0.0,0.0,0.0,0.0,0.0,0.0,0.0	1417.519897461,42.38202247191011,-121.93462394686365,0.0,0.0,0.0,0.0,0.0,0.0,0.0	1261.729980469,42.38202247191011,-121.83270194022161,0.0,0.0,0.0,0.0,0.0,0.0,0.0	1596.963745117,42.38202247191011,-121.73077993357957,0.0,0.0,0.0,0.0,0.0,0.0,0.0	1821.313232422,42.38202247191011,-121.62885792693753,0.0,0.0,0.0,0.0,0.0,0.0,0.0	1387.626342773,42.38202247191011,-121.52693592029549,0.0,0.0,0.0,0.0,0.0,0.0,0.0	1756.885009766,42.38202247191011,-121.42501391365344,0.0,0.0,0.0,0.0,0.0,0.0,0.0	1426.533813477,42.38202247191011,-121.3230919070114,0.0,0.0,0.0,0.0,0.0,0.0,0.0	1461.788085938,42.38202247191011,-121.22116990036936,0.0,0.0,0.0,0.0,0.0,0.0,0.0	1708.241577148,42.38202247191011,-121.1192478937273,0.0,0.0,0.0,0.0,0.0,0.0,0.0	1361.462646484,42.38202247191011,-121.01732588708526,0.0,0.0,0.0,0.0,0.0,0.0,0.0
0.0,42.32022471910112,-124.48097140590716,0.0,0.0,0.0,0.0,0.0,0.0,0.0	332.30557251,42.32022471910112,-124.37914955850086,0.0,0.0,0.0,0.0,0.0,0.0,0.0	401.368835449,42.32022471910112,-124.27732771109454,0.0,0.0,0.0,0.0,0.0,0.0,0.0	774.538330078,42.32022471910112,-124.17550586368824,0.0,0.0,0.0,0.0,0.0,0.0,0.0	784.394104004,42.32022471910112,-124.07368401628194,0.0,0.0,0.0,0.0,0.0,0.0,0.0	781.213134766,42.32022471910112,-123.97186216887565,0.0,0.0,0.0,0.0,0.0,0.0,0.0	1246.049560547,42.32022471910112,-123.87004032146933,0.0,0.0,0.0,0.0,0.0,0.0,0.0	585.467529297,42.32022471910112,-123.76821847406303,0.0,0.0,0.0,0.0,0.0,0.0,0.0	1106.575439453,42.32022471910112,-123.66639662665673,0.0,0.0,0.0,0.0,0.0,0.0,0.0	511.536529541,42.32022471910112,-123.56457477925044,0.0,0.0,0.0,0.0,0.0,0.0,0.0	948.0078125,42.32022471910112,-123.46275293184412,0.0,0.0,0.0,0.0,0.0,0.0,0.0	512.911560059,42.32022471910112,-123.36093108443782,0.0,0.0,0.0,0.0,0.0,0.0,0.0	429.728820801,42.32022471910112,-123.25910923703152,0.0,0.0,0.0,0.0,0.0,0.0,0.0	827.967346191,42.32022471910112,-123.15728738962522,0.0,0.0,0.0,0.0,0.0,0.0,0.0	1015.865844727,42.32022471910112,-123.05546554221891,0.0,0.0,0.0,0.0,0.0,0.0,0.0	450.139038086,42.32022471910112,-122.95364369481261,0.0,0.0,0.0,0.0,0.0,0.0,0.0	426.159667969,42.32022471910112,-122.85182184740631,0.0,0.0,0.0,0.0,0.0,0.0,0.0	851.148986816,42.32022471910112,-122.75,0.0,0.0,0.0,0.0,0.0,0.0,0.0	865.549987793,42.32022471910112,-122.6481781525937,0.0,0.0,0.0,0.0,0.0,0.0,0.0	1347.018066406,42.32022471910112,-122.5463563051874,0.0,0.0,0.0,0.0,0.0,0.0,0.0	1178.171020508,42.32022471910112,-122.4445344577811,0.0,0.0,0.0,0.0,0.0,0.0,0.0	1504.177734375,42.32022471910112,-122.34271261037479,0.0,0.0,0.0,0.0,0.0,0.0,0.0	1710.660400391,42.32022471910112,-122.24089076296849,0.0,0.0,0.0,0.0,0.0,0.0,0.0	2124.313720703,42.32022471910112,-122.13906891556219,0.0,0.0,0.0,0.0,0.0,0.0,0.0	1426.595336914,42.32022471910112,-122.03724706815589,0.0,0.0,0.0,0.0,0.0,0.0,0.0	1261.729980469,42.32022471910112,-121.93542522074958,0.0,0.0,0.0,0.0,0.0,0.0,0.0	1262.689575195,42.32022471910112,-121.83360337334328,0.0,0.0,0.0,0.0,0.0,0.0,0.0	1410.079101562,42.32022471910112,-121.73178152593698,0.0,0.0,0.0,0.0,0.0,0.0,0.0	1275.803588867,42.32022471910112,-121.62995967853067,0.0,0.0,0.0,0.0,0.0,0.0,0.0	1342.179931641,42.32022471910112,-121.52813783112437,0.0,0.0,0.0,0.0,0.0,0.0,0.0	1404.818481445,42.32022471910112,-121.42631598371807,0.0,0.0,0.0,0.0,0.0,0.0,0.0	1901.009643555,42.32022471910112,-121.32449413631177,0.0,0.0,0.0,0.0,0.0,0.0,0.0	1673.81628418,42.32022471910112,-121.22267228890546,0.0,0.0,0.0,0.0,0.0,0.0,0.0	1564.565673828,42.32022471910112,-121.12085044149916,0.0,0.0,0.0,0.0,0.0,0.0,0.0	1476.865478516,42.32022471910112,-121.01902859409286,0.0,0.0,0.0,0.0,0.0,0.0,0.0
0.0,42.258426966292134,-124.47927405185867,0.0,0.0,0.0,0.0,0.0,0.0,0.0	184.699661255,42.258426966292134,-124.37755204880816,0.0,0.0,0.0,0.0,0.0,0.0,0.0	280.448028564,42.258426966292134,-124.27583004575764,0.0,0.0,0.0,0.0,0.0,0.0,0.0	495.850372314,42.258426966292134,-124.17410804270713,0.0,0.0,0.0,0.0,0.0,0.0,0.0	552.024963379,42.258426966292134,-124.07238603965664,0.0,0.0,0.0,0.0,0.0,0.0,0.0	924.635681152,42.258426966292134,-123.97066403660612,0.0,0.0,0.0,0.0,0.0,0.0,0.0	407.951629639,42.258426966292134,-123.86894203355561,0.0,0.0,0.0,0.0,0.0,0.0,0.0	913.497497559,42.258426966292134,-123.7672200305051,0.0,0.0,0.0,0.0,0.0,0.0,0.0	1142.077880859,42.258426966292134,-123.66549802745459,0.0,0.0,0.0,0.0,0.0,0.0,0.0	456.035614014,42.258426966292134,-123.56377602440408,0.0,0.0,0.0,0.0,0.0,0.0,0.0	509.082580566,42.258426966292134,-123.46205402135357,0.0,0.0,0.0,0.0,0.0,0.0,0.0	1299.436523438,42.258426966292134,-123.36033201830305,0.0,0.0,0.0,0.0,0.0,0.0,0.0	396.0078125,42.258426966292134,-123.25861001525256,0.0,0.0,0.0,0.0,0.0,0.0,0.0	436.820007324,42.258426966292134,-123.15688801220205,0.0,0.0,0.0,0.0,0.0,0.0,0.0	699.695007324,42.258426966292134,-123.05516600915153,0.0,0.0,0.0,0.0,0.0,0.0,0.0	813.556091309,42.258426966292134,-122.95344400610102,0.0,0.0,0.0,0.0,0.0,0.0,0.0	539.576965332,42.258426966292134,-122.85172200305051,0.0,0.0,0.0,0.0,0.0,0.0,0.0	620.225341797,42.258426966292134,-122.75,0.0,0.0,0.0,0.0,0.0,0.0,0.0	1419.202026367,42.258426966292134,-122.64827799694949,0.0,0.0,0.0,0.0,0.0,0.0,0.0	1362.557006836,42.258426966292134,-122.54655599389898,0.0,0.0,0.0,0.0,0.0,0.0,0.0	1390.649658203,42.258426966292134,-122.44483399084848,0.0,0.0,0.0,0.0,0.0,0.0,0.0	1597.71875,42.258426966292134,-122.34311198779797,0.0,0.0,0.0,0.0,0.0,0.0,0.0	1602.864624023,42.258426966292134,-122.24138998474746,0.0,0.0,0.0,0.0,0.0,0.0,0.0	1522.887451172,42.258426966292134,-122.13966798169695,0.0,0.0,0.0,0.0,0.0,0.0,0.0	1357.305908203,42.258426966292134,-122.03794597864643,0.0,0.0,0.0,0.0,0.0,0.0,0.0	1427.277587891,42.258426966292134,-121.93622397559592,0.0,0.0,0.0,0.0,0.0,0.0,0.0	1261.729980469,42.258426966292134,-121.83450197254541,0.0,0.0,0.0,0.0,0.0,0.0,0.0	1536.781005859,42.258426966292134,-121.73277996949491,0.0,0.0,0.0,0.0,0.0,0.0,0.0	1278.092529297,42.258426966292134,-121.6310579664444,0.0,0.0,0.0,0.0,0.0,0.0,0.0	1409.379272461,42.258426966292134,-121.52933596339389,0.0,0.0,0.0,0.0,0.0,0.0,0.0	1334.552490234,42.258426966292134,-121.42761396034338,0.0,0.0,0.0,0.0,0.0,0.0,0.0	1464.649902344,42.258426966292134,-121.32589195729287,0.0,0.0,0.0,0.0,0.0,0.0,0.0	1491.640014648,42.258426966292134,-121.22416995424236,0.0,0.0,0.0,0.0,0.0,0.0,0.0	1533.828979492,42.258426966292134,-121.12244795119184,0.0,0.0,0.0,0.0,0.0,0.0,0.0	1754.651245117,42.258426966292134,-121.02072594814133,0.0,0.0,0.0,0.0,0.0,0.0,0.0
0.0,42.19662921348315,-124.47758203109436,0.0,0.0,0.0,0.0,0.0,0.0,0.0	1.257439256,42.19662921348315,-124.37595955867704,0.0,0.0,0.0,0.0,0.0,0.0,0.0	575.340576172,42.19662921348315,-124.27433708625972,0.0,0.0,0.0,0.0,0.0,0.0,0.0	293.691833496,42.19662921348315,-124.17271461384242,0.0,0.0,0.0,0.0,0.0,0.0,0.0	465.365081787,42.19662921348315,-124.0710921414251,0.0,0.0,0.0,0.0,0.0,0.0,0.0	1002.475097656,42.19662921348315,-123.96946966900778,0.0,0.0,0.0,0.0,0.0,0.0,0.0	860.044067383,42.19662921348315,-123.86784719659047,0.0,0.0,0.0,0.0,0.0,0.0,0.0	628.010620117,42.19662921348315,-123.76622472417316,0.0,0.0,0.0,0.0,0.0,0.0,0.0	380.731903076,42.19662921348315,-123.66460225175584,0.0,0.0,0.0,0.0,0.0,0.0,0.0	811.099487305,42.19662921348315,-123.56297977933852,0.0,0.0,0.0,0.0,0.0,0.0,0.0	1389.845214844,42.19662921348315,-123.4613573069212,0.0,0.0,0.0,0.0,0.0,0.0,0.0	1024.273193359,42.19662921348315,-123.3597348345039,0.0,0.0,0.0,0.0,0.0,0.0,0.0	588.451599121,42.19662921348315,-123.25811236208658,0.0,0.0,0.0,0.0,0.0,0.0,0.0	1276.922973633,42.19662921348315,-123.15648988966926,0.0,0.0,0.0,0.0,0.0,0.0,0.0	496.778839111,42.19662921348315,-123.05486741725196,0.0,0.0,0.0,0.0,0.0,0.0,0.0	677.859619141,42.19662921348315,-122.95324494483464,0.0,0.0,0.0,0.0,0.0,0.0,0.0	992.112670898,42.19662921348315,-122.85162247241732,0.0,0.0,0.0,0.0,0.0,0.0,0.0	1010.172729492,42.19662921348315,-122.75,0.0,0.0,0.0,0.0,0.0,0.0,0.0	584.864685059,42.19662921348315,-122.64837752758268,0.0,0.0,0.0,0.0,0.0,0.0,0.0	1240.835693359,42.19662921348315,-122.54675505516538,0.0,0.0,0.0,0.0,0.0,0.0,0.0	1532.563964844,42.19662921348315,-122.44513258274806,0.0,0.0,0.0,0.0,0.0,0.0,0.0	1268.375610352,42.19662921348315,-122.34351011033074,0.0,0.0,0.0,0.0,0.0,0.0,0.0	1278.444458008,42.19662921348315,-122.24188763791344,0.0,0.0,0.0,0.0,0.0,0.0,0.0	1624.153442383,42.19662921348315,-122.14026516549612,0.0,0.0,0.0,0.0,0.0,0.0,0.0	1331.805175781,42.19662921348315,-122.0386426930788,0.0,0.0,0.0,0.0,0.0,0.0,0.0	1292.704223633,42.19662921348315,-121.93702022066148,0.0,0.0,0.0,0.0,0.0,0.0,0.0	1277.040039062,42.19662921348315,-121.83539774824416,0.0,0.0,0.0,0.0,0.0,0.0,0.0	1254.576416016,42.19662921348315,-121.73377527582686,0.0,0.0,0.0,0.0,0.0,0.0,0.0	1612.391601562,42.19662921348315,-121.63215280340954,0.0,0.0,0.0,0.0,0.0,0.0,0.0	1403.043334961,42.19662921348315,-121.53053033099222,0.0,0.0,0.0,0.0,0.0,0.0,0.0	1255.603393555,42.19662921348315,-121.42890785857492,0.0,0.0,0.0,0.0,0.0,0.0,0.0	1261.449584961,42.19662921348315,-121.3272853861576,0.0,0.0,0.0,0.0,0.0,0.0,0.0	1570.113769531,42.19662921348315,-121.22566291374028,0.0,0.0,0.0,0.0,0.0,0.0,0.0	1498.177978516,42.19662921348315,-121.12404044132296,0.0,0.0,0.0,0.0,0.0,0.0,0.0	1602.184448242,42.19662921348315,-121.02241796890564,0.0,0.0,0.0,0.0,0.0,0.0,0.0
0.0,42.13483146067416,-124.47589532404338,0.0,0.0,0.0,0.0,0.0,0.0,0.0	0.0,42.13483146067416,-124.37437206968788,0.0,0.0,0.0,0.0,0.0,0.0,0.0	341.285186768,42.13483146067416,-124.2728488153324,0.0,0.0,0.0,0.0,0.0,0.0,0.0	217.362564087,42.13483146067416,-124.1713255609769,0.0,0.0,0.0,0.0,0.0,0.0,0.0	583.37713623,42.13483146067416,-124.06980230662141,0.0,0.0,0.0,0.0,0.0,0.0,0.0	848.907531738,42.13483146067416,-123.96827905226591,0.0,0.0,0.0,0.0,0.0,0.0,0.0	1178.6328125,42.13483146067416,-123.86675579791043,0.0,0.0,0.0,0.0,0.0,0.0,0.0	846.369873047,42.13483146067416,-123.76523254355493,0.0,0.0,0.0,0.0,0.0,0.0,0.0	400.890563965,42.13483146067416,-123.66370928919943,0.0,0.0,0.0,0.0,0.0,0.0,0.0	450.089233398,42.13483146067416,-123.56218603484395,0.0,0.0,0.0,0.0,0.0,0.0,0.0	687.405334473,42.13483146067416,-123.46066278048845,0.0,0.0,0.0,0.0,0.0,0.0,0.0	1099.262207031,42.13483146067416,-123.35913952613296,0.0,0.0,0.0,0.0,0.0,0.0,0.0	1078.242675781,42.13483146067416,-123.25761627177747,0.0,0.0,0.0,0.0,0.0,0.0,0.0	891.14440918,42.13483146067416,-123.15609301742198,0.0,0.0,0.0,0.0,0.0,0.0,0.0	652.302001953,42.13483146067416,-123.05456976306648,0.0,0.0,0.0,0.0,0.0,0.0,0.0	756.468078613,42.13483146067416,-122.95304650871098,0.0,0.0,0.0,0.0,0.0,0.0,0.0	1053.081420898,42.13483146067416,-122.8515232543555,0.0,0.0,0.0,0.0,0.0,0.0,0.0	1514.610351562,42.13483146067416,-122.75,0.0,0.0,0.0,0.0,0.0,0.0,0.0	933.977355957,42.13483146067416,-122.64847674564452,0.0,0.0,0.0,0.0,0.0,0.0,0.0	937.987060547,42.13483146067416,-122.54695349128902,0.0,0.0,0.0,0.0,0.0,0.0,0.0	1634.528808594,42.13483146067416,-122.44543023693353,0.0,0.0,0.0,0.0,0.0,0.0,0.0	1048.165649414,42.13483146067416,-122.34390698257803,0.0,0.0,0.0,0.0,0.0,0.0,0.0	1221.426391602,42.13483146067416,-122.24238372822253,0.0,0.0,0.0,0.0,0.0,0.0,0.0	1475.972045898,42.13483146067416,-122.14086047386705,0.0,0.0,0.0,0.0,0.0,0.0,0.0	1206.244995117,42.13483146067416,-122.03933721951155,0.0,0.0,0.0,0.0,0.0,0.0,0.0	1245.800048828,42.13483146067416,-121.93781396515607,0.0,0.0,0.0,0.0,0.0,0.0,0.0	1246.210205078,42.13483146067416,-121.83629071080057,0.0,0.0,0.0,0.0,0.0,0.0,0.0	1247.942382812,42.13483146067416,-121.73476745644508,0.0,0.0,0.0,0.0,0.0,0.0,0.0	1322.595214844,42.13483146067416,-121.63324420208959,0.0,0.0,0.0,0.0,0.0,0.0,0.0	1256.453857422,42.13483146067416,-121.53172094773409,0.0,0.0,0.0,0.0,0.0,0.0,0.0	1496.289794922,42.13483146067416,-121.4301976933786,0.0,0.0,0.0,0.0,0.0,0.0,0.0	1269.38293457,42.13483146067416,-121.3286744390231,0.0,0.0,0.0,0.0,0.0,0.0,0.0	1275.859619141,42.13483146067416,-121.22715118466762,0.0,0.0,0.0,0.0,0.0,0.0,0.0	1517.139648438,42.13483146067416,-121.12562793031212,0.0,0.0,0.0,0.0,0.0,0.0,0.0	1574.399291992,42.13483146067416,-121.02410467595664,0.0,0.0,0.0,0.0,0.0,0.0,0.0
0.0,42.07303370786517,-124.4742139112383,0.0,0.0,0.0,0.0,0.0,0.0,0.0	0.0,42.07303370786517,-124.3727895635184,0.0,0.0,0.0,0.0,0.0,0.0,0.0	117.335884094,42.07303370786517,-124.2713652157985,0.0,0.0,0.0,0.0,0.0,0.0,0.0	101.808799744,42.07303370786517,-124.1699408680786,0.0,0.0,0.0,0.0,0.0,0.0,0.0	316.471252441,42.07303370786517,-124.0685165203587,0.0,0.0,0.0,0.0,0.0,0.0,0.0	673.539489746,42.07303370786517,-123.9670921726388,0.0,0.0,0.0,0.0,0.0,0.0,0.0	777.276123047,42.07303370786517,-123.8656678249189,0.0,0.0,0.0,0.0,0.0,0.0,0.0	815.860717773,42.07303370786517,-123.764243477199,0.0,0.0,0.0,0.0,0.0,0.0,0.0	475.88659668,42.07303370786517,-123.6628191294791,0.0,0.0,0.0,0.0,0.0,0.0,0.0	864.247070312,42.07303370786517,-123.56139478175919,0.0,0.0,0.0,0.0,0.0,0.0,0.0	830.922912598,42.07303370786517,-123.45997043403929,0.0,0.0,0.0,0.0,0.0,0.0,0.0	1703.495239258,42.07303370786517,-123.3585460863194,0.0,0.0,0.0,0.0,0.0,0.0,0.0	1695.4375,42.07303370786517,-123.2571217385995,0.0,0.0,0.0,0.0,0.0,0.0,0.0	1085.578613281,42.07303370786517,-123.1556973908796,0.0,0.0,0.0,0.0,0.0,0.0,0.0	1071.607177734,42.07303370786517,-123.0542730431597,0.0,0.0,0.0,0.0,0.0,0.0,0.0	1370.794189453,42.07303370786517,-122.9528486954398,0.0,0.0,0.0,0.0,0.0,0.0,0.0	1630.676513672,42.07303370786517,-122.8514243477199,0.0,0.0,0.0,0.0,0.0,0.0,0.0	2060.09765625,42.07303370786517,-122.75,0.0,0.0,0.0,0.0,0.0,0.0,0.0	1392.421386719,42.07303370786517,-122.6485756522801,0.0,0.0,0.0,0.0,0.0,0.0,0.0	1063.985107422,42.07303370786517,-122.5471513045602,0.0,0.0,0.0,0.0,0.0,0.0,0.0	1601.016845703,42.07303370786517,-122.4457269568403,0.0,0.0,0.0,0.0,0.0,0.0,0.0	984.739074707,42.07303370786517,-122.3443026091204,0.0,0.0,0.0,0.0,0.0,0.0,0.0	1196.484863281,42.07303370786517,-122.2428782614005,0.0,0.0,0.0,0.0,0.0,0.0,0.0	1324.774536133,42.07303370786517,-122.1414539136806,0.0,0.0,0.0,0.0,0.0,0.0,0.0	1436.197387695,42.07303370786517,-122.04002956596071,0.0,0.0,0.0,0.0,0.0,0.0,0.0	1435.713989258,42.07303370786517,-121.9386052182408,0.0,0.0,0.0,0.0,0.0,0.0,0.0	1244.489501953,42.07303370786517,-121.8371808705209,0.0,0.0,0.0,0.0,0.0,0.0,0.0	1449.82043457,42.07303370786517,-121.735756522801,0.0,0.0,0.0,0.0,0.0,0.0,0.0	1270.82800293,42.07303370786517,-121.6343321750811,0.0,0.0,0.0,0.0,0.0,0.0,0.0	1297.692382812,42.07303370786517,-121.5329078273612,0.0,0.0,0.0,0.0,0.0,0.0,0.0	1323.742675781,42.07303370786517,-121.4314834796413,0.0,0.0,0.0,0.0,0.0,0.0,0.0	1752.893188477,42.07303370786517,-121.3300591319214,0.0,0.0,0.0,0.0,0.0,0.0,0.0	1259.236572266,42.07303370786517,-121.2286347842015,0.0,0.0,0.0,0.0,0.0,0.0,0.0	1508.02331543,42.07303370786517,-121.1272104364816,0.0,0.0,0.0,0.0,0.0,0.0,0.0	1505.821655273,42.07303370786517,-121.0257860887617,0.0,0.0,0.0,0.0,0.0,0.0,0.0
0.0,42.01123595505618,-124.47253777331444,0.0,0.0,0.0,0.0,0.0,0.0,0.0	0.0,42.01123595505618,-124.37121202194301,0.0,0.0,0.0,0.0,0.0,0.0,0.0	0.0,42.01123595505618,-124.26988627057156,0.0,0.0,0.0,0.0,0.0,0.0,0.0	179.857528687,42.01123595505618,-124.16856051920013,0.0,0.0,0.0,0.0,0.0,0.0,0.0	166.678771973,42.01123595505618,-124.0672347678287,0.0,0.0,0.0,0.0,0.0,0.0,0.0	424.451049805,42.01123595505618,-123.96590901645726,0.0,0.0,0.0,0.0,0.0,0.0,0.0	708.617614746,42.01123595505618,-123.86458326508581,0.0,0.0,0.0,0.0,0.0,0.0,0.0	708.760620117,42.01123595505618,-123.76325751371438,0.0,0.0,0.0,0.0,0.0,0.0,0.0	843.005615234,42.01123595505618,-123.66193176234295,0.0,0.0,0.0,0.0,0.0,0.0,0.0	1422.187011719,42.01123595505618,-123.56060601097151,0.0,0.0,0.0,0.0,0.0,0.0,0.0	1786.84387207,42.01123595505618,-123.45928025960006,0.0,0.0,0.0,0.0,0.0,0.0,0.0	1381.725708008,42.01123595505618,-123.35795450822863,0.0,0.0,0.0,0.0,0.0,0.0,0.0	1840.14074707,42.01123595505618,-123.2566287568572,0.0,0.0,0.0,0.0,0.0,0.0,0.0	600.720458984,42.01123595505618,-123.15530300548576,0.0,0.0,0.0,0.0,0.0,0.0,0.0	1142.297241211,42.01123595505618,-123.05397725411432,0.0,0.0,0.0,0.0,0.0,0.0,0.0	1425.395629883,42.01123595505618,-122.95265150274288,0.0,0.0,0.0,0.0,0.0,0.0,0.0	1902.193725586,42.01123595505618,-122.85132575137145,0.0,0.0,0.0,0.0,0.0,0.0,0.0	1185.010131836,42.01123595505618,-122.75,0.0,0.0,0.0,0.0,0.0,0.0,0.0	908.976989746,42.01123595505618,-122.64867424862857,0.0,0.0,0.0,0.0,0.0,0.0,0.0	1193.564575195,42.01123595505618,-122.54734849725713,0.0,0.0,0.0,0.0,0.0,0.0,0.0	912.81817627,42.01123595505618,-122.4460227458857,0.0,0.0,0.0,0.0,0.0,0.0,0.0	1013.027038574,42.01123595505618,-122.34469699451425,0.0,0.0,0.0,0.0,0.0,0.0,0.0	1130.797485352,42.01123595505618,-122.24337124314282,0.0,0.0,0.0,0.0,0.0,0.0,0.0	1032.845458984,42.01123595505618,-122.14204549177138,0.0,0.0,0.0,0.0,0.0,0.0,0.0	1346.749389648,42.01123595505618,-122.04071974039994,0.0,0.0,0.0,0.0,0.0,0.0,0.0	1422.608886719,42.01123595505618,-121.9393939890285,0.0,0.0,0.0,0.0,0.0,0.0,0.0	1244.512084961,42.01123595505618,-121.83806823765707,0.0,0.0,0.0,0.0,0.0,0.0,0.0	1242.598266602,42.01123595505618,-121.73674248628564,0.0,0.0,0.0,0.0,0.0,0.0,0.0	1250.471313477,42.01123595505618,-121.63541673491419,0.0,0.0,0.0,0.0,0.0,0.0,0.0	1237.278686523,42.01123595505618,-121.53409098354275,0.0,0.0,0.0,0.0,0.0,0.0,0.0	1234.801513672,42.01123595505618,-121.43276523217132,0.0,0.0,0.0,0.0,0.0,0.0,0.0	1487.100463867,42.01123595505618,-121.33143948079989,0.0,0.0,0.0,0.0,0.0,0.0,0.0	1258.690551758,42.01123595505618,-121.23011372942844,0.0,0.0,0.0,0.0,0.0,0.0,0.0	1374.770874023,42.01123595505618,-121.128787978057,0.0,0.0,0.0,0.0,0.0,0.0,0.0	1536.272827148,42.01123595505618,-121.02746222668557,0.0,0.0,0.0,0.0,0.0,0.0,0.0
0.0,41.949438202247194,-124.47086689100922,0.0,0.0,0.0,0.0,0.0,0.0,0.0	0.0,41.949438202247194,-124.36963942683221,0.0,0.0,0.0,0.0,0.0,0.0,0.0	0.0,41.949438202247194,-124.2684119626552,0.0,0.0,0.0,0.0,0.0,0.0,0.0	237.169784546,41.949438202247194,-124.16718449847818,0.0,0.0,0.0,0.0,0.0,0.0,0.0	122.677124023,41.949438202247194,-124.06595703430118,0.0,0.0,0.0,0.0,0.0,0.0,0.0	690.180664062,41.949438202247194,-123.96472957012416,0.0,0.0,0.0,0.0,0.0,0.0,0.0	838.070617676,41.949438202247194,-123.86350210594715,0.0,0.0,0.0,0.0,0.0,0.0,0.0	636.78692627,41.949438202247194,-123.76227464177013,0.0,0.0,0.0,0.0,0.0,0.0,0.0	1254.721679688,41.949438202247194,-123.66104717759312,0.0,0.0,0.0,0.0,0.0,0.0,0.0	1057.072509766,41.949438202247194,-123.5598197134161,0.0,0.0,0.0,0.0,0.0,0.0,0.0	798.438415527,41.949438202247194,-123.45859224923909,0.0,0.0,0.0,0.0,0.0,0.0,0.0	1001.81427002,41.949438202247194,-123.35736478506207,0.0,0.0,0.0,0.0,0.0,0.0,0.0	1210.290039062,41.949438202247194,-123.25613732088507,0.0,0.0,0.0,0.0,0.0,0.0,0.0	1554.844360352,41.949438202247194,-123.15490985670806,0.0,0.0,0.0,0.0,0.0,0.0,0.0	1725.624267578,41.949438202247194,-123.05368239253104,0.0,0.0,0.0,0.0,0.0,0.0,0.0	2009.271362305,41.949438202247194,-122.95245492835403,0.0,0.0,0.0,0.0,0.0,0.0,0.0	921.243347168,41.949438202247194,-122.85122746417701,0.0,0.0,0.0,0.0,0.0,0.0,0.0	1362.922485352,41.949438202247194,-122.75,0.0,0.0,0.0,0.0,0.0,0.0,0.0	1242.237060547,41.949438202247194,-122.64877253582299,0.0,0.0,0.0,0.0,0.0,0.0,0.0	1012.506408691,41.949438202247194,-122.54754507164597,0.0,0.0,0.0,0.0,0.0,0.0,0.0	804.597717285,41.949438202247194,-122.44631760746897,0.0,0.0,0.0,0.0,0.0,0.0,0.0	936.315368652,41.949438202247194,-122.34509014329196,0.0,0.0,0.0,0.0,0.0,0.0,0.0	1186.642089844,41.949438202247194,-122.24386267911494,0.0,0.0,0.0,0.0,0.0,0.0,0.0	1288.789794922,41.949438202247194,-122.14263521493793,0.0,0.0,0.0,0.0,0.0,0.0,0.0	1463.417602539,41.949438202247194,-122.04140775076091,0.0,0.0,0.0,0.0,0.0,0.0,0.0	1293.744995117,41.949438202247194,-121.9401802865839,0.0,0.0,0.0,0.0,0.0,0.0,0.0	1313.52355957,41.949438202247194,-121.83895282240688,0.0,0.0,0.0,0.0,0.0,0.0,0.0	1243.173950195,41.949438202247194,-121.73772535822987,0.0,0.0,0.0,0.0,0.0,0.0,0.0	1243.936767578,41.949438202247194,-121.63649789405287,0.0,0.0,0.0,0.0,0.0,0.0,0.0	1229.099853516,41.949438202247194,-121.53527042987585,0.0,0.0,0.0,0.0,0.0,0.0,0.0	1230.673950195,41.949438202247194,-121.43404296569884,0.0,0.0,0.0,0.0,0.0,0.0,0.0	1262.151000977,41.949438202247194,-121.33281550152182,0.0,0.0,0.0,0.0,0.0,0.0,0.0	1424.161132812,41.949438202247194,-121.2315880373448,0.0,0.0,0.0,0.0,0.0,0.0,0.0	1483.37878418,41.949438202247194,-121.13036057316779,0.0,0.0,0.0,0.0,0.0,0.0,0.0	1418.485595703,41.949438202247194,-121.02913310899078,0.0,0.0,0.0,0.0,0.0,0.0,0.0
0.0,41.8876404494382,-124.46920124516151,0.0,0.0,0.0,0.0,0.0,0.0,0.0	0.0,41.8876404494382,-124.36807176015202,0.0,0.0,0.0,0.0,0.0,0.0,0.0	0.0,41.8876404494382,-124.26694227514251,0.0,0.0,0.0,0.0,0.0,0.0,0.0	6.721092224,41.8876404494382,-124.16581279013302,0.0,0.0,0.0,0.0,0.0,0.0,0.0	556.937438965,41.8876404494382,-124.06468330512351,0.0,0.0,0.0,0.0,0.0,0.0,0.0	298.303253174,41.8876404494382,-123.96355382011402,0.0,0.0,0.0,0.0,0.0,0.0,0.0	460.822845459,41.8876404494382,-123.8624243351045,0.0,0.0,0.0,0.0,0.0,0.0,0.0	653.836303711,41.8876404494382,-123.76129485009501,0.0,0.0,0.0,0.0,0.0,0.0,0.0	1382.628051758,41.8876404494382,-123.6601653650855,0.0,0.0,0.0,0.0,0.0,0.0,0.0	1463.739013672,41.8876404494382,-123.55903588007601,0.0,0.0,0.0,0.0,0.0,0.0,0.0	816.807739258,41.8876404494382,-123.4579063950665,0.0,0.0,0.0,0.0,0.0,0.0,0.0	1168.670532227,41.8876404494382,-123.35677691005701,0.0,0.0,0.0,0.0,0.0,0.0,0.0	1065.691772461,41.8876404494382,-123.2556474250475,0.0,0.0,0.0,0.0,0.0,0.0,0.0	1328.467041016,41.8876404494382,-123.154517940038,0.0,0.0,0.0,0.0,0.0,0.0,0.0	1019.178344727,41.8876404494382,-123.05338845502851,0.0,0.0,0.0,0.0,0.0,0.0,0.0	1778.953857422,41.8876404494382,-122.952258970019,0.0,0.0,0.0,0.0,0.0,0.0,0.0	1204.711425781,41.8876404494382,-122.85112948500951,0.0,0.0,0.0,0.0,0.0,0.0,0.0	947.898376465,41.8876404494382,-122.75,0.0,0.0,0.0,0.0,0.0,0.0,0.0	1926.332397461,41.8876404494382,-122.6488705149905,0.0,0.0,0.0,0.0,0.0,0.0,0.0	634.186584473,41.8876404494382,-122.547741029981,0.0,0.0,0.0,0.0,0.0,0.0,0.0	778.816040039,41.8876404494382,-122.4466115449715,0.0,0.0,0.0,0.0,0.0,0.0,0.0	1131.361083984,41.8876404494382,-122.345482059962,0.0,0.0,0.0,0.0,0.0,0.0,0.0	2040.299560547,41.8876404494382,-122.2443525749525,0.0,0.0,0.0,0.0,0.0,0.0,0.0	1386.848266602,41.8876404494382,-122.14322308994299,0.0,0.0,0.0,0.0,0.0,0.0,0.0	1291.256958008,41.8876404494382,-122.0420936049335,0.0,0.0,0.0,0.0,0.0,0.0,0.0	1291.372680664,41.8876404494382,-121.94096411992399,0.0,0.0,0.0,0.0,0.0,0.0,0.0	1588.215454102,41.8876404494382,-121.8398346349145,0.0,0.0,0.0,0.0,0.0,0.0,0.0	1374.291625977,41.8876404494382,-121.738705149905,0.0,0.0,0.0,0.0,0.0,0.0,0.0	1338.439819336,41.8876404494382,-121.6375756648955,0.0,0.0,0.0,0.0,0.0,0.0,0.0	1230.099975586,41.8876404494382,-121.536446179886,0.0,0.0,0.0,0.0,0.0,0.0,0.0	1229.403076172,41.8876404494382,-121.43531669487649,0.0,0.0,0.0,0.0,0.0,0.0,0.0	1242.809692383,41.8876404494382,-121.334187209867,0.0,0.0,0.0,0.0,0.0,0.0,0.0	1380.883422852,41.8876404494382,-121.23305772485749,0.0,0.0,0.0,0.0,0.0,0.0,0.0	1366.610961914,41.8876404494382,-121.131928239848,0.0,0.0,0.0,0.0,0.0,0.0,0.0	1397.76953125,41.8876404494382,-121.03079875483849,0.0,0.0,0.0,0.0,0.0,0.0,0.0
0.0,41.82584269662921,-124.46754081671098,0.0,0.0,0.0,0.0,0.0,0.0,0.0	0.0,41.82584269662921,-124.36650900396327,0.0,0.0,0.0,0.0,0.0,0.0,0.0	0.0,41.82584269662921,-124.26547719121557,0.0,0.0,0.0,0.0,0.0,0.0,0.0	9.727966309,41.82584269662921,-124.16444537846786,0.0,0.0,0.0,0.0,0.0,0.0,0.0	338.735229492,41.82584269662921,-124.06341356572015,0.0,0.0,0.0,0.0,0.0,0.0,0.0	582.512756348,41.82584269662921,-123.96238175297246,0.0,0.0,0.0,0.0,0.0,0.0,0.0	1036.984863281,41.82584269662921,-123.86134994022476,0.0,0.0,0.0,0.0,0.0,0.0,0.0	1173.791870117,41.82584269662921,-123.76031812747705,0.0,0.0,0.0,0.0,0.0,0.0,0.0	1233.088256836,41.82584269662921,-123.65928631472934,0.0,0.0,0.0,0.0,0.0,0.0,0.0	1406.104248047,41.82584269662921,-123.55825450198164,0.0,0.0,0.0,0.0,0.0,0.0,0.0	1129.940063477,41.82584269662921,-123.45722268923393,0.0,0.0,0.0,0.0,0.0,0.0,0.0	807.214782715,41.82584269662921,-123.35619087648622,0.0,0.0,0.0,0.0,0.0,0.0,0.0	1011.733764648,41.82584269662921,-123.25515906373852,0.0,0.0,0.0,0.0,0.0,0.0,0.0	691.585998535,41.82584269662921,-123.15412725099081,0.0,0.0,0.0,0.0,0.0,0.0,0.0	878.841430664,41.82584269662921,-123.05309543824312,0.0,0.0,0.0,0.0,0.0,0.0,0.0	676.936096191,41.82584269662921,-122.95206362549541,0.0,0.0,0.0,0.0,0.0,0.0,0.0	586.476135254,41.82584269662921,-122.8510318127477,0.0,0.0,0.0,0.0,0.0,0.0,0.0	1112.083374023,41.82584269662921,-122.75,0.0,0.0,0.0,0.0,0.0,0.0,0.0	719.957824707,41.82584269662921,-122.6489681872523,0.0,0.0,0.0,0.0,0.0,0.0,0.0	929.844360352,41.82584269662921,-122.54793637450459,0.0,0.0,0.0,0.0,0.0,0.0,0.0	810.766418457,41.82584269662921,-122.44690456175688,0.0,0.0,0.0,0.0,0.0,0.0,0.0	1099.374267578,41.82584269662921,-122.34587274900917,0.0,0.0,0.0,0.0,0.0,0.0,0.0	2136.264160156,41.82584269662921,-122.24484093626147,0.0,0.0,0.0,0.0,0.0,0.0,0.0	1622.442871094,41.82584269662921,-122.14380912351376,0.0,0.0,0.0,0.0,0.0,0.0,0.0	1293.767944336,41.82584269662921,-122.04277731076607,0.0,0.0,0.0,0.0,0.0,0.0,0.0	1314.289306641,41.82584269662921,-121.94174549801836,0.0,0.0,0.0,0.0,0.0,0.0,0.0	1661.288330078,41.82584269662921,-121.84071368527066,0.0,0.0,0.0,0.0,0.0,0.0,0.0	1271.755371094,41.82584269662921,-121.73968187252295,0.0,0.0,0.0,0.0,0.0,0.0,0.0	1415.199462891,41.82584269662921,-121.63865005977524,0.0,0.0,0.0,0.0,0.0,0.0,0.0	1229.453491211,41.82584269662921,-121.53761824702754,0.0,0.0,0.0,0.0,0.0,0.0,0.0	1230.28137207,41.82584269662921,-121.43658643427983,0.0,0.0,0.0,0.0,0.0,0.0,0.0	1248.090698242,41.82584269662921,-121.33555462153213,0.0,0.0,0.0,0.0,0.0,0.0,0.0	1639.708618164,41.82584269662921,-121.23452280878442,0.0,0.0,0.0,0.0,0.0,0.0,0.0	1366.602050781,41.82584269662921,-121.13349099603673,0.0,0.0,0.0,0.0,0.0,0.0,0.0	1449.811889648,41.82584269662921,-121.03245918328902,0.0,0.0,0.0,0.0,0.0,0.0,0.0
0.0,41.764044943820224,-124.46588558669745,0.0,0.0,0.0,0.0,0.0,0.0,0.0	0.0,41.764044943820224,-124.36495114042113,0.0,0.0,0.0,0.0,0.0,0.0,0.0	0.0,41.764044943820224,-124.26401669414481,0.0,0.0,0.0,0.0,0.0,0.0,0.0	11.389247894,41.764044943820224,-124.16308224786849,0.0,0.0,0.0,0.0,0.0,0.0,0.0	377.722198486,41.764044943820224,-124.06214780159218,0.0,0.0,0.0,0.0,0.0,0.0,0.0	828.492614746,41.764044943820224,-123.96121335531585,0.0,0.0,0.0,0.0,0.0,0.0,0.0	549.359313965,41.764044943820224,-123.86027890903952,0.0,0.0,0.0,0.0,0.0,0.0,0.0	1254.133300781,41.764044943820224,-123.75934446276321,0.0,0.0,0.0,0.0,0.0,0.0,0.0	848.505187988,41.764044943820224,-123.65841001648688,0.0,0.0,0.0,0.0,0.0,0.0,0.0	736.020507812,41.764044943820224,-123.55747557021057,0.0,0.0,0.0,0.0,0.0,0.0,0.0	527.390136719,41.764044943820224,-123.45654112393424,0.0,0.0,0.0,0.0,0.0,0.0,0.0	681.903808594,41.764044943820224,-123.35560667765792,0.0,0.0,0.0,0.0,0.0,0.0,0.0	1191.672851562,41.764044943820224,-123.2546722313816,0.0,0.0,0.0,0.0,0.0,0.0,0.0	1249.907348633,41.764044943820224,-123.15373778510528,0.0,0.0,0.0,0.0,0.0,0.0,0.0	1048.717163086,41.764044943820224,-123.05280333882895,0.0,0.0,0.0,0.0,0.0,0.0,0.0	1098.723266602,41.764044943820224,-122.95186889255264,0.0,0.0,0.0,0.0,0.0,0.0,0.0	1174.912231445,41.764044943820224,-122.85093444627631,0.0,0.0,0.0,0.0,0.0,0.0,0.0	1090.636108398,41.764044943820224,-122.75,0.0,0.0,0.0,0.0,0.0,0.0,0.0	900.315734863,41.764044943820224,-122.64906555372367,0.0,0.0,0.0,0.0,0.0,0.0,0.0	802.412719727,41.764044943820224,-122.54813110744735,0.0,0.0,0.0,0.0,0.0,0.0,0.0	821.222351074,41.764044943820224,-122.44719666117103,0.0,0.0,0.0,0.0,0.0,0.0,0.0	1008.15423584,41.764044943820224,-122.34626221489471,0.0,0.0,0.0,0.0,0.0,0.0,0.0	1379.4296875,41.764044943820224,-122.2453277686184,0.0,0.0,0.0,0.0,0.0,0.0,0.0	1833.807739258,41.764044943820224,-122.14439332234207,0.0,0.0,0.0,0.0,0.0,0.0,0.0	1302.464111328,41.764044943820224,-122.04345887606574,0.0,0.0,0.0,0.0,0.0,0.0,0.0	1329.897216797,41.764044943820224,-121.94252442978943,0.0,0.0,0.0,0.0,0.0,0.0,0.0	1337.957885742,41.764044943820224,-121.8415899835131,0.0,0.0,0.0,0.0,0.0,0.0,0.0	1373.941650391,41.764044943820224,-121.74065553723679,0.0,0.0,0.0,0.0,0.0,0.0,0.0	1398.478515625,41.764044943820224,-121.63972109096046,0.0,0.0,0.0,0.0,0.0,0.0,0.0	1337.040893555,41.764044943820224,-121.53878664468414,0.0,0.0,0.0,0.0,0.0,0.0,0.0	1277.30871582,41.764044943820224,-121.43785219840782,0.0,0.0,0.0,0.0,0.0,0.0,0.0	1261.446166992,41.764044943820224,-121.3369177521315,0.0,0.0,0.0,0.0,0.0,0.0,0.0	1365.622680664,41.764044943820224,-121.23598330585517,0.0,0.0,0.0,0.0,0.0,0.0,0.0	1384.813964844,41.764044943820224,-121.13504885957886,0.0,0.0,0.0,0.0,0.0,0.0,0.0	1410.704223633,41.764044943820224,-121.03411441330253,0.0,0.0,0.0,0.0,0.0,0.0,0.0
0.0,41.70224719101124,-124.4642355362603,0.0,0.0,0.0,0.0,0.0,0.0,0.0	0.0,41.70224719101124,-124.3633981517744,0.0,0.0,0.0,0.0,0.0,0.0,0.0	0.0,41.70224719101124,-124.2625607672885,0.0,0.0,0.0,0.0,0.0,0.0,0.0	0.0,41.70224719101124,-124.1617233828026,0.0,0.0,0.0,0.0,0.0,0.0,0.0	513.213256836,41.70224719101124,-124.0608859983167,0.0,0.0,0.0,0.0,0.0,0.0,0.0	686.993103027,41.70224719101124,-123.9600486138308,0.0,0.0,0.0,0.0,0.0,0.0,0.0	542.960021973,41.70224719101124,-123.85921122934491,0.0,0.0,0.0,0.0,0.0,0.0,0.0	740.953613281,41.70224719101124,-123.75837384485901,0.0,0.0,0.0,0.0,0.0,0.0,0.0	1523.51550293,41.70224719101124,-123.65753646037311,0.0,0.0,0.0,0.0,0.0,0.0,0.0	1430.381591797,41.70224719101124,-123.55669907588721,0.0,0.0,0.0,0.0,0.0,0.0,0.0	427.049407959,41.70224719101124,-123.45586169140131,0.0,0.0,0.0,0.0,0.0,0.0,0.0	503.470245361,41.70224719101124,-123.35502430691541,0.0,0.0,0.0,0.0,0.0,0.0,0.0	1602.225585938,41.70224719101124,-123.25418692242951,0.0,0.0,0.0,0.0,0.0,0.0,0.0	1777.817382812,41.70224719101124,-123.1533495379436,0.0,0.0,0.0,0.0,0.0,0.0,0.0	789.712036133,41.70224719101124,-123.0525121534577,0.0,0.0,0.0,0.0,0.0,0.0,0.0	1527.466430664,41.70224719101124,-122.9516747689718,0.0,0.0,0.0,0.0,0.0,0.0,0.0	1077.280761719,41.70224719101124,-122.8508373844859,0.0,0.0,0.0,0.0,0.0,0.0,0.0	1696.192016602,41.70224719101124,-122.75,0.0,0.0,0.0,0.0,0.0,0.0,0.0	850.029663086,41.70224719101124,-122.6491626155141,0.0,0.0,0.0,0.0,0.0,0.0,0.0	780.338012695,41.70224719101124,-122.5483252310282,0.0,0.0,0.0,0.0,0.0,0.0,0.0	800.347290039,41.70224719101124,-122.4474878465423,0.0,0.0,0.0,0.0,0.0,0.0,0.0	870.743591309,41.70224719101124,-122.3466504620564,0.0,0.0,0.0,0.0,0.0,0.0,0.0	1849.788330078,41.70224719101124,-122.2458130775705,0.0,0.0,0.0,0.0,0.0,0.0,0.0	1733.723266602,41.70224719101124,-122.1449756930846,0.0,0.0,0.0,0.0,0.0,0.0,0.0	1584.660766602,41.70224719101124,-122.0441383085987,0.0,0.0,0.0,0.0,0.0,0.0,0.0	1368.017700195,41.70224719101124,-121.9433009241128,0.0,0.0,0.0,0.0,0.0,0.0,0.0	1368.411865234,41.70224719101124,-121.8424635396269,0.0,0.0,0.0,0.0,0.0,0.0,0.0	1483.705078125,41.70224719101124,-121.741626155141,0.0,0.0,0.0,0.0,0.0,0.0,0.0	1513.192993164,41.70224719101124,-121.6407887706551,0.0,0.0,0.0,0.0,0.0,0.0,0.0	1586.185058594,41.70224719101124,-121.53995138616921,0.0,0.0,0.0,0.0,0.0,0.0,0.0	1318.724121094,41.70224719101124,-121.43911400168331,0.0,0.0,0.0,0.0,0.0,0.0,0.0	1281.816040039,41.70224719101124,-121.33827661719741,0.0,0.0,0.0,0.0,0.0,0.0,0.0	1292.460693359,41.70224719101124,-121.23743923271151,0.0,0.0,0.0,0.0,0.0,0.0,0.0	1396.498413086,41.70224719101124,-121.13660184822561,0.0,0.0,0.0,0.0,0.0,0.0,0.0	1468.216918945,41.70224719101124,-121.03576446373971,0.0,0.0,0.0,0.0,0.0,0.0,0.0
0.0,41.640449438202246,-124.46259064663775,0.0,0.0,0.0,0.0,0.0,0.0,0.0	0.0,41.640449438202246,-124.36185002036494,0.0,0.0,0.0,0.0,0.0,0.0,0.0	0.0,41.640449438202246,-124.26110939409213,0.0,0.0,0.0,0.0,0.0,0.0,0.0	0.0,41.640449438202246,-124.16036876781932,0.0,0.0,0.0,0.0,0.0,0.0,0.0	458.395141602,41.640449438202246,-124.05962814154651,0.0,0.0,0.0,0.0,0.0,0.0,0.0	1010.623474121,41.640449438202246,-123.9588875152737,0.0,0.0,0.0,0.0,0.0,0.0,0.0	874.786254883,41.640449438202246,-123.85814688900089,0.0,0.0,0.0,0.0,0.0,0.0,0.0	1220.357421875,41.640449438202246,-123.75740626272808,0.0,0.0,0.0,0.0,0.0,0.0,0.0	1545.069580078,41.640449438202246,-123.65666563645527,0.0,0.0,0.0,0.0,0.0,0.0,0.0	1074.745605469,41.640449438202246,-123.55592501018246,0.0,0.0,0.0,0.0,0.0,0.0,0.0	480.068603516,41.640449438202246,-123.45518438390965,0.0,0.0,0.0,0.0,0.0,0.0,0.0	1300.927368164,41.640449438202246,-123.35444375763684,0.0,0.0,0.0,0.0,0.0,0.0,0.0	1438.227905273,41.640449438202246,-123.25370313136403,0.0,0.0,0.0,0.0,0.0,0.0,0.0	1284.460327148,41.640449438202246,-123.15296250509122,0.0,0.0,0.0,0.0,0.0,0.0,0.0	780.233276367,41.640449438202246,-123.05222187881841,0.0,0.0,0.0,0.0,0.0,0.0,0.0	863.941833496,41.640449438202246,-122.95148125254562,0.0,0.0,0.0,0.0,0.0,0.0,0.0	1261.228149414,41.640449438202246,-122.85074062627281,0.0,0.0,0.0,0.0,0.0,0.0,0.0	918.562316895,41.640449438202246,-122.75,0.0,0.0,0.0,0.0,0.0,0.0,0.0	1236.867675781,41.640449438202246,-122.64925937372719,0.0,0.0,0.0,0.0,0.0,0.0,0.0	866.38494873,41.640449438202246,-122.54851874745438,0.0,0.0,0.0,0.0,0.0,0.0,0.0	785.949584961,41.640449438202246,-122.44777812118157,0.0,0.0,0.0,0.0,0.0,0.0,0.0	867.767211914,41.640449438202246,-122.34703749490876,0.0,0.0,0.0,0.0,0.0,0.0,0.0	2022.273803711,41.640449438202246,-122.24629686863595,0.0,0.0,0.0,0.0,0.0,0.0,0.0	1544.572143555,41.640449438202246,-122.14555624236314,0.0,0.0,0.0,0.0,0.0,0.0,0.0	1448.977905273,41.640449438202246,-122.04481561609033,0.0,0.0,0.0,0.0,0.0,0.0,0.0	1420.084472656,41.640449438202246,-121.94407498981752,0.0,0.0,0.0,0.0,0.0,0.0,0.0	1396.905761719,41.640449438202246,-121.84333436354471,0.0,0.0,0.0,0.0,0.0,0.0,0.0	1587.616943359,41.640449438202246,-121.7425937372719,0.0,0.0,0.0,0.0,0.0,0.0,0.0	1919.377563477,41.640449438202246,-121.6418531109991,0.0,0.0,0.0,0.0,0.0,0.0,0.0	1891.841918945,41.640449438202246,-121.54111248472628,0.0,0.0,0.0,0.0,0.0,0.0,0.0	1455.580444336,41.640449438202246,-121.44037185845347,0.0,0.0,0.0,0.0,0.0,0.0,0.0	1309.406860352,41.640449438202246,-121.33963123218066,0.0,0.0,0.0,0.0,0.0,0.0,0.0	1293.849365234,41.640449438202246,-121.23889060590786,0.0,0.0,0.0,0.0,0.0,0.0,0.0	1379.741699219,41.640449438202246,-121.13814997963505,0.0,0.0,0.0,0.0,0.0,0.0,0.0	1516.947631836,41.640449438202246,-121.03740935336224,0.0,0.0,0.0,0.0,0.0,0.0,0.0
0.0,41.57865168539326,-124.46095089916635,0.0,0.0,0.0,0.0,0.0,0.0,0.0	0.0,41.57865168539326,-124.36030672862715,0.0,0.0,0.0,0.0,0.0,0.0,0.0	0.0,41.57865168539326,-124.25966255808795,0.0,0.0,0.0,0.0,0.0,0.0,0.0	0.0,41.57865168539326,-124.15901838754876,0.0,0.0,0.0,0.0,0.0,0.0,0.0	117.187080383,41.57865168539326,-124.05837421700956,0.0,0.0,0.0,0.0,0.0,0.0,0.0	134.499572754,41.57865168539326,-123.95773004647036,0.0,0.0,0.0,0.0,0.0,0.0,0.0	1022.53302002,41.57865168539326,-123.85708587593116,0.0,0.0,0.0,0.0,0.0,0.0,0.0	1420.71875,41.57865168539326,-123.75644170539196,0.0,0.0,0.0,0.0,0.0,0.0,0.0	1354.895629883,41.57865168539326,-123.65579753485277,0.0,0.0,0.0,0.0,0.0,0.0,0.0	625.640319824,41.57865168539326,-123.55515336431357,0.0,0.0,0.0,0.0,0.0,0.0,0.0	703.246765137,41.57865168539326,-123.45450919377437,0.0,0.0,0.0,0.0,0.0,0.0,0.0	1846.725219727,41.57865168539326,-123.35386502323519,0.0,0.0,0.0,0.0,0.0,0.0,0.0	1831.520019531,41.57865168539326,-123.25322085269599,0.0,0.0,0.0,0.0,0.0,0.0,0.0	1615.819580078,41.57865168539326,-123.15257668215679,0.0,0.0,0.0,0.0,0.0,0.0,0.0	1903.394042969,41.57865168539326,-123.0519325116176,0.0,0.0,0.0,0.0,0.0,0.0,0.0	963.308410645,41.57865168539326,-122.9512883410784,0.0,0.0,0.0,0.0,0.0,0.0,0.0	829.348510742,41.57865168539326,-122.8506441705392,0.0,0.0,0.0,0.0,0.0,0.0,0.0	1022.56854248,41.57865168539326,-122.75,0.0,0.0,0.0,0.0,0.0,0.0,0.0	1489.360839844,41.57865168539326,-122.6493558294608,0.0,0.0,0.0,0.0,0.0,0.0,0.0	832.075134277,41.57865168539326,-122.5487116589216,0.0,0.0,0.0,0.0,0.0,0.0,0.0	790.159240723,41.57865168539326,-122.4480674883824,0.0,0.0,0.0,0.0,0.0,0.0,0.0	896.400817871,41.57865168539326,-122.34742331784321,0.0,0.0,0.0,0.0,0.0,0.0,0.0	1091.61730957,41.57865168539326,-122.24677914730401,0.0,0.0,0.0,0.0,0.0,0.0,0.0	1714.691894531,41.57865168539326,-122.14613497676481,0.0,0.0,0.0,0.0,0.0,0.0,0.0	1629.77331543,41.57865168539326,-122.04549080622562,0.0,0.0,0.0,0.0,0.0,0.0,0.0	1477.467407227,41.57865168539326,-121.94484663568642,0.0,0.0,0.0,0.0,0.0,0.0,0.0	1676.980957031,41.57865168539326,-121.84420246514722,0.0,0.0,0.0,0.0,0.0,0.0,0.0	1830.867553711,41.57865168539326,-121.74355829460802,0.0,0.0,0.0,0.0,0.0,0.0,0.0	2150.569580078,41.57865168539326,-121.64291412406882,0.0,0.0,0.0,0.0,0.0,0.0,0.0	2136.378417969,41.57865168539326,-121.54226995352963,0.0,0.0,0.0,0.0,0.0,0.0,0.0	1551.244873047,41.57865168539326,-121.44162578299043,0.0,0.0,0.0,0.0,0.0,0.0,0.0	1317.890136719,41.57865168539326,-121.34098161245123,0.0,0.0,0.0,0.0,0.0,0.0,0.0	1328.830200195,41.57865168539326,-121.24033744191205,0.0,0.0,0.0,0.0,0.0,0.0,0.0	1430.594970703,41.57865168539326,-121.13969327137285,0.0,0.0,0.0,0.0,0.0,0.0,0.0	1511.74230957,41.57865168539326,-121.03904910083365,0.0,0.0,0.0,0.0,0.0,0.0,0.0
0.0,41.51685393258427,-124.45931627528026,0.0,0.0,0.0,0.0,0.0,0.0,0.0	0.0,41.51685393258427,-124.3587682590873,0.0,0.0,0.0,0.0,0.0,0.0,0.0	0.0,41.51685393258427,-124.25822024289434,0.0,0.0,0.0,0.0,0.0,0.0,0.0	0.0,41.51685393258427,-124.1576722267014,0.0,0.0,0.0,0.0,0.0,0.0,0.0	109.713592529,41.51685393258427,-124.05712421050843,0.0,0.0,0.0,0.0,0.0,0.0,0.0	355.288085938,41.51685393258427,-123.95657619431547,0.0,0.0,0.0,0.0,0.0,0.0,0.0	739.992492676,41.51685393258427,-123.85602817812251,0.0,0.0,0.0,0.0,0.0,0.0,0.0	951.600341797,41.51685393258427,-123.75548016192957,0.0,0.0,0.0,0.0,0.0,0.0,0.0	928.198242188,41.51685393258427,-123.65493214573661,0.0,0.0,0.0,0.0,0.0,0.0,0.0	685.00970459,41.51685393258427,-123.55438412954365,0.0,0.0,0.0,0.0,0.0,0.0,0.0	1100.377929688,41.51685393258427,-123.45383611335069,0.0,0.0,0.0,0.0,0.0,0.0,0.0	1857.299316406,41.51685393258427,-123.35328809715774,0.0,0.0,0.0,0.0,0.0,0.0,0.0	1509.953613281,41.51685393258427,-123.25274008096478,0.0,0.0,0.0,0.0,0.0,0.0,0.0	1473.158203125,41.51685393258427,-123.15219206477182,0.0,0.0,0.0,0.0,0.0,0.0,0.0	1780.731567383,41.51685393258427,-123.05164404857886,0.0,0.0,0.0,0.0,0.0,0.0,0.0	1088.001464844,41.51685393258427,-122.95109603238592,0.0,0.0,0.0,0.0,0.0,0.0,0.0	837.846374512,41.51685393258427,-122.85054801619296,0.0,0.0,0.0,0.0,0.0,0.0,0.0	1465.434692383,41.51685393258427,-122.75,0.0,0.0,0.0,0.0,0.0,0.0,0.0	1562.357910156,41.51685393258427,-122.64945198380704,0.0,0.0,0.0,0.0,0.0,0.0,0.0	1070.847900391,41.51685393258427,-122.5489039676141,0.0,0.0,0.0,0.0,0.0,0.0,0.0	809.821899414,41.51685393258427,-122.44835595142114,0.0,0.0,0.0,0.0,0.0,0.0,0.0	969.045349121,41.51685393258427,-122.34780793522818,0.0,0.0,0.0,0.0,0.0,0.0,0.0	1320.838134766,41.51685393258427,-122.24725991903522,0.0,0.0,0.0,0.0,0.0,0.0,0.0	2277.379882812,41.51685393258427,-122.14671190284227,0.0,0.0,0.0,0.0,0.0,0.0,0.0	1748.202758789,41.51685393258427,-122.04616388664931,0.0,0.0,0.0,0.0,0.0,0.0,0.0	1992.133056641,41.51685393258427,-121.94561587045635,0.0,0.0,0.0,0.0,0.0,0.0,0.0	1767.495727539,41.51685393258427,-121.84506785426339,0.0,0.0,0.0,0.0,0.0,0.0,0.0	1761.431518555,41.51685393258427,-121.74451983807045,0.0,0.0,0.0,0.0,0.0,0.0,0.0	1745.055297852,41.51685393258427,-121.64397182187749,0.0,0.0,0.0,0.0,0.0,0.0,0.0	1759.21484375,41.51685393258427,-121.54342380568453,0.0,0.0,0.0,0.0,0.0,0.0,0.0	1577.77331543,41.51685393258427,-121.44287578949157,0.0,0.0,0.0,0.0,0.0,0.0,0.0	1298.289672852,41.51685393258427,-121.34232777329862,0.0,0.0,0.0,0.0,0.0,0.0,0.0	1380.747558594,41.51685393258427,-121.24177975710566,0.0,0.0,0.0,0.0,0.0,0.0,0.0	1471.109741211,41.51685393258427,-121.1412317409127,0.0,0.0,0.0,0.0,0.0,0.0,0.0	1493.1484375,41.51685393258427,-121.04068372471974,0.0,0.0,0.0,0.0,0.0,0.0,0.0
0.0,41.45505617977528,-124.45768675651067,0.0,0.0,0.0,0.0,0.0,0.0,0.0	0.0,41.45505617977528,-124.35723459436298,0.0,0.0,0.0,0.0,0.0,0.0,0.0	0.0,41.45505617977528,-124.25678243221529,0.0,0.0,0.0,0.0,0.0,0.0,0.0	0.0,41.45505617977528,-124.15633027006761,0.0,0.0,0.0,0.0,0.0,0.0,0.0	197.365509033,41.45505617977528,-124.05587810791992,0.0,0.0,0.0,0.0,0.0,0.0,0.0	425.953918457,41.45505617977528,-123.95542594577223,0.0,0.0,0.0,0.0,0.0,0.0,0.0	370.926422119,41.45505617977528,-123.85497378362454,0.0,0.0,0.0,0.0,0.0,0.0,0.0	582.340270996,41.45505617977528,-123.75452162147687,0.0,0.0,0.0,0.0,0.0,0.0,0.0	1169.141479492,41.45505617977528,-123.65406945932918,0.0,0.0,0.0,0.0,0.0,0.0,0.0	951.72869873,41.45505617977528,-123.55361729718149,0.0,0.0,0.0,0.0,0.0,0.0,0.0	743.555053711,41.45505617977528,-123.4531651350338,0.0,0.0,0.0,0.0,0.0,0.0,0.0	847.524719238,41.45505617977528,-123.35271297288611,0.0,0.0,0.0,0.0,0.0,0.0,0.0	1344.059326172,41.45505617977528,-123.25226081073843,0.0,0.0,0.0,0.0,0.0,0.0,0.0	1479.618774414,41.45505617977528,-123.15180864859074,0.0,0.0,0.0,0.0,0.0,0.0,0.0	1662.056030273,41.45505617977528,-123.05135648644305,0.0,0.0,0.0,0.0,0.0,0.0,0.0	1778.018676758,41.45505617977528,-122.95090432429537,0.0,0.0,0.0,0.0,0.0,0.0,0.0	848.114685059,41.45505617977528,-122.85045216214768,0.0,0.0,0.0,0.0,0.0,0.0,0.0	1185.955688477,41.45505617977528,-122.75,0.0,0.0,0.0,0.0,0.0,0.0,0.0	1311.305297852,41.45505617977528,-122.64954783785231,0.0,0.0,0.0,0.0,0.0,0.0,0.0	1718.054443359,41.45505617977528,-122.54909567570462,0.0,0.0,0.0,0.0,0.0,0.0,0.0	910.50994873,41.45505617977528,-122.44864351355693,0.0,0.0,0.0,0.0,0.0,0.0,0.0	1126.48840332,41.45505617977528,-122.34819135140924,0.0,0.0,0.0,0.0,0.0,0.0,0.0	2028.181640625,41.45505617977528,-122.24773918926157,0.0,0.0,0.0,0.0,0.0,0.0,0.0	2230.102539062,41.45505617977528,-122.14728702711388,0.0,0.0,0.0,0.0,0.0,0.0,0.0	2231.141601562,41.45505617977528,-122.04683486496619,0.0,0.0,0.0,0.0,0.0,0.0,0.0	1946.699584961,41.45505617977528,-121.9463827028185,0.0,0.0,0.0,0.0,0.0,0.0,0.0	1525.183959961,41.45505617977528,-121.84593054067082,0.0,0.0,0.0,0.0,0.0,0.0,0.0	1464.031982422,41.45505617977528,-121.74547837852313,0.0,0.0,0.0,0.0,0.0,0.0,0.0	1463.68371582,41.45505617977528,-121.64502621637544,0.0,0.0,0.0,0.0,0.0,0.0,0.0	1488.662597656,41.45505617977528,-121.54457405422775,0.0,0.0,0.0,0.0,0.0,0.0,0.0	1402.504638672,41.45505617977528,-121.44412189208006,0.0,0.0,0.0,0.0,0.0,0.0,0.0	1352.868896484,41.45505617977528,-121.34366972993239,0.0,0.0,0.0,0.0,0.0,0.0,0.0	1378.542480469,41.45505617977528,-121.2432175677847,0.0,0.0,0.0,0.0,0.0,0.0,0.0	1465.132446289,41.45505617977528,-121.14276540563701,0.0,0.0,0.0,0.0,0.0,0.0,0.0	1407.710693359,41.45505617977528,-121.04231324348932,0.0,0.0,0.0,0.0,0.0,0.0,0.0
0.0,41.39325842696629,-124.45606232448523,0.0,0.0,0.0,0.0,0.0,0.0,0.0	0.0,41.39325842696629,-124.35570571716256,0.0,0.0,0.0,0.0,0.0,0.0,0.0	0.0,41.39325842696629,-124.25534910983991,0.0,0.0,0.0,0.0,0.0,0.0,0.0	0.0,41.39325842696629,-124.15499250251725,0.0,0.0,0.0,0.0,0.0,0.0,0.0	98.793434143,41.39325842696629,-124.0546358951946,0.0,0.0,0.0,0.0,0.0,0.0,0.0	193.289138794,41.39325842696629,-123.95427928787193,0.0,0.0,0.0,0.0,0.0,0.0,0.0	859.366333008,41.39325842696629,-123.85392268054927,0.0,0.0,0.0,0.0,0.0,0.0,0.0	1458.686401367,41.39325842696629,-123.75356607322661,0.0,0.0,0.0,0.0,0.0,0.0,0.0	1163.219970703,41.39325842696629,-123.65320946590394,0.0,0.0,0.0,0.0,0.0,0.0,0.0	1145.729248047,41.39325842696629,-123.55285285858129,0.0,0.0,0.0,0.0,0.0,0.0,0.0	663.635681152,41.39325842696629,-123.45249625125862,0.0,0.0,0.0,0.0,0.0,0.0,0.0	744.823120117,41.39325842696629,-123.35213964393597,0.0,0.0,0.0,0.0,0.0,0.0,0.0	1758.2734375,41.39325842696629,-123.2517830366133,0.0,0.0,0.0,0.0,0.0,0.0,0.0	1346.283081055,41.39325842696629,-123.15142642929064,0.0,0.0,0.0,0.0,0.0,0.0,0.0	1850.043579102,41.39325842696629,-123.05106982196799,0.0,0.0,0.0,0.0,0.0,0.0,0.0	2088.277587891,41.39325842696629,-122.95071321464532,0.0,0.0,0.0,0.0,0.0,0.0,0.0	911.233093262,41.39325842696629,-122.85035660732267,0.0,0.0,0.0,0.0,0.0,0.0,0.0	1200.157958984,41.39325842696629,-122.75,0.0,0.0,0.0,0.0,0.0,0.0,0.0	1470.788208008,41.39325842696629,-122.64964339267735,0.0,0.0,0.0,0.0,0.0,0.0,0.0	2184.788574219,41.39325842696629,-122.54928678535468,0.0,0.0,0.0,0.0,0.0,0.0,0.0	1305.145751953,41.39325842696629,-122.44893017803201,0.0,0.0,0.0,0.0,0.0,0.0,0.0	1255.595458984,41.39325842696629,-122.34857357070936,0.0,0.0,0.0,0.0,0.0,0.0,0.0	2520.770751953,41.39325842696629,-122.2482169633867,0.0,0.0,0.0,0.0,0.0,0.0,0.0	2431.747802734,41.39325842696629,-122.14786035606404,0.0,0.0,0.0,0.0,0.0,0.0,0.0	1500.076293945,41.39325842696629,-122.04750374874138,0.0,0.0,0.0,0.0,0.0,0.0,0.0	1343.604614258,41.39325842696629,-121.94714714141872,0.0,0.0,0.0,0.0,0.0,0.0,0.0	1572.526123047,41.39325842696629,-121.84679053409606,0.0,0.0,0.0,0.0,0.0,0.0,0.0	1404.328857422,41.39325842696629,-121.74643392677339,0.0,0.0,0.0,0.0,0.0,0.0,0.0	1318.210449219,41.39325842696629,-121.64607731945074,0.0,0.0,0.0,0.0,0.0,0.0,0.0	1326.187744141,41.39325842696629,-121.54572071212807,0.0,0.0,0.0,0.0,0.0,0.0,0.0	1340.813476562,41.39325842696629,-121.44536410480542,0.0,0.0,0.0,0.0,0.0,0.0,0.0	1342.170043945,41.39325842696629,-121.34500749748275,0.0,0.0,0.0,0.0,0.0,0.0,0.0	1355.404174805,41.39325842696629,-121.24465089016009,0.0,0.0,0.0,0.0,0.0,0.0,0.0	1458.41784668,41.39325842696629,-121.14429428283744,0.0,0.0,0.0,0.0,0.0,0.0,0.0	1460.657226562,41.39325842696629,-121.04393767551477,0.0,0.0,0.0,0.0,0.0,0.0,0.0
0.0,41.331460674157306,-124.45444296092737,0.0,0.0,0.0,0.0,0.0,0.0,0.0	0.0,41.331460674157306,-124.35418161028458,0.0,0.0,0.0,0.0,0.0,0.0,0.0	0.0,41.331460674157306,-124.25392025964179,0.0,0.0,0.0,0.0,0.0,0.0,0.0	0.0,41.331460674157306,-124.153658908999,0.0,0.0,0.0,0.0,0.0,0.0,0.0	125.56968689,41.331460674157306,-124.05339755835622,0.0,0.0,0.0,0.0,0.0,0.0,0.0	475.636077881,41.331460674157306,-123.95313620771344,0.0,0.0,0.0,0.0,0.0,0.0,0.0	208.691864014,41.331460674157306,-123.85287485707065,0.0,0.0,0.0,0.0,0.0,0.0,0.0	860.994995117,41.331460674157306,-123.75261350642786,0.0,0.0,0.0,0.0,0.0,0.0,0.0	997.631713867,41.331460674157306,-123.65235215578508,0.0,0.0,0.0,0.0,0.0,0.0,0.0	570.046813965,41.331460674157306,-123.55209080514229,0.0,0.0,0.0,0.0,0.0,0.0,0.0	1339.235351562,41.331460674157306,-123.4518294544995,0.0,0.0,0.0,0.0,0.0,0.0,0.0	976.104370117,41.331460674157306,-123.35156810385672,0.0,0.0,0.0,0.0,0.0,0.0,0.0	1761.827026367,41.331460674157306,-123.25130675321394,0.0,0.0,0.0,0.0,0.0,0.0,0.0	1034.017578125,41.331460674157306,-123.15104540257114,0.0,0.0,0.0,0.0,0.0,0.0,0.0	955.200561523,41.331460674157306,-123.05078405192836,0.0,0.0,0.0,0.0,0.0,0.0,0.0	1756.32421875,41.331460674157306,-122.95052270128558,0.0,0.0,0.0,0.0,0.0,0.0,0.0	1097.9140625,41.331460674157306,-122.8502613506428,0.0,0.0,0.0,0.0,0.0,0.0,0.0	1099.323852539,41.331460674157306,-122.75,0.0,0.0,0.0,0.0,0.0,0.0,0.0	1923.325317383,41.331460674157306,-122.64973864935722,0.0,0.0,0.0,0.0,0.0,0.0,0.0	1731.6015625,41.331460674157306,-122.54947729871444,0.0,0.0,0.0,0.0,0.0,0.0,0.0	2234.997802734,41.331460674157306,-122.44921594807164,0.0,0.0,0.0,0.0,0.0,0.0,0.0	1104.602294922,41.331460674157306,-122.34895459742886,0.0,0.0,0.0,0.0,0.0,0.0,0.0	1738.010498047,41.331460674157306,-122.24869324678608,0.0,0.0,0.0,0.0,0.0,0.0,0.0	1665.00378418,41.331460674157306,-122.1484318961433,0.0,0.0,0.0,0.0,0.0,0.0,0.0	1275.400634766,41.331460674157306,-122.0481705455005,0.0,0.0,0.0,0.0,0.0,0.0,0.0	1187.297485352,41.331460674157306,-121.94790919485771,0.0,0.0,0.0,0.0,0.0,0.0,0.0	1530.186401367,41.331460674157306,-121.84764784421493,0.0,0.0,0.0,0.0,0.0,0.0,0.0	1405.559204102,41.331460674157306,-121.74738649357214,0.0,0.0,0.0,0.0,0.0,0.0,0.0	1285.952880859,41.331460674157306,-121.64712514292935,0.0,0.0,0.0,0.0,0.0,0.0,0.0	1177.527709961,41.331460674157306,-121.54686379228657,0.0,0.0,0.0,0.0,0.0,0.0,0.0	1346.090820312,41.331460674157306,-121.44660244164379,0.0,0.0,0.0,0.0,0.0,0.0,0.0	1330.689819336,41.331460674157306,-121.346341091001,0.0,0.0,0.0,0.0,0.0,0.0,0.0	1308.463378906,41.331460674157306,-121.24607974035821,0.0,0.0,0.0,0.0,0.0,0.0,0.0	1312.407958984,41.331460674157306,-121.14581838971543,0.0,0.0,0.0,0.0,0.0,0.0,0.0	1614.138793945,41.331460674157306,-121.04555703907263,0.0,0.0,0.0,0.0,0.0,0.0,0.0
0.0,41.26966292134831,-124.45282864765574,0.0,0.0,0.0,0.0,0.0,0.0,0.0	0.0,41.26966292134831,-124.35266225661717,0.0,0.0,0.0,0.0,0.0,0.0,0.0	0.0,41.26966292134831,-124.2524958655786,0.0,0.0,0.0,0.0,0.0,0.0,0.0	0.0,41.26966292134831,-124.15232947454002,0.0,0.0,0.0,0.0,0.0,0.0,0.0	245.265411377,41.26966292134831,-124.05216308350144,0.0,0.0,0.0,0.0,0.0,0.0,0.0	624.732299805,41.26966292134831,-123.95199669246287,0.0,0.0,0.0,0.0,0.0,0.0,0.0	239.943191528,41.26966292134831,-123.8518303014243,0.0,0.0,0.0,0.0,0.0,0.0,0.0	744.549133301,41.26966292134831,-123.75166391038573,0.0,0.0,0.0,0.0,0.0,0.0,0.0	610.732421875,41.26966292134831,-123.65149751934716,0.0,0.0,0.0,0.0,0.0,0.0,0.0	502.404815674,41.26966292134831,-123.55133112830859,0.0,0.0,0.0,0.0,0.0,0.0,0.0	1450.057250977,41.26966292134831,-123.45116473727002,0.0,0.0,0.0,0.0,0.0,0.0,0.0	717.117919922,41.26966292134831,-123.35099834623144,0.0,0.0,0.0,0.0,0.0,0.0,0.0	974.625915527,41.26966292134831,-123.25083195519287,0.0,0.0,0.0,0.0,0.0,0.0,0.0	1447.518310547,41.26966292134831,-123.1506655641543,0.0,0.0,0.0,0.0,0.0,0.0,0.0	1375.157714844,41.26966292134831,-123.05049917311572,0.0,0.0,0.0,0.0,0.0,0.0,0.0	2196.158203125,41.26966292134831,-122.95033278207715,0.0,0.0,0.0,0.0,0.0,0.0,0.0	1311.98449707,41.26966292134831,-122.85016639103858,0.0,0.0,0.0,0.0,0.0,0.0,0.0	1608.849365234,41.26966292134831,-122.75,0.0,0.0,0.0,0.0,0.0,0.0,0.0	1614.693359375,41.26966292134831,-122.64983360896143,0.0,0.0,0.0,0.0,0.0,0.0,0.0	1682.982788086,41.26966292134831,-122.54966721792286,0.0,0.0,0.0,0.0,0.0,0.0,0.0	1690.404663086,41.26966292134831,-122.44950082688429,0.0,0.0,0.0,0.0,0.0,0.0,0.0	1060.431640625,41.26966292134831,-122.34933443584572,0.0,0.0,0.0,0.0,0.0,0.0,0.0	1229.491210938,41.26966292134831,-122.24916804480715,0.0,0.0,0.0,0.0,0.0,0.0,0.0	1087.162475586,41.26966292134831,-122.14900165376858,0.0,0.0,0.0,0.0,0.0,0.0,0.0	1041.872314453,41.26966292134831,-122.04883526273,0.0,0.0,0.0,0.0,0.0,0.0,0.0	1123.705932617,41.26966292134831,-121.94866887169142,0.0,0.0,0.0,0.0,0.0,0.0,0.0	1205.48034668,41.26966292134831,-121.84850248065285,0.0,0.0,0.0,0.0,0.0,0.0,0.0	1406.694702148,41.26966292134831,-121.74833608961428,0.0,0.0,0.0,0.0,0.0,0.0,0.0	1241.536132812,41.26966292134831,-121.64816969857571,0.0,0.0,0.0,0.0,0.0,0.0,0.0	1149.930419922,41.26966292134831,-121.54800330753714,0.0,0.0,0.0,0.0,0.0,0.0,0.0	1617.439208984,41.26966292134831,-121.44783691649857,0.0,0.0,0.0,0.0,0.0,0.0,0.0	1414.707275391,41.26966292134831,-121.34767052545999,0.0,0.0,0.0,0.0,0.0,0.0,0.0	1299.879394531,41.26966292134831,-121.24750413442142,0.0,0.0,0.0,0.0,0.0,0.0,0.0	1268.545043945,41.26966292134831,-121.14733774338285,0.0,0.0,0.0,0.0,0.0,0.0,0.0	1766.387939453,41.26966292134831,-121.04717135234428,0.0,0.0,0.0,0.0,0.0,0.0,0.0
0.0,41.20786516853933,-124.45121936658359,0.0,0.0,0.0,0.0,0.0,0.0,0.0	0.0,41.20786516853933,-124.3511476391375,0.0,0.0,0.0,0.0,0.0,0.0,0.0	0.0,41.20786516853933,-124.2510759116914,0.0,0.0,0.0,0.0,0.0,0.0,0.0	0.0,41.20786516853933,-124.15100418424531,0.0,0.0,0.0,0.0,0.0,0.0,0.0	358.55078125,41.20786516853933,-124.05093245679922,0.0,0.0,0.0,0.0,0.0,0.0,0.0	733.203308105,41.20786516853933,-123.95086072935312,0.0,0.0,0.0,0.0,0.0,0.0,0.0	767.024169922,41.20786516853933,-123.85078900190702,0.0,0.0,0.0,0.0,0.0,0.0,0.0	241.82194519,41.20786516853933,-123.75071727446092,0.0,0.0,0.0,0.0,0.0,0.0,0.0	401.130737305,41.20786516853933,-123.65064554701483,0.0,0.0,0.0,0.0,0.0,0.0,0.0	436.477752686,41.20786516853933,-123.55057381956874,0.0,0.0,0.0,0.0,0.0,0.0,0.0	1414.187988281,41.20786516853933,-123.45050209212265,0.0,0.0,0.0,0.0,0.0,0.0,0.0	1169.858398438,41.20786516853933,-123.35043036467655,0.0,0.0,0.0,0.0,0.0,0.0,0.0	737.251586914,41.20786516853933,-123.25035863723046,0.0,0.0,0.0,0.0,0.0,0.0,0.0	1518.900268555,41.20786516853933,-123.15028690978437,0.0,0.0,0.0,0.0,0.0,0.0,0.0	1008.512390137,41.20786516853933,-123.05021518233828,0.0,0.0,0.0,0.0,0.0,0.0,0.0	2088.298339844,41.20786516853933,-122.95014345489218,0.0,0.0,0.0,0.0,0.0,0.0,0.0	2039.999267578,41.20786516853933,-122.85007172744609,0.0,0.0,0.0,0.0,0.0,0.0,0.0	1869.990844727,41.20786516853933,-122.75,0.0,0.0,0.0,0.0,0.0,0.0,0.0	979.488647461,41.20786516853933,-122.6499282725539,0.0,0.0,0.0,0.0,0.0,0.0,0.0	1788.235839844,41.20786516853933,-122.5498565451078,0.0,0.0,0.0,0.0,0.0,0.0,0.0	1665.907226562,41.20786516853933,-122.44978481766171,0.0,0.0,0.0,0.0,0.0,0.0,0.0	1229.084228516,41.20786516853933,-122.34971309021562,0.0,0.0,0.0,0.0,0.0,0.0,0.0	1275.409179688,41.20786516853933,-122.24964136276952,0.0,0.0,0.0,0.0,0.0,0.0,0.0	882.719604492,41.20786516853933,-122.14956963532343,0.0,0.0,0.0,0.0,0.0,0.0,0.0	999.973266602,41.20786516853933,-122.04949790787734,0.0,0.0,0.0,0.0,0.0,0.0,0.0	1288.636108398,41.20786516853933,-121.94942618043125,0.0,0.0,0.0,0.0,0.0,0.0,0.0	1375.17175293,41.20786516853933,-121.84935445298515,0.0,0.0,0.0,0.0,0.0,0.0,0.0	1353.311401367,41.20786516853933,-121.74928272553906,0.0,0.0,0.0,0.0,0.0,0.0,0.0	1167.121459961,41.20786516853933,-121.64921099809297,0.0,0.0,0.0,0.0,0.0,0.0,0.0	1110.877441406,41.20786516853933,-121.54913927064686,0.0,0.0,0.0,0.0,0.0,0.0,0.0	1086.28125,41.20786516853933,-121.44906754320077,0.0,0.0,0.0,0.0,0.0,0.0,0.0	1313.661376953,41.20786516853933,-121.34899581575468,0.0,0.0,0.0,0.0,0.0,0.0,0.0	1384.362670898,41.20786516853933,-121.24892408830858,0.0,0.0,0.0,0.0,0.0,0.0,0.0	1267.093383789,41.20786516853933,-121.14885236086249,0.0,0.0,0.0,0.0,0.0,0.0,0.0	1271.845947266,41.20786516853933,-121.0487806334164,0.0,0.0,0.0,0.0,0.0,0.0,0.0
0.0,41.146067415730336,-124.44961509971824,0.0,0.0,0.0,0.0,0.0,0.0,0.0	0.0,41.146067415730336,-124.34963774091129,0.0,0.0,0.0,0.0,0.0,0.0,0.0	0.0,41.146067415730336,-124.24966038210434,0.0,0.0,0.0,0.0,0.0,0.0,0.0	0.0,41.146067415730336,-124.14968302329737,0.0,0.0,0.0,0.0,0.0,0.0,0.0	419.36038208,41.146067415730336,-124.04970566449042,0.0,0.0,0.0,0.0,0.0,0.0,0.0	489.389343262,41.146067415730336,-123.94972830568346,0.0,0.0,0.0,0.0,0.0,0.0,0.0	851.436279297,41.146067415730336,-123.84975094687651,0.0,0.0,0.0,0.0,0.0,0.0,0.0	492.485443115,41.146067415730336,-123.74977358806956,0.0,0.0,0.0,0.0,0.0,0.0,0.0	971.269348145,41.146067415730336,-123.6497962292626,0.0,0.0,0.0,0.0,0.0,0.0,0.0	1300.646484375,41.146067415730336,-123.54981887045564,0.0,0.0,0.0,0.0,0.0,0.0,0.0	1147.161132812,41.146067415730336,-123.44984151164869,0.0,0.0,0.0,0.0,0.0,0.0,0.0	1386.024902344,41.146067415730336,-123.34986415284173,0.0,0.0,0.0,0.0,0.0,0.0,0.0	1222.948364258,41.146067415730336,-123.24988679403478,0.0,0.0,0.0,0.0,0.0,0.0,0.0	820.333679199,41.146067415730336,-123.14990943522783,0.0,0.0,0.0,0.0,0.0,0.0,0.0	1273.047485352,41.146067415730336,-123.04993207642086,0.0,0.0,0.0,0.0,0.0,0.0,0.0	2168.306396484,41.146067415730336,-122.9499547176139,0.0,0.0,0.0,0.0,0.0,0.0,0.0	1531.201416016,41.146067415730336,-122.84997735880695,0.0,0.0,0.0,0.0,0.0,0.0,0.0	1984.508300781,41.146067415730336,-122.75,0.0,0.0,0.0,0.0,0.0,0.0,0.0	904.882141113,41.146067415730336,-122.65002264119305,0.0,0.0,0.0,0.0,0.0,0.0,0.0	1448.097900391,41.146067415730336,-122.55004528238608,0.0,0.0,0.0,0.0,0.0,0.0,0.0	1803.117553711,41.146067415730336,-122.45006792357913,0.0,0.0,0.0,0.0,0.0,0.0,0.0	879.105102539,41.146067415730336,-122.35009056477217,0.0,0.0,0.0,0.0,0.0,0.0,0.0	1193.554199219,41.146067415730336,-122.25011320596522,0.0,0.0,0.0,0.0,0.0,0.0,0.0	1050.2578125,41.146067415730336,-122.15013584715827,0.0,0.0,0.0,0.0,0.0,0.0,0.0	1303.373413086,41.146067415730336,-122.05015848835131,0.0,0.0,0.0,0.0,0.0,0.0,0.0	1095.203857422,41.146067415730336,-121.95018112954435,0.0,0.0,0.0,0.0,0.0,0.0,0.0	1291.352539062,41.146067415730336,-121.8502037707374,0.0,0.0,0.0,0.0,0.0,0.0,0.0	1481.690185547,41.146067415730336,-121.75022641193044,0.0,0.0,0.0,0.0,0.0,0.0,0.0	1251.758056641,41.146067415730336,-121.65024905312349,0.0,0.0,0.0,0.0,0.0,0.0,0.0	1032.563110352,41.146067415730336,-121.55027169431654,0.0,0.0,0.0,0.0,0.0,0.0,0.0	1101.098266602,41.146067415730336,-121.45029433550957,0.0,0.0,0.0,0.0,0.0,0.0,0.0	1057.111572266,41.146067415730336,-121.35031697670262,0.0,0.0,0.0,0.0,0.0,0.0,0.0	1767.43347168,41.146067415730336,-121.25033961789566,0.0,0.0,0.0,0.0,0.0,0.0,0.0	1258.953491211,41.146067415730336,-121.15036225908871,0.0,0.0,0.0,0.0,0.0,0.0,0.0	1265.800292969,41.146067415730336,-121.05038490028176,0.0,0.0,0.0,0.0,0.0,0.0,0.0
0.0,41.08426966292135,-124.44801582916041,0.0,0.0,0.0,0.0,0.0,0.0,0.0	0.0,41.08426966292135,-124.34813254509216,0.0,0.0,0.0,0.0,0.0,0.0,0.0	0.0,41.08426966292135,-124.24824926102389,0.0,0.0,0.0,0.0,0.0,0.0,0.0	65.851379395,41.08426966292135,-124.14836597695563,0.0,0.0,0.0,0.0,0.0,0.0,0.0	225.397613525,41.08426966292135,-124.04848269288738,0.0,0.0,0.0,0.0,0.0,0.0,0.0	701.963195801,41.08426966292135,-123.94859940881912,0.0,0.0,0.0,0.0,0.0,0.0,0.0	818.137695312,41.08426966292135,-123.84871612475085,0.0,0.0,0.0,0.0,0.0,0.0,0.0	411.991699219,41.08426966292135,-123.7488328406826,0.0,0.0,0.0,0.0,0.0,0.0,0.0	419.566040039,41.08426966292135,-123.64894955661434,0.0,0.0,0.0,0.0,0.0,0.0,0.0	1459.290283203,41.08426966292135,-123.54906627254607,0.0,0.0,0.0,0.0,0.0,0.0,0.0	1635.504516602,41.08426966292135,-123.44918298847782,0.0,0.0,0.0,0.0,0.0,0.0,0.0	912.96685791,41.08426966292135,-123.34929970440956,0.0,0.0,0.0,0.0,0.0,0.0,0.0	1967.071044922,41.08426966292135,-123.24941642034129,0.0,0.0,0.0,0.0,0.0,0.0,0.0	1695.052001953,41.08426966292135,-123.14953313627304,0.0,0.0,0.0,0.0,0.0,0.0,0.0	947.91998291,41.08426966292135,-123.04964985220478,0.0,0.0,0.0,0.0,0.0,0.0,0.0	1750.314697266,41.08426966292135,-122.94976656813652,0.0,0.0,0.0,0.0,0.0,0.0,0.0	2196.165771484,41.08426966292135,-122.84988328406826,0.0,0.0,0.0,0.0,0.0,0.0,0.0	872.858093262,41.08426966292135,-122.75,0.0,0.0,0.0,0.0,0.0,0.0,0.0	1679.7578125,41.08426966292135,-122.65011671593174,0.0,0.0,0.0,0.0,0.0,0.0,0.0	1726.124023438,41.08426966292135,-122.55023343186348,0.0,0.0,0.0,0.0,0.0,0.0,0.0	1568.790893555,41.08426966292135,-122.45035014779522,0.0,0.0,0.0,0.0,0.0,0.0,0.0	533.636535645,41.08426966292135,-122.35046686372696,0.0,0.0,0.0,0.0,0.0,0.0,0.0	1217.886962891,41.08426966292135,-122.2505835796587,0.0,0.0,0.0,0.0,0.0,0.0,0.0	646.34777832,41.08426966292135,-122.15070029559044,0.0,0.0,0.0,0.0,0.0,0.0,0.0	1292.294921875,41.08426966292135,-122.05081701152218,0.0,0.0,0.0,0.0,0.0,0.0,0.0	971.67755127,41.08426966292135,-121.95093372745393,0.0,0.0,0.0,0.0,0.0,0.0,0.0	1255.517089844,41.08426966292135,-121.85105044338566,0.0,0.0,0.0,0.0,0.0,0.0,0.0	1434.743774414,41.08426966292135,-121.7511671593174,0.0,0.0,0.0,0.0,0.0,0.0,0.0	1047.538085938,41.08426966292135,-121.65128387524915,0.0,0.0,0.0,0.0,0.0,0.0,0.0	1079.753662109,41.08426966292135,-121.55140059118088,0.0,0.0,0.0,0.0,0.0,0.0,0.0	1009.261962891,41.08426966292135,-121.45151730711262,0.0,0.0,0.0,0.0,0.0,0.0,0.0	1011.653991699,41.08426966292135,-121.35163402304437,0.0,0.0,0.0,0.0,0.0,0.0,0.0	1573.705200195,41.08426966292135,-121.2517507389761,0.0,0.0,0.0,0.0,0.0,0.0,0.0	1254.183959961,41.08426966292135,-121.15186745490784,0.0,0.0,0.0,0.0,0.0,0.0,0.0	1304.302612305,41.08426966292135,-121.05198417083959,0.0,0.0,0.0,0.0,0.0,0.0,0.0
0.0,41.02247191011236,-124.44642153710366,0.0,0.0,0.0,0.0,0.0,0.0,0.0	0.0,41.02247191011236,-124.34663203492109,0.0,0.0,0.0,0.0,0.0,0.0,0.0	0.0,41.02247191011236,-124.24684253273853,0.0,0.0,0.0,0.0,0.0,0.0,0.0	0.0,41.02247191011236,-124.14705303055595,0.0,0.0,0.0,0.0,0.0,0.0,0.0	161.731552124,41.02247191011236,-124.04726352837339,0.0,0.0,0.0,0.0,0.0,0.0,0.0	526.269836426,41.02247191011236,-123.94747402619082,0.0,0.0,0.0,0.0,0.0,0.0,0.0	716.631713867,41.02247191011236,-123.84768452400824,0.0,0.0,0.0,0.0,0.0,0.0,0.0	777.879699707,41.02247191011236,-123.74789502182568,0.0,0.0,0.0,0.0,0.0,0.0,0.0	108.875648499,41.02247191011236,-123.64810551964311,0.0,0.0,0.0,0.0,0.0,0.0,0.0	297.69317627,41.02247191011236,-123.54831601746055,0.0,0.0,0.0,0.0,0.0,0.0,0.0	1239.626708984,41.02247191011236,-123.44852651527798,0.0,0.0,0.0,0.0,0.0,0.0,0.0	671.172851562,41.02247191011236,-123.3487370130954,0.0,0.0,0.0,0.0,0.0,0.0,0.0	1128.525024414,41.02247191011236,-123.24894751091284,0.0,0.0,0.0,0.0,0.0,0.0,0.0	1177.284667969,41.02247191011236,-123.14915800873027,0.0,0.0,0.0,0.0,0.0,0.0,0.0	2093.175537109,41.02247191011236,-123.04936850654771,0.0,0.0,0.0,0.0,0.0,0.0,0.0	2042.222290039,41.02247191011236,-122.94957900436513,0.0,0.0,0.0,0.0,0.0,0.0,0.0	1964.642578125,41.02247191011236,-122.84978950218256,0.0,0.0,0.0,0.0,0.0,0.0,0.0	1056.847167969,41.02247191011236,-122.75,0.0,0.0,0.0,0.0,0.0,0.0,0.0	838.445556641,41.02247191011236,-122.65021049781743,0.0,0.0,0.0,0.0,0.0,0.0,0.0	1102.631225586,41.02247191011236,-122.55042099563487,0.0,0.0,0.0,0.0,0.0,0.0,0.0	1152.984863281,41.02247191011236,-122.45063149345229,0.0,0.0,0.0,0.0,0.0,0.0,0.0	788.76776123,41.02247191011236,-122.35084199126972,0.0,0.0,0.0,0.0,0.0,0.0,0.0	1296.467041016,41.02247191011236,-122.25105248908716,0.0,0.0,0.0,0.0,0.0,0.0,0.0	985.260131836,41.02247191011236,-122.15126298690458,0.0,0.0,0.0,0.0,0.0,0.0,0.0	814.655456543,41.02247191011236,-122.05147348472202,0.0,0.0,0.0,0.0,0.0,0.0,0.0	625.382263184,41.02247191011236,-121.95168398253945,0.0,0.0,0.0,0.0,0.0,0.0,0.0	1186.994140625,41.02247191011236,-121.85189448035688,0.0,0.0,0.0,0.0,0.0,0.0,0.0	1095.827636719,41.02247191011236,-121.75210497817432,0.0,0.0,0.0,0.0,0.0,0.0,0.0	872.06262207,41.02247191011236,-121.65231547599174,0.0,0.0,0.0,0.0,0.0,0.0,0.0	956.093688965,41.02247191011236,-121.55252597380918,0.0,0.0,0.0,0.0,0.0,0.0,0.0	1014.390319824,41.02247191011236,-121.45273647162661,0.0,0.0,0.0,0.0,0.0,0.0,0.0	1011.436218262,41.02247191011236,-121.35294696944403,0.0,0.0,0.0,0.0,0.0,0.0,0.0	1231.746948242,41.02247191011236,-121.25315746726147,0.0,0.0,0.0,0.0,0.0,0.0,0.0	1282.38269043,41.02247191011236,-121.1533679650789,0.0,0.0,0.0,0.0,0.0,0.0,0.0	1626.256835938,41.02247191011236,-121.05357846289634,0.0,0.0,0.0,0.0,0.0,0.0,0.0
0.0,40.96067415730337,-124.44483220583385,0.0,0.0,0.0,0.0,0.0,0.0,0.0	0.0,40.96067415730337,-124.34513619372598,0.0,0.0,0.0,0.0,0.0,0.0,0.0	0.0,40.96067415730337,-124.24544018161811,0.0,0.0,0.0,0.0,0.0,0.0,0.0	0.0,40.96067415730337,-124.14574416951022,0.0,0.0,0.0,0.0,0.0,0.0,0.0	38.85969162,40.96067415730337,-124.04604815740235,0.0,0.0,0.0,0.0,0.0,0.0,0.0	250.434082031,40.96067415730337,-123.94635214529448,0.0,0.0,0.0,0.0,0.0,0.0,0.0	408.419647217,40.96067415730337,-123.84665613318661,0.0,0.0,0.0,0.0,0.0,0.0,0.0	1106.52331543,40.96067415730337,-123.74696012107873,0.0,0.0,0.0,0.0,0.0,0.0,0.0	234.55305481,40.96067415730337,-123.64726410897086,0.0,0.0,0.0,0.0,0.0,0.0,0.0	450.913238525,40.96067415730337,-123.54756809686299,0.0,0.0,0.0,0.0,0.0,0.0,0.0	1502.413208008,40.96067415730337,-123.44787208475512,0.0,0.0,0.0,0.0,0.0,0.0,0.0	498.639373779,40.96067415730337,-123.34817607264725,0.0,0.0,0.0,0.0,0.0,0.0,0.0	1877.950195312,40.96067415730337,-123.24848006053936,0.0,0.0,0.0,0.0,0.0,0.0,0.0	1097.001708984,40.96067415730337,-123.1487840484315,0.0,0.0,0.0,0.0,0.0,0.0,0.0	2412.276855469,40.96067415730337,-123.04908803632362,0.0,0.0,0.0,0.0,0.0,0.0,0.0	1310.463623047,40.96067415730337,-122.94939202421575,0.0,0.0,0.0,0.0,0.0,0.0,0.0	1908.861938477,40.96067415730337,-122.84969601210788,0.0,0.0,0.0,0.0,0.0,0.0,0.0	927.309448242,40.96067415730337,-122.75,0.0,0.0,0.0,0.0,0.0,0.0,0.0	956.484924316,40.96067415730337,-122.65030398789213,0.0,0.0,0.0,0.0,0.0,0.0,0.0	1427.760742188,40.96067415730337,-122.55060797578426,0.0,0.0,0.0,0.0,0.0,0.0,0.0	553.641845703,40.96067415730337,-122.45091196367639,0.0,0.0,0.0,0.0,0.0,0.0,0.0	713.694396973,40.96067415730337,-122.3512159515685,0.0,0.0,0.0,0.0,0.0,0.0,0.0	609.255554199,40.96067415730337,-122.25151993946064,0.0,0.0,0.0,0.0,0.0,0.0,0.0	845.161865234,40.96067415730337,-122.15182392735277,0.0,0.0,0.0,0.0,0.0,0.0,0.0	803.473510742,40.96067415730337,-122.0521279152449,0.0,0.0,0.0,0.0,0.0,0.0,0.0	865.042541504,40.96067415730337,-121.95243190313703,0.0,0.0,0.0,0.0,0.0,0.0,0.0	1044.657104492,40.96067415730337,-121.85273589102914,0.0,0.0,0.0,0.0,0.0,0.0,0.0	1115.524536133,40.96067415730337,-121.75303987892127,0.0,0.0,0.0,0.0,0.0,0.0,0.0	944.720458984,40.96067415730337,-121.6533438668134,0.0,0.0,0.0,0.0,0.0,0.0,0.0	933.171875,40.96067415730337,-121.55364785470553,0.0,0.0,0.0,0.0,0.0,0.0,0.0	1132.158691406,40.96067415730337,-121.45395184259766,0.0,0.0,0.0,0.0,0.0,0.0,0.0	1149.508056641,40.96067415730337,-121.35425583048978,0.0,0.0,0.0,0.0,0.0,0.0,0.0	1063.220336914,40.96067415730337,-121.2545598183819,0.0,0.0,0.0,0.0,0.0,0.0,0.0	1427.934204102,40.96067415730337,-121.15486380627404,0.0,0.0,0.0,0.0,0.0,0.0,0.0	1739.900390625,40.96067415730337,-121.05516779416617,0.0,0.0,0.0,0.0,0.0,0.0,0.0
0.0,40.89887640449438,-124.44324781772849,0.0,0.0,0.0,0.0,0.0,0.0,0.0	0.0,40.89887640449438,-124.34364500492093,0.0,0.0,0.0,0.0,0.0,0.0,0.0	0.0,40.89887640449438,-124.24404219211337,0.0,0.0,0.0,0.0,0.0,0.0,0.0	9.204134941,40.89887640449438,-124.14443937930582,0.0,0.0,0.0,0.0,0.0,0.0,0.0	67.508483887,40.89887640449438,-124.04483656649826,0.0,0.0,0.0,0.0,0.0,0.0,0.0	468.162750244,40.89887640449438,-123.9452337536907,0.0,0.0,0.0,0.0,0.0,0.0,0.0	627.136657715,40.89887640449438,-123.84563094088314,0.0,0.0,0.0,0.0,0.0,0.0,0.0	804.727844238,40.89887640449438,-123.74602812807558,0.0,0.0,0.0,0.0,0.0,0.0,0.0	855.313476562,40.89887640449438,-123.64642531526802,0.0,0.0,0.0,0.0,0.0,0.0,0.0	380.054748535,40.89887640449438,-123.54682250246047,0.0,0.0,0.0,0.0,0.0,0.0,0.0	614.598144531,40.89887640449438,-123.44721968965291,0.0,0.0,0.0,0.0,0.0,0.0,0.0	1280.693969727,40.89887640449438,-123.34761687684535,0.0,0.0,0.0,0.0,0.0,0.0,0.0	1281.854003906,40.89887640449438,-123.24801406403779,0.0,0.0,0.0,0.0,0.0,0.0,0.0	1305.896362305,40.89887640449438,-123.14841125123023,0.0,0.0,0.0,0.0,0.0,0.0,0.0	1509.19543457,40.89887640449438,-123.04880843842267,0.0,0.0,0.0,0.0,0.0,0.0,0.0	1032.610717773,40.89887640449438,-122.94920562561512,0.0,0.0,0.0,0.0,0.0,0.0,0.0	1420.5078125,40.89887640449438,-122.84960281280756,0.0,0.0,0.0,0.0,0.0,0.0,0.0	1069.781494141,40.89887640449438,-122.75,0.0,0.0,0.0,0.0,0.0,0.0,0.0	920.233215332,40.89887640449438,-122.65039718719244,0.0,0.0,0.0,0.0,0.0,0.0,0.0	1062.912597656,40.89887640449438,-122.55079437438488,0.0,0.0,0.0,0.0,0.0,0.0,0.0	1139.255371094,40.89887640449438,-122.45119156157733,0.0,0.0,0.0,0.0,0.0,0.0,0.0	481.054779053,40.89887640449438,-122.35158874876977,0.0,0.0,0.0,0.0,0.0,0.0,0.0	803.601196289,40.89887640449438,-122.25198593596221,0.0,0.0,0.0,0.0,0.0,0.0,0.0	690.820068359,40.89887640449438,-122.15238312315465,0.0,0.0,0.0,0.0,0.0,0.0,0.0	552.461181641,40.89887640449438,-122.05278031034709,0.0,0.0,0.0,0.0,0.0,0.0,0.0	603.542663574,40.89887640449438,-121.95317749753953,0.0,0.0,0.0,0.0,0.0,0.0,0.0	1391.979003906,40.89887640449438,-121.85357468473198,0.0,0.0,0.0,0.0,0.0,0.0,0.0	1228.402954102,40.89887640449438,-121.75397187192442,0.0,0.0,0.0,0.0,0.0,0.0,0.0	948.192626953,40.89887640449438,-121.65436905911686,0.0,0.0,0.0,0.0,0.0,0.0,0.0	973.479858398,40.89887640449438,-121.5547662463093,0.0,0.0,0.0,0.0,0.0,0.0,0.0	1080.196899414,40.89887640449438,-121.45516343350174,0.0,0.0,0.0,0.0,0.0,0.0,0.0	1252.5859375,40.89887640449438,-121.35556062069418,0.0,0.0,0.0,0.0,0.0,0.0,0.0	1336.358642578,40.89887640449438,-121.25595780788663,0.0,0.0,0.0,0.0,0.0,0.0,0.0	1402.35925293,40.89887640449438,-121.15635499507907,0.0,0.0,0.0,0.0,0.0,0.0,0.0	1394.938598633,40.89887640449438,-121.05675218227151,0.0,0.0,0.0,0.0,0.0,0.0,0.0
0.0,40.837078651685395,-124.44166835525627,0.0,0.0,0.0,0.0,0.0,0.0,0.0	0.0,40.837078651685395,-124.3421584520059,0.0,0.0,0.0,0.0,0.0,0.0,0.0	0.0,40.837078651685395,-124.24264854875553,0.0,0.0,0.0,0.0,0.0,0.0,0.0	0.0,40.837078651685395,-124.14313864550516,0.0,0.0,0.0,0.0,0.0,0.0,0.0	50.521705627,40.837078651685395,-124.0436287422548,0.0,0.0,0.0,0.0,0.0,0.0,0.0	47.093818665,40.837078651685395,-123.94411883900443,0.0,0.0,0.0,0.0,0.0,0.0,0.0	638.264892578,40.837078651685395,-123.84460893575405,0.0,0.0,0.0,0.0,0.0,0.0,0.0	946.951782227,40.837078651685395,-123.74509903250369,0.0,0.0,0.0,0.0,0.0,0.0,0.0	715.718811035,40.837078651685395,-123.64558912925332,0.0,0.0,0.0,0.0,0.0,0.0,0.0	706.640869141,40.837078651685395,-123.54607922600295,0.0,0.0,0.0,0.0,0.0,0.0,0.0	1370.065063477,40.837078651685395,-123.44656932275258,0.0,0.0,0.0,0.0,0.0,0.0,0.0	1148.756103516,40.837078651685395,-123.34705941950222,0.0,0.0,0.0,0.0,0.0,0.0,0.0	1059.708374023,40.837078651685395,-123.24754951625184,0.0,0.0,0.0,0.0,0.0,0.0,0.0	919.916748047,40.837078651685395,-123.14803961300147,0.0,0.0,0.0,0.0,0.0,0.0,0.0	651.373168945,40.837078651685395,-123.04852970975111,0.0,0.0,0.0,0.0,0.0,0.0,0.0	1557.205322266,40.837078651685395,-122.94901980650074,0.0,0.0,0.0,0.0,0.0,0.0,0.0	714.0,40.837078651685395,-122.84950990325036,0.0,0.0,0.0,0.0,0.0,0.0,0.0	736.254211426,40.837078651685395,-122.75,0.0,0.0,0.0,0.0,0.0,0.0,0.0	1046.321777344,40.837078651685395,-122.65049009674964,0.0,0.0,0.0,0.0,0.0,0.0,0.0	1091.190795898,40.837078651685395,-122.55098019349926,0.0,0.0,0.0,0.0,0.0,0.0,0.0	719.989868164,40.837078651685395,-122.45147029024889,0.0,0.0,0.0,0.0,0.0,0.0,0.0	444.854614258,40.837078651685395,-122.35196038699853,0.0,0.0,0.0,0.0,0.0,0.0,0.0	454.802032471,40.837078651685395,-122.25245048374816,0.0,0.0,0.0,0.0,0.0,0.0,0.0	471.070220947,40.837078651685395,-122.15294058049778,0.0,0.0,0.0,0.0,0.0,0.0,0.0	631.50402832,40.837078651685395,-122.05343067724742,0.0,0.0,0.0,0.0,0.0,0.0,0.0	512.915100098,40.837078651685395,-121.95392077399705,0.0,0.0,0.0,0.0,0.0,0.0,0.0	1218.228393555,40.837078651685395,-121.85441087074668,0.0,0.0,0.0,0.0,0.0,0.0,0.0	1388.341430664,40.837078651685395,-121.75490096749631,0.0,0.0,0.0,0.0,0.0,0.0,0.0	1294.549682617,40.837078651685395,-121.65539106424595,0.0,0.0,0.0,0.0,0.0,0.0,0.0	1134.314575195,40.837078651685395,-121.55588116099558,0.0,0.0,0.0,0.0,0.0,0.0,0.0	1085.796264648,40.837078651685395,-121.4563712577452,0.0,0.0,0.0,0.0,0.0,0.0,0.0	1376.908081055,40.837078651685395,-121.35686135449484,0.0,0.0,0.0,0.0,0.0,0.0,0.0	1533.984741211,40.837078651685395,-121.25735145124447,0.0,0.0,0.0,0.0,0.0,0.0,0.0	1632.497924805,40.837078651685395,-121.1578415479941,0.0,0.0,0.0,0.0,0.0,0.0,0.0	1501.338012695,40.837078651685395,-121.05833164474373,0.0,0.0,0.0,0.0,0.0,0.0,0.0
0.0,40.7752808988764,-124.4400938009764,0.0,0.0,0.0,0.0,0.0,0.0,0.0	0.0,40.7752808988764,-124.34067651856603,0.0,0.0,0.0,0.0,0.0,0.0,0.0	0.0,40.7752808988764,-124.24125923615564,0.0,0.0,0.0,0.0,0.0,0.0,0.0	51.723682404,40.7752808988764,-124.14184195374527,0.0,0.0,0.0,0.0,0.0,0.0,0.0	70.835578918,40.7752808988764,-124.0424246713349,0.0,0.0,0.0,0.0,0.0,0.0,0.0	263.402954102,40.7752808988764,-123.94300738892451,0.0,0.0,0.0,0.0,0.0,0.0,0.0	583.071472168,40.7752808988764,-123.84359010651414,0.0,0.0,0.0,0.0,0.0,0.0,0.0	640.133056641,40.7752808988764,-123.74417282410377,0.0,0.0,0.0,0.0,0.0,0.0,0.0	992.80657959,40.7752808988764,-123.64475554169339,0.0,0.0,0.0,0.0,0.0,0.0,0.0	453.572296143,40.7752808988764,-123.54533825928301,0.0,0.0,0.0,0.0,0.0,0.0,0.0	629.970092773,40.7752808988764,-123.44592097687264,0.0,0.0,0.0,0.0,0.0,0.0,0.0	465.729644775,40.7752808988764,-123.34650369446226,0.0,0.0,0.0,0.0,0.0,0.0,0.0	878.998779297,40.7752808988764,-123.24708641205189,0.0,0.0,0.0,0.0,0.0,0.0,0.0	784.958557129,40.7752808988764,-123.14766912964151,0.0,0.0,0.0,0.0,0.0,0.0,0.0	619.802307129,40.7752808988764,-123.04825184723113,0.0,0.0,0.0,0.0,0.0,0.0,0.0	962.43182373,40.7752808988764,-122.94883456482076,0.0,0.0,0.0,0.0,0.0,0.0,0.0	646.780151367,40.7752808988764,-122.84941728241039,0.0,0.0,0.0,0.0,0.0,0.0,0.0	843.594970703,40.7752808988764,-122.75,0.0,0.0,0.0,0.0,0.0,0.0,0.0	1158.537475586,40.7752808988764,-122.65058271758963,0.0,0.0,0.0,0.0,0.0,0.0,0.0	623.200866699,40.7752808988764,-122.55116543517926,0.0,0.0,0.0,0.0,0.0,0.0,0.0	801.283325195,40.7752808988764,-122.45174815276887,0.0,0.0,0.0,0.0,0.0,0.0,0.0	330.101898193,40.7752808988764,-122.3523308703585,0.0,0.0,0.0,0.0,0.0,0.0,0.0	407.133026123,40.7752808988764,-122.25291358794811,0.0,0.0,0.0,0.0,0.0,0.0,0.0	602.626953125,40.7752808988764,-122.15349630553774,0.0,0.0,0.0,0.0,0.0,0.0,0.0	669.297241211,40.7752808988764,-122.05407902312737,0.0,0.0,0.0,0.0,0.0,0.0,0.0	655.901062012,40.7752808988764,-121.954661740717,0.0,0.0,0.0,0.0,0.0,0.0,0.0	1350.323242188,40.7752808988764,-121.85524445830661,0.0,0.0,0.0,0.0,0.0,0.0,0.0	1639.755004883,40.7752808988764,-121.75582717589624,0.0,0.0,0.0,0.0,0.0,0.0,0.0	1530.951171875,40.7752808988764,-121.65640989348586,0.0,0.0,0.0,0.0,0.0,0.0,0.0	1473.265869141,40.7752808988764,-121.55699261107549,0.0,0.0,0.0,0.0,0.0,0.0,0.0	1102.291259766,40.7752808988764,-121.45757532866511,0.0,0.0,0.0,0.0,0.0,0.0,0.0	1505.30090332,40.7752808988764,-121.35815804625473,0.0,0.0,0.0,0.0,0.0,0.0,0.0	1714.863891602,40.7752808988764,-121.25874076384436,0.0,0.0,0.0,0.0,0.0,0.0,0.0	1898.113647461,40.7752808988764,-121.15932348143399,0.0,0.0,0.0,0.0,0.0,0.0,0.0	1707.641723633,40.7752808988764,-121.0599061990236,0.0,0.0,0.0,0.0,0.0,0.0,0.0
0.0,40.71348314606742,-124.4385241375381,0.0,0.0,0.0,0.0,0.0,0.0,0.0	0.0,40.71348314606742,-124.33919918827115,0.0,0.0,0.0,0.0,0.0,0.0,0.0	0.0,40.71348314606742,-124.23987423900421,0.0,0.0,0.0,0.0,0.0,0.0,0.0	74.630729675,40.71348314606742,-124.14054928973725,0.0,0.0,0.0,0.0,0.0,0.0,0.0	213.670333862,40.71348314606742,-124.04122434047031,0.0,0.0,0.0,0.0,0.0,0.0,0.0	660.468322754,40.71348314606742,-123.94189939120336,0.0,0.0,0.0,0.0,0.0,0.0,0.0	541.169921875,40.71348314606742,-123.84257444193642,0.0,0.0,0.0,0.0,0.0,0.0,0.0	1285.174926758,40.71348314606742,-123.74324949266948,0.0,0.0,0.0,0.0,0.0,0.0,0.0	985.440734863,40.71348314606742,-123.64392454340252,0.0,0.0,0.0,0.0,0.0,0.0,0.0	680.214599609,40.71348314606742,-123.54459959413558,0.0,0.0,0.0,0.0,0.0,0.0,0.0	1205.717041016,40.71348314606742,-123.44527464486863,0.0,0.0,0.0,0.0,0.0,0.0,0.0	899.145019531,40.71348314606742,-123.34594969560169,0.0,0.0,0.0,0.0,0.0,0.0,0.0	817.988525391,40.71348314606742,-123.24662474633473,0.0,0.0,0.0,0.0,0.0,0.0,0.0	1258.093994141,40.71348314606742,-123.14729979706779,0.0,0.0,0.0,0.0,0.0,0.0,0.0	453.028411865,40.71348314606742,-123.04797484780084,0.0,0.0,0.0,0.0,0.0,0.0,0.0	775.250976562,40.71348314606742,-122.9486498985339,0.0,0.0,0.0,0.0,0.0,0.0,0.0	724.043212891,40.71348314606742,-122.84932494926696,0.0,0.0,0.0,0.0,0.0,0.0,0.0	849.433898926,40.71348314606742,-122.75,0.0,0.0,0.0,0.0,0.0,0.0,0.0	620.738098145,40.71348314606742,-122.65067505073306,0.0,0.0,0.0,0.0,0.0,0.0,0.0	1144.056640625,40.71348314606742,-122.55135010146611,0.0,0.0,0.0,0.0,0.0,0.0,0.0	289.07925415,40.71348314606742,-122.45202515219917,0.0,0.0,0.0,0.0,0.0,0.0,0.0	342.240692139,40.71348314606742,-122.35270020293223,0.0,0.0,0.0,0.0,0.0,0.0,0.0	321.545074463,40.71348314606742,-122.25337525366527,0.0,0.0,0.0,0.0,0.0,0.0,0.0	353.910827637,40.71348314606742,-122.15405030439833,0.0,0.0,0.0,0.0,0.0,0.0,0.0	553.54095459,40.71348314606742,-122.05472535513138,0.0,0.0,0.0,0.0,0.0,0.0,0.0	771.817565918,40.71348314606742,-121.95540040586444,0.0,0.0,0.0,0.0,0.0,0.0,0.0	1224.442504883,40.71348314606742,-121.8560754565975,0.0,0.0,0.0,0.0,0.0,0.0,0.0	1534.530639648,40.71348314606742,-121.75675050733054,0.0,0.0,0.0,0.0,0.0,0.0,0.0	1631.451049805,40.71348314606742,-121.6574255580636,0.0,0.0,0.0,0.0,0.0,0.0,0.0	1941.261474609,40.71348314606742,-121.55810060879665,0.0,0.0,0.0,0.0,0.0,0.0,0.0	1390.074462891,40.71348314606742,-121.4587756595297,0.0,0.0,0.0,0.0,0.0,0.0,0.0	1526.636474609,40.71348314606742,-121.35945071026276,0.0,0.0,0.0,0.0,0.0,0.0,0.0	1705.734985352,40.71348314606742,-121.2601257609958,0.0,0.0,0.0,0.0,0.0,0.0,0.0	1729.296508789,40.71348314606742,-121.16080081172886,0.0,0.0,0.0,0.0,0.0,0.0,0.0	1740.913085938,40.71348314606742,-121.06147586246192,0.0,0.0,0.0,0.0,0.0,0.0,0.0
0.0,40.651685393258425,-124.43695934768,0.0,0.0,0.0,0.0,0.0,0.0,0.0	0.0,40.651685393258425,-124.3377264448753,0.0,0.0,0.0,0.0,0.0,0.0,0.0	2.560347795,40.651685393258425,-124.23849354207059,0.0,0.0,0.0,0.0,0.0,0.0,0.0	287.97454834,40.651685393258425,-124.13926063926588,0.0,0.0,0.0,0.0,0.0,0.0,0.0	434.886535645,40.651685393258425,-124.04002773646118,0.0,0.0,0.0,0.0,0.0,0.0,0.0	691.682678223,40.651685393258425,-123.94079483365647,0.0,0.0,0.0,0.0,0.0,0.0,0.0	669.646362305,40.651685393258425,-123.84156193085177,0.0,0.0,0.0,0.0,0.0,0.0,0.0	439.586791992,40.651685393258425,-123.74232902804707,0.0,0.0,0.0,0.0,0.0,0.0,0.0	1158.78527832,40.651685393258425,-123.64309612524235,0.0,0.0,0.0,0.0,0.0,0.0,0.0	958.691894531,40.651685393258425,-123.54386322243765,0.0,0.0,0.0,0.0,0.0,0.0,0.0	776.22052002,40.651685393258425,-123.44463031963294,0.0,0.0,0.0,0.0,0.0,0.0,0.0	805.28717041,40.651685393258425,-123.34539741682823,0.0,0.0,0.0,0.0,0.0,0.0,0.0	1324.158935547,40.651685393258425,-123.24616451402353,0.0,0.0,0.0,0.0,0.0,0.0,0.0	1195.642211914,40.651685393258425,-123.14693161121882,0.0,0.0,0.0,0.0,0.0,0.0,0.0	905.80871582,40.651685393258425,-123.04769870841412,0.0,0.0,0.0,0.0,0.0,0.0,0.0	552.825134277,40.651685393258425,-122.94846580560942,0.0,0.0,0.0,0.0,0.0,0.0,0.0	1072.683105469,40.651685393258425,-122.8492329028047,0.0,0.0,0.0,0.0,0.0,0.0,0.0	872.945800781,40.651685393258425,-122.75,0.0,0.0,0.0,0.0,0.0,0.0,0.0	597.363464355,40.651685393258425,-122.6507670971953,0.0,0.0,0.0,0.0,0.0,0.0,0.0	399.761016846,40.651685393258425,-122.55153419439058,0.0,0.0,0.0,0.0,0.0,0.0,0.0	237.951980591,40.651685393258425,-122.45230129158588,0.0,0.0,0.0,0.0,0.0,0.0,0.0	209.417190552,40.651685393258425,-122.35306838878118,0.0,0.0,0.0,0.0,0.0,0.0,0.0	193.081375122,40.651685393258425,-122.25383548597647,0.0,0.0,0.0,0.0,0.0,0.0,0.0	252.006591797,40.651685393258425,-122.15460258317177,0.0,0.0,0.0,0.0,0.0,0.0,0.0	301.179412842,40.651685393258425,-122.05536968036706,0.0,0.0,0.0,0.0,0.0,0.0,0.0	596.311645508,40.651685393258425,-121.95613677756235,0.0,0.0,0.0,0.0,0.0,0.0,0.0	850.454223633,40.651685393258425,-121.85690387475765,0.0,0.0,0.0,0.0,0.0,0.0,0.0	1426.025512695,40.651685393258425,-121.75767097195295,0.0,0.0,0.0,0.0,0.0,0.0,0.0	1899.590209961,40.651685393258425,-121.65843806914823,0.0,0.0,0.0,0.0,0.0,0.0,0.0	1788.999755859,40.651685393258425,-121.55920516634353,0.0,0.0,0.0,0.0,0.0,0.0,0.0	1386.942260742,40.651685393258425,-121.45997226353882,0.0,0.0,0.0,0.0,0.0,0.0,0.0	1657.998535156,40.651685393258425,-121.36073936073412,0.0,0.0,0.0,0.0,0.0,0.0,0.0	1638.237060547,40.651685393258425,-121.26150645792941,0.0,0.0,0.0,0.0,0.0,0.0,0.0	1700.618164062,40.651685393258425,-121.1622735551247,0.0,0.0,0.0,0.0,0.0,0.0,0.0	1842.62097168,40.651685393258425,-121.06304065232,0.0,0.0,0.0,0.0,0.0,0.0,0.0
0.0,40.58988764044944,-124.43539941422966,0.0,0.0,0.0,0.0,0.0,0.0,0.0	2.310323715,40.58988764044944,-124.33625827221616,0.0,0.0,0.0,0.0,0.0,0.0,0.0	9.144100189,40.58988764044944,-124.23711713020265,0.0,0.0,0.0,0.0,0.0,0.0,0.0	21.876003265,40.58988764044944,-124.13797598818914,0.0,0.0,0.0,0.0,0.0,0.0,0.0	477.566467285,40.58988764044944,-124.03883484617562,0.0,0.0,0.0,0.0,0.0,0.0,0.0	409.037872314,40.58988764044944,-123.93969370416211,0.0,0.0,0.0,0.0,0.0,0.0,0.0	587.043212891,40.58988764044944,-123.8405525621486,0.0,0.0,0.0,0.0,0.0,0.0,0.0	1096.188720703,40.58988764044944,-123.7414114201351,0.0,0.0,0.0,0.0,0.0,0.0,0.0	995.064941406,40.58988764044944,-123.64227027812159,0.0,0.0,0.0,0.0,0.0,0.0,0.0	1706.266479492,40.58988764044944,-123.54312913610808,0.0,0.0,0.0,0.0,0.0,0.0,0.0	432.248077393,40.58988764044944,-123.44398799409457,0.0,0.0,0.0,0.0,0.0,0.0,0.0	1230.427246094,40.58988764044944,-123.34484685208105,0.0,0.0,0.0,0.0,0.0,0.0,0.0	782.108947754,40.58988764044944,-123.24570571006754,0.0,0.0,0.0,0.0,0.0,0.0,0.0	809.730773926,40.58988764044944,-123.14656456805403,0.0,0.0,0.0,0.0,0.0,0.0,0.0	899.748962402,40.58988764044944,-123.04742342604052,0.0,0.0,0.0,0.0,0.0,0.0,0.0	990.641479492,40.58988764044944,-122.94828228402702,0.0,0.0,0.0,0.0,0.0,0.0,0.0	1075.470214844,40.58988764044944,-122.84914114201351,0.0,0.0,0.0,0.0,0.0,0.0,0.0	1228.871704102,40.58988764044944,-122.75,0.0,0.0,0.0,0.0,0.0,0.0,0.0	1254.845092773,40.58988764044944,-122.65085885798648,0.0,0.0,0.0,0.0,0.0,0.0,0.0	355.525848389,40.58988764044944,-122.55171771597297,0.0,0.0,0.0,0.0,0.0,0.0,0.0	207.262924194,40.58988764044944,-122.45257657395946,0.0,0.0,0.0,0.0,0.0,0.0,0.0	180.631011963,40.58988764044944,-122.35343543194595,0.0,0.0,0.0,0.0,0.0,0.0,0.0	191.904098511,40.58988764044944,-122.25429428993245,0.0,0.0,0.0,0.0,0.0,0.0,0.0	185.327758789,40.58988764044944,-122.15515314791894,0.0,0.0,0.0,0.0,0.0,0.0,0.0	336.269500732,40.58988764044944,-122.05601200590543,0.0,0.0,0.0,0.0,0.0,0.0,0.0	502.839599609,40.58988764044944,-121.95687086389191,0.0,0.0,0.0,0.0,0.0,0.0,0.0	830.153198242,40.58988764044944,-121.8577297218784,0.0,0.0,0.0,0.0,0.0,0.0,0.0	1402.751220703,40.58988764044944,-121.75858857986489,0.0,0.0,0.0,0.0,0.0,0.0,0.0	1711.232177734,40.58988764044944,-121.65944743785138,0.0,0.0,0.0,0.0,0.0,0.0,0.0	1680.431396484,40.58988764044944,-121.56030629583788,0.0,0.0,0.0,0.0,0.0,0.0,0.0	1575.76550293,40.58988764044944,-121.46116515382437,0.0,0.0,0.0,0.0,0.0,0.0,0.0	2111.168457031,40.58988764044944,-121.36202401181086,0.0,0.0,0.0,0.0,0.0,0.0,0.0	1875.453979492,40.58988764044944,-121.26288286979734,0.0,0.0,0.0,0.0,0.0,0.0,0.0	2022.738891602,40.58988764044944,-121.16374172778383,0.0,0.0,0.0,0.0,0.0,0.0,0.0	1719.311401367,40.58988764044944,-121.06460058577032,0.0,0.0,0.0,0.0,0.0,0.0,0.0
0.0,40.52808988764045,-124.43384432010296,0.0,0.0,0.0,0.0,0.0,0.0,0.0	104.67224884,40.52808988764045,-124.33479465421455,0.0,0.0,0.0,0.0,0.0,0.0,0.0	311.679077148,40.52808988764045,-124.23574498832615,0.0,0.0,0.0,0.0,0.0,0.0,0.0	134.0105896,40.52808988764045,-124.13669532243773,0.0,0.0,0.0,0.0,0.0,0.0,0.0	41.388591766,40.52808988764045,-124.03764565654933,0.0,0.0,0.0,0.0,0.0,0.0,0.0	660.693725586,40.52808988764045,-123.93859599066091,0.0,0.0,0.0,0.0,0.0,0.0,0.0	767.176635742,40.52808988764045,-123.8395463247725,0.0,0.0,0.0,0.0,0.0,0.0,0.0	397.143829346,40.52808988764045,-123.7404966588841,0.0,0.0,0.0,0.0,0.0,0.0,0.0	829.275390625,40.52808988764045,-123.64144699299568,0.0,0.0,0.0,0.0,0.0,0.0,0.0	1144.252197266,40.52808988764045,-123.54239732710728,0.0,0.0,0.0,0.0,0.0,0.0,0.0	583.543334961,40.52808988764045,-123.44334766121887,0.0,0.0,0.0,0.0,0.0,0.0,0.0	1200.193359375,40.52808988764045,-123.34429799533045,0.0,0.0,0.0,0.0,0.0,0.0,0.0	802.21472168,40.52808988764045,-123.24524832944205,0.0,0.0,0.0,0.0,0.0,0.0,0.0	1246.872192383,40.52808988764045,-123.14619866355363,0.0,0.0,0.0,0.0,0.0,0.0,0.0	1294.005615234,40.52808988764045,-123.04714899766523,0.0,0.0,0.0,0.0,0.0,0.0,0.0	863.919189453,40.52808988764045,-122.94809933177682,0.0,0.0,0.0,0.0,0.0,0.0,0.0	1082.404296875,40.52808988764045,-122.8490496658884,0.0,0.0,0.0,0.0,0.0,0.0,0.0	1105.903808594,40.52808988764045,-122.75,0.0,0.0,0.0,0.0,0.0,0.0,0.0	841.344787598,40.52808988764045,-122.65095033411158,0.0,0.0,0.0,0.0,0.0,0.0,0.0	438.441375732,40.52808988764045,-122.55190066822318,0.0,0.0,0.0,0.0,0.0,0.0,0.0	219.129684448,40.52808988764045,-122.45285100233477,0.0,0.0,0.0,0.0,0.0,0.0,0.0	135.641677856,40.52808988764045,-122.35380133644635,0.0,0.0,0.0,0.0,0.0,0.0,0.0	168.610046387,40.52808988764045,-122.25475167055795,0.0,0.0,0.0,0.0,0.0,0.0,0.0	211.592788696,40.52808988764045,-122.15570200466954,0.0,0.0,0.0,0.0,0.0,0.0,0.0	365.644775391,40.52808988764045,-122.05665233878113,0.0,0.0,0.0,0.0,0.0,0.0,0.0	625.791625977,40.52808988764045,-121.95760267289272,0.0,0.0,0.0,0.0,0.0,0.0,0.0	1093.406738281,40.52808988764045,-121.8585530070043,0.0,0.0,0.0,0.0,0.0,0.0,0.0	1231.982299805,40.52808988764045,-121.7595033411159,0.0,0.0,0.0,0.0,0.0,0.0,0.0	1415.811645508,40.52808988764045,-121.66045367522749,0.0,0.0,0.0,0.0,0.0,0.0,0.0	1804.971191406,40.52808988764045,-121.56140400933909,0.0,0.0,0.0,0.0,0.0,0.0,0.0	2029.74609375,40.52808988764045,-121.46235434345067,0.0,0.0,0.0,0.0,0.0,0.0,0.0	1946.090332031,40.52808988764045,-121.36330467756227,0.0,0.0,0.0,0.0,0.0,0.0,0.0	2132.361083984,40.52808988764045,-121.26425501167385,0.0,0.0,0.0,0.0,0.0,0.0,0.0	1978.237304688,40.52808988764045,-121.16520534578544,0.0,0.0,0.0,0.0,0.0,0.0,0.0	1834.397460938,40.52808988764045,-121.06615567989704,0.0,0.0,0.0,0.0,0.0,0.0,0.0
0.0,40.46629213483146,-124.43229404830355,0.0,0.0,0.0,0.0,0.0,0.0,0.0	106.816429138,40.46629213483146,-124.33333557487393,0.0,0.0,0.0,0.0,0.0,0.0,0.0	262.653442383,40.46629213483146,-124.23437710144431,0.0,0.0,0.0,0.0,0.0,0.0,0.0	333.975219727,40.46629213483146,-124.13541862801469,0.0,0.0,0.0,0.0,0.0,0.0,0.0	334.326660156,40.46629213483146,-124.03646015458507,0.0,0.0,0.0,0.0,0.0,0.0,0.0	250.082260132,40.46629213483146,-123.93750168115544,0.0,0.0,0.0,0.0,0.0,0.0,0.0	173.001754761,40.46629213483146,-123.83854320772582,0.0,0.0,0.0,0.0,0.0,0.0,0.0	425.899688721,40.46629213483146,-123.7395847342962,0.0,0.0,0.0,0.0,0.0,0.0,0.0	1065.650634766,40.46629213483146,-123.64062626086658,0.0,0.0,0.0,0.0,0.0,0.0,0.0	816.75567627,40.46629213483146,-123.54166778743696,0.0,0.0,0.0,0.0,0.0,0.0,0.0	967.449829102,40.46629213483146,-123.44270931400735,0.0,0.0,0.0,0.0,0.0,0.0,0.0	1248.118896484,40.46629213483146,-123.34375084057773,0.0,0.0,0.0,0.0,0.0,0.0,0.0	1258.740844727,40.46629213483146,-123.24479236714811,0.0,0.0,0.0,0.0,0.0,0.0,0.0	899.878601074,40.46629213483146,-123.14583389371847,0.0,0.0,0.0,0.0,0.0,0.0,0.0	1163.534545898,40.46629213483146,-123.04687542028886,0.0,0.0,0.0,0.0,0.0,0.0,0.0	1103.270996094,40.46629213483146,-122.94791694685924,0.0,0.0,0.0,0.0,0.0,0.0,0.0	1035.208496094,40.46629213483146,-122.84895847342962,0.0,0.0,0.0,0.0,0.0,0.0,0.0	1020.049194336,40.46629213483146,-122.75,0.0,0.0,0.0,0.0,0.0,0.0,0.0	356.194152832,40.46629213483146,-122.65104152657038,0.0,0.0,0.0,0.0,0.0,0.0,0.0	251.674667358,40.46629213483146,-122.55208305314076,0.0,0.0,0.0,0.0,0.0,0.0,0.0	252.604888916,40.46629213483146,-122.45312457971114,0.0,0.0,0.0,0.0,0.0,0.0,0.0	196.201568604,40.46629213483146,-122.35416610628151,0.0,0.0,0.0,0.0,0.0,0.0,0.0	119.327880859,40.46629213483146,-122.25520763285189,0.0,0.0,0.0,0.0,0.0,0.0,0.0	168.848937988,40.46629213483146,-122.15624915942227,0.0,0.0,0.0,0.0,0.0,0.0,0.0	391.092224121,40.46629213483146,-122.05729068599265,0.0,0.0,0.0,0.0,0.0,0.0,0.0	701.90222168,40.46629213483146,-121.95833221256304,0.0,0.0,0.0,0.0,0.0,0.0,0.0	855.731079102,40.46629213483146,-121.85937373913342,0.0,0.0,0.0,0.0,0.0,0.0,0.0	1149.979980469,40.46629213483146,-121.7604152657038,0.0,0.0,0.0,0.0,0.0,0.0,0.0	1533.522094727,40.46629213483146,-121.66145679227418,0.0,0.0,0.0,0.0,0.0,0.0,0.0	2332.869140625,40.46629213483146,-121.56249831884455,0.0,0.0,0.0,0.0,0.0,0.0,0.0	2364.356201172,40.46629213483146,-121.46353984541493,0.0,0.0,0.0,0.0,0.0,0.0,0.0	2039.831787109,40.46629213483146,-121.36458137198531,0.0,0.0,0.0,0.0,0.0,0.0,0.0	2160.580566406,40.46629213483146,-121.26562289855569,0.0,0.0,0.0,0.0,0.0,0.0,0.0	2085.137207031,40.46629213483146,-121.16666442512607,0.0,0.0,0.0,0.0,0.0,0.0,0.0	1778.310791016,40.46629213483146,-121.06770595169645,0.0,0.0,0.0,0.0,0.0,0.0,0.0
0.0,40.40449438202247,-124.43074858192233,0.0,0.0,0.0,0.0,0.0,0.0,0.0	539.313110352,40.40449438202247,-124.33188101827984,0.0,0.0,0.0,0.0,0.0,0.0,0.0	493.157989502,40.40449438202247,-124.23301345463734,0.0,0.0,0.0,0.0,0.0,0.0,0.0	433.155212402,40.40449438202247,-124.13414589099486,0.0,0.0,0.0,0.0,0.0,0.0,0.0	746.666625977,40.40449438202247,-124.03527832735237,0.0,0.0,0.0,0.0,0.0,0.0,0.0	89.488494873,40.40449438202247,-123.93641076370989,0.0,0.0,0.0,0.0,0.0,0.0,0.0	217.906982422,40.40449438202247,-123.83754320006739,0.0,0.0,0.0,0.0,0.0,0.0,0.0	631.723876953,40.40449438202247,-123.7386756364249,0.0,0.0,0.0,0.0,0.0,0.0,0.0	913.842712402,40.40449438202247,-123.63980807278242,0.0,0.0,0.0,0.0,0.0,0.0,0.0	909.697021484,40.40449438202247,-123.54094050913993,0.0,0.0,0.0,0.0,0.0,0.0,0.0	1222.749145508,40.40449438202247,-123.44207294549743,0.0,0.0,0.0,0.0,0.0,0.0,0.0	1335.771118164,40.40449438202247,-123.34320538185494,0.0,0.0,0.0,0.0,0.0,0.0,0.0	936.150939941,40.40449438202247,-123.24433781821246,0.0,0.0,0.0,0.0,0.0,0.0,0.0	1296.148681641,40.40449438202247,-123.14547025456997,0.0,0.0,0.0,0.0,0.0,0.0,0.0	1091.823730469,40.40449438202247,-123.04660269092747,0.0,0.0,0.0,0.0,0.0,0.0,0.0	1161.592651367,40.40449438202247,-122.94773512728499,0.0,0.0,0.0,0.0,0.0,0.0,0.0	719.32019043,40.40449438202247,-122.8488675636425,0.0,0.0,0.0,0.0,0.0,0.0,0.0	483.654052734,40.40449438202247,-122.75,0.0,0.0,0.0,0.0,0.0,0.0,0.0	255.727035522,40.40449438202247,-122.65113243635751,0.0,0.0,0.0,0.0,0.0,0.0,0.0	190.305130005,40.40449438202247,-122.55226487271503,0.0,0.0,0.0,0.0,0.0,0.0,0.0	195.606048584,40.40449438202247,-122.45339730907254,0.0,0.0,0.0,0.0,0.0,0.0,0.0	174.717498779,40.40449438202247,-122.35452974543004,0.0,0.0,0.0,0.0,0.0,0.0,0.0	156.440689087,40.40449438202247,-122.25566218178756,0.0,0.0,0.0,0.0,0.0,0.0,0.0	178.447906494,40.40449438202247,-122.15679461814507,0.0,0.0,0.0,0.0,0.0,0.0,0.0	255.996856689,40.40449438202247,-122.05792705450258,0.0,0.0,0.0,0.0,0.0,0.0,0.0	392.157470703,40.40449438202247,-121.95905949086008,0.0,0.0,0.0,0.0,0.0,0.0,0.0	583.998657227,40.40449438202247,-121.8601919272176,0.0,0.0,0.0,0.0,0.0,0.0,0.0	1139.715820312,40.40449438202247,-121.76132436357511,0.0,0.0,0.0,0.0,0.0,0.0,0.0	1688.675415039,40.40449438202247,-121.66245679993263,0.0,0.0,0.0,0.0,0.0,0.0,0.0	2042.826293945,40.40449438202247,-121.56358923629013,0.0,0.0,0.0,0.0,0.0,0.0,0.0	1915.469848633,40.40449438202247,-121.46472167264764,0.0,0.0,0.0,0.0,0.0,0.0,0.0	1660.06652832,40.40449438202247,-121.36585410900516,0.0,0.0,0.0,0.0,0.0,0.0,0.0	1807.636108398,40.40449438202247,-121.26698654536266,0.0,0.0,0.0,0.0,0.0,0.0,0.0	1869.333862305,40.40449438202247,-121.16811898172017,0.0,0.0,0.0,0.0,0.0,0.0,0.0	1823.094482422,40.40449438202247,-121.06925141807768,0.0,0.0,0.0,0.0,0.0,0.0,0.0
0.0,40.342696629213485,-124.42920790413692,0.0,0.0,0.0,0.0,0.0,0.0,0.0	84.582168579,40.342696629213485,-124.33043096859944,0.0,0.0,0.0,0.0,0.0,0.0,0.0	317.7315979,40.342696629213485,-124.23165403306199,0.0,0.0,0.0,0.0,0.0,0.0,0.0	684.172546387,40.342696629213485,-124.13287709752451,0.0,0.0,0.0,0.0,0.0,0.0,0.0	209.033935547,40.342696629213485,-124.03410016198706,0.0,0.0,0.0,0.0,0.0,0.0,0.0	48.723617554,40.342696629213485,-123.93532322644958,0.0,0.0,0.0,0.0,0.0,0.0,0.0	376.000823975,40.342696629213485,-123.83654629091212,0.0,0.0,0.0,0.0,0.0,0.0,0.0	687.658813477,40.342696629213485,-123.73776935537465,0.0,0.0,0.0,0.0,0.0,0.0,0.0	792.330078125,40.342696629213485,-123.6389924198372,0.0,0.0,0.0,0.0,0.0,0.0,0.0	1606.224487305,40.342696629213485,-123.54021548429972,0.0,0.0,0.0,0.0,0.0,0.0,0.0	1154.851074219,40.342696629213485,-123.44143854876226,0.0,0.0,0.0,0.0,0.0,0.0,0.0	1599.461547852,40.342696629213485,-123.34266161322479,0.0,0.0,0.0,0.0,0.0,0.0,0.0	1175.893310547,40.342696629213485,-123.24388467768733,0.0,0.0,0.0,0.0,0.0,0.0,0.0	1579.639892578,40.342696629213485,-123.14510774214986,0.0,0.0,0.0,0.0,0.0,0.0,0.0	1291.742431641,40.342696629213485,-123.0463308066124,0.0,0.0,0.0,0.0,0.0,0.0,0.0	1095.056518555,40.342696629213485,-122.94755387107493,0.0,0.0,0.0,0.0,0.0,0.0,0.0	440.391998291,40.342696629213485,-122.84877693553747,0.0,0.0,0.0,0.0,0.0,0.0,0.0	478.489624023,40.342696629213485,-122.75,0.0,0.0,0.0,0.0,0.0,0.0,0.0	334.550384521,40.342696629213485,-122.65122306446254,0.0,0.0,0.0,0.0,0.0,0.0,0.0	259.122894287,40.342696629213485,-122.55244612892507,0.0,0.0,0.0,0.0,0.0,0.0,0.0	203.990036011,40.342696629213485,-122.45366919338761,0.0,0.0,0.0,0.0,0.0,0.0,0.0	152.822631836,40.342696629213485,-122.35489225785014,0.0,0.0,0.0,0.0,0.0,0.0,0.0	179.850646973,40.342696629213485,-122.25611532231268,0.0,0.0,0.0,0.0,0.0,0.0,0.0	193.247756958,40.342696629213485,-122.15733838677521,0.0,0.0,0.0,0.0,0.0,0.0,0.0	213.905303955,40.342696629213485,-122.05856145123775,0.0,0.0,0.0,0.0,0.0,0.0,0.0	641.765136719,40.342696629213485,-121.95978451570028,0.0,0.0,0.0,0.0,0.0,0.0,0.0	615.959716797,40.342696629213485,-121.86100758016282,0.0,0.0,0.0,0.0,0.0,0.0,0.0	1051.657104492,40.342696629213485,-121.76223064462535,0.0,0.0,0.0,0.0,0.0,0.0,0.0	1402.168945312,40.342696629213485,-121.66345370908789,0.0,0.0,0.0,0.0,0.0,0.0,0.0	1660.080566406,40.342696629213485,-121.56467677355042,0.0,0.0,0.0,0.0,0.0,0.0,0.0	1626.403198242,40.342696629213485,-121.46589983801296,0.0,0.0,0.0,0.0,0.0,0.0,0.0	1648.157226562,40.342696629213485,-121.36712290247549,0.0,0.0,0.0,0.0,0.0,0.0,0.0	1520.866943359,40.342696629213485,-121.26834596693803,0.0,0.0,0.0,0.0,0.0,0.0,0.0	1690.302734375,40.342696629213485,-121.16956903140056,0.0,0.0,0.0,0.0,0.0,0.0,0.0	1621.647827148,40.342696629213485,-121.0707920958631,0.0,0.0,0.0,0.0,0.0,0.0,0.0
0.0,40.28089887640449,-124.4276719982111,0.0,0.0,0.0,0.0,0.0,0.0,0.0	259.624908447,40.28089887640449,-124.32898541008103,0.0,0.0,0.0,0.0,0.0,0.0,0.0	153.272262573,40.28089887640449,-124.23029882195097,0.0,0.0,0.0,0.0,0.0,0.0,0.0	280.76940918,40.28089887640449,-124.1316122338209,0.0,0.0,0.0,0.0,0.0,0.0,0.0	573.21484375,40.28089887640449,-124.03292564569084,0.0,0.0,0.0,0.0,0.0,0.0,0.0	405.833526611,40.28089887640449,-123.93423905756077,0.0,0.0,0.0,0.0,0.0,0.0,0.0	183.60496521,40.28089887640449,-123.83555246943071,0.0,0.0,0.0,0.0,0.0,0.0,0.0	165.470489502,40.28089887640449,-123.73686588130064,0.0,0.0,0.0,0.0,0.0,0.0,0.0	543.533874512,40.28089887640449,-123.63817929317058,0.0,0.0,0.0,0.0,0.0,0.0,0.0	1329.416870117,40.28089887640449,-123.53949270504052,0.0,0.0,0.0,0.0,0.0,0.0,0.0	954.101074219,40.28089887640449,-123.44080611691045,0.0,0.0,0.0,0.0,0.0,0.0,0.0	856.831726074,40.28089887640449,-123.34211952878039,0.0,0.0,0.0,0.0,0.0,0.0,0.0	1320.324829102,40.28089887640449,-123.24343294065032,0.0,0.0,0.0,0.0,0.0,0.0,0.0	1335.029663086,40.28089887640449,-123.14474635252026,0.0,0.0,0.0,0.0,0.0,0.0,0.0	1463.78112793,40.28089887640449,-123.0460597643902,0.0,0.0,0.0,0.0,0.0,0.0,0.0	855.811462402,40.28089887640449,-122.94737317626013,0.0,0.0,0.0,0.0,0.0,0.0,0.0	904.926025391,40.28089887640449,-122.84868658813006,0.0,0.0,0.0,0.0,0.0,0.0,0.0	388.771209717,40.28089887640449,-122.75,0.0,0.0,0.0,0.0,0.0,0.0,0.0	368.585357666,40.28089887640449,-122.65131341186994,0.0,0.0,0.0,0.0,0.0,0.0,0.0	234.691452026,40.28089887640449,-122.55262682373986,0.0,0.0,0.0,0.0,0.0,0.0,0.0	199.880981445,40.28089887640449,-122.45394023560979,0.0,0.0,0.0,0.0,0.0,0.0,0.0	205.632049561,40.28089887640449,-122.35525364747973,0.0,0.0,0.0,0.0,0.0,0.0,0.0	150.640182495,40.28089887640449,-122.25656705934966,0.0,0.0,0.0,0.0,0.0,0.0,0.0	129.017791748,40.28089887640449,-122.1578804712196,0.0,0.0,0.0,0.0,0.0,0.0,0.0	437.613830566,40.28089887640449,-122.05919388308953,0.0,0.0,0.0,0.0,0.0,0.0,0.0	561.150878906,40.28089887640449,-121.96050729495947,0.0,0.0,0.0,0.0,0.0,0.0,0.0	760.607116699,40.28089887640449,-121.8618207068294,0.0,0.0,0.0,0.0,0.0,0.0,0.0	939.559265137,40.28089887640449,-121.76313411869934,0.0,0.0,0.0,0.0,0.0,0.0,0.0	1596.030639648,40.28089887640449,-121.66444753056928,0.0,0.0,0.0,0.0,0.0,0.0,0.0	1313.536376953,40.28089887640449,-121.56576094243921,0.0,0.0,0.0,0.0,0.0,0.0,0.0	1680.161743164,40.28089887640449,-121.46707435430915,0.0,0.0,0.0,0.0,0.0,0.0,0.0	1584.36328125,40.28089887640449,-121.36838776617908,0.0,0.0,0.0,0.0,0.0,0.0,0.0	1435.880249023,40.28089887640449,-121.26970117804902,0.0,0.0,0.0,0.0,0.0,0.0,0.0	1370.969970703,40.28089887640449,-121.17101458991895,0.0,0.0,0.0,0.0,0.0,0.0,0.0	1577.875610352,40.28089887640449,-121.07232800178889,0.0,0.0,0.0,0.0,0.0,0.0,0.0
0.0,40.21910112359551,-124.42614084749434,0.0,0.0,0.0,0.0,0.0,0.0,0.0	0.0,40.21910112359551,-124.32754432705349,0.0,0.0,0.0,0.0,0.0,0.0,0.0	325.466033936,40.21910112359551,-124.22894780661265,0.0,0.0,0.0,0.0,0.0,0.0,0.0	272.353363037,40.21910112359551,-124.1303512861718,0.0,0.0,0.0,0.0,0.0,0.0,0.0	354.508575439,40.21910112359551,-124.03175476573097,0.0,0.0,0.0,0.0,0.0,0.0,0.0	597.356201172,40.21910112359551,-123.93315824529012,0.0,0.0,0.0,0.0,0.0,0.0,0.0	314.999572754,40.21910112359551,-123.83456172484928,0.0,0.0,0.0,0.0,0.0,0.0,0.0	657.800842285,40.21910112359551,-123.73596520440843,0.0,0.0,0.0,0.0,0.0,0.0,0.0	98.384063721,40.21910112359551,-123.6373686839676,0.0,0.0,0.0,0.0,0.0,0.0,0.0	888.307800293,40.21910112359551,-123.53877216352674,0.0,0.0,0.0,0.0,0.0,0.0,0.0	1080.26184082,40.21910112359551,-123.44017564308591,0.0,0.0,0.0,0.0,0.0,0.0,0.0	1087.683959961,40.21910112359551,-123.34157912264506,0.0,0.0,0.0,0.0,0.0,0.0,0.0	1071.158691406,40.21910112359551,-123.24298260220422,0.0,0.0,0.0,0.0,0.0,0.0,0.0	1316.431518555,40.21910112359551,-123.14438608176337,0.0,0.0,0.0,0.0,0.0,0.0,0.0	1432.153686523,40.21910112359551,-123.04578956132252,0.0,0.0,0.0,0.0,0.0,0.0,0.0	1439.790161133,40.21910112359551,-122.94719304088169,0.0,0.0,0.0,0.0,0.0,0.0,0.0	1278.809936523,40.21910112359551,-122.84859652044084,0.0,0.0,0.0,0.0,0.0,0.0,0.0	500.468383789,40.21910112359551,-122.75,0.0,0.0,0.0,0.0,0.0,0.0,0.0	445.775543213,40.21910112359551,-122.65140347955915,0.0,0.0,0.0,0.0,0.0,0.0,0.0	243.974304199,40.21910112359551,-122.55280695911831,0.0,0.0,0.0,0.0,0.0,0.0,0.0	242.287124634,40.21910112359551,-122.45421043867746,0.0,0.0,0.0,0.0,0.0,0.0,0.0	166.718399048,40.21910112359551,-122.35561391823663,0.0,0.0,0.0,0.0,0.0,0.0,0.0	130.317398071,40.21910112359551,-122.25701739779578,0.0,0.0,0.0,0.0,0.0,0.0,0.0	109.195068359,40.21910112359551,-122.15842087735494,0.0,0.0,0.0,0.0,0.0,0.0,0.0	316.736633301,40.21910112359551,-122.05982435691409,0.0,0.0,0.0,0.0,0.0,0.0,0.0	470.178833008,40.21910112359551,-121.96122783647324,0.0,0.0,0.0,0.0,0.0,0.0,0.0	651.374084473,40.21910112359551,-121.8626313160324,0.0,0.0,0.0,0.0,0.0,0.0,0.0	1097.847045898,40.21910112359551,-121.76403479559156,0.0,0.0,0.0,0.0,0.0,0.0,0.0	1383.438354492,40.21910112359551,-121.66543827515072,0.0,0.0,0.0,0.0,0.0,0.0,0.0	1669.23449707,40.21910112359551,-121.56684175470987,0.0,0.0,0.0,0.0,0.0,0.0,0.0	1489.442749023,40.21910112359551,-121.46824523426903,0.0,0.0,0.0,0.0,0.0,0.0,0.0	2071.158691406,40.21910112359551,-121.36964871382818,0.0,0.0,0.0,0.0,0.0,0.0,0.0	1471.1171875,40.21910112359551,-121.27105219338735,0.0,0.0,0.0,0.0,0.0,0.0,0.0	1371.868041992,40.21910112359551,-121.1724556729465,0.0,0.0,0.0,0.0,0.0,0.0,0.0	1368.273193359,40.21910112359551,-121.07385915250566,0.0,0.0,0.0,0.0,0.0,0.0,0.0
0.0,40.157303370786515,-124.42461443542119,0.0,0.0,0.0,0.0,0.0,0.0,0.0	0.0,40.157303370786515,-124.32610770392583,0.0,0.0,0.0,0.0,0.0,0.0,0.0	0.0,40.157303370786515,-124.22760097243047,0.0,0.0,0.0,0.0,0.0,0.0,0.0	959.854858398,40.157303370786515,-124.1290942409351,0.0,0.0,0.0,0.0,0.0,0.0,0.0	338.130737305,40.157303370786515,-124.03058750943974,0.0,0.0,0.0,0.0,0.0,0.0,0.0	424.063446045,40.157303370786515,-123.93208077794436,0.0,0.0,0.0,0.0,0.0,0.0,0.0	341.415679932,40.157303370786515,-123.833574046449,0.0,0.0,0.0,0.0,0.0,0.0,0.0	723.300170898,40.157303370786515,-123.73506731495364,0.0,0.0,0.0,0.0,0.0,0.0,0.0	372.390319824,40.157303370786515,-123.63656058345828,0.0,0.0,0.0,0.0,0.0,0.0,0.0	958.752990723,40.157303370786515,-123.53805385196291,0.0,0.0,0.0,0.0,0.0,0.0,0.0	842.211425781,40.157303370786515,-123.43954712046755,0.0,0.0,0.0,0.0,0.0,0.0,0.0	768.639465332,40.157303370786515,-123.34104038897219,0.0,0.0,0.0,0.0,0.0,0.0,0.0	987.118530273,40.157303370786515,-123.24253365747683,0.0,0.0,0.0,0.0,0.0,0.0,0.0	1313.909423828,40.157303370786515,-123.14402692598146,0.0,0.0,0.0,0.0,0.0,0.0,0.0	1258.569580078,40.157303370786515,-123.0455201944861,0.0,0.0,0.0,0.0,0.0,0.0,0.0	1286.742919922,40.157303370786515,-122.94701346299072,0.0,0.0,0.0,0.0,0.0,0.0,0.0	1645.374511719,40.157303370786515,-122.84850673149536,0.0,0.0,0.0,0.0,0.0,0.0,0.0	812.582397461,40.157303370786515,-122.75,0.0,0.0,0.0,0.0,0.0,0.0,0.0	392.41519165,40.157303370786515,-122.65149326850464,0.0,0.0,0.0,0.0,0.0,0.0,0.0	287.5390625,40.157303370786515,-122.55298653700928,0.0,0.0,0.0,0.0,0.0,0.0,0.0	205.725494385,40.157303370786515,-122.45447980551391,0.0,0.0,0.0,0.0,0.0,0.0,0.0	128.907165527,40.157303370786515,-122.35597307401855,0.0,0.0,0.0,0.0,0.0,0.0,0.0	107.432815552,40.157303370786515,-122.25746634252319,0.0,0.0,0.0,0.0,0.0,0.0,0.0	80.195159912,40.157303370786515,-122.15895961102783,0.0,0.0,0.0,0.0,0.0,0.0,0.0	245.145080566,40.157303370786515,-122.06045287953246,0.0,0.0,0.0,0.0,0.0,0.0,0.0	490.344696045,40.157303370786515,-121.96194614803709,0.0,0.0,0.0,0.0,0.0,0.0,0.0	630.971618652,40.157303370786515,-121.86343941654172,0.0,0.0,0.0,0.0,0.0,0.0,0.0	799.229003906,40.157303370786515,-121.76493268504636,0.0,0.0,0.0,0.0,0.0,0.0,0.0	1327.125488281,40.157303370786515,-121.666425953551,0.0,0.0,0.0,0.0,0.0,0.0,0.0	1229.75793457,40.157303370786515,-121.56791922205564,0.0,0.0,0.0,0.0,0.0,0.0,0.0	1851.759765625,40.157303370786515,-121.46941249056027,0.0,0.0,0.0,0.0,0.0,0.0,0.0	1963.177856445,40.157303370786515,-121.37090575906491,0.0,0.0,0.0,0.0,0.0,0.0,0.0	1342.207885742,40.157303370786515,-121.27239902756955,0.0,0.0,0.0,0.0,0.0,0.0,0.0	1279.616333008,40.157303370786515,-121.17389229607419,0.0,0.0,0.0,0.0,0.0,0.0,0.0	1639.071655273,40.157303370786515,-121.07538556457882,0.0,0.0,0.0,0.0,0.0,0.0,0.0
0.0,40.09550561797753,-124.4230927455108,0.0,0.0,0.0,0.0,0.0,0.0,0.0	0.0,40.09550561797753,-124.32467552518663,0.0,0.0,0.0,0.0,0.0,0.0,0.0	0.0,40.09550561797753,-124.22625830486247,0.0,0.0,0.0,0.0,0.0,0.0,0.0	0.0,40.09550561797753,-124.1278410845383,0.0,0.0,0.0,0.0,0.0,0.0,0.0	510.143554688,40.09550561797753,-124.02942386421414,0.0,0.0,0.0,0.0,0.0,0.0,0.0	244.5546875,40.09550561797753,-123.93100664388997,0.0,0.0,0.0,0.0,0.0,0.0,0.0	233.065414429,40.09550561797753,-123.8325894235658,0.0,0.0,0.0,0.0,0.0,0.0,0.0	486.80291748,40.09550561797753,-123.73417220324164,0.0,0.0,0.0,0.0,0.0,0.0,0.0	358.41986084,40.09550561797753,-123.63575498291748,0.0,0.0,0.0,0.0,0.0,0.0,0.0	244.873809814,40.09550561797753,-123.53733776259331,0.0,0.0,0.0,0.0,0.0,0.0,0.0	820.725280762,40.09550561797753,-123.43892054226914,0.0,0.0,0.0,0.0,0.0,0.0,0.0	883.639648438,40.09550561797753,-123.34050332194498,0.0,0.0,0.0,0.0,0.0,0.0,0.0	1079.82019043,40.09550561797753,-123.24208610162081,0.0,0.0,0.0,0.0,0.0,0.0,0.0	1478.965820312,40.09550561797753,-123.14366888129665,0.0,0.0,0.0,0.0,0.0,0.0,0.0	1529.350952148,40.09550561797753,-123.04525166097248,0.0,0.0,0.0,0.0,0.0,0.0,0.0	1853.726196289,40.09550561797753,-122.94683444064832,0.0,0.0,0.0,0.0,0.0,0.0,0.0	1143.416381836,40.09550561797753,-122.84841722032417,0.0,0.0,0.0,0.0,0.0,0.0,0.0	1466.385009766,40.09550561797753,-122.75,0.0,0.0,0.0,0.0,0.0,0.0,0.0	530.765930176,40.09550561797753,-122.65158277967583,0.0,0.0,0.0,0.0,0.0,0.0,0.0	266.205871582,40.09550561797753,-122.55316555935167,0.0,0.0,0.0,0.0,0.0,0.0,0.0	190.066421509,40.09550561797753,-122.4547483390275,0.0,0.0,0.0,0.0,0.0,0.0,0.0	183.660598755,40.09550561797753,-122.35633111870334,0.0,0.0,0.0,0.0,0.0,0.0,0.0	101.285926819,40.09550561797753,-122.25791389837917,0.0,0.0,0.0,0.0,0.0,0.0,0.0	77.140007019,40.09550561797753,-122.159496678055,0.0,0.0,0.0,0.0,0.0,0.0,0.0	94.231391907,40.09550561797753,-122.06107945773084,0.0,0.0,0.0,0.0,0.0,0.0,0.0	392.232299805,40.09550561797753,-121.96266223740668,0.0,0.0,0.0,0.0,0.0,0.0,0.0	596.058654785,40.09550561797753,-121.86424501708251,0.0,0.0,0.0,0.0,0.0,0.0,0.0	963.956848145,40.09550561797753,-121.76582779675834,0.0,0.0,0.0,0.0,0.0,0.0,0.0	797.628173828,40.09550561797753,-121.66741057643418,0.0,0.0,0.0,0.0,0.0,0.0,0.0	1278.236816406,40.09550561797753,-121.56899335611001,0.0,0.0,0.0,0.0,0.0,0.0,0.0	1723.071655273,40.09550561797753,-121.47057613578585,0.0,0.0,0.0,0.0,0.0,0.0,0.0	1985.678100586,40.09550561797753,-121.37215891546168,0.0,0.0,0.0,0.0,0.0,0.0,0.0	1475.049316406,40.09550561797753,-121.27374169513752,0.0,0.0,0.0,0.0,0.0,0.0,0.0	1623.428222656,40.09550561797753,-121.17532447481335,0.0,0.0,0.0,0.0,0.0,0.0,0.0	1337.169433594,40.09550561797753,-121.07690725448919,0.0,0.0,0.0,0.0,0.0,0.0,0.0
0.0,40.03370786516854,-124.42157576136644,0.0,0.0,0.0,0.0,0.0,0.0,0.0	0.0,40.03370786516854,-124.32324777540371,0.0,0.0,0.0,0.0,0.0,0.0,0.0	0.0,40.03370786516854,-124.22491978944097,0.0,0.0,0.0,0.0,0.0,0.0,0.0	0.0,40.03370786516854,-124.12659180347825,0.0,0.0,0.0,0.0,0.0,0.0,0.0	617.230163574,40.03370786516854,-124.02826381751551,0.0,0.0,0.0,0.0,0.0,0.0,0.0	440.080383301,40.03370786516854,-123.92993583155278,0.0,0.0,0.0,0.0,0.0,0.0,0.0	463.484405518,40.03370786516854,-123.83160784559004,0.0,0.0,0.0,0.0,0.0,0.0,0.0	592.87487793,40.03370786516854,-123.73327985962732,0.0,0.0,0.0,0.0,0.0,0.0,0.0	660.157165527,40.03370786516854,-123.63495187366459,0.0,0.0,0.0,0.0,0.0,0.0,0.0	440.124603271,40.03370786516854,-123.53662388770185,0.0,0.0,0.0,0.0,0.0,0.0,0.0	1178.113891602,40.03370786516854,-123.43829590173912,0.0,0.0,0.0,0.0,0.0,0.0,0.0	805.347290039,40.03370786516854,-123.33996791577638,0.0,0.0,0.0,0.0,0.0,0.0,0.0	1191.639526367,40.03370786516854,-123.24163992981366,0.0,0.0,0.0,0.0,0.0,0.0,0.0	1516.641357422,40.03370786516854,-123.14331194385092,0.0,0.0,0.0,0.0,0.0,0.0,0.0	1615.080322266,40.03370786516854,-123.04498395788819,0.0,0.0,0.0,0.0,0.0,0.0,0.0	1993.824707031,40.03370786516854,-122.94665597192545,0.0,0.0,0.0,0.0,0.0,0.0,0.0	2233.882080078,40.03370786516854,-122.84832798596273,0.0,0.0,0.0,0.0,0.0,0.0,0.0	1311.539916992,40.03370786516854,-122.75,0.0,0.0,0.0,0.0,0.0,0.0,0.0	683.239562988,40.03370786516854,-122.65167201403726,0.0,0.0,0.0,0.0,0.0,0.0,0.0	278.618011475,40.03370786516854,-122.55334402807453,0.0,0.0,0.0,0.0,0.0,0.0,0.0	210.350219727,40.03370786516854,-122.4550160421118,0.0,0.0,0.0,0.0,0.0,0.0,0.0	168.90574646,40.03370786516854,-122.35668805614907,0.0,0.0,0.0,0.0,0.0,0.0,0.0	104.668891907,40.03370786516854,-122.25836007018633,0.0,0.0,0.0,0.0,0.0,0.0,0.0	74.736923218,40.03370786516854,-122.1600320842236,0.0,0.0,0.0,0.0,0.0,0.0,0.0	96.939674377,40.03370786516854,-122.06170409826088,0.0,0.0,0.0,0.0,0.0,0.0,0.0	223.055465698,40.03370786516854,-121.96337611229814,0.0,0.0,0.0,0.0,0.0,0.0,0.0	410.597808838,40.03370786516854,-121.86504812633541,0.0,0.0,0.0,0.0,0.0,0.0,0.0	748.942810059,40.03370786516854,-121.76672014037267,0.0,0.0,0.0,0.0,0.0,0.0,0.0	1153.605712891,40.03370786516854,-121.66839215440994,0.0,0.0,0.0,0.0,0.0,0.0,0.0	1268.67565918,40.03370786516854,-121.5700641684472,0.0,0.0,0.0,0.0,0.0,0.0,0.0	1749.022949219,40.03370786516854,-121.47173618248448,0.0,0.0,0.0,0.0,0.0,0.0,0.0	1597.51965332,40.03370786516854,-121.37340819652175,0.0,0.0,0.0,0.0,0.0,0.0,0.0	1272.256103516,40.03370786516854,-121.27508021055901,0.0,0.0,0.0,0.0,0.0,0.0,0.0	1683.992675781,40.03370786516854,-121.17675222459629,0.0,0.0,0.0,0.0,0.0,0.0,0.0	1215.412719727,40.03370786516854,-121.07842423863354,0.0,0.0,0.0,0.0,0.0,0.0,0.0
0.0,39.97191011235955,-124.42006346667492,0.0,0.0,0.0,0.0,0.0,0.0,0.0	0.0,39.97191011235955,-124.32182443922345,0.0,0.0,0.0,0.0,0.0,0.0,0.0	0.0,39.97191011235955,-124.22358541177199,0.0,0.0,0.0,0.0,0.0,0.0,0.0	0.0,39.97191011235955,-124.12534638432052,0.0,0.0,0.0,0.0,0.0,0.0,0.0	0.0,39.97191011235955,-124.02710735686905,0.0,0.0,0.0,0.0,0.0,0.0,0.0	469.992248535,39.97191011235955,-123.92886832941758,0.0,0.0,0.0,0.0,0.0,0.0,0.0	462.768981934,39.97191011235955,-123.83062930196613,0.0,0.0,0.0,0.0,0.0,0.0,0.0	535.328552246,39.97191011235955,-123.73239027451466,0.0,0.0,0.0,0.0,0.0,0.0,0.0	680.262939453,39.97191011235955,-123.63415124706319,0.0,0.0,0.0,0.0,0.0,0.0,0.0	568.317138672,39.97191011235955,-123.53591221961172,0.0,0.0,0.0,0.0,0.0,0.0,0.0	371.550933838,39.97191011235955,-123.43767319216026,0.0,0.0,0.0,0.0,0.0,0.0,0.0	403.628662109,39.97191011235955,-123.33943416470879,0.0,0.0,0.0,0.0,0.0,0.0,0.0	476.22769165,39.97191011235955,-123.24119513725732,0.0,0.0,0.0,0.0,0.0,0.0,0.0	1466.866943359,39.97191011235955,-123.14295610980587,0.0,0.0,0.0,0.0,0.0,0.0,0.0	964.00213623,39.97191011235955,-123.0447170823544,0.0,0.0,0.0,0.0,0.0,0.0,0.0	1794.879394531,39.97191011235955,-122.94647805490293,0.0,0.0,0.0,0.0,0.0,0.0,0.0	1595.905029297,39.97191011235955,-122.84823902745146,0.0,0.0,0.0,0.0,0.0,0.0,0.0	1800.552246094,39.97191011235955,-122.75,0.0,0.0,0.0,0.0,0.0,0.0,0.0	800.257629395,39.97191011235955,-122.65176097254853,0.0,0.0,0.0,0.0,0.0,0.0,0.0	318.600341797,39.97191011235955,-122.55352194509706,0.0,0.0,0.0,0.0,0.0,0.0,0.0	232.645721436,39.97191011235955,-122.4552829176456,0.0,0.0,0.0,0.0,0.0,0.0,0.0	185.545303345,39.97191011235955,-122.35704389019413,0.0,0.0,0.0,0.0,0.0,0.0,0.0	105.123001099,39.97191011235955,-122.25880486274266,0.0,0.0,0.0,0.0,0.0,0.0,0.0	77.065605164,39.97191011235955,-122.1605658352912,0.0,0.0,0.0,0.0,0.0,0.0,0.0	74.256973267,39.97191011235955,-122.06232680783974,0.0,0.0,0.0,0.0,0.0,0.0,0.0	114.821502686,39.97191011235955,-121.96408778038827,0.0,0.0,0.0,0.0,0.0,0.0,0.0	290.197113037,39.97191011235955,-121.8658487529368,0.0,0.0,0.0,0.0,0.0,0.0,0.0	708.512268066,39.97191011235955,-121.76760972548533,0.0,0.0,0.0,0.0,0.0,0.0,0.0	675.604797363,39.97191011235955,-121.66937069803387,0.0,0.0,0.0,0.0,0.0,0.0,0.0	1240.695678711,39.97191011235955,-121.5711316705824,0.0,0.0,0.0,0.0,0.0,0.0,0.0	1726.09753418,39.97191011235955,-121.47289264313093,0.0,0.0,0.0,0.0,0.0,0.0,0.0	1576.812255859,39.97191011235955,-121.37465361567948,0.0,0.0,0.0,0.0,0.0,0.0,0.0	745.946594238,39.97191011235955,-121.27641458822801,0.0,0.0,0.0,0.0,0.0,0.0,0.0	1792.396362305,39.97191011235955,-121.17817556077654,0.0,0.0,0.0,0.0,0.0,0.0,0.0	1381.71875,39.97191011235955,-121.07993653332507,0.0,0.0,0.0,0.0,0.0,0.0,0.0
0.0,39.91011235955056,-124.41855584520611,0.0,0.0,0.0,0.0,0.0,0.0,0.0	0.0,39.91011235955056,-124.32040550137046,0.0,0.0,0.0,0.0,0.0,0.0,0.0	0.0,39.91011235955056,-124.2222551575348,0.0,0.0,0.0,0.0,0.0,0.0,0.0	0.0,39.91011235955056,-124.12410481369915,0.0,0.0,0.0,0.0,0.0,0.0,0.0	0.0,39.91011235955056,-124.0259544698635,0.0,0.0,0.0,0.0,0.0,0.0,0.0	193.24256897,39.91011235955056,-123.92780412602785,0.0,0.0,0.0,0.0,0.0,0.0,0.0	478.279724121,39.91011235955056,-123.8296537821922,0.0,0.0,0.0,0.0,0.0,0.0,0.0	432.939361572,39.91011235955056,-123.73150343835654,0.0,0.0,0.0,0.0,0.0,0.0,0.0	959.588806152,39.91011235955056,-123.63335309452088,0.0,0.0,0.0,0.0,0.0,0.0,0.0	916.007507324,39.91011235955056,-123.53520275068523,0.0,0.0,0.0,0.0,0.0,0.0,0.0	495.054077148,39.91011235955056,-123.43705240684957,0.0,0.0,0.0,0.0,0.0,0.0,0.0	761.523071289,39.91011235955056,-123.33890206301393,0.0,0.0,0.0,0.0,0.0,0.0,0.0	938.356567383,39.91011235955056,-123.24075171917828,0.0,0.0,0.0,0.0,0.0,0.0,0.0	1465.380004883,39.91011235955056,-123.14260137534262,0.0,0.0,0.0,0.0,0.0,0.0,0.0	1287.407470703,39.91011235955056,-123.04445103150697,0.0,0.0,0.0,0.0,0.0,0.0,0.0	1942.329467773,39.91011235955056,-122.94630068767131,0.0,0.0,0.0,0.0,0.0,0.0,0.0	1039.606323242,39.91011235955056,-122.84815034383566,0.0,0.0,0.0,0.0,0.0,0.0,0.0	1372.252563477,39.91011235955056,-122.75,0.0,0.0,0.0,0.0,0.0,0.0,0.0	916.149536133,39.91011235955056,-122.65184965616434,0.0,0.0,0.0,0.0,0.0,0.0,0.0	232.184844971,39.91011235955056,-122.5536993123287,0.0,0.0,0.0,0.0,0.0,0.0,0.0	187.920089722,39.91011235955056,-122.45554896849305,0.0,0.0,0.0,0.0,0.0,0.0,0.0	151.0730896,39.91011235955056,-122.35739862465739,0.0,0.0,0.0,0.0,0.0,0.0,0.0	107.374603271,39.91011235955056,-122.25924828082174,0.0,0.0,0.0,0.0,0.0,0.0,0.0	77.65221405,39.91011235955056,-122.16109793698608,0.0,0.0,0.0,0.0,0.0,0.0,0.0	56.638282776,39.91011235955056,-122.06294759315043,0.0,0.0,0.0,0.0,0.0,0.0,0.0	70.119056702,39.91011235955056,-121.96479724931477,0.0,0.0,0.0,0.0,0.0,0.0,0.0	198.011306763,39.91011235955056,-121.86664690547913,0.0,0.0,0.0,0.0,0.0,0.0,0.0	629.308166504,39.91011235955056,-121.76849656164347,0.0,0.0,0.0,0.0,0.0,0.0,0.0	720.743225098,39.91011235955056,-121.67034621780782,0.0,0.0,0.0,0.0,0.0,0.0,0.0	1015.469848633,39.91011235955056,-121.57219587397216,0.0,0.0,0.0,0.0,0.0,0.0,0.0	1108.71887207,39.91011235955056,-121.47404553013651,0.0,0.0,0.0,0.0,0.0,0.0,0.0	1209.489746094,39.91011235955056,-121.37589518630085,0.0,0.0,0.0,0.0,0.0,0.0,0.0	1079.274291992,39.91011235955056,-121.2777448424652,0.0,0.0,0.0,0.0,0.0,0.0,0.0	1681.241943359,39.91011235955056,-121.17959449862956,0.0,0.0,0.0,0.0,0.0,0.0,0.0	1446.07043457,39.91011235955056,-121.0814441547939,0.0,0.0,0.0,0.0,0.0,0.0,0.0
0.0,39.848314606741575,-124.41705288081243,0.0,0.0,0.0,0.0,0.0,0.0,0.0	0.0,39.848314606741575,-124.31899094664699,0.0,0.0,0.0,0.0,0.0,0.0,0.0	0.0,39.848314606741575,-124.22092901248156,0.0,0.0,0.0,0.0,0.0,0.0,0.0	0.0,39.848314606741575,-124.12286707831612,0.0,0.0,0.0,0.0,0.0,0.0,0.0	0.0,39.848314606741575,-124.02480514415069,0.0,0.0,0.0,0.0,0.0,0.0,0.0	0.0,39.848314606741575,-123.92674320998525,0.0,0.0,0.0,0.0,0.0,0.0,0.0	73.698944092,39.848314606741575,-123.8286812758198,0.0,0.0,0.0,0.0,0.0,0.0,0.0	335.715270996,39.848314606741575,-123.73061934165437,0.0,0.0,0.0,0.0,0.0,0.0,0.0	626.849121094,39.848314606741575,-123.63255740748893,0.0,0.0,0.0,0.0,0.0,0.0,0.0	1010.026916504,39.848314606741575,-123.5344954733235,0.0,0.0,0.0,0.0,0.0,0.0,0.0	287.875488281,39.848314606741575,-123.43643353915806,0.0,0.0,0.0,0.0,0.0,0.0,0.0	1043.961791992,39.848314606741575,-123.33837160499262,0.0,0.0,0.0,0.0,0.0,0.0,0.0	847.133605957,39.848314606741575,-123.24030967082719,0.0,0.0,0.0,0.0,0.0,0.0,0.0	479.049621582,39.848314606741575,-123.14224773666174,0.0,0.0,0.0,0.0,0.0,0.0,0.0	835.566711426,39.848314606741575,-123.04418580249632,0.0,0.0,0.0,0.0,0.0,0.0,0.0	1813.45715332,39.848314606741575,-122.94612386833087,0.0,0.0,0.0,0.0,0.0,0.0,0.0	1230.292480469,39.848314606741575,-122.84806193416543,0.0,0.0,0.0,0.0,0.0,0.0,0.0	1482.885131836,39.848314606741575,-122.75,0.0,0.0,0.0,0.0,0.0,0.0,0.0	364.496459961,39.848314606741575,-122.65193806583456,0.0,0.0,0.0,0.0,0.0,0.0,0.0	262.031005859,39.848314606741575,-122.55387613166911,0.0,0.0,0.0,0.0,0.0,0.0,0.0	240.186096191,39.848314606741575,-122.45581419750368,0.0,0.0,0.0,0.0,0.0,0.0,0.0	165.160766602,39.848314606741575,-122.35775226333824,0.0,0.0,0.0,0.0,0.0,0.0,0.0	109.722053528,39.848314606741575,-122.25969032917281,0.0,0.0,0.0,0.0,0.0,0.0,0.0	66.46509552,39.848314606741575,-122.16162839500737,0.0,0.0,0.0,0.0,0.0,0.0,0.0	50.788478851,39.848314606741575,-122.06356646084193,0.0,0.0,0.0,0.0,0.0,0.0,0.0	54.380432129,39.848314606741575,-121.9655045266765,0.0,0.0,0.0,0.0,0.0,0.0,0.0	89.190986633,39.848314606741575,-121.86744259251105,0.0,0.0,0.0,0.0,0.0,0.0,0.0	274.89730835,39.848314606741575,-121.76938065834563,0.0,0.0,0.0,0.0,0.0,0.0,0.0	708.143737793,39.848314606741575,-121.67131872418018,0.0,0.0,0.0,0.0,0.0,0.0,0.0	808.005615234,39.848314606741575,-121.57325679001474,0.0,0.0,0.0,0.0,0.0,0.0,0.0	1230.279052734,39.848314606741575,-121.47519485584931,0.0,0.0,0.0,0.0,0.0,0.0,0.0	994.928405762,39.848314606741575,-121.37713292168387,0.0,0.0,0.0,0.0,0.0,0.0,0.0	1672.93371582,39.848314606741575,-121.27907098751844,0.0,0.0,0.0,0.0,0.0,0.0,0.0	1719.977050781,39.848314606741575,-121.181009053353,0.0,0.0,0.0,0.0,0.0,0.0,0.0	1572.323730469,39.848314606741575,-121.08294711918755,0.0,0.0,0.0,0.0,0.0,0.0,0.0
0.0,39.78651685393258,-124.4155545574284,0.0,0.0,0.0,0.0,0.0,0.0,0.0	0.0,39.78651685393258,-124.31758075993261,0.0,0.0,0.0,0.0,0.0,0.0,0.0	0.0,39.78651685393258,-124.21960696243681,0.0,0.0,0.0,0.0,0.0,0.0,0.0	0.0,39.78651685393258,-124.12163316494103,0.0,0.0,0.0,0.0,0.0,0.0,0.0	0.0,39.78651685393258,-124.02365936744525,0.0,0.0,0.0,0.0,0.0,0.0,0.0	0.0,39.78651685393258,-123.92568556994945,0.0,0.0,0.0,0.0,0.0,0.0,0.0	308.475250244,39.78651685393258,-123.82771177245367,0.0,0.0,0.0,0.0,0.0,0.0,0.0	487.171539307,39.78651685393258,-123.72973797495789,0.0,0.0,0.0,0.0,0.0,0.0,0.0	621.207092285,39.78651685393258,-123.63176417746209,0.0,0.0,0.0,0.0,0.0,0.0,0.0	684.162109375,39.78651685393258,-123.5337903799663,0.0,0.0,0.0,0.0,0.0,0.0,0.0	809.005004883,39.78651685393258,-123.43581658247052,0.0,0.0,0.0,0.0,0.0,0.0,0.0	937.303955078,39.78651685393258,-123.33784278497473,0.0,0.0,0.0,0.0,0.0,0.0,0.0	420.234619141,39.78651685393258,-123.23986898747894,0.0,0.0,0.0,0.0,0.0,0.0,0.0	527.602905273,39.78651685393258,-123.14189518998316,0.0,0.0,0.0,0.0,0.0,0.0,0.0	657.235717773,39.78651685393258,-123.04392139248736,0.0,0.0,0.0,0.0,0.0,0.0,0.0	1342.858520508,39.78651685393258,-122.94594759499158,0.0,0.0,0.0,0.0,0.0,0.0,0.0	1169.48059082,39.78651685393258,-122.8479737974958,0.0,0.0,0.0,0.0,0.0,0.0,0.0	851.350646973,39.78651685393258,-122.75,0.0,0.0,0.0,0.0,0.0,0.0,0.0	838.436889648,39.78651685393258,-122.65202620250422,0.0,0.0,0.0,0.0,0.0,0.0,0.0	223.713287354,39.78651685393258,-122.55405240500843,0.0,0.0,0.0,0.0,0.0,0.0,0.0	199.738632202,39.78651685393258,-122.45607860751264,0.0,0.0,0.0,0.0,0.0,0.0,0.0	137.0,39.78651685393258,-122.35810481001685,0.0,0.0,0.0,0.0,0.0,0.0,0.0	96.587219238,39.78651685393258,-122.26013101252107,0.0,0.0,0.0,0.0,0.0,0.0,0.0	75.384315491,39.78651685393258,-122.16215721502527,0.0,0.0,0.0,0.0,0.0,0.0,0.0	50.969654083,39.78651685393258,-122.06418341752949,0.0,0.0,0.0,0.0,0.0,0.0,0.0	45.417778015,39.78651685393258,-121.96620962003371,0.0,0.0,0.0,0.0,0.0,0.0,0.0	57.509273529,39.78651685393258,-121.86823582253791,0.0,0.0,0.0,0.0,0.0,0.0,0.0	171.605606079,39.78651685393258,-121.77026202504213,0.0,0.0,0.0,0.0,0.0,0.0,0.0	377.277038574,39.78651685393258,-121.67228822754635,0.0,0.0,0.0,0.0,0.0,0.0,0.0	668.742797852,39.78651685393258,-121.57431443005055,0.0,0.0,0.0,0.0,0.0,0.0,0.0	806.849182129,39.78651685393258,-121.47634063255477,0.0,0.0,0.0,0.0,0.0,0.0,0.0	1134.549194336,39.78651685393258,-121.37836683505898,0.0,0.0,0.0,0.0,0.0,0.0,0.0	1455.964233398,39.78651685393258,-121.28039303756319,0.0,0.0,0.0,0.0,0.0,0.0,0.0	1567.664306641,39.78651685393258,-121.1824192400674,0.0,0.0,0.0,0.0,0.0,0.0,0.0	1083.764648438,39.78651685393258,-121.08444544257162,0.0,0.0,0.0,0.0,0.0,0.0,0.0
0.0,39.7247191011236,-124.41406085906999,0.0,0.0,0.0,0.0,0.0,0.0,0.0	0.0,39.7247191011236,-124.31617492618352,0.0,0.0,0.0,0.0,0.0,0.0,0.0	0.0,39.7247191011236,-124.21828899329705,0.0,0.0,0.0,0.0,0.0,0.0,0.0	0.0,39.7247191011236,-124.12040306041058,0.0,0.0,0.0,0.0,0.0,0.0,0.0	0.0,39.7247191011236,-124.02251712752411,0.0,0.0,0.0,0.0,0.0,0.0,0.0	0.0,39.7247191011236,-123.92463119463764,0.0,0.0,0.0,0.0,0.0,0.0,0.0	112.136932373,39.7247191011236,-123.82674526175117,0.0,0.0,0.0,0.0,0.0,0.0,0.0	534.338134766,39.7247191011236,-123.7288593288647,0.0,0.0,0.0,0.0,0.0,0.0,0.0	604.028076172,39.7247191011236,-123.63097339597823,0.0,0.0,0.0,0.0,0.0,0.0,0.0	512.589050293,39.7247191011236,-123.53308746309176,0.0,0.0,0.0,0.0,0.0,0.0,0.0	1078.393066406,39.7247191011236,-123.43520153020529,0.0,0.0,0.0,0.0,0.0,0.0,0.0	469.934967041,39.7247191011236,-123.33731559731882,0.0,0.0,0.0,0.0,0.0,0.0,0.0	568.063659668,39.7247191011236,-123.23942966443235,0.0,0.0,0.0,0.0,0.0,0.0,0.0	666.841247559,39.7247191011236,-123.14154373154588,0.0,0.0,0.0,0.0,0.0,0.0,0.0	1477.356445312,39.7247191011236,-123.04365779865941,0.0,0.0,0.0,0.0,0.0,0.0,0.0	898.500366211,39.7247191011236,-122.94577186577294,0.0,0.0,0.0,0.0,0.0,0.0,0.0	1860.381347656,39.7247191011236,-122.84788593288647,0.0,0.0,0.0,0.0,0.0,0.0,0.0	581.025512695,39.7247191011236,-122.75,0.0,0.0,0.0,0.0,0.0,0.0,0.0	871.471435547,39.7247191011236,-122.65211406711353,0.0,0.0,0.0,0.0,0.0,0.0,0.0	290.15536499,39.7247191011236,-122.55422813422706,0.0,0.0,0.0,0.0,0.0,0.0,0.0	189.561218262,39.7247191011236,-122.45634220134059,0.0,0.0,0.0,0.0,0.0,0.0,0.0	148.966415405,39.7247191011236,-122.35845626845412,0.0,0.0,0.0,0.0,0.0,0.0,0.0	79.726699829,39.7247191011236,-122.26057033556765,0.0,0.0,0.0,0.0,0.0,0.0,0.0	68.213920593,39.7247191011236,-122.16268440268118,0.0,0.0,0.0,0.0,0.0,0.0,0.0	53.713745117,39.7247191011236,-122.06479846979471,0.0,0.0,0.0,0.0,0.0,0.0,0.0	40.556194305,39.7247191011236,-121.96691253690824,0.0,0.0,0.0,0.0,0.0,0.0,0.0	54.422702789,39.7247191011236,-121.86902660402177,0.0,0.0,0.0,0.0,0.0,0.0,0.0	90.49092865,39.7247191011236,-121.7711406711353,0.0,0.0,0.0,0.0,0.0,0.0,0.0	306.905639648,39.7247191011236,-121.67325473824883,0.0,0.0,0.0,0.0,0.0,0.0,0.0	480.62298584,39.7247191011236,-121.57536880536236,0.0,0.0,0.0,0.0,0.0,0.0,0.0	539.925964355,39.7247191011236,-121.47748287247587,0.0,0.0,0.0,0.0,0.0,0.0,0.0	707.971557617,39.7247191011236,-121.3795969395894,0.0,0.0,0.0,0.0,0.0,0.0,0.0	1167.011352539,39.7247191011236,-121.28171100670293,0.0,0.0,0.0,0.0,0.0,0.0,0.0	1345.338378906,39.7247191011236,-121.18382507381646,0.0,0.0,0.0,0.0,0.0,0.0,0.0	1652.107055664,39.7247191011236,-121.08593914093,0.0,0.0,0.0,0.0,0.0,0.0,0.0
0.0,39.662921348314605,-124.41257176983434,0.0,0.0,0.0,0.0,0.0,0.0,0.0	0.0,39.662921348314605,-124.31477343043233,0.0,0.0,0.0,0.0,0.0,0.0,0.0	0.0,39.662921348314605,-124.2169750910303,0.0,0.0,0.0,0.0,0.0,0.0,0.0	0.0,39.662921348314605,-124.11917675162829,0.0,0.0,0.0,0.0,0.0,0.0,0.0	0.0,39.662921348314605,-124.02137841222626,0.0,0.0,0.0,0.0,0.0,0.0,0.0	0.0,39.662921348314605,-123.92358007282424,0.0,0.0,0.0,0.0,0.0,0.0,0.0	0.0,39.662921348314605,-123.82578173342222,0.0,0.0,0.0,0.0,0.0,0.0,0.0	408.651733398,39.662921348314605,-123.7279833940202,0.0,0.0,0.0,0.0,0.0,0.0,0.0	534.453674316,39.662921348314605,-123.63018505461818,0.0,0.0,0.0,0.0,0.0,0.0,0.0	585.281188965,39.662921348314605,-123.53238671521616,0.0,0.0,0.0,0.0,0.0,0.0,0.0	814.789916992,39.662921348314605,-123.43458837581414,0.0,0.0,0.0,0.0,0.0,0.0,0.0	561.836669922,39.662921348314605,-123.33679003641213,0.0,0.0,0.0,0.0,0.0,0.0,0.0	859.783081055,39.662921348314605,-123.23899169701009,0.0,0.0,0.0,0.0,0.0,0.0,0.0	522.697937012,39.662921348314605,-123.14119335760807,0.0,0.0,0.0,0.0,0.0,0.0,0.0	832.619506836,39.662921348314605,-123.04339501820606,0.0,0.0,0.0,0.0,0.0,0.0,0.0	1201.001342773,39.662921348314605,-122.94559667880404,0.0,0.0,0.0,0.0,0.0,0.0,0.0	1956.425170898,39.662921348314605,-122.84779833940202,0.0,0.0,0.0,0.0,0.0,0.0,0.0	826.626464844,39.662921348314605,-122.75,0.0,0.0,0.0,0.0,0.0,0.0,0.0	849.793823242,39.662921348314605,-122.65220166059798,0.0,0.0,0.0,0.0,0.0,0.0,0.0	230.559371948,39.662921348314605,-122.55440332119596,0.0,0.0,0.0,0.0,0.0,0.0,0.0	340.442138672,39.662921348314605,-122.45660498179393,0.0,0.0,0.0,0.0,0.0,0.0,0.0	141.933700562,39.662921348314605,-122.35880664239191,0.0,0.0,0.0,0.0,0.0,0.0,0.0	73.916145325,39.662921348314605,-122.2610083029899,0.0,0.0,0.0,0.0,0.0,0.0,0.0	56.783649445,39.662921348314605,-122.16320996358787,0.0,0.0,0.0,0.0,0.0,0.0,0.0	47.467178345,39.662921348314605,-122.06541162418586,0.0,0.0,0.0,0.0,0.0,0.0,0.0	36.680233002,39.662921348314605,-121.96761328478384,0.0,0.0,0.0,0.0,0.0,0.0,0.0	44.473697662,39.662921348314605,-121.86981494538182,0.0,0.0,0.0,0.0,0.0,0.0,0.0	52.539657593,39.662921348314605,-121.7720166059798,0.0,0.0,0.0,0.0,0.0,0.0,0.0	162.350479126,39.662921348314605,-121.67421826657777,0.0,0.0,0.0,0.0,0.0,0.0,0.0	178.005783081,39.662921348314605,-121.57641992717575,0.0,0.0,0.0,0.0,0.0,0.0,0.0	598.904968262,39.662921348314605,-121.47862158777373,0.0,0.0,0.0,0.0,0.0,0.0,0.0	780.257019043,39.662921348314605,-121.38082324837171,0.0,0.0,0.0,0.0,0.0,0.0,0.0	934.125488281,39.662921348314605,-121.2830249089697,0.0,0.0,0.0,0.0,0.0,0.0,0.0	1088.997558594,39.662921348314605,-121.18522656956767,0.0,0.0,0.0,0.0,0.0,0.0,0.0	1478.981811523,39.662921348314605,-121.08742823016566,0.0,0.0,0.0,0.0,0.0,0.0,0.0
0.0,39.60112359550562,-124.4110872738991,0.0,0.0,0.0,0.0,0.0,0.0,0.0	0.0,39.60112359550562,-124.31337625778738,0.0,0.0,0.0,0.0,0.0,0.0,0.0	0.0,39.60112359550562,-124.21566524167568,0.0,0.0,0.0,0.0,0.0,0.0,0.0	0.0,39.60112359550562,-124.11795422556396,0.0,0.0,0.0,0.0,0.0,0.0,0.0	0.0,39.60112359550562,-124.02024320945225,0.0,0.0,0.0,0.0,0.0,0.0,0.0	0.0,39.60112359550562,-123.92253219334054,0.0,0.0,0.0,0.0,0.0,0.0,0.0	0.0,39.60112359550562,-123.82482117722883,0.0,0.0,0.0,0.0,0.0,0.0,0.0	147.347229004,39.60112359550562,-123.72711016111711,0.0,0.0,0.0,0.0,0.0,0.0,0.0	192.308273315,39.60112359550562,-123.62939914500541,0.0,0.0,0.0,0.0,0.0,0.0,0.0	588.817199707,39.60112359550562,-123.53168812889369,0.0,0.0,0.0,0.0,0.0,0.0,0.0	589.883056641,39.60112359550562,-123.43397711278199,0.0,0.0,0.0,0.0,0.0,0.0,0.0	781.53515625,39.60112359550562,-123.33626609667027,0.0,0.0,0.0,0.0,0.0,0.0,0.0	1220.965332031,39.60112359550562,-123.23855508055856,0.0,0.0,0.0,0.0,0.0,0.0,0.0	660.02520752,39.60112359550562,-123.14084406444685,0.0,0.0,0.0,0.0,0.0,0.0,0.0	946.983886719,39.60112359550562,-123.04313304833514,0.0,0.0,0.0,0.0,0.0,0.0,0.0	1897.850830078,39.60112359550562,-122.94542203222342,0.0,0.0,0.0,0.0,0.0,0.0,0.0	1305.665039062,39.60112359550562,-122.84771101611172,0.0,0.0,0.0,0.0,0.0,0.0,0.0	1618.868896484,39.60112359550562,-122.75,0.0,0.0,0.0,0.0,0.0,0.0,0.0	1001.531433105,39.60112359550562,-122.65228898388828,0.0,0.0,0.0,0.0,0.0,0.0,0.0	254.50579834,39.60112359550562,-122.55457796777658,0.0,0.0,0.0,0.0,0.0,0.0,0.0	249.802398682,39.60112359550562,-122.45686695166486,0.0,0.0,0.0,0.0,0.0,0.0,0.0	181.134552002,39.60112359550562,-122.35915593555315,0.0,0.0,0.0,0.0,0.0,0.0,0.0	57.552906036,39.60112359550562,-122.26144491944144,0.0,0.0,0.0,0.0,0.0,0.0,0.0	47.646636963,39.60112359550562,-122.16373390332973,0.0,0.0,0.0,0.0,0.0,0.0,0.0	38.216777802,39.60112359550562,-122.06602288721801,0.0,0.0,0.0,0.0,0.0,0.0,0.0	33.655181885,39.60112359550562,-121.96831187110631,0.0,0.0,0.0,0.0,0.0,0.0,0.0	35.173915863,39.60112359550562,-121.87060085499459,0.0,0.0,0.0,0.0,0.0,0.0,0.0	40.79460907,39.60112359550562,-121.77288983888289,0.0,0.0,0.0,0.0,0.0,0.0,0.0	56.373455048,39.60112359550562,-121.67517882277117,0.0,0.0,0.0,0.0,0.0,0.0,0.0	329.177215576,39.60112359550562,-121.57746780665946,0.0,0.0,0.0,0.0,0.0,0.0,0.0	202.63999939,39.60112359550562,-121.47975679054775,0.0,0.0,0.0,0.0,0.0,0.0,0.0	635.126403809,39.60112359550562,-121.38204577443604,0.0,0.0,0.0,0.0,0.0,0.0,0.0	690.089660645,39.60112359550562,-121.28433475832432,0.0,0.0,0.0,0.0,0.0,0.0,0.0	1147.659912109,39.60112359550562,-121.18662374221262,0.0,0.0,0.0,0.0,0.0,0.0,0.0	1188.22253418,39.60112359550562,-121.0889127261009,0.0,0.0,0.0,0.0,0.0,0.0,0.0
0.0,39.53932584269663,-124.40960735552198,0.0,0.0,0.0,0.0,0.0,0.0,0.0	0.0,39.53932584269663,-124.31198339343246,0.0,0.0,0.0,0.0,0.0,0.0,0.0	0.0,39.53932584269663,-124.21435943134293,0.0,0.0,0.0,0.0,0.0,0.0,0.0	0.0,39.53932584269663,-124.1167354692534,0.0,0.0,0.0,0.0,0.0,0.0,0.0	0.0,39.53932584269663,-124.01911150716387,0.0,0.0,0.0,0.0,0.0,0.0,0.0	0.0,39.53932584269663,-123.92148754507434,0.0,0.0,0.0,0.0,0.0,0.0,0.0	0.0,39.53932584269663,-123.82386358298481,0.0,0.0,0.0,0.0,0.0,0.0,0.0	262.242492676,39.53932584269663,-123.72623962089529,0.0,0.0,0.0,0.0,0.0,0.0,0.0	157.887084961,39.53932584269663,-123.62861565880576,0.0,0.0,0.0,0.0,0.0,0.0,0.0	395.883972168,39.53932584269663,-123.53099169671623,0.0,0.0,0.0,0.0,0.0,0.0,0.0	624.782897949,39.53932584269663,-123.4333677346267,0.0,0.0,0.0,0.0,0.0,0.0,0.0	762.998046875,39.53932584269663,-123.33574377253717,0.0,0.0,0.0,0.0,0.0,0.0,0.0	576.319946289,39.53932584269663,-123.23811981044764,0.0,0.0,0.0,0.0,0.0,0.0,0.0	1374.579956055,39.53932584269663,-123.14049584835811,0.0,0.0,0.0,0.0,0.0,0.0,0.0	917.30279541,39.53932584269663,-123.04287188626859,0.0,0.0,0.0,0.0,0.0,0.0,0.0	1807.344116211,39.53932584269663,-122.94524792417906,0.0,0.0,0.0,0.0,0.0,0.0,0.0	1111.110717773,39.53932584269663,-122.84762396208953,0.0,0.0,0.0,0.0,0.0,0.0,0.0	1168.164916992,39.53932584269663,-122.75,0.0,0.0,0.0,0.0,0.0,0.0,0.0	1042.045776367,39.53932584269663,-122.65237603791047,0.0,0.0,0.0,0.0,0.0,0.0,0.0	291.596130371,39.53932584269663,-122.55475207582094,0.0,0.0,0.0,0.0,0.0,0.0,0.0	182.619476318,39.53932584269663,-122.45712811373141,0.0,0.0,0.0,0.0,0.0,0.0,0.0	156.098144531,39.53932584269663,-122.35950415164189,0.0,0.0,0.0,0.0,0.0,0.0,0.0	53.049324036,39.53932584269663,-122.26188018955234,0.0,0.0,0.0,0.0,0.0,0.0,0.0	39.737537384,39.53932584269663,-122.16425622746281,0.0,0.0,0.0,0.0,0.0,0.0,0.0	30.187961578,39.53932584269663,-122.06663226537329,0.0,0.0,0.0,0.0,0.0,0.0,0.0	29.069522858,39.53932584269663,-121.96900830328376,0.0,0.0,0.0,0.0,0.0,0.0,0.0	29.924409866,39.53932584269663,-121.87138434119423,0.0,0.0,0.0,0.0,0.0,0.0,0.0	34.871822357,39.53932584269663,-121.7737603791047,0.0,0.0,0.0,0.0,0.0,0.0,0.0	40.498344421,39.53932584269663,-121.67613641701517,0.0,0.0,0.0,0.0,0.0,0.0,0.0	104.504669189,39.53932584269663,-121.57851245492564,0.0,0.0,0.0,0.0,0.0,0.0,0.0	205.199996948,39.53932584269663,-121.48088849283612,0.0,0.0,0.0,0.0,0.0,0.0,0.0	286.06829834,39.53932584269663,-121.38326453074659,0.0,0.0,0.0,0.0,0.0,0.0,0.0	789.413452148,39.53932584269663,-121.28564056865706,0.0,0.0,0.0,0.0,0.0,0.0,0.0	994.413330078,39.53932584269663,-121.18801660656753,0.0,0.0,0.0,0.0,0.0,0.0,0.0	882.637145996,39.53932584269663,-121.090392644478,0.0,0.0,0.0,0.0,0.0,0.0,0.0
0.0,39.47752808988764,-124.40813199904035,0.0,0.0,0.0,0.0,0.0,0.0,0.0	0.0,39.47752808988764,-124.31059482262621,0.0,0.0,0.0,0.0,0.0,0.0,0.0	0.0,39.47752808988764,-124.21305764621208,0.0,0.0,0.0,0.0,0.0,0.0,0.0	0.0,39.47752808988764,-124.11552046979793,0.0,0.0,0.0,0.0,0.0,0.0,0.0	0.0,39.47752808988764,-124.0179832933838,0.0,0.0,0.0,0.0,0.0,0.0,0.0	0.0,39.47752808988764,-123.92044611696966,0.0,0.0,0.0,0.0,0.0,0.0,0.0	0.0,39.47752808988764,-123.82290894055552,0.0,0.0,0.0,0.0,0.0,0.0,0.0	53.430706024,39.47752808988764,-123.72537176414139,0.0,0.0,0.0,0.0,0.0,0.0,0.0	298.051361084,39.47752808988764,-123.62783458772725,0.0,0.0,0.0,0.0,0.0,0.0,0.0	353.957672119,39.47752808988764,-123.5302974113131,0.0,0.0,0.0,0.0,0.0,0.0,0.0	772.929504395,39.47752808988764,-123.43276023489896,0.0,0.0,0.0,0.0,0.0,0.0,0.0	698.679138184,39.47752808988764,-123.33522305848483,0.0,0.0,0.0,0.0,0.0,0.0,0.0	578.254760742,39.47752808988764,-123.23768588207069,0.0,0.0,0.0,0.0,0.0,0.0,0.0	491.05569458,39.47752808988764,-123.14014870565656,0.0,0.0,0.0,0.0,0.0,0.0,0.0	1184.43359375,39.47752808988764,-123.04261152924242,0.0,0.0,0.0,0.0,0.0,0.0,0.0	779.06262207,39.47752808988764,-122.94507435282827,0.0,0.0,0.0,0.0,0.0,0.0,0.0	826.487304688,39.47752808988764,-122.84753717641414,0.0,0.0,0.0,0.0,0.0,0.0,0.0	1411.938476562,39.47752808988764,-122.75,0.0,0.0,0.0,0.0,0.0,0.0,0.0	665.260986328,39.47752808988764,-122.65246282358586,0.0,0.0,0.0,0.0,0.0,0.0,0.0	389.148040771,39.47752808988764,-122.55492564717173,0.0,0.0,0.0,0.0,0.0,0.0,0.0	298.764190674,39.47752808988764,-122.45738847075759,0.0,0.0,0.0,0.0,0.0,0.0,0.0	150.652679443,39.47752808988764,-122.35985129434344,0.0,0.0,0.0,0.0,0.0,0.0,0.0	48.647407532,39.47752808988764,-122.26231411792931,0.0,0.0,0.0,0.0,0.0,0.0,0.0	32.029548645,39.47752808988764,-122.16477694151517,0.0,0.0,0.0,0.0,0.0,0.0,0.0	25.92530632,39.47752808988764,-122.06723976510104,0.0,0.0,0.0,0.0,0.0,0.0,0.0	26.058996201,39.47752808988764,-121.9697025886869,0.0,0.0,0.0,0.0,0.0,0.0,0.0	24.646978378,39.47752808988764,-121.87216541227275,0.0,0.0,0.0,0.0,0.0,0.0,0.0	29.290000916,39.47752808988764,-121.77462823585861,0.0,0.0,0.0,0.0,0.0,0.0,0.0	41.069999695,39.47752808988764,-121.67709105944448,0.0,0.0,0.0,0.0,0.0,0.0,0.0	36.946517944,39.47752808988764,-121.57955388303034,0.0,0.0,0.0,0.0,0.0,0.0,0.0	155.79624939,39.47752808988764,-121.4820167066162,0.0,0.0,0.0,0.0,0.0,0.0,0.0	497.706573486,39.47752808988764,-121.38447953020207,0.0,0.0,0.0,0.0,0.0,0.0,0.0	786.437194824,39.47752808988764,-121.28694235378792,0.0,0.0,0.0,0.0,0.0,0.0,0.0	915.309997559,39.47752808988764,-121.18940517737379,0.0,0.0,0.0,0.0,0.0,0.0,0.0	888.05267334,39.47752808988764,-121.09186800095965,0.0,0.0,0.0,0.0,0.0,0.0,0.0
0.0,39.41573033707865,-124.40666118887061,0.0,0.0,0.0,0.0,0.0,0.0,0.0	0.0,39.41573033707865,-124.30921053070176,0.0,0.0,0.0,0.0,0.0,0.0,0.0	0.0,39.41573033707865,-124.2117598725329,0.0,0.0,0.0,0.0,0.0,0.0,0.0	0.0,39.41573033707865,-124.11430921436404,0.0,0.0,0.0,0.0,0.0,0.0,0.0	0.0,39.41573033707865,-124.01685855619517,0.0,0.0,0.0,0.0,0.0,0.0,0.0	0.0,39.41573033707865,-123.91940789802632,0.0,0.0,0.0,0.0,0.0,0.0,0.0	0.0,39.41573033707865,-123.82195723985745,0.0,0.0,0.0,0.0,0.0,0.0,0.0	108.371109009,39.41573033707865,-123.7245065816886,0.0,0.0,0.0,0.0,0.0,0.0,0.0	383.489868164,39.41573033707865,-123.62705592351973,0.0,0.0,0.0,0.0,0.0,0.0,0.0	282.956634521,39.41573033707865,-123.52960526535088,0.0,0.0,0.0,0.0,0.0,0.0,0.0	310.05279541,39.41573033707865,-123.43215460718201,0.0,0.0,0.0,0.0,0.0,0.0,0.0	410.329315186,39.41573033707865,-123.33470394901316,0.0,0.0,0.0,0.0,0.0,0.0,0.0	598.746887207,39.41573033707865,-123.2372532908443,0.0,0.0,0.0,0.0,0.0,0.0,0.0	583.759277344,39.41573033707865,-123.13980263267544,0.0,0.0,0.0,0.0,0.0,0.0,0.0	891.882263184,39.41573033707865,-123.04235197450657,0.0,0.0,0.0,0.0,0.0,0.0,0.0	551.549987793,39.41573033707865,-122.94490131633772,0.0,0.0,0.0,0.0,0.0,0.0,0.0	884.131469727,39.41573033707865,-122.84745065816885,0.0,0.0,0.0,0.0,0.0,0.0,0.0	1222.661621094,39.41573033707865,-122.75,0.0,0.0,0.0,0.0,0.0,0.0,0.0	1123.227783203,39.41573033707865,-122.65254934183113,0.0,0.0,0.0,0.0,0.0,0.0,0.0	379.52243042,39.41573033707865,-122.55509868366228,0.0,0.0,0.0,0.0,0.0,0.0,0.0	566.79309082,39.41573033707865,-122.45764802549341,0.0,0.0,0.0,0.0,0.0,0.0,0.0	152.725906372,39.41573033707865,-122.36019736732456,0.0,0.0,0.0,0.0,0.0,0.0,0.0	41.755069733,39.41573033707865,-122.26274670915569,0.0,0.0,0.0,0.0,0.0,0.0,0.0	25.850000381,39.41573033707865,-122.16529605098684,0.0,0.0,0.0,0.0,0.0,0.0,0.0	22.668209076,39.41573033707865,-122.06784539281797,0.0,0.0,0.0,0.0,0.0,0.0,0.0	22.391309738,39.41573033707865,-121.97039473464912,0.0,0.0,0.0,0.0,0.0,0.0,0.0	22.060333252,39.41573033707865,-121.87294407648025,0.0,0.0,0.0,0.0,0.0,0.0,0.0	25.350000381,39.41573033707865,-121.7754934183114,0.0,0.0,0.0,0.0,0.0,0.0,0.0	30.636619568,39.41573033707865,-121.67804276014253,0.0,0.0,0.0,0.0,0.0,0.0,0.0	37.231987,39.41573033707865,-121.58059210197368,0.0,0.0,0.0,0.0,0.0,0.0,0.0	119.51109314,39.41573033707865,-121.48314144380481,0.0,0.0,0.0,0.0,0.0,0.0,0.0	461.428100586,39.41573033707865,-121.38569078563596,0.0,0.0,0.0,0.0,0.0,0.0,0.0	754.242675781,39.41573033707865,-121.28824012746709,0.0,0.0,0.0,0.0,0.0,0.0,0.0	970.514831543,39.41573033707865,-121.19078946929824,0.0,0.0,0.0,0.0,0.0,0.0,0.0	670.620605469,39.41573033707865,-121.09333881112937,0.0,0.0,0.0,0.0,0.0,0.0,0.0
0.0,39.353932584269664,-124.40519490950788,0.0,0.0,0.0,0.0,0.0,0.0,0.0	0.0,39.353932584269664,-124.30783050306624,0.0,0.0,0.0,0.0,0.0,0.0,0.0	0.0,39.353932584269664,-124.2104660966246,0.0,0.0,0.0,0.0,0.0,0.0,0.0	0.0,39.353932584269664,-124.11310169018296,0.0,0.0,0.0,0.0,0.0,0.0,0.0	0.0,39.353932584269664,-124.01573728374132,0.0,0.0,0.0,0.0,0.0,0.0,0.0	0.0,39.353932584269664,-123.91837287729969,0.0,0.0,0.0,0.0,0.0,0.0,0.0	1.626247168,39.353932584269664,-123.82100847085805,0.0,0.0,0.0,0.0,0.0,0.0,0.0	172.93081665,39.353932584269664,-123.7236440644164,0.0,0.0,0.0,0.0,0.0,0.0,0.0	164.298583984,39.353932584269664,-123.62627965797476,0.0,0.0,0.0,0.0,0.0,0.0,0.0	190.054473877,39.353932584269664,-123.52891525153312,0.0,0.0,0.0,0.0,0.0,0.0,0.0	398.335479736,39.353932584269664,-123.43155084509148,0.0,0.0,0.0,0.0,0.0,0.0,0.0	605.299194336,39.353932584269664,-123.33418643864984,0.0,0.0,0.0,0.0,0.0,0.0,0.0	460.431213379,39.353932584269664,-123.2368220322082,0.0,0.0,0.0,0.0,0.0,0.0,0.0	307.026885986,39.353932584269664,-123.13945762576655,0.0,0.0,0.0,0.0,0.0,0.0,0.0	539.296936035,39.353932584269664,-123.04209321932491,0.0,0.0,0.0,0.0,0.0,0.0,0.0	876.013244629,39.353932584269664,-122.94472881288328,0.0,0.0,0.0,0.0,0.0,0.0,0.0	717.332275391,39.353932584269664,-122.84736440644164,0.0,0.0,0.0,0.0,0.0,0.0,0.0	1675.085571289,39.353932584269664,-122.75,0.0,0.0,0.0,0.0,0.0,0.0,0.0	561.174194336,39.353932584269664,-122.65263559355836,0.0,0.0,0.0,0.0,0.0,0.0,0.0	386.819000244,39.353932584269664,-122.55527118711672,0.0,0.0,0.0,0.0,0.0,0.0,0.0	569.737121582,39.353932584269664,-122.45790678067507,0.0,0.0,0.0,0.0,0.0,0.0,0.0	141.678161621,39.353932584269664,-122.36054237423343,0.0,0.0,0.0,0.0,0.0,0.0,0.0	44.999511719,39.353932584269664,-122.26317796779179,0.0,0.0,0.0,0.0,0.0,0.0,0.0	25.213449478,39.353932584269664,-122.16581356135015,0.0,0.0,0.0,0.0,0.0,0.0,0.0	19.36000061,39.353932584269664,-122.0684491549085,0.0,0.0,0.0,0.0,0.0,0.0,0.0	19.989999771,39.353932584269664,-121.97108474846688,0.0,0.0,0.0,0.0,0.0,0.0,0.0	19.209999084,39.353932584269664,-121.87372034202524,0.0,0.0,0.0,0.0,0.0,0.0,0.0	23.479999542,39.353932584269664,-121.7763559355836,0.0,0.0,0.0,0.0,0.0,0.0,0.0	28.924520493,39.353932584269664,-121.67899152914195,0.0,0.0,0.0,0.0,0.0,0.0,0.0	30.380392075,39.353932584269664,-121.58162712270031,0.0,0.0,0.0,0.0,0.0,0.0,0.0	57.401275635,39.353932584269664,-121.48426271625867,0.0,0.0,0.0,0.0,0.0,0.0,0.0	176.279983521,39.353932584269664,-121.38689830981703,0.0,0.0,0.0,0.0,0.0,0.0,0.0	549.154785156,39.353932584269664,-121.28953390337539,0.0,0.0,0.0,0.0,0.0,0.0,0.0	603.897949219,39.353932584269664,-121.19216949693374,0.0,0.0,0.0,0.0,0.0,0.0,0.0	700.967956543,39.353932584269664,-121.09480509049212,0.0,0.0,0.0,0.0,0.0,0.0,0.0
0.0,39.29213483146067,-124.4037331455254,0.0,0.0,0.0,0.0,0.0,0.0,0.0	0.0,39.29213483146067,-124.30645472520037,0.0,0.0,0.0,0.0,0.0,0.0,0.0	0.0,39.29213483146067,-124.20917630487534,0.0,0.0,0.0,0.0,0.0,0.0,0.0	0.0,39.29213483146067,-124.11189788455033,0.0,0.0,0.0,0.0,0.0,0.0,0.0	0.0,39.29213483146067,-124.0146194642253,0.0,0.0,0.0,0.0,0.0,0.0,0.0	0.0,39.29213483146067,-123.91734104390028,0.0,0.0,0.0,0.0,0.0,0.0,0.0	0.0,39.29213483146067,-123.82006262357525,0.0,0.0,0.0,0.0,0.0,0.0,0.0	17.34487915,39.29213483146067,-123.72278420325023,0.0,0.0,0.0,0.0,0.0,0.0,0.0	114.411560059,39.29213483146067,-123.6255057829252,0.0,0.0,0.0,0.0,0.0,0.0,0.0	73.708343506,39.29213483146067,-123.52822736260019,0.0,0.0,0.0,0.0,0.0,0.0,0.0	257.309234619,39.29213483146067,-123.43094894227517,0.0,0.0,0.0,0.0,0.0,0.0,0.0	452.802154541,39.29213483146067,-123.33367052195014,0.0,0.0,0.0,0.0,0.0,0.0,0.0	359.817169189,39.29213483146067,-123.23639210162511,0.0,0.0,0.0,0.0,0.0,0.0,0.0	416.441192627,39.29213483146067,-123.13911368130009,0.0,0.0,0.0,0.0,0.0,0.0,0.0	734.06842041,39.29213483146067,-123.04183526097506,0.0,0.0,0.0,0.0,0.0,0.0,0.0	995.216491699,39.29213483146067,-122.94455684065005,0.0,0.0,0.0,0.0,0.0,0.0,0.0	833.420227051,39.29213483146067,-122.84727842032503,0.0,0.0,0.0,0.0,0.0,0.0,0.0	1359.586791992,39.29213483146067,-122.75,0.0,0.0,0.0,0.0,0.0,0.0,0.0	1060.949462891,39.29213483146067,-122.65272157967497,0.0,0.0,0.0,0.0,0.0,0.0,0.0	483.54473877,39.29213483146067,-122.55544315934995,0.0,0.0,0.0,0.0,0.0,0.0,0.0	639.724487305,39.29213483146067,-122.45816473902494,0.0,0.0,0.0,0.0,0.0,0.0,0.0	160.591751099,39.29213483146067,-122.36088631869991,0.0,0.0,0.0,0.0,0.0,0.0,0.0	41.363231659,39.29213483146067,-122.26360789837489,0.0,0.0,0.0,0.0,0.0,0.0,0.0	23.005908966,39.29213483146067,-122.16632947804986,0.0,0.0,0.0,0.0,0.0,0.0,0.0	17.520786285,39.29213483146067,-122.06905105772483,0.0,0.0,0.0,0.0,0.0,0.0,0.0	17.757558823,39.29213483146067,-121.97177263739981,0.0,0.0,0.0,0.0,0.0,0.0,0.0	17.739999771,39.29213483146067,-121.8744942170748,0.0,0.0,0.0,0.0,0.0,0.0,0.0	24.718061447,39.29213483146067,-121.77721579674977,0.0,0.0,0.0,0.0,0.0,0.0,0.0	24.380455017,39.29213483146067,-121.67993737642475,0.0,0.0,0.0,0.0,0.0,0.0,0.0	25.923406601,39.29213483146067,-121.58265895609972,0.0,0.0,0.0,0.0,0.0,0.0,0.0	39.556682587,39.29213483146067,-121.4853805357747,0.0,0.0,0.0,0.0,0.0,0.0,0.0	142.233276367,39.29213483146067,-121.38810211544968,0.0,0.0,0.0,0.0,0.0,0.0,0.0	433.697967529,39.29213483146067,-121.29082369512466,0.0,0.0,0.0,0.0,0.0,0.0,0.0	171.244766235,39.29213483146067,-121.19354527479963,0.0,0.0,0.0,0.0,0.0,0.0,0.0	451.285766602,39.29213483146067,-121.0962668544746,0.0,0.0,0.0,0.0,0.0,0.0,0.0
0.0,39.23033707865169,-124.40227588157408,0.0,0.0,0.0,0.0,0.0,0.0,0.0	0.0,39.23033707865169,-124.30508318265797,0.0,0.0,0.0,0.0,0.0,0.0,0.0	0.0,39.23033707865169,-124.20789048374183,0.0,0.0,0.0,0.0,0.0,0.0,0.0	0.0,39.23033707865169,-124.11069778482572,0.0,0.0,0.0,0.0,0.0,0.0,0.0	0.0,39.23033707865169,-124.0135050859096,0.0,0.0,0.0,0.0,0.0,0.0,0.0	0.0,39.23033707865169,-123.91631238699347,0.0,0.0,0.0,0.0,0.0,0.0,0.0	0.0,39.23033707865169,-123.81911968807735,0.0,0.0,0.0,0.0,0.0,0.0,0.0	170.27381897,39.23033707865169,-123.72192698916123,0.0,0.0,0.0,0.0,0.0,0.0,0.0	167.513671875,39.23033707865169,-123.6247342902451,0.0,0.0,0.0,0.0,0.0,0.0,0.0	150.395339966,39.23033707865169,-123.52754159132898,0.0,0.0,0.0,0.0,0.0,0.0,0.0	361.175262451,39.23033707865169,-123.43034889241287,0.0,0.0,0.0,0.0,0.0,0.0,0.0	637.957885742,39.23033707865169,-123.33315619349673,0.0,0.0,0.0,0.0,0.0,0.0,0.0	296.564086914,39.23033707865169,-123.23596349458062,0.0,0.0,0.0,0.0,0.0,0.0,0.0	662.193786621,39.23033707865169,-123.1387707956645,0.0,0.0,0.0,0.0,0.0,0.0,0.0	620.990112305,39.23033707865169,-123.04157809674837,0.0,0.0,0.0,0.0,0.0,0.0,0.0	443.809051514,39.23033707865169,-122.94438539783225,0.0,0.0,0.0,0.0,0.0,0.0,0.0	1172.559814453,39.23033707865169,-122.84719269891613,0.0,0.0,0.0,0.0,0.0,0.0,0.0	756.308288574,39.23033707865169,-122.75,0.0,0.0,0.0,0.0,0.0,0.0,0.0	1035.065917969,39.23033707865169,-122.65280730108388,0.0,0.0,0.0,0.0,0.0,0.0,0.0	921.466369629,39.23033707865169,-122.55561460216776,0.0,0.0,0.0,0.0,0.0,0.0,0.0	415.060852051,39.23033707865169,-122.45842190325163,0.0,0.0,0.0,0.0,0.0,0.0,0.0	197.801589966,39.23033707865169,-122.36122920433552,0.0,0.0,0.0,0.0,0.0,0.0,0.0	39.397666931,39.23033707865169,-122.2640365054194,0.0,0.0,0.0,0.0,0.0,0.0,0.0	21.004583359,39.23033707865169,-122.16684380650327,0.0,0.0,0.0,0.0,0.0,0.0,0.0	15.56000042,39.23033707865169,-122.06965110758715,0.0,0.0,0.0,0.0,0.0,0.0,0.0	22.754772186,39.23033707865169,-121.97245840867103,0.0,0.0,0.0,0.0,0.0,0.0,0.0	38.699058533,39.23033707865169,-121.8752657097549,0.0,0.0,0.0,0.0,0.0,0.0,0.0	227.836517334,39.23033707865169,-121.77807301083878,0.0,0.0,0.0,0.0,0.0,0.0,0.0	20.999801636,39.23033707865169,-121.68088031192266,0.0,0.0,0.0,0.0,0.0,0.0,0.0	22.56247139,39.23033707865169,-121.58368761300653,0.0,0.0,0.0,0.0,0.0,0.0,0.0	27.190000534,39.23033707865169,-121.48649491409041,0.0,0.0,0.0,0.0,0.0,0.0,0.0	71.387809753,39.23033707865169,-121.3893022151743,0.0,0.0,0.0,0.0,0.0,0.0,0.0	232.96836853,39.23033707865169,-121.29210951625817,0.0,0.0,0.0,0.0,0.0,0.0,0.0	446.393737793,39.23033707865169,-121.19491681734205,0.0,0.0,0.0,0.0,0.0,0.0,0.0	756.829528809,39.23033707865169,-121.09772411842593,0.0,0.0,0.0,0.0,0.0,0.0,0.0
0.0,39.1685393258427,-124.4008231023821,0.0,0.0,0.0,0.0,0.0,0.0,0.0	0.0,39.1685393258427,-124.30371586106551,0.0,0.0,0.0,0.0,0.0,0.0,0.0	0.0,39.1685393258427,-124.20660861974892,0.0,0.0,0.0,0.0,0.0,0.0,0.0	0.0,39.1685393258427,-124.10950137843233,0.0,0.0,0.0,0.0,0.0,0.0,0.0	0.0,39.1685393258427,-124.01239413711572,0.0,0.0,0.0,0.0,0.0,0.0,0.0	0.0,39.1685393258427,-123.91528689579913,0.0,0.0,0.0,0.0,0.0,0.0,0.0	0.0,39.1685393258427,-123.81817965448253,0.0,0.0,0.0,0.0,0.0,0.0,0.0	295.007171631,39.1685393258427,-123.72107241316594,0.0,0.0,0.0,0.0,0.0,0.0,0.0	229.659118652,39.1685393258427,-123.62396517184935,0.0,0.0,0.0,0.0,0.0,0.0,0.0	67.897064209,39.1685393258427,-123.52685793053276,0.0,0.0,0.0,0.0,0.0,0.0,0.0	378.920501709,39.1685393258427,-123.42975068921616,0.0,0.0,0.0,0.0,0.0,0.0,0.0	624.178283691,39.1685393258427,-123.33264344789956,0.0,0.0,0.0,0.0,0.0,0.0,0.0	343.202728271,39.1685393258427,-123.23553620658296,0.0,0.0,0.0,0.0,0.0,0.0,0.0	522.52734375,39.1685393258427,-123.13842896526637,0.0,0.0,0.0,0.0,0.0,0.0,0.0	956.152770996,39.1685393258427,-123.04132172394978,0.0,0.0,0.0,0.0,0.0,0.0,0.0	403.170013428,39.1685393258427,-122.94421448263319,0.0,0.0,0.0,0.0,0.0,0.0,0.0	824.000427246,39.1685393258427,-122.84710724131659,0.0,0.0,0.0,0.0,0.0,0.0,0.0	886.010375977,39.1685393258427,-122.75,0.0,0.0,0.0,0.0,0.0,0.0,0.0	619.234436035,39.1685393258427,-122.6528927586834,0.0,0.0,0.0,0.0,0.0,0.0,0.0	558.157897949,39.1685393258427,-122.5557855173668,0.0,0.0,0.0,0.0,0.0,0.0,0.0	420.471221924,39.1685393258427,-122.45867827605021,0.0,0.0,0.0,0.0,0.0,0.0,0.0	204.720565796,39.1685393258427,-122.36157103473361,0.0,0.0,0.0,0.0,0.0,0.0,0.0	42.394481659,39.1685393258427,-122.26446379341702,0.0,0.0,0.0,0.0,0.0,0.0,0.0	24.374826431,39.1685393258427,-122.16735655210043,0.0,0.0,0.0,0.0,0.0,0.0,0.0	15.355354309,39.1685393258427,-122.07024931078384,0.0,0.0,0.0,0.0,0.0,0.0,0.0	15.07875061,39.1685393258427,-121.97314206946723,0.0,0.0,0.0,0.0,0.0,0.0,0.0	16.872255325,39.1685393258427,-121.87603482815064,0.0,0.0,0.0,0.0,0.0,0.0,0.0	67.692436218,39.1685393258427,-121.77892758683404,0.0,0.0,0.0,0.0,0.0,0.0,0.0	17.46701622,39.1685393258427,-121.68182034551745,0.0,0.0,0.0,0.0,0.0,0.0,0.0	19.590000153,39.1685393258427,-121.58471310420086,0.0,0.0,0.0,0.0,0.0,0.0,0.0	26.666191101,39.1685393258427,-121.48760586288427,0.0,0.0,0.0,0.0,0.0,0.0,0.0	80.575775146,39.1685393258427,-121.39049862156767,0.0,0.0,0.0,0.0,0.0,0.0,0.0	273.84576416,39.1685393258427,-121.29339138025108,0.0,0.0,0.0,0.0,0.0,0.0,0.0	441.187347412,39.1685393258427,-121.19628413893447,0.0,0.0,0.0,0.0,0.0,0.0,0.0	635.56439209,39.1685393258427,-121.09917689761788,0.0,0.0,0.0,0.0,0.0,0.0,0.0
0.0,39.10674157303371,-124.39937479275441,0.0,0.0,0.0,0.0,0.0,0.0,0.0	0.0,39.10674157303371,-124.3023527461218,0.0,0.0,0.0,0.0,0.0,0.0,0.0	0.0,39.10674157303371,-124.2053306994892,0.0,0.0,0.0,0.0,0.0,0.0,0.0	0.0,39.10674157303371,-124.10830865285658,0.0,0.0,0.0,0.0,0.0,0.0,0.0	0.0,39.10674157303371,-124.01128660622396,0.0,0.0,0.0,0.0,0.0,0.0,0.0	0.0,39.10674157303371,-123.91426455959135,0.0,0.0,0.0,0.0,0.0,0.0,0.0	0.0,39.10674157303371,-123.81724251295874,0.0,0.0,0.0,0.0,0.0,0.0,0.0	0.0,39.10674157303371,-123.72022046632613,0.0,0.0,0.0,0.0,0.0,0.0,0.0	310.321838379,39.10674157303371,-123.62319841969351,0.0,0.0,0.0,0.0,0.0,0.0,0.0	69.418029785,39.10674157303371,-123.52617637306089,0.0,0.0,0.0,0.0,0.0,0.0,0.0	405.401794434,39.10674157303371,-123.42915432642829,0.0,0.0,0.0,0.0,0.0,0.0,0.0	669.977783203,39.10674157303371,-123.33213227979567,0.0,0.0,0.0,0.0,0.0,0.0,0.0	481.835357666,39.10674157303371,-123.23511023316306,0.0,0.0,0.0,0.0,0.0,0.0,0.0	332.058166504,39.10674157303371,-123.13808818653044,0.0,0.0,0.0,0.0,0.0,0.0,0.0	617.951904297,39.10674157303371,-123.04106613989784,0.0,0.0,0.0,0.0,0.0,0.0,0.0	492.155975342,39.10674157303371,-122.94404409326522,0.0,0.0,0.0,0.0,0.0,0.0,0.0	402.779998779,39.10674157303371,-122.8470220466326,0.0,0.0,0.0,0.0,0.0,0.0,0.0	878.49017334,39.10674157303371,-122.75,0.0,0.0,0.0,0.0,0.0,0.0,0.0	975.408569336,39.10674157303371,-122.65297795336738,0.0,0.0,0.0,0.0,0.0,0.0,0.0	530.035217285,39.10674157303371,-122.55595590673477,0.0,0.0,0.0,0.0,0.0,0.0,0.0	577.167480469,39.10674157303371,-122.45893386010215,0.0,0.0,0.0,0.0,0.0,0.0,0.0	300.291290283,39.10674157303371,-122.36191181346955,0.0,0.0,0.0,0.0,0.0,0.0,0.0	86.594894409,39.10674157303371,-122.26488976683693,0.0,0.0,0.0,0.0,0.0,0.0,0.0	41.920597076,39.10674157303371,-122.16786772020431,0.0,0.0,0.0,0.0,0.0,0.0,0.0	21.702579498,39.10674157303371,-122.0708456735717,0.0,0.0,0.0,0.0,0.0,0.0,0.0	11.636903763,39.10674157303371,-121.9738236269391,0.0,0.0,0.0,0.0,0.0,0.0,0.0	11.227255821,39.10674157303371,-121.87680158030648,0.0,0.0,0.0,0.0,0.0,0.0,0.0	15.683300972,39.10674157303371,-121.77977953367386,0.0,0.0,0.0,0.0,0.0,0.0,0.0	14.764377594,39.10674157303371,-121.68275748704126,0.0,0.0,0.0,0.0,0.0,0.0,0.0	18.332895279,39.10674157303371,-121.58573544040864,0.0,0.0,0.0,0.0,0.0,0.0,0.0	22.843505859,39.10674157303371,-121.48871339377602,0.0,0.0,0.0,0.0,0.0,0.0,0.0	38.788272858,39.10674157303371,-121.39169134714341,0.0,0.0,0.0,0.0,0.0,0.0,0.0	88.507667542,39.10674157303371,-121.2946693005108,0.0,0.0,0.0,0.0,0.0,0.0,0.0	375.918579102,39.10674157303371,-121.19764725387819,0.0,0.0,0.0,0.0,0.0,0.0,0.0	487.956115723,39.10674157303371,-121.10062520724557,0.0,0.0,0.0,0.0,0.0,0.0,0.0
0.0,39.04494382022472,-124.39793093757224,0.0,0.0,0.0,0.0,0.0,0.0,0.0	0.0,39.04494382022472,-124.30099382359741,0.0,0.0,0.0,0.0,0.0,0.0,0.0	0.0,39.04494382022472,-124.20405670962256,0.0,0.0,0.0,0.0,0.0,0.0,0.0	0.0,39.04494382022472,-124.10711959564773,0.0,0.0,0.0,0.0,0.0,0.0,0.0	0.0,39.04494382022472,-124.01018248167289,0.0,0.0,0.0,0.0,0.0,0.0,0.0	0.0,39.04494382022472,-123.91324536769805,0.0,0.0,0.0,0.0,0.0,0.0,0.0	0.0,39.04494382022472,-123.81630825372321,0.0,0.0,0.0,0.0,0.0,0.0,0.0	0.0,39.04494382022472,-123.71937113974838,0.0,0.0,0.0,0.0,0.0,0.0,0.0	364.022735596,39.04494382022472,-123.62243402577354,0.0,0.0,0.0,0.0,0.0,0.0,0.0	367.950958252,39.04494382022472,-123.5254969117987,0.0,0.0,0.0,0.0,0.0,0.0,0.0	175.030929565,39.04494382022472,-123.42855979782387,0.0,0.0,0.0,0.0,0.0,0.0,0.0	574.247253418,39.04494382022472,-123.33162268384902,0.0,0.0,0.0,0.0,0.0,0.0,0.0	745.221740723,39.04494382022472,-123.23468556987419,0.0,0.0,0.0,0.0,0.0,0.0,0.0	178.538818359,39.04494382022472,-123.13774845589934,0.0,0.0,0.0,0.0,0.0,0.0,0.0	880.662963867,39.04494382022472,-123.04081134192451,0.0,0.0,0.0,0.0,0.0,0.0,0.0	467.419372559,39.04494382022472,-122.94387422794968,0.0,0.0,0.0,0.0,0.0,0.0,0.0	402.779998779,39.04494382022472,-122.84693711397483,0.0,0.0,0.0,0.0,0.0,0.0,0.0	433.818481445,39.04494382022472,-122.75,0.0,0.0,0.0,0.0,0.0,0.0,0.0	543.553833008,39.04494382022472,-122.65306288602515,0.0,0.0,0.0,0.0,0.0,0.0,0.0	554.352905273,39.04494382022472,-122.55612577205032,0.0,0.0,0.0,0.0,0.0,0.0,0.0	700.429321289,39.04494382022472,-122.45918865807548,0.0,0.0,0.0,0.0,0.0,0.0,0.0	487.891021729,39.04494382022472,-122.36225154410064,0.0,0.0,0.0,0.0,0.0,0.0,0.0	172.821426392,39.04494382022472,-122.26531443012581,0.0,0.0,0.0,0.0,0.0,0.0,0.0	79.182449341,39.04494382022472,-122.16837731615097,0.0,0.0,0.0,0.0,0.0,0.0,0.0	31.821107864,39.04494382022472,-122.07144020217613,0.0,0.0,0.0,0.0,0.0,0.0,0.0	9.408250809,39.04494382022472,-121.97450308820129,0.0,0.0,0.0,0.0,0.0,0.0,0.0	11.288475037,39.04494382022472,-121.87756597422646,0.0,0.0,0.0,0.0,0.0,0.0,0.0	9.234553337,39.04494382022472,-121.78062886025162,0.0,0.0,0.0,0.0,0.0,0.0,0.0	12.581672668,39.04494382022472,-121.68369174627678,0.0,0.0,0.0,0.0,0.0,0.0,0.0	14.917723656,39.04494382022472,-121.58675463230195,0.0,0.0,0.0,0.0,0.0,0.0,0.0	22.354249954,39.04494382022472,-121.4898175183271,0.0,0.0,0.0,0.0,0.0,0.0,0.0	29.845796585,39.04494382022472,-121.39288040435227,0.0,0.0,0.0,0.0,0.0,0.0,0.0	84.400001526,39.04494382022472,-121.29594329037742,0.0,0.0,0.0,0.0,0.0,0.0,0.0	356.081420898,39.04494382022472,-121.19900617640259,0.0,0.0,0.0,0.0,0.0,0.0,0.0	419.733276367,39.04494382022472,-121.10206906242776,0.0,0.0,0.0,0.0,0.0,0.0,0.0
0.0,38.98314606741573,-124.39649152179267,0.0,0.0,0.0,0.0,0.0,0.0,0.0	0.0,38.98314606741573,-124.29963907933427,0.0,0.0,0.0,0.0,0.0,0.0,0.0	0.0,38.98314606741573,-124.20278663687589,0.0,0.0,0.0,0.0,0.0,0.0,0.0	0.0,38.98314606741573,-124.10593419441749,0.0,0.0,0.0,0.0,0.0,0.0,0.0	0.0,38.98314606741573,-124.0090817519591,0.0,0.0,0.0,0.0,0.0,0.0,0.0	0.0,38.98314606741573,-123.9122293095007,0.0,0.0,0.0,0.0,0.0,0.0,0.0	0.0,38.98314606741573,-123.81537686704232,0.0,0.0,0.0,0.0,0.0,0.0,0.0	0.0,38.98314606741573,-123.71852442458392,0.0,0.0,0.0,0.0,0.0,0.0,0.0	533.355102539,38.98314606741573,-123.62167198212553,0.0,0.0,0.0,0.0,0.0,0.0,0.0	285.974975586,38.98314606741573,-123.52481953966713,0.0,0.0,0.0,0.0,0.0,0.0,0.0	252.725830078,38.98314606741573,-123.42796709720875,0.0,0.0,0.0,0.0,0.0,0.0,0.0	359.772003174,38.98314606741573,-123.33111465475035,0.0,0.0,0.0,0.0,0.0,0.0,0.0	333.969787598,38.98314606741573,-123.23426221229197,0.0,0.0,0.0,0.0,0.0,0.0,0.0	187.949768066,38.98314606741573,-123.13740976983357,0.0,0.0,0.0,0.0,0.0,0.0,0.0	316.732299805,38.98314606741573,-123.04055732737518,0.0,0.0,0.0,0.0,0.0,0.0,0.0	567.71673584,38.98314606741573,-122.94370488491678,0.0,0.0,0.0,0.0,0.0,0.0,0.0	418.756378174,38.98314606741573,-122.8468524424584,0.0,0.0,0.0,0.0,0.0,0.0,0.0	529.217773438,38.98314606741573,-122.75,0.0,0.0,0.0,0.0,0.0,0.0,0.0	513.623962402,38.98314606741573,-122.65314755754162,0.0,0.0,0.0,0.0,0.0,0.0,0.0	492.078460693,38.98314606741573,-122.55629511508322,0.0,0.0,0.0,0.0,0.0,0.0,0.0	453.276885986,38.98314606741573,-122.45944267262483,0.0,0.0,0.0,0.0,0.0,0.0,0.0	358.54196167,38.98314606741573,-122.36259023016643,0.0,0.0,0.0,0.0,0.0,0.0,0.0	170.959106445,38.98314606741573,-122.26573778770805,0.0,0.0,0.0,0.0,0.0,0.0,0.0	191.576416016,38.98314606741573,-122.16888534524965,0.0,0.0,0.0,0.0,0.0,0.0,0.0	69.402908325,38.98314606741573,-122.07203290279126,0.0,0.0,0.0,0.0,0.0,0.0,0.0	11.18354702,38.98314606741573,-121.97518046033287,0.0,0.0,0.0,0.0,0.0,0.0,0.0	7.511872292,38.98314606741573,-121.87832801787448,0.0,0.0,0.0,0.0,0.0,0.0,0.0	8.783125877,38.98314606741573,-121.78147557541608,0.0,0.0,0.0,0.0,0.0,0.0,0.0	9.790748596,38.98314606741573,-121.6846231329577,0.0,0.0,0.0,0.0,0.0,0.0,0.0	8.037096977,38.98314606741573,-121.5877706904993,0.0,0.0,0.0,0.0,0.0,0.0,0.0	19.78704834,38.98314606741573,-121.49091824804091,0.0,0.0,0.0,0.0,0.0,0.0,0.0	26.736785889,38.98314606741573,-121.39406580558251,0.0,0.0,0.0,0.0,0.0,0.0,0.0	71.545410156,38.98314606741573,-121.29721336312411,0.0,0.0,0.0,0.0,0.0,0.0,0.0	234.948257446,38.98314606741573,-121.20036092066573,0.0,0.0,0.0,0.0,0.0,0.0,0.0	410.974945068,38.98314606741573,-121.10350847820733,0.0,0.0,0.0,0.0,0.0,0.0,0.0
0.0,38.92134831460674,-124.39505653044816,0.0,0.0,0.0,0.0,0.0,0.0,0.0	0.0,38.92134831460674,-124.29828849924533,0.0,0.0,0.0,0.0,0.0,0.0,0.0	0.0,38.92134831460674,-124.20152046804249,0.0,0.0,0.0,0.0,0.0,0.0,0.0	0.0,38.92134831460674,-124.10475243683966,0.0,0.0,0.0,0.0,0.0,0.0,0.0	0.0,38.92134831460674,-124.00798440563683,0.0,0.0,0.0,0.0,0.0,0.0,0.0	0.0,38.92134831460674,-123.91121637443399,0.0,0.0,0.0,0.0,0.0,0.0,0.0	0.0,38.92134831460674,-123.81444834323116,0.0,0.0,0.0,0.0,0.0,0.0,0.0	44.963886261,38.92134831460674,-123.71768031202832,0.0,0.0,0.0,0.0,0.0,0.0,0.0	50.477924347,38.92134831460674,-123.6209122808255,0.0,0.0,0.0,0.0,0.0,0.0,0.0	427.455444336,38.92134831460674,-123.52414424962267,0.0,0.0,0.0,0.0,0.0,0.0,0.0	207.050506592,38.92134831460674,-123.42737621841982,0.0,0.0,0.0,0.0,0.0,0.0,0.0	402.271759033,38.92134831460674,-123.330608187217,0.0,0.0,0.0,0.0,0.0,0.0,0.0	479.702636719,38.92134831460674,-123.23384015601417,0.0,0.0,0.0,0.0,0.0,0.0,0.0	554.478210449,38.92134831460674,-123.13707212481133,0.0,0.0,0.0,0.0,0.0,0.0,0.0	370.002380371,38.92134831460674,-123.0403040936085,0.0,0.0,0.0,0.0,0.0,0.0,0.0	685.492919922,38.92134831460674,-122.94353606240566,0.0,0.0,0.0,0.0,0.0,0.0,0.0	462.421051025,38.92134831460674,-122.84676803120283,0.0,0.0,0.0,0.0,0.0,0.0,0.0	615.591247559,38.92134831460674,-122.75,0.0,0.0,0.0,0.0,0.0,0.0,0.0	499.534606934,38.92134831460674,-122.65323196879716,0.0,0.0,0.0,0.0,0.0,0.0,0.0	618.36932373,38.92134831460674,-122.55646393759433,0.0,0.0,0.0,0.0,0.0,0.0,0.0	855.025146484,38.92134831460674,-122.4596959063915,0.0,0.0,0.0,0.0,0.0,0.0,0.0	220.363555908,38.92134831460674,-122.36292787518866,0.0,0.0,0.0,0.0,0.0,0.0,0.0	457.769958496,38.92134831460674,-122.26615984398583,0.0,0.0,0.0,0.0,0.0,0.0,0.0	323.247192383,38.92134831460674,-122.16939181278299,0.0,0.0,0.0,0.0,0.0,0.0,0.0	107.729194641,38.92134831460674,-122.07262378158016,0.0,0.0,0.0,0.0,0.0,0.0,0.0	29.818674088,38.92134831460674,-121.97585575037733,0.0,0.0,0.0,0.0,0.0,0.0,0.0	8.115468979,38.92134831460674,-121.87908771917449,0.0,0.0,0.0,0.0,0.0,0.0,0.0	7.80886364,38.92134831460674,-121.78231968797166,0.0,0.0,0.0,0.0,0.0,0.0,0.0	7.348026276,38.92134831460674,-121.68555165676884,0.0,0.0,0.0,0.0,0.0,0.0,0.0	11.288803101,38.92134831460674,-121.588783625566,0.0,0.0,0.0,0.0,0.0,0.0,0.0	16.870000839,38.92134831460674,-121.49201559436317,0.0,0.0,0.0,0.0,0.0,0.0,0.0	29.846063614,38.92134831460674,-121.39524756316032,0.0,0.0,0.0,0.0,0.0,0.0,0.0	51.060913086,38.92134831460674,-121.2984795319575,0.0,0.0,0.0,0.0,0.0,0.0,0.0	106.043746948,38.92134831460674,-121.20171150075467,0.0,0.0,0.0,0.0,0.0,0.0,0.0	392.728271484,38.92134831460674,-121.10494346955183,0.0,0.0,0.0,0.0,0.0,0.0,0.0
0.0,38.859550561797754,-124.39362594864616,0.0,0.0,0.0,0.0,0.0,0.0,0.0	0.0,38.859550561797754,-124.29694206931403,0.0,0.0,0.0,0.0,0.0,0.0,0.0	0.0,38.859550561797754,-124.20025818998191,0.0,0.0,0.0,0.0,0.0,0.0,0.0	0.0,38.859550561797754,-124.10357431064978,0.0,0.0,0.0,0.0,0.0,0.0,0.0	0.0,38.859550561797754,-124.00689043131766,0.0,0.0,0.0,0.0,0.0,0.0,0.0	0.0,38.859550561797754,-123.91020655198552,0.0,0.0,0.0,0.0,0.0,0.0,0.0	0.0,38.859550561797754,-123.81352267265339,0.0,0.0,0.0,0.0,0.0,0.0,0.0	0.0,38.859550561797754,-123.71683879332127,0.0,0.0,0.0,0.0,0.0,0.0,0.0	227.608016968,38.859550561797754,-123.62015491398914,0.0,0.0,0.0,0.0,0.0,0.0,0.0	407.288421631,38.859550561797754,-123.52347103465702,0.0,0.0,0.0,0.0,0.0,0.0,0.0	381.554748535,38.859550561797754,-123.42678715532489,0.0,0.0,0.0,0.0,0.0,0.0,0.0	528.324401855,38.859550561797754,-123.33010327599276,0.0,0.0,0.0,0.0,0.0,0.0,0.0	495.599487305,38.859550561797754,-123.23341939666064,0.0,0.0,0.0,0.0,0.0,0.0,0.0	443.841339111,38.859550561797754,-123.1367355173285,0.0,0.0,0.0,0.0,0.0,0.0,0.0	108.109573364,38.859550561797754,-123.04005163799638,0.0,0.0,0.0,0.0,0.0,0.0,0.0	760.238952637,38.859550561797754,-122.94336775866425,0.0,0.0,0.0,0.0,0.0,0.0,0.0	1057.209716797,38.859550561797754,-122.84668387933212,0.0,0.0,0.0,0.0,0.0,0.0,0.0	783.140075684,38.859550561797754,-122.75,0.0,0.0,0.0,0.0,0.0,0.0,0.0	678.038269043,38.859550561797754,-122.65331612066787,0.0,0.0,0.0,0.0,0.0,0.0,0.0	437.393890381,38.859550561797754,-122.55663224133575,0.0,0.0,0.0,0.0,0.0,0.0,0.0	619.259338379,38.859550561797754,-122.45994836200362,0.0,0.0,0.0,0.0,0.0,0.0,0.0	434.899993896,38.859550561797754,-122.36326448267148,0.0,0.0,0.0,0.0,0.0,0.0,0.0	602.695800781,38.859550561797754,-122.26658060333936,0.0,0.0,0.0,0.0,0.0,0.0,0.0	456.010681152,38.859550561797754,-122.16989672400723,0.0,0.0,0.0,0.0,0.0,0.0,0.0	149.571166992,38.859550561797754,-122.07321284467511,0.0,0.0,0.0,0.0,0.0,0.0,0.0	47.485435486,38.859550561797754,-121.97652896534298,0.0,0.0,0.0,0.0,0.0,0.0,0.0	6.559281349,38.859550561797754,-121.87984508601085,0.0,0.0,0.0,0.0,0.0,0.0,0.0	13.358035088,38.859550561797754,-121.78316120667873,0.0,0.0,0.0,0.0,0.0,0.0,0.0	5.794909,38.859550561797754,-121.6864773273466,0.0,0.0,0.0,0.0,0.0,0.0,0.0	7.597326756,38.859550561797754,-121.58979344801448,0.0,0.0,0.0,0.0,0.0,0.0,0.0	14.632671356,38.859550561797754,-121.49310956868234,0.0,0.0,0.0,0.0,0.0,0.0,0.0	25.125347137,38.859550561797754,-121.39642568935021,0.0,0.0,0.0,0.0,0.0,0.0,0.0	44.682189941,38.859550561797754,-121.29974181001809,0.0,0.0,0.0,0.0,0.0,0.0,0.0	147.723129272,38.859550561797754,-121.20305793068596,0.0,0.0,0.0,0.0,0.0,0.0,0.0	269.500305176,38.859550561797754,-121.10637405135384,0.0,0.0,0.0,0.0,0.0,0.0,0.0
0.0,38.79775280898876,-124.39219976156859,0.0,0.0,0.0,0.0,0.0,0.0,0.0	0.0,38.79775280898876,-124.29559977559397,0.0,0.0,0.0,0.0,0.0,0.0,0.0	0.0,38.79775280898876,-124.19899978961935,0.0,0.0,0.0,0.0,0.0,0.0,0.0	0.0,38.79775280898876,-124.10239980364473,0.0,0.0,0.0,0.0,0.0,0.0,0.0	0.0,38.79775280898876,-124.0057998176701,0.0,0.0,0.0,0.0,0.0,0.0,0.0	0.0,38.79775280898876,-123.90919983169547,0.0,0.0,0.0,0.0,0.0,0.0,0.0	0.0,38.79775280898876,-123.81259984572085,0.0,0.0,0.0,0.0,0.0,0.0,0.0	0.0,38.79775280898876,-123.71599985974623,0.0,0.0,0.0,0.0,0.0,0.0,0.0	0.0,38.79775280898876,-123.61939987377161,0.0,0.0,0.0,0.0,0.0,0.0,0.0	217.909576416,38.79775280898876,-123.52279988779699,0.0,0.0,0.0,0.0,0.0,0.0,0.0	300.789794922,38.79775280898876,-123.42619990182236,0.0,0.0,0.0,0.0,0.0,0.0,0.0	243.537643433,38.79775280898876,-123.32959991584774,0.0,0.0,0.0,0.0,0.0,0.0,0.0	469.330810547,38.79775280898876,-123.23299992987312,0.0,0.0,0.0,0.0,0.0,0.0,0.0	237.180328369,38.79775280898876,-123.1363999438985,0.0,0.0,0.0,0.0,0.0,0.0,0.0	269.499786377,38.79775280898876,-123.03979995792388,0.0,0.0,0.0,0.0,0.0,0.0,0.0	525.634643555,38.79775280898876,-122.94319997194926,0.0,0.0,0.0,0.0,0.0,0.0,0.0	723.357116699,38.79775280898876,-122.84659998597462,0.0,0.0,0.0,0.0,0.0,0.0,0.0	1209.111816406,38.79775280898876,-122.75,0.0,0.0,0.0,0.0,0.0,0.0,0.0	676.161682129,38.79775280898876,-122.65340001402538,0.0,0.0,0.0,0.0,0.0,0.0,0.0	295.219329834,38.79775280898876,-122.55680002805076,0.0,0.0,0.0,0.0,0.0,0.0,0.0	262.223480225,38.79775280898876,-122.46020004207614,0.0,0.0,0.0,0.0,0.0,0.0,0.0	469.126983643,38.79775280898876,-122.36360005610152,0.0,0.0,0.0,0.0,0.0,0.0,0.0	620.890686035,38.79775280898876,-122.26700007012688,0.0,0.0,0.0,0.0,0.0,0.0,0.0	95.593994141,38.79775280898876,-122.17040008415226,0.0,0.0,0.0,0.0,0.0,0.0,0.0	134.289657593,38.79775280898876,-122.07380009817764,0.0,0.0,0.0,0.0,0.0,0.0,0.0	44.736782074,38.79775280898876,-121.97720011220302,0.0,0.0,0.0,0.0,0.0,0.0,0.0	14.602766037,38.79775280898876,-121.8806001262284,0.0,0.0,0.0,0.0,0.0,0.0,0.0	10.905543327,38.79775280898876,-121.78400014025378,0.0,0.0,0.0,0.0,0.0,0.0,0.0	9.674348831,38.79775280898876,-121.68740015427915,0.0,0.0,0.0,0.0,0.0,0.0,0.0	7.300000191,38.79775280898876,-121.59080016830453,0.0,0.0,0.0,0.0,0.0,0.0,0.0	12.758856773,38.79775280898876,-121.4942001823299,0.0,0.0,0.0,0.0,0.0,0.0,0.0	27.023490906,38.79775280898876,-121.39760019635528,0.0,0.0,0.0,0.0,0.0,0.0,0.0	38.017421722,38.79775280898876,-121.30100021038066,0.0,0.0,0.0,0.0,0.0,0.0,0.0	90.668251038,38.79775280898876,-121.20440022440604,0.0,0.0,0.0,0.0,0.0,0.0,0.0	172.754348755,38.79775280898876,-121.10780023843141,0.0,0.0,0.0,0.0,0.0,0.0,0.0
0.0,38.735955056179776,-124.39077795447142,0.0,0.0,0.0,0.0,0.0,0.0,0.0	0.0,38.735955056179776,-124.29426160420839,0.0,0.0,0.0,0.0,0.0,0.0,0.0	0.0,38.735955056179776,-124.19774525394537,0.0,0.0,0.0,0.0,0.0,0.0,0.0	0.0,38.735955056179776,-124.10122890368234,0.0,0.0,0.0,0.0,0.0,0.0,0.0	0.0,38.735955056179776,-124.00471255341932,0.0,0.0,0.0,0.0,0.0,0.0,0.0	0.0,38.735955056179776,-123.9081962031563,0.0,0.0,0.0,0.0,0.0,0.0,0.0	0.0,38.735955056179776,-123.81167985289326,0.0,0.0,0.0,0.0,0.0,0.0,0.0	0.0,38.735955056179776,-123.71516350263025,0.0,0.0,0.0,0.0,0.0,0.0,0.0	0.0,38.735955056179776,-123.61864715236722,0.0,0.0,0.0,0.0,0.0,0.0,0.0	0.0,38.735955056179776,-123.5221308021042,0.0,0.0,0.0,0.0,0.0,0.0,0.0	240.152145386,38.735955056179776,-123.42561445184117,0.0,0.0,0.0,0.0,0.0,0.0,0.0	343.053924561,38.735955056179776,-123.32909810157814,0.0,0.0,0.0,0.0,0.0,0.0,0.0	408.833892822,38.735955056179776,-123.23258175131512,0.0,0.0,0.0,0.0,0.0,0.0,0.0	320.005523682,38.735955056179776,-123.1360654010521,0.0,0.0,0.0,0.0,0.0,0.0,0.0	271.587402344,38.735955056179776,-123.03954905078908,0.0,0.0,0.0,0.0,0.0,0.0,0.0	73.189361572,38.735955056179776,-122.94303270052605,0.0,0.0,0.0,0.0,0.0,0.0,0.0	554.565917969,38.735955056179776,-122.84651635026302,0.0,0.0,0.0,0.0,0.0,0.0,0.0	689.867004395,38.735955056179776,-122.75,0.0,0.0,0.0,0.0,0.0,0.0,0.0	407.827056885,38.735955056179776,-122.65348364973697,0.0,0.0,0.0,0.0,0.0,0.0,0.0	340.264801025,38.735955056179776,-122.55696729947395,0.0,0.0,0.0,0.0,0.0,0.0,0.0	353.561096191,38.735955056179776,-122.46045094921092,0.0,0.0,0.0,0.0,0.0,0.0,0.0	460.171783447,38.735955056179776,-122.3639345989479,0.0,0.0,0.0,0.0,0.0,0.0,0.0	323.485229492,38.735955056179776,-122.26741824868488,0.0,0.0,0.0,0.0,0.0,0.0,0.0	142.226211548,38.735955056179776,-122.17090189842185,0.0,0.0,0.0,0.0,0.0,0.0,0.0	191.001052856,38.735955056179776,-122.07438554815883,0.0,0.0,0.0,0.0,0.0,0.0,0.0	51.325332642,38.735955056179776,-121.9778691978958,0.0,0.0,0.0,0.0,0.0,0.0,0.0	62.431259155,38.735955056179776,-121.88135284763278,0.0,0.0,0.0,0.0,0.0,0.0,0.0	18.105028152,38.735955056179776,-121.78483649736975,0.0,0.0,0.0,0.0,0.0,0.0,0.0	8.317523956,38.735955056179776,-121.68832014710672,0.0,0.0,0.0,0.0,0.0,0.0,0.0	6.958536148,38.735955056179776,-121.5918037968437,0.0,0.0,0.0,0.0,0.0,0.0,0.0	7.849538803,38.735955056179776,-121.49528744658068,0.0,0.0,0.0,0.0,0.0,0.0,0.0	29.74323082,38.735955056179776,-121.39877109631766,0.0,0.0,0.0,0.0,0.0,0.0,0.0	40.668148041,38.735955056179776,-121.30225474605463,0.0,0.0,0.0,0.0,0.0,0.0,0.0	92.58228302,38.735955056179776,-121.2057383957916,0.0,0.0,0.0,0.0,0.0,0.0,0.0	121.035072327,38.735955056179776,-121.10922204552858,0.0,0.0,0.0,0.0,0.0,0.0,0.0
0.0,38.67415730337079,-124.38936051268425,0.0,0.0,0.0,0.0,0.0,0.0,0.0	0.0,38.67415730337079,-124.29292754134988,0.0,0.0,0.0,0.0,0.0,0.0,0.0	0.0,38.67415730337079,-124.19649457001552,0.0,0.0,0.0,0.0,0.0,0.0,0.0	0.0,38.67415730337079,-124.10006159868115,0.0,0.0,0.0,0.0,0.0,0.0,0.0	0.0,38.67415730337079,-124.00362862734677,0.0,0.0,0.0,0.0,0.0,0.0,0.0	0.0,38.67415730337079,-123.9071956560124,0.0,0.0,0.0,0.0,0.0,0.0,0.0	0.0,38.67415730337079,-123.81076268467804,0.0,0.0,0.0,0.0,0.0,0.0,0.0	0.0,38.67415730337079,-123.71432971334367,0.0,0.0,0.0,0.0,0.0,0.0,0.0	0.0,38.67415730337079,-123.61789674200931,0.0,0.0,0.0,0.0,0.0,0.0,0.0	0.0,38.67415730337079,-123.52146377067494,0.0,0.0,0.0,0.0,0.0,0.0,0.0	0.157228962,38.67415730337079,-123.42503079934058,0.0,0.0,0.0,0.0,0.0,0.0,0.0	133.064361572,38.67415730337079,-123.32859782800621,0.0,0.0,0.0,0.0,0.0,0.0,0.0	147.026046753,38.67415730337079,-123.23216485667183,0.0,0.0,0.0,0.0,0.0,0.0,0.0	651.405395508,38.67415730337079,-123.13573188533746,0.0,0.0,0.0,0.0,0.0,0.0,0.0	501.587402344,38.67415730337079,-123.0392989140031,0.0,0.0,0.0,0.0,0.0,0.0,0.0	42.683227539,38.67415730337079,-122.94286594266873,0.0,0.0,0.0,0.0,0.0,0.0,0.0	54.886009216,38.67415730337079,-122.84643297133437,0.0,0.0,0.0,0.0,0.0,0.0,0.0	176.737365723,38.67415730337079,-122.75,0.0,0.0,0.0,0.0,0.0,0.0,0.0	772.477661133,38.67415730337079,-122.65356702866563,0.0,0.0,0.0,0.0,0.0,0.0,0.0	725.162109375,38.67415730337079,-122.55713405733127,0.0,0.0,0.0,0.0,0.0,0.0,0.0	322.446044922,38.67415730337079,-122.46070108599689,0.0,0.0,0.0,0.0,0.0,0.0,0.0	381.091186523,38.67415730337079,-122.36426811466252,0.0,0.0,0.0,0.0,0.0,0.0,0.0	129.100006104,38.67415730337079,-122.26783514332816,0.0,0.0,0.0,0.0,0.0,0.0,0.0	609.493835449,38.67415730337079,-122.17140217199379,0.0,0.0,0.0,0.0,0.0,0.0,0.0	109.414955139,38.67415730337079,-122.07496920065942,0.0,0.0,0.0,0.0,0.0,0.0,0.0	49.03868866,38.67415730337079,-121.97853622932506,0.0,0.0,0.0,0.0,0.0,0.0,0.0	37.518081665,38.67415730337079,-121.88210325799069,0.0,0.0,0.0,0.0,0.0,0.0,0.0	21.87179184,38.67415730337079,-121.78567028665633,0.0,0.0,0.0,0.0,0.0,0.0,0.0	7.408074856,38.67415730337079,-121.68923731532195,0.0,0.0,0.0,0.0,0.0,0.0,0.0	4.159263611,38.67415730337079,-121.59280434398758,0.0,0.0,0.0,0.0,0.0,0.0,0.0	4.609809399,38.67415730337079,-121.49637137265321,0.0,0.0,0.0,0.0,0.0,0.0,0.0	21.672262192,38.67415730337079,-121.39993840131885,0.0,0.0,0.0,0.0,0.0,0.0,0.0	42.070034027,38.67415730337079,-121.30350542998448,0.0,0.0,0.0,0.0,0.0,0.0,0.0	76.053451538,38.67415730337079,-121.20707245865012,0.0,0.0,0.0,0.0,0.0,0.0,0.0	120.030311584,38.67415730337079,-121.11063948731575,0.0,0.0,0.0,0.0,0.0,0.0,0.0
0.0,38.6123595505618,-124.38794742160985,0.0,0.0,0.0,0.0,0.0,0.0,0.0	0.0,38.6123595505618,-124.29159757327986,0.0,0.0,0.0,0.0,0.0,0.0,0.0	0.0,38.6123595505618,-124.19524772494987,0.0,0.0,0.0,0.0,0.0,0.0,0.0	0.0,38.6123595505618,-124.09889787661987,0.0,0.0,0.0,0.0,0.0,0.0,0.0	0.0,38.6123595505618,-124.00254802828988,0.0,0.0,0.0,0.0,0.0,0.0,0.0	0.0,38.6123595505618,-123.90619817995989,0.0,0.0,0.0,0.0,0.0,0.0,0.0	0.0,38.6123595505618,-123.80984833162991,0.0,0.0,0.0,0.0,0.0,0.0,0.0	0.0,38.6123595505618,-123.71349848329992,0.0,0.0,0.0,0.0,0.0,0.0,0.0	0.0,38.6123595505618,-123.61714863496992,0.0,0.0,0.0,0.0,0.0,0.0,0.0	0.0,38.6123595505618,-123.52079878663993,0.0,0.0,0.0,0.0,0.0,0.0,0.0	0.0,38.6123595505618,-123.42444893830994,0.0,0.0,0.0,0.0,0.0,0.0,0.0	122.206207275,38.6123595505618,-123.32809908997994,0.0,0.0,0.0,0.0,0.0,0.0,0.0	433.081878662,38.6123595505618,-123.23174924164995,0.0,0.0,0.0,0.0,0.0,0.0,0.0	207.560195923,38.6123595505618,-123.13539939331996,0.0,0.0,0.0,0.0,0.0,0.0,0.0	520.58392334,38.6123595505618,-123.03904954498996,0.0,0.0,0.0,0.0,0.0,0.0,0.0	207.04284668,38.6123595505618,-122.94269969665997,0.0,0.0,0.0,0.0,0.0,0.0,0.0	59.338954926,38.6123595505618,-122.84634984832998,0.0,0.0,0.0,0.0,0.0,0.0,0.0	60.730293274,38.6123595505618,-122.75,0.0,0.0,0.0,0.0,0.0,0.0,0.0	187.310531616,38.6123595505618,-122.65365015167,0.0,0.0,0.0,0.0,0.0,0.0,0.0	546.891052246,38.6123595505618,-122.55730030334001,0.0,0.0,0.0,0.0,0.0,0.0,0.0	381.119415283,38.6123595505618,-122.46095045501002,0.0,0.0,0.0,0.0,0.0,0.0,0.0	181.63999939,38.6123595505618,-122.36460060668003,0.0,0.0,0.0,0.0,0.0,0.0,0.0	129.100006104,38.6123595505618,-122.26825075835004,0.0,0.0,0.0,0.0,0.0,0.0,0.0	587.073608398,38.6123595505618,-122.17190091002004,0.0,0.0,0.0,0.0,0.0,0.0,0.0	217.223144531,38.6123595505618,-122.07555106169005,0.0,0.0,0.0,0.0,0.0,0.0,0.0	50.242931366,38.6123595505618,-121.97920121336006,0.0,0.0,0.0,0.0,0.0,0.0,0.0	32.31974411,38.6123595505618,-121.88285136503006,0.0,0.0,0.0,0.0,0.0,0.0,0.0	18.285196304,38.6123595505618,-121.78650151670007,0.0,0.0,0.0,0.0,0.0,0.0,0.0	7.599366665,38.6123595505618,-121.69015166837009,0.0,0.0,0.0,0.0,0.0,0.0,0.0	4.040884495,38.6123595505618,-121.5938018200401,0.0,0.0,0.0,0.0,0.0,0.0,0.0	5.33443594,38.6123595505618,-121.4974519717101,0.0,0.0,0.0,0.0,0.0,0.0,0.0	17.675319672,38.6123595505618,-121.40110212338011,0.0,0.0,0.0,0.0,0.0,0.0,0.0	14.494161606,38.6123595505618,-121.30475227505012,0.0,0.0,0.0,0.0,0.0,0.0,0.0	63.419429779,38.6123595505618,-121.20840242672013,0.0,0.0,0.0,0.0,0.0,0.0,0.0	117.54825592,38.6123595505618,-121.11205257839013,0.0,0.0,0.0,0.0,0.0,0.0,0.0
0.0,38.550561797752806,-124.38653866672377,0.0,0.0,0.0,0.0,0.0,0.0,0.0	0.0,38.550561797752806,-124.29027168632825,0.0,0.0,0.0,0.0,0.0,0.0,0.0	0.0,38.550561797752806,-124.19400470593274,0.0,0.0,0.0,0.0,0.0,0.0,0.0	0.0,38.550561797752806,-124.09773772553721,0.0,0.0,0.0,0.0,0.0,0.0,0.0	0.0,38.550561797752806,-124.0014707451417,0.0,0.0,0.0,0.0,0.0,0.0,0.0	0.0,38.550561797752806,-123.90520376474619,0.0,0.0,0.0,0.0,0.0,0.0,0.0	0.0,38.550561797752806,-123.80893678435068,0.0,0.0,0.0,0.0,0.0,0.0,0.0	0.0,38.550561797752806,-123.71266980395515,0.0,0.0,0.0,0.0,0.0,0.0,0.0	0.0,38.550561797752806,-123.61640282355964,0.0,0.0,0.0,0.0,0.0,0.0,0.0	0.0,38.550561797752806,-123.52013584316413,0.0,0.0,0.0,0.0,0.0,0.0,0.0	0.0,38.550561797752806,-123.42386886276861,0.0,0.0,0.0,0.0,0.0,0.0,0.0	0.0,38.550561797752806,-123.3276018823731,0.0,0.0,0.0,0.0,0.0,0.0,0.0	412.30670166,38.550561797752806,-123.23133490197758,0.0,0.0,0.0,0.0,0.0,0.0,0.0	322.129241943,38.550561797752806,-123.13506792158206,0.0,0.0,0.0,0.0,0.0,0.0,0.0	159.505447388,38.550561797752806,-123.03880094118655,0.0,0.0,0.0,0.0,0.0,0.0,0.0	259.762756348,38.550561797752806,-122.94253396079104,0.0,0.0,0.0,0.0,0.0,0.0,0.0	31.643507004,38.550561797752806,-122.84626698039553,0.0,0.0,0.0,0.0,0.0,0.0,0.0	194.231170654,38.550561797752806,-122.75,0.0,0.0,0.0,0.0,0.0,0.0,0.0	376.502441406,38.550561797752806,-122.65373301960449,0.0,0.0,0.0,0.0,0.0,0.0,0.0	386.119598389,38.550561797752806,-122.55746603920898,0.0,0.0,0.0,0.0,0.0,0.0,0.0	412.618530273,38.550561797752806,-122.46119905881346,0.0,0.0,0.0,0.0,0.0,0.0,0.0	427.464447021,38.550561797752806,-122.36493207841794,0.0,0.0,0.0,0.0,0.0,0.0,0.0	696.69744873,38.550561797752806,-122.26866509802242,0.0,0.0,0.0,0.0,0.0,0.0,0.0	129.100006104,38.550561797752806,-122.17239811762691,0.0,0.0,0.0,0.0,0.0,0.0,0.0	551.262573242,38.550561797752806,-122.0761311372314,0.0,0.0,0.0,0.0,0.0,0.0,0.0	44.92988205,38.550561797752806,-121.97986415683589,0.0,0.0,0.0,0.0,0.0,0.0,0.0	30.893592834,38.550561797752806,-121.88359717644036,0.0,0.0,0.0,0.0,0.0,0.0,0.0	17.41012764,38.550561797752806,-121.78733019604485,0.0,0.0,0.0,0.0,0.0,0.0,0.0	9.261534691,38.550561797752806,-121.69106321564934,0.0,0.0,0.0,0.0,0.0,0.0,0.0	3.539999962,38.550561797752806,-121.59479623525382,0.0,0.0,0.0,0.0,0.0,0.0,0.0	4.46877718,38.550561797752806,-121.49852925485831,0.0,0.0,0.0,0.0,0.0,0.0,0.0	13.129885674,38.550561797752806,-121.40226227446279,0.0,0.0,0.0,0.0,0.0,0.0,0.0	23.507476807,38.550561797752806,-121.30599529406727,0.0,0.0,0.0,0.0,0.0,0.0,0.0	58.024772644,38.550561797752806,-121.20972831367176,0.0,0.0,0.0,0.0,0.0,0.0,0.0	58.802886963,38.550561797752806,-121.11346133327625,0.0,0.0,0.0,0.0,0.0,0.0,0.0
0.0,38.48876404494382,-124.3851342335738,0.0,0.0,0.0,0.0,0.0,0.0,0.0	0.0,38.48876404494382,-124.28894986689298,0.0,0.0,0.0,0.0,0.0,0.0,0.0	0.0,38.48876404494382,-124.19276550021218,0.0,0.0,0.0,0.0,0.0,0.0,0.0	0.0,38.48876404494382,-124.09658113353136,0.0,0.0,0.0,0.0,0.0,0.0,0.0	0.0,38.48876404494382,-124.00039676685054,0.0,0.0,0.0,0.0,0.0,0.0,0.0	0.0,38.48876404494382,-123.90421240016974,0.0,0.0,0.0,0.0,0.0,0.0,0.0	0.0,38.48876404494382,-123.80802803348892,0.0,0.0,0.0,0.0,0.0,0.0,0.0	0.0,38.48876404494382,-123.71184366680811,0.0,0.0,0.0,0.0,0.0,0.0,0.0	0.0,38.48876404494382,-123.6156593001273,0.0,0.0,0.0,0.0,0.0,0.0,0.0	0.0,38.48876404494382,-123.51947493344649,0.0,0.0,0.0,0.0,0.0,0.0,0.0	0.0,38.48876404494382,-123.42329056676567,0.0,0.0,0.0,0.0,0.0,0.0,0.0	0.0,38.48876404494382,-123.32710620008487,0.0,0.0,0.0,0.0,0.0,0.0,0.0	0.0,38.48876404494382,-123.23092183340405,0.0,0.0,0.0,0.0,0.0,0.0,0.0	141.517227173,38.48876404494382,-123.13473746672324,0.0,0.0,0.0,0.0,0.0,0.0,0.0	295.736358643,38.48876404494382,-123.03855310004244,0.0,0.0,0.0,0.0,0.0,0.0,0.0	131.311721802,38.48876404494382,-122.94236873336162,0.0,0.0,0.0,0.0,0.0,0.0,0.0	41.124015808,38.48876404494382,-122.84618436668082,0.0,0.0,0.0,0.0,0.0,0.0,0.0	46.802360535,38.48876404494382,-122.75,0.0,0.0,0.0,0.0,0.0,0.0,0.0	269.218688965,38.48876404494382,-122.65381563331918,0.0,0.0,0.0,0.0,0.0,0.0,0.0	312.691345215,38.48876404494382,-122.55763126663838,0.0,0.0,0.0,0.0,0.0,0.0,0.0	75.17666626,38.48876404494382,-122.46144689995756,0.0,0.0,0.0,0.0,0.0,0.0,0.0	104.847206116,38.48876404494382,-122.36526253327675,0.0,0.0,0.0,0.0,0.0,0.0,0.0	544.348144531,38.48876404494382,-122.26907816659595,0.0,0.0,0.0,0.0,0.0,0.0,0.0	358.457061768,38.48876404494382,-122.17289379991513,0.0,0.0,0.0,0.0,0.0,0.0,0.0	582.61340332,38.48876404494382,-122.07670943323431,0.0,0.0,0.0,0.0,0.0,0.0,0.0	43.536586761,38.48876404494382,-121.98052506655351,0.0,0.0,0.0,0.0,0.0,0.0,0.0	28.643325806,38.48876404494382,-121.8843406998727,0.0,0.0,0.0,0.0,0.0,0.0,0.0	16.957269669,38.48876404494382,-121.78815633319188,0.0,0.0,0.0,0.0,0.0,0.0,0.0	9.283463478,38.48876404494382,-121.69197196651108,0.0,0.0,0.0,0.0,0.0,0.0,0.0	2.74000001,38.48876404494382,-121.59578759983026,0.0,0.0,0.0,0.0,0.0,0.0,0.0	5.3667202,38.48876404494382,-121.49960323314944,0.0,0.0,0.0,0.0,0.0,0.0,0.0	10.825332642,38.48876404494382,-121.40341886646864,0.0,0.0,0.0,0.0,0.0,0.0,0.0	29.485773087,38.48876404494382,-121.30723449978782,0.0,0.0,0.0,0.0,0.0,0.0,0.0	42.566158295,38.48876404494382,-121.21105013310701,0.0,0.0,0.0,0.0,0.0,0.0,0.0	40.490089417,38.48876404494382,-121.1148657664262,0.0,0.0,0.0,0.0,0.0,0.0,0.0
0.0,38.426966292134836,-124.38373410777969,0.0,0.0,0.0,0.0,0.0,0.0,0.0	0.0,38.426966292134836,-124.28763210143971,0.0,0.0,0.0,0.0,0.0,0.0,0.0	0.0,38.426966292134836,-124.19153009509972,0.0,0.0,0.0,0.0,0.0,0.0,0.0	0.0,38.426966292134836,-124.09542808875975,0.0,0.0,0.0,0.0,0.0,0.0,0.0	0.0,38.426966292134836,-123.99932608241976,0.0,0.0,0.0,0.0,0.0,0.0,0.0	0.0,38.426966292134836,-123.90322407607978,0.0,0.0,0.0,0.0,0.0,0.0,0.0	0.0,38.426966292134836,-123.8071220697398,0.0,0.0,0.0,0.0,0.0,0.0,0.0	0.0,38.426966292134836,-123.71102006339981,0.0,0.0,0.0,0.0,0.0,0.0,0.0	0.0,38.426966292134836,-123.61491805705984,0.0,0.0,0.0,0.0,0.0,0.0,0.0	0.0,38.426966292134836,-123.51881605071985,0.0,0.0,0.0,0.0,0.0,0.0,0.0	0.0,38.426966292134836,-123.42271404437987,0.0,0.0,0.0,0.0,0.0,0.0,0.0	0.0,38.426966292134836,-123.3266120380399,0.0,0.0,0.0,0.0,0.0,0.0,0.0	-80.07019043,38.426966292134836,-123.23051003169991,0.0,0.0,0.0,0.0,0.0,0.0,0.0	-19.003156662,38.426966292134836,-123.13440802535993,0.0,0.0,0.0,0.0,0.0,0.0,0.0	132.494979858,38.426966292134836,-123.03830601901994,0.0,0.0,0.0,0.0,0.0,0.0,0.0	201.238265991,38.426966292134836,-122.94220401267997,0.0,0.0,0.0,0.0,0.0,0.0,0.0	60.109745026,38.426966292134836,-122.84610200633999,0.0,0.0,0.0,0.0,0.0,0.0,0.0	35.073787689,38.426966292134836,-122.75,0.0,0.0,0.0,0.0,0.0,0.0,0.0	108.540267944,38.426966292134836,-122.65389799366002,0.0,0.0,0.0,0.0,0.0,0.0,0.0	136.034255981,38.426966292134836,-122.55779598732003,0.0,0.0,0.0,0.0,0.0,0.0,0.0	399.182220459,38.426966292134836,-122.46169398098006,0.0,0.0,0.0,0.0,0.0,0.0,0.0	33.355323792,38.426966292134836,-122.36559197464008,0.0,0.0,0.0,0.0,0.0,0.0,0.0	447.814575195,38.426966292134836,-122.26948996830009,0.0,0.0,0.0,0.0,0.0,0.0,0.0	485.019012451,38.426966292134836,-122.17338796196012,0.0,0.0,0.0,0.0,0.0,0.0,0.0	389.864471436,38.426966292134836,-122.07728595562013,0.0,0.0,0.0,0.0,0.0,0.0,0.0	54.242870331,38.426966292134836,-121.98118394928015,0.0,0.0,0.0,0.0,0.0,0.0,0.0	22.946289062,38.426966292134836,-121.88508194294018,0.0,0.0,0.0,0.0,0.0,0.0,0.0	13.341146469,38.426966292134836,-121.78897993660019,0.0,0.0,0.0,0.0,0.0,0.0,0.0	6.394688606,38.426966292134836,-121.69287793026021,0.0,0.0,0.0,0.0,0.0,0.0,0.0	1.385312438,38.426966292134836,-121.59677592392022,0.0,0.0,0.0,0.0,0.0,0.0,0.0	0.74000001,38.426966292134836,-121.50067391758024,0.0,0.0,0.0,0.0,0.0,0.0,0.0	6.200980186,38.426966292134836,-121.40457191124027,0.0,0.0,0.0,0.0,0.0,0.0,0.0	21.301021576,38.426966292134836,-121.30846990490028,0.0,0.0,0.0,0.0,0.0,0.0,0.0	28.863918304,38.426966292134836,-121.2123678985603,0.0,0.0,0.0,0.0,0.0,0.0,0.0	59.487686157,38.426966292134836,-121.11626589222031,0.0,0.0,0.0,0.0,0.0,0.0,0.0
0.0,38.36516853932584,-124.38233827503261,0.0,0.0,0.0,0.0,0.0,0.0,0.0	0.0,38.36516853932584,-124.28631837650128,0.0,0.0,0.0,0.0,0.0,0.0,0.0	0.0,38.36516853932584,-124.19029847796995,0.0,0.0,0.0,0.0,0.0,0.0,0.0	0.0,38.36516853932584,-124.09427857943862,0.0,0.0,0.0,0.0,0.0,0.0,0.0	0.0,38.36516853932584,-123.99825868090728,0.0,0.0,0.0,0.0,0.0,0.0,0.0	0.0,38.36516853932584,-123.90223878237596,0.0,0.0,0.0,0.0,0.0,0.0,0.0	0.0,38.36516853932584,-123.80621888384462,0.0,0.0,0.0,0.0,0.0,0.0,0.0	0.0,38.36516853932584,-123.7101989853133,0.0,0.0,0.0,0.0,0.0,0.0,0.0	0.0,38.36516853932584,-123.61417908678197,0.0,0.0,0.0,0.0,0.0,0.0,0.0	0.0,38.36516853932584,-123.51815918825064,0.0,0.0,0.0,0.0,0.0,0.0,0.0	0.0,38.36516853932584,-123.42213928971931,0.0,0.0,0.0,0.0,0.0,0.0,0.0	0.0,38.36516853932584,-123.32611939118797,0.0,0.0,0.0,0.0,0.0,0.0,0.0	-91.232421875,38.36516853932584,-123.23009949265665,0.0,0.0,0.0,0.0,0.0,0.0,0.0	-65.747192383,38.36516853932584,-123.13407959412531,0.0,0.0,0.0,0.0,0.0,0.0,0.0	124.639793396,38.36516853932584,-123.03805969559399,0.0,0.0,0.0,0.0,0.0,0.0,0.0	134.156051636,38.36516853932584,-122.94203979706265,0.0,0.0,0.0,0.0,0.0,0.0,0.0	146.991027832,38.36516853932584,-122.84601989853132,0.0,0.0,0.0,0.0,0.0,0.0,0.0	27.647722244,38.36516853932584,-122.75,0.0,0.0,0.0,0.0,0.0,0.0,0.0	77.306144714,38.36516853932584,-122.65398010146866,0.0,0.0,0.0,0.0,0.0,0.0,0.0	200.275482178,38.36516853932584,-122.55796020293734,0.0,0.0,0.0,0.0,0.0,0.0,0.0	512.808898926,38.36516853932584,-122.461940304406,0.0,0.0,0.0,0.0,0.0,0.0,0.0	299.132843018,38.36516853932584,-122.36592040587468,0.0,0.0,0.0,0.0,0.0,0.0,0.0	73.772789001,38.36516853932584,-122.26990050734334,0.0,0.0,0.0,0.0,0.0,0.0,0.0	163.713241577,38.36516853932584,-122.17388060881201,0.0,0.0,0.0,0.0,0.0,0.0,0.0	637.11907959,38.36516853932584,-122.07786071028069,0.0,0.0,0.0,0.0,0.0,0.0,0.0	50.320812225,38.36516853932584,-121.98184081174935,0.0,0.0,0.0,0.0,0.0,0.0,0.0	18.260505676,38.36516853932584,-121.88582091321803,0.0,0.0,0.0,0.0,0.0,0.0,0.0	9.207343102,38.36516853932584,-121.78980101468669,0.0,0.0,0.0,0.0,0.0,0.0,0.0	4.4545331,38.36516853932584,-121.69378111615536,0.0,0.0,0.0,0.0,0.0,0.0,0.0	0.830313265,38.36516853932584,-121.59776121762403,0.0,0.0,0.0,0.0,0.0,0.0,0.0	2.46843648,38.36516853932584,-121.5017413190927,0.0,0.0,0.0,0.0,0.0,0.0,0.0	9.304097176,38.36516853932584,-121.40572142056138,0.0,0.0,0.0,0.0,0.0,0.0,0.0	16.480178833,38.36516853932584,-121.30970152203004,0.0,0.0,0.0,0.0,0.0,0.0,0.0	27.415477753,38.36516853932584,-121.21368162349872,0.0,0.0,0.0,0.0,0.0,0.0,0.0	58.380298615,38.36516853932584,-121.11766172496738,0.0,0.0,0.0,0.0,0.0,0.0,0.0
0.0,38.30337078651685,-124.38094672109482,0.0,0.0,0.0,0.0,0.0,0.0,0.0	0.0,38.30337078651685,-124.28500867867747,0.0,0.0,0.0,0.0,0.0,0.0,0.0	0.0,38.30337078651685,-124.18907063626013,0.0,0.0,0.0,0.0,0.0,0.0,0.0	0.0,38.30337078651685,-124.0931325938428,0.0,0.0,0.0,0.0,0.0,0.0,0.0	0.0,38.30337078651685,-123.99719455142545,0.0,0.0,0.0,0.0,0.0,0.0,0.0	0.0,38.30337078651685,-123.9012565090081,0.0,0.0,0.0,0.0,0.0,0.0,0.0	0.0,38.30337078651685,-123.80531846659076,0.0,0.0,0.0,0.0,0.0,0.0,0.0	0.0,38.30337078651685,-123.70938042417342,0.0,0.0,0.0,0.0,0.0,0.0,0.0	0.0,38.30337078651685,-123.61344238175607,0.0,0.0,0.0,0.0,0.0,0.0,0.0	0.0,38.30337078651685,-123.51750433933874,0.0,0.0,0.0,0.0,0.0,0.0,0.0	0.0,38.30337078651685,-123.4215662969214,0.0,0.0,0.0,0.0,0.0,0.0,0.0	0.0,38.30337078651685,-123.32562825450405,0.0,0.0,0.0,0.0,0.0,0.0,0.0	-96.889640808,38.30337078651685,-123.22969021208671,0.0,0.0,0.0,0.0,0.0,0.0,0.0	-80.723617554,38.30337078651685,-123.13375216966936,0.0,0.0,0.0,0.0,0.0,0.0,0.0	-11.29240799,38.30337078651685,-123.03781412725203,0.0,0.0,0.0,0.0,0.0,0.0,0.0	28.502529144,38.30337078651685,-122.94187608483469,0.0,0.0,0.0,0.0,0.0,0.0,0.0	43.289974213,38.30337078651685,-122.84593804241734,0.0,0.0,0.0,0.0,0.0,0.0,0.0	148.44190979,38.30337078651685,-122.75,0.0,0.0,0.0,0.0,0.0,0.0,0.0	37.158798218,38.30337078651685,-122.65406195758266,0.0,0.0,0.0,0.0,0.0,0.0,0.0	552.118652344,38.30337078651685,-122.55812391516533,0.0,0.0,0.0,0.0,0.0,0.0,0.0	94.050354004,38.30337078651685,-122.46218587274798,0.0,0.0,0.0,0.0,0.0,0.0,0.0	222.987640381,38.30337078651685,-122.36624783033064,0.0,0.0,0.0,0.0,0.0,0.0,0.0	45.307472229,38.30337078651685,-122.27030978791329,0.0,0.0,0.0,0.0,0.0,0.0,0.0	497.919372559,38.30337078651685,-122.17437174549595,0.0,0.0,0.0,0.0,0.0,0.0,0.0	96.106147766,38.30337078651685,-122.0784337030786,0.0,0.0,0.0,0.0,0.0,0.0,0.0	84.489898682,38.30337078651685,-121.98249566066127,0.0,0.0,0.0,0.0,0.0,0.0,0.0	14.329658508,38.30337078651685,-121.88655761824393,0.0,0.0,0.0,0.0,0.0,0.0,0.0	5.38461256,38.30337078651685,-121.79061957582658,0.0,0.0,0.0,0.0,0.0,0.0,0.0	1.230626464,38.30337078651685,-121.69468153340924,0.0,0.0,0.0,0.0,0.0,0.0,0.0	3.087967634,38.30337078651685,-121.5987434909919,0.0,0.0,0.0,0.0,0.0,0.0,0.0	0.86859417,38.30337078651685,-121.50280544857456,0.0,0.0,0.0,0.0,0.0,0.0,0.0	6.48957777,38.30337078651685,-121.40686740615722,0.0,0.0,0.0,0.0,0.0,0.0,0.0	13.410367012,38.30337078651685,-121.31092936373987,0.0,0.0,0.0,0.0,0.0,0.0,0.0	24.172176361,38.30337078651685,-121.21499132132253,0.0,0.0,0.0,0.0,0.0,0.0,0.0	61.341121674,38.30337078651685,-121.11905327890518,0.0,0.0,0.0,0.0,0.0,0.0,0.0
0.0,38.241573033707866,-124.37955943179914,0.0,0.0,0.0,0.0,0.0,0.0,0.0	0.0,38.241573033707866,-124.28370299463448,0.0,0.0,0.0,0.0,0.0,0.0,0.0	0.0,38.241573033707866,-124.18784655746983,0.0,0.0,0.0,0.0,0.0,0.0,0.0	0.0,38.241573033707866,-124.09199012030517,0.0,0.0,0.0,0.0,0.0,0.0,0.0	0.0,38.241573033707866,-123.99613368314051,0.0,0.0,0.0,0.0,0.0,0.0,0.0	0.0,38.241573033707866,-123.90027724597586,0.0,0.0,0.0,0.0,0.0,0.0,0.0	0.0,38.241573033707866,-123.8044208088112,0.0,0.0,0.0,0.0,0.0,0.0,0.0	0.0,38.241573033707866,-123.70856437164656,0.0,0.0,0.0,0.0,0.0,0.0,0.0	0.0,38.241573033707866,-123.6127079344819,0.0,0.0,0.0,0.0,0.0,0.0,0.0	0.0,38.241573033707866,-123.51685149731725,0.0,0.0,0.0,0.0,0.0,0.0,0.0	0.0,38.241573033707866,-123.42099506015259,0.0,0.0,0.0,0.0,0.0,0.0,0.0	0.0,38.241573033707866,-123.32513862298794,0.0,0.0,0.0,0.0,0.0,0.0,0.0	-100.434143066,38.241573033707866,-123.22928218582328,0.0,0.0,0.0,0.0,0.0,0.0,0.0	-85.728103638,38.241573033707866,-123.13342574865862,0.0,0.0,0.0,0.0,0.0,0.0,0.0	-57.12946701,38.241573033707866,-123.03756931149397,0.0,0.0,0.0,0.0,0.0,0.0,0.0	144.086135864,38.241573033707866,-122.94171287432931,0.0,0.0,0.0,0.0,0.0,0.0,0.0	130.013183594,38.241573033707866,-122.84585643716466,0.0,0.0,0.0,0.0,0.0,0.0,0.0	89.577339172,38.241573033707866,-122.75,0.0,0.0,0.0,0.0,0.0,0.0,0.0	35.656528473,38.241573033707866,-122.65414356283534,0.0,0.0,0.0,0.0,0.0,0.0,0.0	65.6876297,38.241573033707866,-122.55828712567069,0.0,0.0,0.0,0.0,0.0,0.0,0.0	8.71914196,38.241573033707866,-122.46243068850603,0.0,0.0,0.0,0.0,0.0,0.0,0.0	52.91178894,38.241573033707866,-122.36657425134139,0.0,0.0,0.0,0.0,0.0,0.0,0.0	20.401760101,38.241573033707866,-122.27071781417673,0.0,0.0,0.0,0.0,0.0,0.0,0.0	83.024436951,38.241573033707866,-122.17486137701208,0.0,0.0,0.0,0.0,0.0,0.0,0.0	9.532862663,38.241573033707866,-122.07900493984742,0.0,0.0,0.0,0.0,0.0,0.0,0.0	4.26976347,38.241573033707866,-121.98314850268277,0.0,0.0,0.0,0.0,0.0,0.0,0.0	10.258589745,38.241573033707866,-121.88729206551811,0.0,0.0,0.0,0.0,0.0,0.0,0.0	7.220057011,38.241573033707866,-121.79143562835345,0.0,0.0,0.0,0.0,0.0,0.0,0.0	-1.514532447,38.241573033707866,-121.6955791911888,0.0,0.0,0.0,0.0,0.0,0.0,0.0	-0.58093679,38.241573033707866,-121.59972275402414,0.0,0.0,0.0,0.0,0.0,0.0,0.0	0.370468974,38.241573033707866,-121.50386631685949,0.0,0.0,0.0,0.0,0.0,0.0,0.0	3.920469284,38.241573033707866,-121.40800987969483,0.0,0.0,0.0,0.0,0.0,0.0,0.0	13.180807114,38.241573033707866,-121.31215344253017,0.0,0.0,0.0,0.0,0.0,0.0,0.0	23.695051193,38.241573033707866,-121.21629700536552,0.0,0.0,0.0,0.0,0.0,0.0,0.0	48.311222076,38.241573033707866,-121.12044056820088,0.0,0.0,0.0,0.0,0.0,0.0,0.0
0.0,38.17977528089888,-124.37817639304863,0.0,0.0,0.0,0.0,0.0,0.0,0.0	0.0,38.17977528089888,-124.28240131110459,0.0,0.0,0.0,0.0,0.0,0.0,0.0	0.0,38.17977528089888,-124.18662622916055,0.0,0.0,0.0,0.0,0.0,0.0,0.0	0.0,38.17977528089888,-124.09085114721653,0.0,0.0,0.0,0.0,0.0,0.0,0.0	0.0,38.17977528089888,-123.99507606527249,0.0,0.0,0.0,0.0,0.0,0.0,0.0	0.0,38.17977528089888,-123.89930098332844,0.0,0.0,0.0,0.0,0.0,0.0,0.0	0.0,38.17977528089888,-123.8035259013844,0.0,0.0,0.0,0.0,0.0,0.0,0.0	0.0,38.17977528089888,-123.70775081944038,0.0,0.0,0.0,0.0,0.0,0.0,0.0	0.0,38.17977528089888,-123.61197573749634,0.0,0.0,0.0,0.0,0.0,0.0,0.0	0.0,38.17977528089888,-123.5162006555523,0.0,0.0,0.0,0.0,0.0,0.0,0.0	0.0,38.17977528089888,-123.42042557360826,0.0,0.0,0.0,0.0,0.0,0.0,0.0	0.0,38.17977528089888,-123.32465049166422,0.0,0.0,0.0,0.0,0.0,0.0,0.0	-106.149414062,38.17977528089888,-123.22887540972019,0.0,0.0,0.0,0.0,0.0,0.0,0.0	-83.288444519,38.17977528089888,-123.13310032777615,0.0,0.0,0.0,0.0,0.0,0.0,0.0	-70.037368774,38.17977528089888,-123.03732524583211,0.0,0.0,0.0,0.0,0.0,0.0,0.0	191.744613647,38.17977528089888,-122.94155016388807,0.0,0.0,0.0,0.0,0.0,0.0,0.0	197.590621948,38.17977528089888,-122.84577508194404,0.0,0.0,0.0,0.0,0.0,0.0,0.0	257.337463379,38.17977528089888,-122.75,0.0,0.0,0.0,0.0,0.0,0.0,0.0	44.711357117,38.17977528089888,-122.65422491805596,0.0,0.0,0.0,0.0,0.0,0.0,0.0	2.056243181,38.17977528089888,-122.55844983611192,0.0,0.0,0.0,0.0,0.0,0.0,0.0	28.301828384,38.17977528089888,-122.46267475416788,0.0,0.0,0.0,0.0,0.0,0.0,0.0	0.629999995,38.17977528089888,-122.36689967222385,0.0,0.0,0.0,0.0,0.0,0.0,0.0	8.205533981,38.17977528089888,-122.27112459027981,0.0,0.0,0.0,0.0,0.0,0.0,0.0	158.602767944,38.17977528089888,-122.17534950833577,0.0,0.0,0.0,0.0,0.0,0.0,0.0	0.754058182,38.17977528089888,-122.07957442639173,0.0,0.0,0.0,0.0,0.0,0.0,0.0	0.81015569,38.17977528089888,-121.98379934444769,0.0,0.0,0.0,0.0,0.0,0.0,0.0	12.495288849,38.17977528089888,-121.88802426250366,0.0,0.0,0.0,0.0,0.0,0.0,0.0	52.345344543,38.17977528089888,-121.79224918055962,0.0,0.0,0.0,0.0,0.0,0.0,0.0	7.083914757,38.17977528089888,-121.69647409861558,0.0,0.0,0.0,0.0,0.0,0.0,0.0	-3.805625916,38.17977528089888,-121.60069901667154,0.0,0.0,0.0,0.0,0.0,0.0,0.0	-3.368088722,38.17977528089888,-121.50492393472751,0.0,0.0,0.0,0.0,0.0,0.0,0.0	3.285937786,38.17977528089888,-121.40914885278347,0.0,0.0,0.0,0.0,0.0,0.0,0.0	11.862045288,38.17977528089888,-121.31337377083943,0.0,0.0,0.0,0.0,0.0,0.0,0.0	23.787948608,38.17977528089888,-121.2175986888954,0.0,0.0,0.0,0.0,0.0,0.0,0.0	35.687484741,38.17977528089888,-121.12182360695135,0.0,0.0,0.0,0.0,0.0,0.0,0.0
0.0,38.11797752808989,-124.37679759081618,0.0,0.0,0.0,0.0,0.0,0.0,0.0	0.0,38.11797752808989,-124.28110361488582,0.0,0.0,0.0,0.0,0.0,0.0,0.0	0.0,38.11797752808989,-124.18540963895545,0.0,0.0,0.0,0.0,0.0,0.0,0.0	0.0,38.11797752808989,-124.08971566302509,0.0,0.0,0.0,0.0,0.0,0.0,0.0	0.0,38.11797752808989,-123.99402168709473,0.0,0.0,0.0,0.0,0.0,0.0,0.0	0.0,38.11797752808989,-123.89832771116437,0.0,0.0,0.0,0.0,0.0,0.0,0.0	0.0,38.11797752808989,-123.802633735234,0.0,0.0,0.0,0.0,0.0,0.0,0.0	0.0,38.11797752808989,-123.70693975930364,0.0,0.0,0.0,0.0,0.0,0.0,0.0	0.0,38.11797752808989,-123.61124578337328,0.0,0.0,0.0,0.0,0.0,0.0,0.0	0.0,38.11797752808989,-123.5155518074429,0.0,0.0,0.0,0.0,0.0,0.0,0.0	0.0,38.11797752808989,-123.41985783151254,0.0,0.0,0.0,0.0,0.0,0.0,0.0	0.0,38.11797752808989,-123.32416385558219,0.0,0.0,0.0,0.0,0.0,0.0,0.0	-111.703865051,38.11797752808989,-123.22846987965181,0.0,0.0,0.0,0.0,0.0,0.0,0.0	-79.790046692,38.11797752808989,-123.13277590372145,0.0,0.0,0.0,0.0,0.0,0.0,0.0	-65.636657715,38.11797752808989,-123.03708192779109,0.0,0.0,0.0,0.0,0.0,0.0,0.0	51.286991119,38.11797752808989,-122.94138795186073,0.0,0.0,0.0,0.0,0.0,0.0,0.0	88.524505615,38.11797752808989,-122.84569397593036,0.0,0.0,0.0,0.0,0.0,0.0,0.0	179.281814575,38.11797752808989,-122.75,0.0,0.0,0.0,0.0,0.0,0.0,0.0	118.521224976,38.11797752808989,-122.65430602406964,0.0,0.0,0.0,0.0,0.0,0.0,0.0	32.727191925,38.11797752808989,-122.55861204813927,0.0,0.0,0.0,0.0,0.0,0.0,0.0	2.167930841,38.11797752808989,-122.46291807220891,0.0,0.0,0.0,0.0,0.0,0.0,0.0	-0.362536162,38.11797752808989,-122.36722409627855,0.0,0.0,0.0,0.0,0.0,0.0,0.0	8.218867302,38.11797752808989,-122.27153012034817,0.0,0.0,0.0,0.0,0.0,0.0,0.0	184.705215454,38.11797752808989,-122.17583614441781,0.0,0.0,0.0,0.0,0.0,0.0,0.0	2.257038116,38.11797752808989,-122.08014216848746,0.0,0.0,0.0,0.0,0.0,0.0,0.0	1.715468049,38.11797752808989,-121.9844481925571,0.0,0.0,0.0,0.0,0.0,0.0,0.0	1.340000033,38.11797752808989,-121.88875421662672,0.0,0.0,0.0,0.0,0.0,0.0,0.0	59.110904694,38.11797752808989,-121.79306024069636,0.0,0.0,0.0,0.0,0.0,0.0,0.0	1.377053976,38.11797752808989,-121.697366264766,0.0,0.0,0.0,0.0,0.0,0.0,0.0	-5.346230507,38.11797752808989,-121.60167228883563,0.0,0.0,0.0,0.0,0.0,0.0,0.0	1.029999971,38.11797752808989,-121.50597831290527,0.0,0.0,0.0,0.0,0.0,0.0,0.0	1.127812743,38.11797752808989,-121.41028433697491,0.0,0.0,0.0,0.0,0.0,0.0,0.0	10.289840698,38.11797752808989,-121.31459036104455,0.0,0.0,0.0,0.0,0.0,0.0,0.0	19.962137222,38.11797752808989,-121.21889638511418,0.0,0.0,0.0,0.0,0.0,0.0,0.0	32.18536377,38.11797752808989,-121.12320240918382,0.0,0.0,0.0,0.0,0.0,0.0,0.0
0.0,38.056179775280896,-124.37542301114401,0.0,0.0,0.0,0.0,0.0,0.0,0.0	0.0,38.056179775280896,-124.27980989284141,0.0,0.0,0.0,0.0,0.0,0.0,0.0	0.0,38.056179775280896,-124.18419677453883,0.0,0.0,0.0,0.0,0.0,0.0,0.0	0.0,38.056179775280896,-124.08858365623624,0.0,0.0,0.0,0.0,0.0,0.0,0.0	0.0,38.056179775280896,-123.99297053793366,0.0,0.0,0.0,0.0,0.0,0.0,0.0	0.0,38.056179775280896,-123.89735741963106,0.0,0.0,0.0,0.0,0.0,0.0,0.0	0.0,38.056179775280896,-123.80174430132847,0.0,0.0,0.0,0.0,0.0,0.0,0.0	0.0,38.056179775280896,-123.70613118302589,0.0,0.0,0.0,0.0,0.0,0.0,0.0	0.0,38.056179775280896,-123.6105180647233,0.0,0.0,0.0,0.0,0.0,0.0,0.0	0.0,38.056179775280896,-123.51490494642071,0.0,0.0,0.0,0.0,0.0,0.0,0.0	0.0,38.056179775280896,-123.41929182811812,0.0,0.0,0.0,0.0,0.0,0.0,0.0	0.0,38.056179775280896,-123.32367870981552,0.0,0.0,0.0,0.0,0.0,0.0,0.0	-110.653793335,38.056179775280896,-123.22806559151294,0.0,0.0,0.0,0.0,0.0,0.0,0.0	-78.308502197,38.056179775280896,-123.13245247321035,0.0,0.0,0.0,0.0,0.0,0.0,0.0	-58.766204834,38.056179775280896,-123.03683935490776,0.0,0.0,0.0,0.0,0.0,0.0,0.0	0.790041327,38.056179775280896,-122.94122623660517,0.0,0.0,0.0,0.0,0.0,0.0,0.0	223.661880493,38.056179775280896,-122.84561311830258,0.0,0.0,0.0,0.0,0.0,0.0,0.0	193.835983276,38.056179775280896,-122.75,0.0,0.0,0.0,0.0,0.0,0.0,0.0	102.738395691,38.056179775280896,-122.6543868816974,0.0,0.0,0.0,0.0,0.0,0.0,0.0	180.97517395,38.056179775280896,-122.55877376339481,0.0,0.0,0.0,0.0,0.0,0.0,0.0	-1.139999986,38.056179775280896,-122.46316064509223,0.0,0.0,0.0,0.0,0.0,0.0,0.0	-2.351139069,38.056179775280896,-122.36754752678964,0.0,0.0,0.0,0.0,0.0,0.0,0.0	-11.881847382,38.056179775280896,-122.27193440848706,0.0,0.0,0.0,0.0,0.0,0.0,0.0	0.547437012,38.056179775280896,-122.17632129018446,0.0,0.0,0.0,0.0,0.0,0.0,0.0	0.540000021,38.056179775280896,-122.08070817188187,0.0,0.0,0.0,0.0,0.0,0.0,0.0	0.733850062,38.056179775280896,-121.98509505357929,0.0,0.0,0.0,0.0,0.0,0.0,0.0	0.409999996,38.056179775280896,-121.88948193527669,0.0,0.0,0.0,0.0,0.0,0.0,0.0	1.139999986,38.056179775280896,-121.79386881697411,0.0,0.0,0.0,0.0,0.0,0.0,0.0	-1.398436069,38.056179775280896,-121.69825569867152,0.0,0.0,0.0,0.0,0.0,0.0,0.0	0.800000012,38.056179775280896,-121.60264258036892,0.0,0.0,0.0,0.0,0.0,0.0,0.0	-5.126404762,38.056179775280896,-121.50702946206634,0.0,0.0,0.0,0.0,0.0,0.0,0.0	-1.220936656,38.056179775280896,-121.41141634376375,0.0,0.0,0.0,0.0,0.0,0.0,0.0	7.254905701,38.056179775280896,-121.31580322546117,0.0,0.0,0.0,0.0,0.0,0.0,0.0	14.991894722,38.056179775280896,-121.22019010715857,0.0,0.0,0.0,0.0,0.0,0.0,0.0	25.853906631,38.056179775280896,-121.12457698885598,0.0,0.0,0.0,0.0,0.0,0.0,0.0
0.0,37.99438202247191,-124.37405264014336,0.0,0.0,0.0,0.0,0.0,0.0,0.0	0.0,37.99438202247191,-124.27852013189964,0.0,0.0,0.0,0.0,0.0,0.0,0.0	0.0,37.99438202247191,-124.1829876236559,0.0,0.0,0.0,0.0,0.0,0.0,0.0	0.0,37.99438202247191,-124.08745511541218,0.0,0.0,0.0,0.0,0.0,0.0,0.0	0.0,37.99438202247191,-123.99192260716845,0.0,0.0,0.0,0.0,0.0,0.0,0.0	0.0,37.99438202247191,-123.89639009892473,0.0,0.0,0.0,0.0,0.0,0.0,0.0	0.0,37.99438202247191,-123.800857590681,0.0,0.0,0.0,0.0,0.0,0.0,0.0	0.0,37.99438202247191,-123.70532508243727,0.0,0.0,0.0,0.0,0.0,0.0,0.0	0.0,37.99438202247191,-123.60979257419355,0.0,0.0,0.0,0.0,0.0,0.0,0.0	0.0,37.99438202247191,-123.51426006594981,0.0,0.0,0.0,0.0,0.0,0.0,0.0	0.0,37.99438202247191,-123.41872755770609,0.0,0.0,0.0,0.0,0.0,0.0,0.0	0.0,37.99438202247191,-123.32319504946237,0.0,0.0,0.0,0.0,0.0,0.0,0.0	-106.165596008,37.99438202247191,-123.22766254121863,0.0,0.0,0.0,0.0,0.0,0.0,0.0	-82.229866028,37.99438202247191,-123.13213003297491,0.0,0.0,0.0,0.0,0.0,0.0,0.0	-34.78213501,37.99438202247191,-123.03659752473118,0.0,0.0,0.0,0.0,0.0,0.0,0.0	-22.587600708,37.99438202247191,-122.94106501648746,0.0,0.0,0.0,0.0,0.0,0.0,0.0	-28.628030777,37.99438202247191,-122.84553250824374,0.0,0.0,0.0,0.0,0.0,0.0,0.0	78.087486267,37.99438202247191,-122.75,0.0,0.0,0.0,0.0,0.0,0.0,0.0	365.520629883,37.99438202247191,-122.65446749175628,0.0,0.0,0.0,0.0,0.0,0.0,0.0	196.356185913,37.99438202247191,-122.55893498351254,0.0,0.0,0.0,0.0,0.0,0.0,0.0	9.731276512,37.99438202247191,-122.46340247526882,0.0,0.0,0.0,0.0,0.0,0.0,0.0	-0.300000012,37.99438202247191,-122.3678699670251,0.0,0.0,0.0,0.0,0.0,0.0,0.0	143.124938965,37.99438202247191,-122.27233745878137,0.0,0.0,0.0,0.0,0.0,0.0,0.0	218.870758057,37.99438202247191,-122.17680495053764,0.0,0.0,0.0,0.0,0.0,0.0,0.0	52.436218262,37.99438202247191,-122.08127244229391,0.0,0.0,0.0,0.0,0.0,0.0,0.0	45.059314728,37.99438202247191,-121.98573993405019,0.0,0.0,0.0,0.0,0.0,0.0,0.0	79.539733887,37.99438202247191,-121.89020742580647,0.0,0.0,0.0,0.0,0.0,0.0,0.0	39.438747406,37.99438202247191,-121.79467491756273,0.0,0.0,0.0,0.0,0.0,0.0,0.0	4.608438492,37.99438202247191,-121.69914240931901,0.0,0.0,0.0,0.0,0.0,0.0,0.0	-2.537032604,37.99438202247191,-121.60360990107529,0.0,0.0,0.0,0.0,0.0,0.0,0.0	1.894532442,37.99438202247191,-121.50807739283155,0.0,0.0,0.0,0.0,0.0,0.0,0.0	1.139999986,37.99438202247191,-121.41254488458783,0.0,0.0,0.0,0.0,0.0,0.0,0.0	3.965409517,37.99438202247191,-121.3170123763441,0.0,0.0,0.0,0.0,0.0,0.0,0.0	11.83223629,37.99438202247191,-121.22147986810037,0.0,0.0,0.0,0.0,0.0,0.0,0.0	22.279798508,37.99438202247191,-121.12594735985665,0.0,0.0,0.0,0.0,0.0,0.0,0.0
0.0,37.932584269662925,-124.37268646399401,0.0,0.0,0.0,0.0,0.0,0.0,0.0	0.0,37.932584269662925,-124.27723431905319,0.0,0.0,0.0,0.0,0.0,0.0,0.0	0.0,37.932584269662925,-124.18178217411237,0.0,0.0,0.0,0.0,0.0,0.0,0.0	0.0,37.932584269662925,-124.08633002917153,0.0,0.0,0.0,0.0,0.0,0.0,0.0	0.0,37.932584269662925,-123.99087788423071,0.0,0.0,0.0,0.0,0.0,0.0,0.0	0.0,37.932584269662925,-123.89542573928989,0.0,0.0,0.0,0.0,0.0,0.0,0.0	0.0,37.932584269662925,-123.79997359434907,0.0,0.0,0.0,0.0,0.0,0.0,0.0	0.0,37.932584269662925,-123.70452144940825,0.0,0.0,0.0,0.0,0.0,0.0,0.0	0.0,37.932584269662925,-123.60906930446741,0.0,0.0,0.0,0.0,0.0,0.0,0.0	0.0,37.932584269662925,-123.51361715952659,0.0,0.0,0.0,0.0,0.0,0.0,0.0	0.0,37.932584269662925,-123.41816501458577,0.0,0.0,0.0,0.0,0.0,0.0,0.0	0.0,37.932584269662925,-123.32271286964495,0.0,0.0,0.0,0.0,0.0,0.0,0.0	-98.097732544,37.932584269662925,-123.22726072470412,0.0,0.0,0.0,0.0,0.0,0.0,0.0	-92.650382996,37.932584269662925,-123.13180857976329,0.0,0.0,0.0,0.0,0.0,0.0,0.0	-66.035087585,37.932584269662925,-123.03635643482247,0.0,0.0,0.0,0.0,0.0,0.0,0.0	-60.325485229,37.932584269662925,-122.94090428988164,0.0,0.0,0.0,0.0,0.0,0.0,0.0	-44.174835205,37.932584269662925,-122.84545214494082,0.0,0.0,0.0,0.0,0.0,0.0,0.0	31.607349396,37.932584269662925,-122.75,0.0,0.0,0.0,0.0,0.0,0.0,0.0	448.403015137,37.932584269662925,-122.65454785505918,0.0,0.0,0.0,0.0,0.0,0.0,0.0	153.056030273,37.932584269662925,-122.55909571011834,0.0,0.0,0.0,0.0,0.0,0.0,0.0	-4.799499035,37.932584269662925,-122.46364356517752,0.0,0.0,0.0,0.0,0.0,0.0,0.0	5.13424015,37.932584269662925,-122.3681914202367,0.0,0.0,0.0,0.0,0.0,0.0,0.0	251.231338501,37.932584269662925,-122.27273927529588,0.0,0.0,0.0,0.0,0.0,0.0,0.0	223.331695557,37.932584269662925,-122.17728713035505,0.0,0.0,0.0,0.0,0.0,0.0,0.0	37.008712769,37.932584269662925,-122.08183498541422,0.0,0.0,0.0,0.0,0.0,0.0,0.0	281.607086182,37.932584269662925,-121.9863828404734,0.0,0.0,0.0,0.0,0.0,0.0,0.0	391.078948975,37.932584269662925,-121.89093069553257,0.0,0.0,0.0,0.0,0.0,0.0,0.0	90.69947052,37.932584269662925,-121.79547855059175,0.0,0.0,0.0,0.0,0.0,0.0,0.0	23.351400375,37.932584269662925,-121.70002640565093,0.0,0.0,0.0,0.0,0.0,0.0,0.0	0.160315081,37.932584269662925,-121.6045742607101,0.0,0.0,0.0,0.0,0.0,0.0,0.0	-2.979217768,37.932584269662925,-121.50912211576927,0.0,0.0,0.0,0.0,0.0,0.0,0.0	-0.865312994,37.932584269662925,-121.41366997082845,0.0,0.0,0.0,0.0,0.0,0.0,0.0	1.573280096,37.932584269662925,-121.31821782588763,0.0,0.0,0.0,0.0,0.0,0.0,0.0	9.40977478,37.932584269662925,-121.22276568094681,0.0,0.0,0.0,0.0,0.0,0.0,0.0	20.83704567,37.932584269662925,-121.12731353600597,0.0,0.0,0.0,0.0,0.0,0.0,0.0
0.0,37.87078651685393,-124.37132446894398,0.0,0.0,0.0,0.0,0.0,0.0,0.0	0.0,37.87078651685393,-124.27595244135904,0.0,0.0,0.0,0.0,0.0,0.0,0.0	0.0,37.87078651685393,-124.1805804137741,0.0,0.0,0.0,0.0,0.0,0.0,0.0	0.0,37.87078651685393,-124.08520838618917,0.0,0.0,0.0,0.0,0.0,0.0,0.0	0.0,37.87078651685393,-123.98983635860422,0.0,0.0,0.0,0.0,0.0,0.0,0.0	0.0,37.87078651685393,-123.89446433101928,0.0,0.0,0.0,0.0,0.0,0.0,0.0	0.0,37.87078651685393,-123.79909230343434,0.0,0.0,0.0,0.0,0.0,0.0,0.0	0.0,37.87078651685393,-123.7037202758494,0.0,0.0,0.0,0.0,0.0,0.0,0.0	0.0,37.87078651685393,-123.60834824826446,0.0,0.0,0.0,0.0,0.0,0.0,0.0	0.0,37.87078651685393,-123.51297622067952,0.0,0.0,0.0,0.0,0.0,0.0,0.0	0.0,37.87078651685393,-123.41760419309458,0.0,0.0,0.0,0.0,0.0,0.0,0.0	0.0,37.87078651685393,-123.32223216550965,0.0,0.0,0.0,0.0,0.0,0.0,0.0	-98.862930298,37.87078651685393,-123.2268601379247,0.0,0.0,0.0,0.0,0.0,0.0,0.0	-94.21787262,37.87078651685393,-123.13148811033976,0.0,0.0,0.0,0.0,0.0,0.0,0.0	-85.201301575,37.87078651685393,-123.03611608275482,0.0,0.0,0.0,0.0,0.0,0.0,0.0	-70.519859314,37.87078651685393,-122.94074405516989,0.0,0.0,0.0,0.0,0.0,0.0,0.0	-52.845451355,37.87078651685393,-122.84537202758494,0.0,0.0,0.0,0.0,0.0,0.0,0.0	-35.509029388,37.87078651685393,-122.75,0.0,0.0,0.0,0.0,0.0,0.0,0.0	-18.561567307,37.87078651685393,-122.65462797241506,0.0,0.0,0.0,0.0,0.0,0.0,0.0	144.229751587,37.87078651685393,-122.55925594483013,0.0,0.0,0.0,0.0,0.0,0.0,0.0	24.181926727,37.87078651685393,-122.46388391724518,0.0,0.0,0.0,0.0,0.0,0.0,0.0	-2.680743217,37.87078651685393,-122.36851188966024,0.0,0.0,0.0,0.0,0.0,0.0,0.0	49.623474121,37.87078651685393,-122.2731398620753,0.0,0.0,0.0,0.0,0.0,0.0,0.0	171.93132019,37.87078651685393,-122.17776783449037,0.0,0.0,0.0,0.0,0.0,0.0,0.0	140.072982788,37.87078651685393,-122.08239580690542,0.0,0.0,0.0,0.0,0.0,0.0,0.0	248.12109375,37.87078651685393,-121.98702377932048,0.0,0.0,0.0,0.0,0.0,0.0,0.0	457.727203369,37.87078651685393,-121.89165175173554,0.0,0.0,0.0,0.0,0.0,0.0,0.0	316.666503906,37.87078651685393,-121.79627972415061,0.0,0.0,0.0,0.0,0.0,0.0,0.0	43.686798096,37.87078651685393,-121.70090769656566,0.0,0.0,0.0,0.0,0.0,0.0,0.0	1.097968698,37.87078651685393,-121.60553566898072,0.0,0.0,0.0,0.0,0.0,0.0,0.0	-1.445936561,37.87078651685393,-121.51016364139578,0.0,0.0,0.0,0.0,0.0,0.0,0.0	0.634996593,37.87078651685393,-121.41479161381085,0.0,0.0,0.0,0.0,0.0,0.0,0.0	2.589998722,37.87078651685393,-121.3194195862259,0.0,0.0,0.0,0.0,0.0,0.0,0.0	8.746516228,37.87078651685393,-121.22404755864096,0.0,0.0,0.0,0.0,0.0,0.0,0.0	18.031719208,37.87078651685393,-121.12867553105602,0.0,0.0,0.0,0.0,0.0,0.0,0.0
0.0,37.80898876404494,-124.36996664130899,0.0,0.0,0.0,0.0,0.0,0.0,0.0	0.0,37.80898876404494,-124.27467448593788,0.0,0.0,0.0,0.0,0.0,0.0,0.0	0.0,37.80898876404494,-124.17938233056675,0.0,0.0,0.0,0.0,0.0,0.0,0.0	0.0,37.80898876404494,-124.08409017519564,0.0,0.0,0.0,0.0,0.0,0.0,0.0	0.0,37.80898876404494,-123.98879801982451,0.0,0.0,0.0,0.0,0.0,0.0,0.0	0.0,37.80898876404494,-123.8935058644534,0.0,0.0,0.0,0.0,0.0,0.0,0.0	0.0,37.80898876404494,-123.79821370908229,0.0,0.0,0.0,0.0,0.0,0.0,0.0	0.0,37.80898876404494,-123.70292155371116,0.0,0.0,0.0,0.0,0.0,0.0,0.0	0.0,37.80898876404494,-123.60762939834005,0.0,0.0,0.0,0.0,0.0,0.0,0.0	0.0,37.80898876404494,-123.51233724296894,0.0,0.0,0.0,0.0,0.0,0.0,0.0	0.0,37.80898876404494,-123.41704508759781,0.0,0.0,0.0,0.0,0.0,0.0,0.0	0.0,37.80898876404494,-123.3217529322267,0.0,0.0,0.0,0.0,0.0,0.0,0.0	-85.564247131,37.80898876404494,-123.22646077685557,0.0,0.0,0.0,0.0,0.0,0.0,0.0	-80.966682434,37.80898876404494,-123.13116862148446,0.0,0.0,0.0,0.0,0.0,0.0,0.0	-75.658851624,37.80898876404494,-123.03587646611335,0.0,0.0,0.0,0.0,0.0,0.0,0.0	-66.009422302,37.80898876404494,-122.94058431074222,0.0,0.0,0.0,0.0,0.0,0.0,0.0	-54.811065674,37.80898876404494,-122.84529215537111,0.0,0.0,0.0,0.0,0.0,0.0,0.0	-38.288261414,37.80898876404494,-122.75,0.0,0.0,0.0,0.0,0.0,0.0,0.0	-25.494773865,37.80898876404494,-122.65470784462887,0.0,0.0,0.0,0.0,0.0,0.0,0.0	-13.824472427,37.80898876404494,-122.55941568925776,0.0,0.0,0.0,0.0,0.0,0.0,0.0	-0.364070714,37.80898876404494,-122.46412353388664,0.0,0.0,0.0,0.0,0.0,0.0,0.0	46.17937088,37.80898876404494,-122.36883137851552,0.0,0.0,0.0,0.0,0.0,0.0,0.0	10.156004906,37.80898876404494,-122.27353922314441,0.0,0.0,0.0,0.0,0.0,0.0,0.0	380.095916748,37.80898876404494,-122.17824706777328,0.0,0.0,0.0,0.0,0.0,0.0,0.0	315.638549805,37.80898876404494,-122.08295491240217,0.0,0.0,0.0,0.0,0.0,0.0,0.0	118.893821716,37.80898876404494,-121.98766275703105,0.0,0.0,0.0,0.0,0.0,0.0,0.0	283.061798096,37.80898876404494,-121.89237060165993,0.0,0.0,0.0,0.0,0.0,0.0,0.0	679.453613281,37.80898876404494,-121.79707844628882,0.0,0.0,0.0,0.0,0.0,0.0,0.0	275.031555176,37.80898876404494,-121.7017862909177,0.0,0.0,0.0,0.0,0.0,0.0,0.0	33.586235046,37.80898876404494,-121.60649413554658,0.0,0.0,0.0,0.0,0.0,0.0,0.0	0.559530556,37.80898876404494,-121.51120198017547,0.0,0.0,0.0,0.0,0.0,0.0,0.0	6.463918686,37.80898876404494,-121.41590982480434,0.0,0.0,0.0,0.0,0.0,0.0,0.0	3.960626125,37.80898876404494,-121.32061766943323,0.0,0.0,0.0,0.0,0.0,0.0,0.0	10.129939079,37.80898876404494,-121.2253255140621,0.0,0.0,0.0,0.0,0.0,0.0,0.0	18.158071518,37.80898876404494,-121.130033358691,0.0,0.0,0.0,0.0,0.0,0.0,0.0
0.0,37.747191011235955,-124.36861296747223,0.0,0.0,0.0,0.0,0.0,0.0,0.0	0.0,37.747191011235955,-124.27340043997387,0.0,0.0,0.0,0.0,0.0,0.0,0.0	0.0,37.747191011235955,-124.1781879124755,0.0,0.0,0.0,0.0,0.0,0.0,0.0	0.0,37.747191011235955,-124.08297538497713,0.0,0.0,0.0,0.0,0.0,0.0,0.0	0.0,37.747191011235955,-123.98776285747877,0.0,0.0,0.0,0.0,0.0,0.0,0.0	0.0,37.747191011235955,-123.8925503299804,0.0,0.0,0.0,0.0,0.0,0.0,0.0	0.0,37.747191011235955,-123.79733780248203,0.0,0.0,0.0,0.0,0.0,0.0,0.0	0.0,37.747191011235955,-123.70212527498367,0.0,0.0,0.0,0.0,0.0,0.0,0.0	0.0,37.747191011235955,-123.6069127474853,0.0,0.0,0.0,0.0,0.0,0.0,0.0	0.0,37.747191011235955,-123.51170021998693,0.0,0.0,0.0,0.0,0.0,0.0,0.0	0.0,37.747191011235955,-123.41648769248857,0.0,0.0,0.0,0.0,0.0,0.0,0.0	0.0,37.747191011235955,-123.3212751649902,0.0,0.0,0.0,0.0,0.0,0.0,0.0	-500.457458496,37.747191011235955,-123.22606263749184,0.0,0.0,0.0,0.0,0.0,0.0,0.0	0.0,37.747191011235955,-123.13085010999347,0.0,0.0,0.0,0.0,0.0,0.0,0.0	-66.315933228,37.747191011235955,-123.0356375824951,0.0,0.0,0.0,0.0,0.0,0.0,0.0	-58.413070679,37.747191011235955,-122.94042505499674,0.0,0.0,0.0,0.0,0.0,0.0,0.0	-53.298156738,37.747191011235955,-122.84521252749838,0.0,0.0,0.0,0.0,0.0,0.0,0.0	-41.979202271,37.747191011235955,-122.75,0.0,0.0,0.0,0.0,0.0,0.0,0.0	-26.653688431,37.747191011235955,-122.65478747250164,0.0,0.0,0.0,0.0,0.0,0.0,0.0	-11.67803669,37.747191011235955,-122.55957494500328,0.0,0.0,0.0,0.0,0.0,0.0,0.0	190.485931396,37.747191011235955,-122.4643624175049,0.0,0.0,0.0,0.0,0.0,0.0,0.0	-9.916389465,37.747191011235955,-122.36914989000654,0.0,0.0,0.0,0.0,0.0,0.0,0.0	0.152400002,37.747191011235955,-122.27393736250818,0.0,0.0,0.0,0.0,0.0,0.0,0.0	7.741562843,37.747191011235955,-122.1787248350098,0.0,0.0,0.0,0.0,0.0,0.0,0.0	197.503662109,37.747191011235955,-122.08351230751144,0.0,0.0,0.0,0.0,0.0,0.0,0.0	343.575714111,37.747191011235955,-121.98829978001308,0.0,0.0,0.0,0.0,0.0,0.0,0.0	212.032653809,37.747191011235955,-121.8930872525147,0.0,0.0,0.0,0.0,0.0,0.0,0.0	221.368667603,37.747191011235955,-121.79787472501634,0.0,0.0,0.0,0.0,0.0,0.0,0.0	240.173233032,37.747191011235955,-121.70266219751798,0.0,0.0,0.0,0.0,0.0,0.0,0.0	138.70513916,37.747191011235955,-121.60744967001962,0.0,0.0,0.0,0.0,0.0,0.0,0.0	26.766040802,37.747191011235955,-121.51223714252124,0.0,0.0,0.0,0.0,0.0,0.0,0.0	12.819377899,37.747191011235955,-121.41702461502288,0.0,0.0,0.0,0.0,0.0,0.0,0.0	5.70859623,37.747191011235955,-121.32181208752452,0.0,0.0,0.0,0.0,0.0,0.0,0.0	9.549898148,37.747191011235955,-121.22659956002614,0.0,0.0,0.0,0.0,0.0,0.0,0.0	19.139684677,37.747191011235955,-121.13138703252778,0.0,0.0,0.0,0.0,0.0,0.0,0.0
0.0,37.68539325842697,-124.36726343388379,0.0,0.0,0.0,0.0,0.0,0.0,0.0	0.0,37.68539325842697,-124.27213029071416,0.0,0.0,0.0,0.0,0.0,0.0,0.0	0.0,37.68539325842697,-124.17699714754453,0.0,0.0,0.0,0.0,0.0,0.0,0.0	0.0,37.68539325842697,-124.08186400437489,0.0,0.0,0.0,0.0,0.0,0.0,0.0	0.0,37.68539325842697,-123.98673086120525,0.0,0.0,0.0,0.0,0.0,0.0,0.0	0.0,37.68539325842697,-123.89159771803561,0.0,0.0,0.0,0.0,0.0,0.0,0.0	0.0,37.68539325842697,-123.79646457486598,0.0,0.0,0.0,0.0,0.0,0.0,0.0	0.0,37.68539325842697,-123.70133143169635,0.0,0.0,0.0,0.0,0.0,0.0,0.0	0.0,37.68539325842697,-123.60619828852671,0.0,0.0,0.0,0.0,0.0,0.0,0.0	0.0,37.68539325842697,-123.51106514535708,0.0,0.0,0.0,0.0,0.0,0.0,0.0	0.0,37.68539325842697,-123.41593200218745,0.0,0.0,0.0,0.0,0.0,0.0,0.0	0.0,37.68539325842697,-123.32079885901781,0.0,0.0,0.0,0.0,0.0,0.0,0.0	-1190.590454102,37.68539325842697,-123.22566571584817,0.0,0.0,0.0,0.0,0.0,0.0,0.0	-221.975982666,37.68539325842697,-123.13053257267853,0.0,0.0,0.0,0.0,0.0,0.0,0.0	-58.243385315,37.68539325842697,-123.0353994295089,0.0,0.0,0.0,0.0,0.0,0.0,0.0	-53.127780914,37.68539325842697,-122.94026628633927,0.0,0.0,0.0,0.0,0.0,0.0,0.0	-62.030418396,37.68539325842697,-122.84513314316963,0.0,0.0,0.0,0.0,0.0,0.0,0.0	-46.404445648,37.68539325842697,-122.75,0.0,0.0,0.0,0.0,0.0,0.0,0.0	-32.782566071,37.68539325842697,-122.65486685683037,0.0,0.0,0.0,0.0,0.0,0.0,0.0	-24.972122192,37.68539325842697,-122.55973371366073,0.0,0.0,0.0,0.0,0.0,0.0,0.0	43.824020386,37.68539325842697,-122.46460057049109,0.0,0.0,0.0,0.0,0.0,0.0,0.0	-3.067425966,37.68539325842697,-122.36946742732145,0.0,0.0,0.0,0.0,0.0,0.0,0.0	-5.546834946,37.68539325842697,-122.27433428415182,0.0,0.0,0.0,0.0,0.0,0.0,0.0	3.578993559,37.68539325842697,-122.17920114098219,0.0,0.0,0.0,0.0,0.0,0.0,0.0	50.728214264,37.68539325842697,-122.08406799781255,0.0,0.0,0.0,0.0,0.0,0.0,0.0	341.044281006,37.68539325842697,-121.98893485464292,0.0,0.0,0.0,0.0,0.0,0.0,0.0	100.82787323,37.68539325842697,-121.89380171147329,0.0,0.0,0.0,0.0,0.0,0.0,0.0	129.836669922,37.68539325842697,-121.79866856830365,0.0,0.0,0.0,0.0,0.0,0.0,0.0	189.806091309,37.68539325842697,-121.703535425134,0.0,0.0,0.0,0.0,0.0,0.0,0.0	428.940490723,37.68539325842697,-121.60840228196437,0.0,0.0,0.0,0.0,0.0,0.0,0.0	206.303649902,37.68539325842697,-121.51326913879474,0.0,0.0,0.0,0.0,0.0,0.0,0.0	42.790939331,37.68539325842697,-121.41813599562511,0.0,0.0,0.0,0.0,0.0,0.0,0.0	19.043489456,37.68539325842697,-121.32300285245547,0.0,0.0,0.0,0.0,0.0,0.0,0.0	10.513045311,37.68539325842697,-121.22786970928584,0.0,0.0,0.0,0.0,0.0,0.0,0.0	15.254980087,37.68539325842697,-121.13273656611621,0.0,0.0,0.0,0.0,0.0,0.0,0.0
0.0,37.62359550561798,-124.36591802706046,0.0,0.0,0.0,0.0,0.0,0.0,0.0	0.0,37.62359550561798,-124.27086402546867,0.0,0.0,0.0,0.0,0.0,0.0,0.0	0.0,37.62359550561798,-124.17581002387688,0.0,0.0,0.0,0.0,0.0,0.0,0.0	0.0,37.62359550561798,-124.08075602228509,0.0,0.0,0.0,0.0,0.0,0.0,0.0	0.0,37.62359550561798,-123.9857020206933,0.0,0.0,0.0,0.0,0.0,0.0,0.0	0.0,37.62359550561798,-123.8906480191015,0.0,0.0,0.0,0.0,0.0,0.0,0.0	0.0,37.62359550561798,-123.79559401750971,0.0,0.0,0.0,0.0,0.0,0.0,0.0	0.0,37.62359550561798,-123.70054001591792,0.0,0.0,0.0,0.0,0.0,0.0,0.0	0.0,37.62359550561798,-123.60548601432613,0.0,0.0,0.0,0.0,0.0,0.0,0.0	0.0,37.62359550561798,-123.51043201273434,0.0,0.0,0.0,0.0,0.0,0.0,0.0	0.0,37.62359550561798,-123.41537801114255,0.0,0.0,0.0,0.0,0.0,0.0,0.0	0.0,37.62359550561798,-123.32032400955076,0.0,0.0,0.0,0.0,0.0,0.0,0.0	-1233.725830078,37.62359550561798,-123.22527000795897,0.0,0.0,0.0,0.0,0.0,0.0,0.0	-969.029968262,37.62359550561798,-123.13021600636718,0.0,0.0,0.0,0.0,0.0,0.0,0.0	-163.96446228,37.62359550561798,-123.03516200477539,0.0,0.0,0.0,0.0,0.0,0.0,0.0	-95.704772949,37.62359550561798,-122.9401080031836,0.0,0.0,0.0,0.0,0.0,0.0,0.0	-69.585609436,37.62359550561798,-122.8450540015918,0.0,0.0,0.0,0.0,0.0,0.0,0.0	-52.451358795,37.62359550561798,-122.75,0.0,0.0,0.0,0.0,0.0,0.0,0.0	-37.427261353,37.62359550561798,-122.65494599840821,0.0,0.0,0.0,0.0,0.0,0.0,0.0	-28.700798035,37.62359550561798,-122.55989199681642,0.0,0.0,0.0,0.0,0.0,0.0,0.0	284.990142822,37.62359550561798,-122.46483799522463,0.0,0.0,0.0,0.0,0.0,0.0,0.0	2.850223064,37.62359550561798,-122.36978399363284,0.0,0.0,0.0,0.0,0.0,0.0,0.0	-3.229318857,37.62359550561798,-122.27472999204105,0.0,0.0,0.0,0.0,0.0,0.0,0.0	-1.187652826,37.62359550561798,-122.17967599044925,0.0,0.0,0.0,0.0,0.0,0.0,0.0	4.973700523,37.62359550561798,-122.08462198885746,0.0,0.0,0.0,0.0,0.0,0.0,0.0	285.384002686,37.62359550561798,-121.98956798726567,0.0,0.0,0.0,0.0,0.0,0.0,0.0	243.999893188,37.62359550561798,-121.89451398567388,0.0,0.0,0.0,0.0,0.0,0.0,0.0	272.184814453,37.62359550561798,-121.79945998408209,0.0,0.0,0.0,0.0,0.0,0.0,0.0	244.700241089,37.62359550561798,-121.7044059824903,0.0,0.0,0.0,0.0,0.0,0.0,0.0	435.94418335,37.62359550561798,-121.60935198089851,0.0,0.0,0.0,0.0,0.0,0.0,0.0	195.108840942,37.62359550561798,-121.51429797930672,0.0,0.0,0.0,0.0,0.0,0.0,0.0	224.136276245,37.62359550561798,-121.41924397771493,0.0,0.0,0.0,0.0,0.0,0.0,0.0	54.432537079,37.62359550561798,-121.32418997612314,0.0,0.0,0.0,0.0,0.0,0.0,0.0	13.253046989,37.62359550561798,-121.22913597453135,0.0,0.0,0.0,0.0,0.0,0.0,0.0	14.627940178,37.62359550561798,-121.13408197293955,0.0,0.0,0.0,0.0,0.0,0.0,0.0
0.0,37.561797752808985,-124.36457673358515,0.0,0.0,0.0,0.0,0.0,0.0,0.0	0.0,37.561797752808985,-124.26960163160956,0.0,0.0,0.0,0.0,0.0,0.0,0.0	0.0,37.561797752808985,-124.17462652963395,0.0,0.0,0.0,0.0,0.0,0.0,0.0	0.0,37.561797752808985,-124.07965142765836,0.0,0.0,0.0,0.0,0.0,0.0,0.0	0.0,37.561797752808985,-123.98467632568277,0.0,0.0,0.0,0.0,0.0,0.0,0.0	0.0,37.561797752808985,-123.88970122370716,0.0,0.0,0.0,0.0,0.0,0.0,0.0	0.0,37.561797752808985,-123.79472612173157,0.0,0.0,0.0,0.0,0.0,0.0,0.0	0.0,37.561797752808985,-123.69975101975596,0.0,0.0,0.0,0.0,0.0,0.0,0.0	0.0,37.561797752808985,-123.60477591778037,0.0,0.0,0.0,0.0,0.0,0.0,0.0	0.0,37.561797752808985,-123.50980081580478,0.0,0.0,0.0,0.0,0.0,0.0,0.0	0.0,37.561797752808985,-123.41482571382917,0.0,0.0,0.0,0.0,0.0,0.0,0.0	0.0,37.561797752808985,-123.31985061185358,0.0,0.0,0.0,0.0,0.0,0.0,0.0	-1594.455566406,37.561797752808985,-123.22487550987799,0.0,0.0,0.0,0.0,0.0,0.0,0.0	-982.719177246,37.561797752808985,-123.12990040790238,0.0,0.0,0.0,0.0,0.0,0.0,0.0	-530.529541016,37.561797752808985,-123.03492530592679,0.0,0.0,0.0,0.0,0.0,0.0,0.0	-105.724121094,37.561797752808985,-122.93995020395118,0.0,0.0,0.0,0.0,0.0,0.0,0.0	-84.385772705,37.561797752808985,-122.84497510197559,0.0,0.0,0.0,0.0,0.0,0.0,0.0	-62.345336914,37.561797752808985,-122.75,0.0,0.0,0.0,0.0,0.0,0.0,0.0	-49.142688751,37.561797752808985,-122.6550248980244,0.0,0.0,0.0,0.0,0.0,0.0,0.0	-32.679855347,37.561797752808985,-122.5600497960488,0.0,0.0,0.0,0.0,0.0,0.0,0.0	316.707794189,37.561797752808985,-122.46507469407321,0.0,0.0,0.0,0.0,0.0,0.0,0.0	136.268005371,37.561797752808985,-122.3700995920976,0.0,0.0,0.0,0.0,0.0,0.0,0.0	2.484340906,37.561797752808985,-122.27512449012201,0.0,0.0,0.0,0.0,0.0,0.0,0.0	-2.059790611,37.561797752808985,-122.18014938814642,0.0,0.0,0.0,0.0,0.0,0.0,0.0	2.577862978,37.561797752808985,-122.08517428617081,0.0,0.0,0.0,0.0,0.0,0.0,0.0	19.088119507,37.561797752808985,-121.99019918419522,0.0,0.0,0.0,0.0,0.0,0.0,0.0	150.243865967,37.561797752808985,-121.89522408221961,0.0,0.0,0.0,0.0,0.0,0.0,0.0	252.414047241,37.561797752808985,-121.80024898024402,0.0,0.0,0.0,0.0,0.0,0.0,0.0	636.233581543,37.561797752808985,-121.70527387826843,0.0,0.0,0.0,0.0,0.0,0.0,0.0	1007.075439453,37.561797752808985,-121.61029877629282,0.0,0.0,0.0,0.0,0.0,0.0,0.0	789.637207031,37.561797752808985,-121.51532367431723,0.0,0.0,0.0,0.0,0.0,0.0,0.0	305.999176025,37.561797752808985,-121.42034857234164,0.0,0.0,0.0,0.0,0.0,0.0,0.0	274.065826416,37.561797752808985,-121.32537347036603,0.0,0.0,0.0,0.0,0.0,0.0,0.0	39.906417847,37.561797752808985,-121.23039836839044,0.0,0.0,0.0,0.0,0.0,0.0,0.0	14.157072067,37.561797752808985,-121.13542326641483,0.0,0.0,0.0,0.0,0.0,0.0,0.0
0.0,37.5,-124.3632395401067,0.0,0.0,0.0,0.0,0.0,0.0,0.0	0.0,37.5,-124.26834309657102,0.0,0.0,0.0,0.0,0.0,0.0,0.0	0.0,37.5,-124.17344665303533,0.0,0.0,0.0,0.0,0.0,0.0,0.0	0.0,37.5,-124.07855020949964,0.0,0.0,0.0,0.0,0.0,0.0,0.0	0.0,37.5,-123.98365376596395,0.0,0.0,0.0,0.0,0.0,0.0,0.0	0.0,37.5,-123.88875732242826,0.0,0.0,0.0,0.0,0.0,0.0,0.0	0.0,37.5,-123.79386087889257,0.0,0.0,0.0,0.0,0.0,0.0,0.0	0.0,37.5,-123.69896443535688,0.0,0.0,0.0,0.0,0.0,0.0,0.0	0.0,37.5,-123.6040679918212,0.0,0.0,0.0,0.0,0.0,0.0,0.0	0.0,37.5,-123.50917154828551,0.0,0.0,0.0,0.0,0.0,0.0,0.0	0.0,37.5,-123.41427510474982,0.0,0.0,0.0,0.0,0.0,0.0,0.0	0.0,37.5,-123.31937866121413,0.0,0.0,0.0,0.0,0.0,0.0,0.0	-1460.559692383,37.5,-123.22448221767844,0.0,0.0,0.0,0.0,0.0,0.0,0.0	-1105.061645508,37.5,-123.12958577414275,0.0,0.0,0.0,0.0,0.0,0.0,0.0	-539.154968262,37.5,-123.03468933060707,0.0,0.0,0.0,0.0,0.0,0.0,0.0	-139.345428467,37.5,-122.93979288707138,0.0,0.0,0.0,0.0,0.0,0.0,0.0	-93.3176651,37.5,-122.84489644353569,0.0,0.0,0.0,0.0,0.0,0.0,0.0	-77.166816711,37.5,-122.75,0.0,0.0,0.0,0.0,0.0,0.0,0.0	-62.658290863,37.5,-122.65510355646431,0.0,0.0,0.0,0.0,0.0,0.0,0.0	-47.329044342,37.5,-122.56020711292862,0.0,0.0,0.0,0.0,0.0,0.0,0.0	14.969880104,37.5,-122.46531066939293,0.0,0.0,0.0,0.0,0.0,0.0,0.0	314.049865723,37.5,-122.37041422585725,0.0,0.0,0.0,0.0,0.0,0.0,0.0	57.533653259,37.5,-122.27551778232156,0.0,0.0,0.0,0.0,0.0,0.0,0.0	1.674967647,37.5,-122.18062133878587,0.0,0.0,0.0,0.0,0.0,0.0,0.0	0.93382293,37.5,-122.08572489525018,0.0,0.0,0.0,0.0,0.0,0.0,0.0	2.901893139,37.5,-121.99082845171449,0.0,0.0,0.0,0.0,0.0,0.0,0.0	261.103393555,37.5,-121.8959320081788,0.0,0.0,0.0,0.0,0.0,0.0,0.0	396.095397949,37.5,-121.80103556464312,0.0,0.0,0.0,0.0,0.0,0.0,0.0	1101.59777832,37.5,-121.70613912110743,0.0,0.0,0.0,0.0,0.0,0.0,0.0	552.82611084,37.5,-121.61124267757174,0.0,0.0,0.0,0.0,0.0,0.0,0.0	929.926879883,37.5,-121.51634623403605,0.0,0.0,0.0,0.0,0.0,0.0,0.0	562.700561523,37.5,-121.42144979050036,0.0,0.0,0.0,0.0,0.0,0.0,0.0	306.374450684,37.5,-121.32655334696467,0.0,0.0,0.0,0.0,0.0,0.0,0.0	221.205596924,37.5,-121.23165690342898,0.0,0.0,0.0,0.0,0.0,0.0,0.0	28.138462067,37.5,-121.1367604598933,0.0,0.0,0.0,0.0,0.0,0.0,0.0
-data:
