radius:25.0
size:68^38
path:sample.svg
fields:latitude	longitude
geo:41.35,41.58,-70.7,-70.5
+data:
0.0,41.58,-70.70017787442121	0.0,41.58,-70.69476285418223	0.0,41.58,-70.68934783394324	0.0,41.58,-70.68393281370426	0.0,41.58,-70.67851779346528	0.0,41.58,-70.67310277322629	0.0,41.58,-70.6676877529873	0.0,41.58,-70.66227273274832	-0.441000015,41.58,-70.65685771250934	-0.441000015,41.58,-70.65144269227035	-0.441000015,41.58,-70.64602767203137	2.125046492,41.58,-70.6406126517924	11.845823288,41.58,-70.63519763155341	29.790559769,41.58,-70.62978261131443	26.187513351,41.58,-70.62436759107544	18.178195953,41.58,-70.61895257083646	1.860000014,41.58,-70.61353755059747	13.736657143,41.58,-70.60812253035849	13.184081078,41.58,-70.6027075101195	12.803318024,41.58,-70.59729248988052	9.194410324,41.58,-70.59187746964153	12.447724342,41.58,-70.58646244940255	12.340332985,41.58,-70.58104742916356	11.787045479,41.58,-70.57563240892458	9.961824417,41.58,-70.57021738868559	6.493105412,41.58,-70.5648023684466	11.278477669,41.58,-70.55938734820762	11.261601448,41.58,-70.55397232796864	9.103283882,41.58,-70.54855730772965	9.452902794,41.58,-70.54314228749067	3.220631361,41.58,-70.53772726725168	7.507470131,41.58,-70.5323122470127	0.048044886,41.58,-70.52689722677373	-0.43900001,41.58,-70.52148220653474	8.120429993,41.58,-70.51606718629576	7.876233101,41.58,-70.51065216605677	-0.438730896,41.58,-70.50523714581779	6.376432419,41.58,-70.4998221255788
0.0,41.5765671641791,-70.70017254972821	0.0,41.5765671641791,-70.69475781731046	0.0,41.5765671641791,-70.68934308489273	0.0,41.5765671641791,-70.68392835247498	0.0,41.5765671641791,-70.67851362005725	0.0,41.5765671641791,-70.6730988876395	0.0,41.5765671641791,-70.66768415522176	0.0,41.5765671641791,-70.66226942280402	-0.441000015,41.5765671641791,-70.65685469038628	-0.441000015,41.5765671641791,-70.65143995796853	-0.441000015,41.5765671641791,-70.6460252255508	0.400790453,41.5765671641791,-70.64061049313305	1.108386278,41.5765671641791,-70.63519576071532	11.785211563,41.5765671641791,-70.62978102829757	10.15685463,41.5765671641791,-70.62436629587982	29.283405304,41.5765671641791,-70.61895156346209	1.860000014,41.5765671641791,-70.61353683104434	7.073114872,41.5765671641791,-70.60812209862661	7.909911633,41.5765671641791,-70.60270736620886	11.450145721,41.5765671641791,-70.59729263379113	10.358264923,41.5765671641791,-70.59187790137338	9.314133644,41.5765671641791,-70.58646316895565	10.739521027,41.5765671641791,-70.5810484365379	11.227911949,41.5765671641791,-70.57563370412016	10.118863106,41.5765671641791,-70.57021897170242	0.464193165,41.5765671641791,-70.56480423928468	10.580430031,41.5765671641791,-70.55938950686694	9.906280518,41.5765671641791,-70.55397477444919	5.913691521,41.5765671641791,-70.54856004203145	4.69069767,41.5765671641791,-70.5431453096137	4.259664059,41.5765671641791,-70.53773057719597	-0.43900001,41.5765671641791,-70.53231584477822	-0.43900001,41.5765671641791,-70.52690111236049	-0.43900001,41.5765671641791,-70.52148637994274	-0.43900001,41.5765671641791,-70.51607164752501	0.31967923,41.5765671641791,-70.51065691510726	-0.43900001,41.5765671641791,-70.50524218268953	1.106880069,41.5765671641791,-70.49982745027178
0.0,41.57313432835821,-70.70016722596078	0.0,41.57313432835821,-70.69475278131425	0.0,41.57313432835821,-70.68933833666773	0.0,41.57313432835821,-70.6839238920212	0.0,41.57313432835821,-70.67850944737467	0.0,41.57313432835821,-70.67309500272813	0.0,41.57313432835821,-70.66768055808161	0.0,41.57313432835821,-70.66226611343508	-0.441000015,41.57313432835821,-70.65685166878855	-0.441000015,41.57313432835821,-70.65143722414203	-0.441000015,41.57313432835821,-70.6460227794955	1.047939062,41.57313432835821,-70.64060833484896	5.599639893,41.57313432835821,-70.63519389020244	9.648499489,41.57313432835821,-70.62977944555591	15.010451317,41.57313432835821,-70.62436500090938	12.842654228,41.57313432835821,-70.61895055626285	1.860000014,41.57313432835821,-70.61353611161633	8.00855732,41.57313432835821,-70.6081216669698	3.072649717,41.57313432835821,-70.60270722232326	11.80533123,41.57313432835821,-70.59729277767674	10.888047218,41.57313432835821,-70.59187833303021	10.92330265,41.57313432835821,-70.58646388838368	9.33876133,41.57313432835821,-70.58104944373714	5.849487782,41.57313432835821,-70.57563499909062	9.635671616,41.57313432835821,-70.57022055444409	-0.442000002,41.57313432835821,-70.56480610979756	9.658262253,41.57313432835821,-70.55939166515104	8.161364555,41.57313432835821,-70.5539772205045	11.535269737,41.57313432835821,-70.54856277585797	1.707120895,41.57313432835821,-70.54314833121144	5.112822533,41.57313432835821,-70.53773388656492	5.869493484,41.57313432835821,-70.53231944191839	-0.43900001,41.57313432835821,-70.52690499727186	-0.43900001,41.57313432835821,-70.52149055262534	4.652872086,41.57313432835821,-70.5160761079788	-0.43900001,41.57313432835821,-70.51066166333227	-0.43900001,41.57313432835821,-70.50524721868575	-0.43900001,41.57313432835821,-70.49983277403922
0.0,41.56970149253731,-70.70016190311873	0.0,41.56970149253731,-70.69474774619339	0.0,41.56970149253731,-70.68933358926806	0.0,41.56970149253731,-70.68391943234272	0.0,41.56970149253731,-70.67850527541738	0.0,41.56970149253731,-70.67309111849204	0.0,41.56970149253731,-70.66767696156671	0.0,41.56970149253731,-70.66226280464137	-0.441000015,41.56970149253731,-70.65684864771603	-0.441000015,41.56970149253731,-70.65143449079069	8.832548141,41.56970149253731,-70.64602033386537	23.06889534,41.56970149253731,-70.64060617694003	27.842710495,41.56970149253731,-70.63519202001468	21.331100464,41.56970149253731,-70.62977786308934	22.072080612,41.56970149253731,-70.62436370616402	12.013422012,41.56970149253731,-70.61894954923868	1.940999985,41.56970149253731,-70.61353539231334	12.648607254,41.56970149253731,-70.608121235388	6.472764969,41.56970149253731,-70.60270707846267	4.310510159,41.56970149253731,-70.59729292153733	9.360395432,41.56970149253731,-70.59187876461199	5.522352695,41.56970149253731,-70.58646460768665	3.828460932,41.56970149253731,-70.58105045076132	-0.395000011,41.56970149253731,-70.57563629383598	8.241781235,41.56970149253731,-70.57022213691064	5.298904896,41.56970149253731,-70.5648079799853	8.936817169,41.56970149253731,-70.55939382305996	-0.372000009,41.56970149253731,-70.55397966613464	6.68499279,41.56970149253731,-70.5485655092093	3.773813248,41.56970149253731,-70.54315135228396	6.861995697,41.56970149253731,-70.53773719535863	-0.43900001,41.56970149253731,-70.53232303843329	-0.43900001,41.56970149253731,-70.52690888150795	-0.43900001,41.56970149253731,-70.52149472458261	-0.43900001,41.56970149253731,-70.51608056765728	1.120999932,41.56970149253731,-70.51066641073194	0.707846045,41.56970149253731,-70.5052522538066	3.665908098,41.56970149253731,-70.49983809688126
0.0,41.56626865671642,-70.70015658120187	0.0,41.56626865671642,-70.69474271194771	0.0,41.56626865671642,-70.68932884269356	0.0,41.56626865671642,-70.6839149734394	0.0,41.56626865671642,-70.67850110418524	0.0,41.56626865671642,-70.67308723493109	0.0,41.56626865671642,-70.66767336567693	0.0,41.56626865671642,-70.66225949642278	-0.441000015,41.56626865671642,-70.65684562716862	-0.441000015,41.56626865671642,-70.65143175791447	19.457077026,41.56626865671642,-70.64601788866031	19.609144211,41.56626865671642,-70.64060401940615	33.526039124,41.56626865671642,-70.635190150152	33.109962463,41.56626865671642,-70.62977628089786	29.475837708,41.56626865671642,-70.6243624116437	12.031931877,41.56626865671642,-70.61894854238955	11.30229187,41.56626865671642,-70.61353467313539	2.532373428,41.56626865671642,-70.60812080388123	4.992001057,41.56626865671642,-70.60270693462708	9.222430229,41.56626865671642,-70.59729306537292	5.425778866,41.56626865671642,-70.59187919611877	8.695183754,41.56626865671642,-70.58646532686461	7.375830173,41.56626865671642,-70.58105145761046	5.426102638,41.56626865671642,-70.5756375883563	7.137253761,41.56626865671642,-70.57022371910215	7.16045475,41.56626865671642,-70.56480984984799	7.247254372,41.56626865671642,-70.55939598059383	6.150421143,41.56626865671642,-70.55398211133968	6.979589939,41.56626865671642,-70.54856824208552	3.184126139,41.56626865671642,-70.54315437283137	5.837339878,41.56626865671642,-70.53774050357721	0.100999989,41.56626865671642,-70.53232663432306	-0.43900001,41.56626865671642,-70.5269127650689	-0.43900001,41.56626865671642,-70.52149889581474	-0.43900001,41.56626865671642,-70.51608502656059	1.524603844,41.56626865671642,-70.51067115730643	-0.43900001,41.56626865671642,-70.50525728805228	-0.43900001,41.56626865671642,-70.49984341879812
0.0,41.56283582089552,-70.70015126021002	0.0,41.56283582089552,-70.69473767857704	0.0,41.56283582089552,-70.68932409694408	0.0,41.56283582089552,-70.6839105153111	0.0,41.56283582089552,-70.67849693367812	0.0,41.56283582089552,-70.67308335204515	0.0,41.56283582089552,-70.66766977041218	0.0,41.56283582089552,-70.66225618877921	-0.441000015,41.56283582089552,-70.65684260714623	5.723484039,41.56283582089552,-70.65142902551325	18.939275742,41.56283582089552,-70.64601544388029	37.838245392,41.56283582089552,-70.64060186224731	34.714725494,41.56283582089552,-70.63518828061433	43.505298615,41.56283582089552,-70.62977469898136	34.206317902,41.56283582089552,-70.62436111734839	8.268257141,41.56283582089552,-70.61894753571542	11.048757553,41.56283582089552,-70.61353395408244	5.751056671,41.56283582089552,-70.60812037244946	4.731318951,41.56283582089552,-70.6027067908165	4.895853043,41.56283582089552,-70.59729320918352	6.081725597,41.56283582089552,-70.59187962755054	7.847743511,41.56283582089552,-70.58646604591758	-0.395000011,41.56283582089552,-70.5810524642846	5.036427498,41.56283582089552,-70.57563888265162	3.004802942,41.56283582089552,-70.57022530101865	6.885650635,41.56283582089552,-70.56481171938567	4.784063339,41.56283582089552,-70.55939813775271	2.77528739,41.56283582089552,-70.55398455611973	4.695040703,41.56283582089552,-70.54857097448675	3.86302352,41.56283582089552,-70.54315739285379	-0.43900001,41.56283582089552,-70.5377438112208	3.50027895,41.56283582089552,-70.53233022958783	-0.43900001,41.56283582089552,-70.52691664795486	-0.43900001,41.56283582089552,-70.52150306632188	-0.43900001,41.56283582089552,-70.51608948468892	2.365130186,41.56283582089552,-70.51067590305594	3.108360767,41.56283582089552,-70.50526232142296	2.984292269,41.56283582089552,-70.49984873979
0.0,41.55940298507463,-70.70014594014299	0.0,41.55940298507463,-70.6947326460812	0.0,41.55940298507463,-70.68931935201942	0.0,41.55940298507463,-70.68390605795764	0.0,41.55940298507463,-70.67849276389586	0.0,41.55940298507463,-70.67307946983408	0.0,41.55940298507463,-70.6676661757723	0.0,41.55940298507463,-70.66225288171051	-0.441000015,41.55940298507463,-70.65683958764873	2.560516834,41.55940298507463,-70.65142629358694	18.310791016,41.55940298507463,-70.64601299952515	26.493621826,41.55940298507463,-70.64059970546337	34.474452972,41.55940298507463,-70.63518641140159	37.995227814,41.55940298507463,-70.62977311733981	28.684875488,41.55940298507463,-70.62435982327803	7.88801384,41.55940298507463,-70.61894652921625	10.382441521,41.55940298507463,-70.61353323515446	6.519533157,41.55940298507463,-70.60811994109268	3.682192326,41.55940298507463,-70.6027066470309	6.342578888,41.55940298507463,-70.59729335296912	0.35395664,41.55940298507463,-70.59188005890734	5.938424587,41.55940298507463,-70.58646676484555	-0.395000011,41.55940298507463,-70.58105347078377	4.849971294,41.55940298507463,-70.57564017672199	-0.442000002,41.55940298507463,-70.57022688266021	5.176478386,41.55940298507463,-70.56481358859843	4.710560799,41.55940298507463,-70.55940029453663	-0.372000009,41.55940298507463,-70.55398700047485	3.30602169,41.55940298507463,-70.54857370641307	0.845604062,41.55940298507463,-70.54316041235128	3.080990791,41.55940298507463,-70.5377471182895	-0.439023495,41.55940298507463,-70.53233382422772	-0.439023495,41.55940298507463,-70.52692053016594	-0.439023495,41.55940298507463,-70.52150723610416	-0.43900001,41.55940298507463,-70.51609394204237	0.519108891,41.55940298507463,-70.51068064798059	2.935294151,41.55940298507463,-70.50526735391881	1.118249059,41.55940298507463,-70.49985405985703
0.0,41.55597014925373,-70.70014062100059	0.0,41.55597014925373,-70.69472761446	0.0,41.55597014925373,-70.68931460791944	0.0,41.55597014925373,-70.68390160137886	0.0,41.55597014925373,-70.6784885948383	0.0,41.55597014925373,-70.67307558829772	0.0,41.55597014925373,-70.66766258175716	0.0,41.55597014925373,-70.66224957521658	-0.441000015,41.55597014925373,-70.65683656867601	3.305559635,41.55597014925373,-70.65142356213543	8.822148323,41.55597014925373,-70.64601055559487	29.904403687,41.55597014925373,-70.64059754905429	26.745872498,41.55597014925373,-70.63518454251373	30.004497528,41.55597014925373,-70.62977153597315	12.429442406,41.55597014925373,-70.62435852943258	6.866350174,41.55597014925373,-70.618945522892	1.089818478,41.55597014925373,-70.61353251635143	7.786645889,41.55597014925373,-70.60811950981086	3.503485203,41.55597014925373,-70.60270650327028	5.847459793,41.55597014925373,-70.59729349672972	0.085000008,41.55597014925373,-70.59188049018914	5.275462151,41.55597014925373,-70.58646748364858	-0.395000011,41.55597014925373,-70.581054477108	4.855796337,41.55597014925373,-70.57564147056743	-0.442000002,41.55597014925373,-70.57022846402685	4.652555943,41.55597014925373,-70.56481545748629	-0.372000009,41.55597014925373,-70.55940245094571	-0.372000009,41.55597014925373,-70.55398944440515	2.10641098,41.55597014925373,-70.54857643786457	-0.43900001,41.55597014925373,-70.543163431324	2.276089907,41.55597014925373,-70.53775042478343	-0.439023495,41.55597014925373,-70.53233741824285	-0.439023495,41.55597014925373,-70.52692441170228	-0.439023495,41.55597014925373,-70.5215114051617	-0.43900001,41.55597014925373,-70.51609839862114	1.124072433,41.55597014925373,-70.51068539208056	0.150291085,41.55597014925373,-70.50527238554	1.658927321,41.55597014925373,-70.49985937899942
0.0,41.552537313432836,-70.70013530278264	0.0,41.552537313432836,-70.69472258371331	0.0,41.552537313432836,-70.68930986464397	0.0,41.552537313432836,-70.68389714557465	0.0,41.552537313432836,-70.67848442650532	0.0,41.552537313432836,-70.67307170743598	0.0,41.552537313432836,-70.66765898836665	0.0,41.552537313432836,-70.66224626929733	-0.441000015,41.552537313432836,-70.65683355022799	14.20254612,41.552537313432836,-70.65142083115866	13.411024094,41.552537313432836,-70.64600811208932	24.779777527,41.552537313432836,-70.64059539301999	18.756826401,41.552537313432836,-70.63518267395067	9.323592186,41.552537313432836,-70.62976995488133	5.156429768,41.552537313432836,-70.624357235812	3.844588995,41.552537313432836,-70.61894451674267	5.798917294,41.552537313432836,-70.61353179767333	5.072507381,41.552537313432836,-70.608119078604	5.297970772,41.552537313432836,-70.60270635953468	4.975115299,41.552537313432836,-70.59729364046534	4.75538826,41.552537313432836,-70.59188092139601	4.346224308,41.552537313432836,-70.58646820232669	-0.395000011,41.552537313432836,-70.58105548325734	3.004217625,41.552537313432836,-70.57564276418802	-0.442000002,41.552537313432836,-70.57023004511868	4.001909256,41.552537313432836,-70.56481732604935	2.675331831,41.552537313432836,-70.55940460698002	2.120646954,41.552537313432836,-70.55399188791068	-0.596000016,41.552537313432836,-70.54857916884136	0.968201041,41.552537313432836,-70.54316644977203	0.481522799,41.552537313432836,-70.53775373070269	-0.439023495,41.552537313432836,-70.53234101163336	-0.439023495,41.552537313432836,-70.52692829256404	-0.439023495,41.552537313432836,-70.5215155734947	0.400259674,41.552537313432836,-70.51610285442537	-0.43900001,41.552537313432836,-70.51069013535604	0.13282913,41.552537313432836,-70.5052774162867	1.241866827,41.552537313432836,-70.49986469721738
0.0,41.54910447761194,-70.70012998548896	0.0,41.54910447761194,-70.6947175538409	0.0,41.54910447761194,-70.68930512219285	0.0,41.54910447761194,-70.68389269054481	0.0,41.54910447761194,-70.67848025889676	0.0,41.54910447761194,-70.6730678272487	0.0,41.54910447761194,-70.66765539560065	0.0,41.54910447761194,-70.6622429639526	-0.441000015,41.54910447761194,-70.65683053230454	15.929645538,41.54910447761194,-70.6514181006565	22.437732697,41.54910447761194,-70.64600566900845	23.433124542,41.54910447761194,-70.64059323736039	16.840511322,41.54910447761194,-70.63518080571234	11.559938431,41.54910447761194,-70.62976837406428	3.447015285,41.54910447761194,-70.62435594241624	2.946770191,41.54910447761194,-70.61894351076819	4.548884869,41.54910447761194,-70.61353107912014	4.672474861,41.54910447761194,-70.60811864747208	-0.344000012,41.54910447761194,-70.60270621582403	4.222640991,41.54910447761194,-70.59729378417599	1.423985004,41.54910447761194,-70.59188135252793	2.83995533,41.54910447761194,-70.58646892087988	-0.395000011,41.54910447761194,-70.58105648923183	2.854391575,41.54910447761194,-70.57564405758377	-0.442000002,41.54910447761194,-70.57023162593572	2.743369102,41.54910447761194,-70.56481919428768	-0.596000016,41.54910447761194,-70.55940676263963	-0.5960235,41.54910447761194,-70.55399433099157	-0.596000016,41.54910447761194,-70.54858189934352	-0.596000016,41.54910447761194,-70.54316946769546	-0.596000016,41.54910447761194,-70.53775703604742	-0.5960235,41.54910447761194,-70.53234460439937	0.161941051,41.54910447761194,-70.52693217275132	0.254187644,41.54910447761194,-70.52151974110326	-0.879999995,41.54910447761194,-70.51610730945521	-0.879999995,41.54910447761194,-70.51069487780717	-0.879999995,41.54910447761194,-70.50528244615911	-0.879999995,41.54910447761194,-70.49987001451106
0.0,41.545671641791046,-70.70012466911935	0.0,41.545671641791046,-70.69471252484263	0.0,41.545671641791046,-70.68930038056591	0.0,41.545671641791046,-70.68388823628918	0.0,41.545671641791046,-70.67847609201246	0.0,41.545671641791046,-70.67306394773574	0.0,41.545671641791046,-70.66765180345902	0.0,41.545671641791046,-70.6622396591823	1.665437698,41.545671641791046,-70.65682751490557	17.507818222,41.545671641791046,-70.65141537062885	14.981011391,41.545671641791046,-70.64600322635214	0.165000007,41.545671641791046,-70.64059108207542	20.624118805,41.545671641791046,-70.6351789377987	1.411964297,41.545671641791046,-70.62976679352197	3.275576115,41.545671641791046,-70.62435464924525	2.73503089,41.545671641791046,-70.61894250496853	2.761663914,41.545671641791046,-70.61353036069181	2.643211603,41.545671641791046,-70.6081182164151	-0.344000012,41.545671641791046,-70.60270607213836	2.627503395,41.545671641791046,-70.59729392786164	1.463328481,41.545671641791046,-70.59188178358492	1.905075908,41.545671641791046,-70.5864696393082	2.441235065,41.545671641791046,-70.58105749503147	-0.5960235,41.545671641791046,-70.57564535075475	-0.5960235,41.545671641791046,-70.57023320647804	-0.5960235,41.545671641791046,-70.56482106220132	-0.5960235,41.545671641791046,-70.5594089179246	-0.001438126,41.545671641791046,-70.55399677364787	0.0,41.545671641791046,-70.54858462937115	0.0,41.545671641791046,-70.54317248509443	0.0,41.545671641791046,-70.53776034081771	0.0,41.545671641791046,-70.532348196541	0.0,41.545671641791046,-70.52693605226426	0.0,41.545671641791046,-70.52152390798754	0.0,41.545671641791046,-70.51611176371082	0.0,41.545671641791046,-70.5106996194341	0.0,41.545671641791046,-70.50528747515739	0.0,41.545671641791046,-70.49987533088066
0.0,41.54223880597015,-70.70011935367363	-0.596000016,41.54223880597015,-70.6947074967183	-0.596000016,41.54223880597015,-70.68929563976296	-0.596000016,41.54223880597015,-70.68388378280764	-0.5960235,41.54223880597015,-70.6784719258523	-0.5960235,41.54223880597015,-70.67306006889697	-0.5960235,41.54223880597015,-70.66764821194164	-0.441023499,41.54223880597015,-70.6622363549863	-0.441000015,41.54223880597015,-70.65682449803097	6.323581696,41.54223880597015,-70.65141264107565	17.478872299,41.54223880597015,-70.64600078412032	0.165000007,41.54223880597015,-70.64058892716498	3.333768129,41.54223880597015,-70.63517707020965	-0.158000007,41.54223880597015,-70.62976521325432	-0.158000007,41.54223880597015,-70.62435335629898	2.433804035,41.54223880597015,-70.61894149934366	-0.5960235,41.54223880597015,-70.61352964238833	-0.5960235,41.54223880597015,-70.608117785433	0.843999982,41.54223880597015,-70.60270592847766	-0.596000016,41.54223880597015,-70.59729407152233	-0.596000016,41.54223880597015,-70.591882214567	-0.5960235,41.54223880597015,-70.58647035761167	-0.5960235,41.54223880597015,-70.58105850065634	-0.5960235,41.54223880597015,-70.575646643701	0.009863981,41.54223880597015,-70.57023478674567	0.0,41.54223880597015,-70.56482292979034	0.0,41.54223880597015,-70.55941107283502	0.0,41.54223880597015,-70.55399921587968	0.0,41.54223880597015,-70.54858735892435	0.0,41.54223880597015,-70.54317550196902	0.0,41.54223880597015,-70.53776364501368	0.0,41.54223880597015,-70.53235178805835	0.0,41.54223880597015,-70.52693993110303	0.0,41.54223880597015,-70.5215280741477	0.0,41.54223880597015,-70.51611621719236	0.0,41.54223880597015,-70.51070436023703	0.0,41.54223880597015,-70.5052925032817	0.0,41.54223880597015,-70.49988064632636
0.0,41.538805970149255,-70.70011403915163	-0.596000016,41.538805970149255,-70.69470246946776	-0.596000016,41.538805970149255,-70.68929089978388	-0.596000016,41.538805970149255,-70.68387933010001	-0.596000016,41.538805970149255,-70.67846776041614	-0.5960235,41.538805970149255,-70.67305619073227	-0.5960235,41.538805970149255,-70.6676446210484	-0.441023499,41.538805970149255,-70.66223305136452	-0.441000015,41.538805970149255,-70.65682148168065	13.086788177,41.538805970149255,-70.65140991199678	14.969097137,41.538805970149255,-70.64599834231291	2.33488059,41.538805970149255,-70.64058677262904	0.884663463,41.538805970149255,-70.63517520294516	-0.596000016,41.538805970149255,-70.62976363326129	-0.5960235,41.538805970149255,-70.62435206357742	-0.5960235,41.538805970149255,-70.61894049389355	-0.5960235,41.538805970149255,-70.61352892420967	-0.5960235,41.538805970149255,-70.60811735452582	-0.596000016,41.538805970149255,-70.60270578484194	-0.596000016,41.538805970149255,-70.59729421515807	-0.596000016,41.538805970149255,-70.5918826454742	-0.5960235,41.538805970149255,-70.58647107579033	-0.5960235,41.538805970149255,-70.58105950610646	-0.5960235,41.538805970149255,-70.57564793642258	0.008931727,41.538805970149255,-70.57023636673871	0.0,41.538805970149255,-70.56482479705484	0.0,41.538805970149255,-70.55941322737097	0.0,41.538805970149255,-70.5540016576871	0.0,41.538805970149255,-70.54859008800322	0.0,41.538805970149255,-70.54317851831935	0.0,41.538805970149255,-70.53776694863548	0.0,41.538805970149255,-70.5323553789516	0.0,41.538805970149255,-70.52694380926773	0.0,41.538805970149255,-70.52153223958386	0.0,41.538805970149255,-70.51612066989999	0.0,41.538805970149255,-70.51070910021612	0.0,41.538805970149255,-70.50529753053225	0.0,41.538805970149255,-70.49988596084837
0.0,41.53537313432836,-70.70010872555315	-0.596000016,41.53537313432836,-70.69469744309082	-0.596000016,41.53537313432836,-70.68928616062848	-0.596000016,41.53537313432836,-70.68387487816615	-0.596000016,41.53537313432836,-70.67846359570382	-0.5960235,41.53537313432836,-70.67305231324148	11.579721451,41.53537313432836,-70.66764103077915	20.616373062,41.53537313432836,-70.66222974831682	7.738174915,41.53537313432836,-70.6568184658545	14.563760757,41.53537313432836,-70.65140718339217	19.901174545,41.53537313432836,-70.64599590092983	2.182829857,41.53537313432836,-70.6405846184675	-0.596000016,41.53537313432836,-70.63517333600517	-0.596000016,41.53537313432836,-70.62976205354283	-0.5960235,41.53537313432836,-70.6243507710805	-0.5960235,41.53537313432836,-70.61893948861817	-0.5960235,41.53537313432836,-70.61352820615583	-0.5960235,41.53537313432836,-70.6081169236935	-0.596000016,41.53537313432836,-70.60270564123117	-0.596000016,41.53537313432836,-70.59729435876883	-0.596000016,41.53537313432836,-70.5918830763065	-0.5960235,41.53537313432836,-70.58647179384417	-0.5960235,41.53537313432836,-70.58106051138184	-0.5960235,41.53537313432836,-70.57564922891952	0.000855902,41.53537313432836,-70.57023794645718	0.0,41.53537313432836,-70.56482666399485	0.0,41.53537313432836,-70.55941538153252	0.0,41.53537313432836,-70.55400409907018	0.0,41.53537313432836,-70.54859281660785	0.0,41.53537313432836,-70.54318153414552	0.0,41.53537313432836,-70.53777025168318	0.0,41.53537313432836,-70.53235896922085	0.0,41.53537313432836,-70.52694768675852	0.0,41.53537313432836,-70.52153640429619	0.0,41.53537313432836,-70.51612512183385	0.0,41.53537313432836,-70.51071383937152	0.0,41.53537313432836,-70.50530255690919	0.0,41.53537313432836,-70.49989127444685
0.0,41.531940298507465,-70.70010341287801	-0.596000016,41.531940298507465,-70.6946924175873	-0.596000016,41.531940298507465,-70.6892814222966	0.16399999,41.531940298507465,-70.6838704270059	-0.596000016,41.531940298507465,-70.6784594317152	-0.5960235,41.531940298507465,-70.6730484364245	6.443161488,41.531940298507465,-70.66763744113379	24.835445404,41.531940298507465,-70.66222644584309	17.672374725,41.531940298507465,-70.65681545055239	19.134206772,41.531940298507465,-70.65140445526168	10.676438332,41.531940298507465,-70.64599345997098	-0.596000016,41.531940298507465,-70.64058246468028	-0.596000016,41.531940298507465,-70.63517146938958	-0.596000016,41.531940298507465,-70.62976047409887	-0.5960235,41.531940298507465,-70.62434947880817	-0.5960235,41.531940298507465,-70.61893848351747	-0.5960235,41.531940298507465,-70.61352748822677	-0.5960235,41.531940298507465,-70.60811649293606	-0.596000016,41.531940298507465,-70.60270549764536	-0.596000016,41.531940298507465,-70.59729450235466	-0.596000016,41.531940298507465,-70.59188350706395	-0.5960235,41.531940298507465,-70.58647251177325	-0.5960235,41.531940298507465,-70.58106151648255	-0.5960235,41.531940298507465,-70.57565052119185	0.008931727,41.531940298507465,-70.57023952590114	0.0,41.531940298507465,-70.56482853061044	0.0,41.531940298507465,-70.55941753531974	0.0,41.531940298507465,-70.55400654002904	0.0,41.531940298507465,-70.54859554473833	0.0,41.531940298507465,-70.54318454944763	0.0,41.531940298507465,-70.53777355415693	0.0,41.531940298507465,-70.53236255886623	0.0,41.531940298507465,-70.52695156357552	0.0,41.531940298507465,-70.52154056828482	0.0,41.531940298507465,-70.51612957299412	0.0,41.531940298507465,-70.51071857770341	0.0,41.531940298507465,-70.50530758241271	0.0,41.531940298507465,-70.49989658712201
-0.596000016,41.52850746268657,-70.70009810112602	-0.596000016,41.52850746268657,-70.69468739295705	-0.596000016,41.52850746268657,-70.68927668478807	0.670005322,41.52850746268657,-70.6838659766191	2.023372173,41.52850746268657,-70.67845526845012	4.689127922,41.52850746268657,-70.67304456028116	5.673158646,41.52850746268657,-70.66763385211217	31.401224136,41.52850746268657,-70.66222314394321	5.257130623,41.52850746268657,-70.65681243577423	10.15237999,41.52850746268657,-70.65140172760526	-0.596000016,41.52850746268657,-70.64599101943628	0.0,41.52850746268657,-70.64058031126731	0.0,41.52850746268657,-70.63516960309833	0.0,41.52850746268657,-70.62975889492937	0.0,41.52850746268657,-70.62434818676039	0.0,41.52850746268657,-70.61893747859142	0.0,41.52850746268657,-70.61352677042244	0.0,41.52850746268657,-70.60811606225347	0.0,41.52850746268657,-70.60270535408449	0.0,41.52850746268657,-70.59729464591553	0.0,41.52850746268657,-70.59188393774654	0.0,41.52850746268657,-70.58647322957758	0.0,41.52850746268657,-70.5810625214086	0.0,41.52850746268657,-70.57565181323963	0.0,41.52850746268657,-70.57024110507065	0.0,41.52850746268657,-70.56483039690168	0.0,41.52850746268657,-70.5594196887327	0.0,41.52850746268657,-70.55400898056374	0.0,41.52850746268657,-70.54859827239476	0.0,41.52850746268657,-70.54318756422579	0.0,41.52850746268657,-70.53777685605681	0.0,41.52850746268657,-70.53236614788784	0.0,41.52850746268657,-70.52695543971886	0.0,41.52850746268657,-70.5215447315499	0.0,41.52850746268657,-70.51613402338091	0.0,41.52850746268657,-70.51072331521195	0.0,41.52850746268657,-70.50531260704297	0.0,41.52850746268657,-70.499901898874
-0.596000016,41.525074626865674,-70.70009279029699	-0.596000016,41.525074626865674,-70.69468236919985	-0.596000016,41.525074626865674,-70.68927194810273	-0.596000016,41.525074626865674,-70.68386152700559	-0.596000016,41.525074626865674,-70.67845110590845	-0.596000016,41.525074626865674,-70.67304068481133	18.616420746,41.525074626865674,-70.66763026371419	20.233867645,41.525074626865674,-70.66221984261705	2.526999235,41.525074626865674,-70.65680942151991	7.763010502,41.525074626865674,-70.65139900042278	-0.596000016,41.525074626865674,-70.64598857932565	0.0,41.525074626865674,-70.64057815822851	0.0,41.525074626865674,-70.63516773713138	0.0,41.525074626865674,-70.62975731603424	0.0,41.525074626865674,-70.6243468949371	0.0,41.525074626865674,-70.61893647383998	0.0,41.525074626865674,-70.61352605274284	0.0,41.525074626865674,-70.6081156316457	0.0,41.525074626865674,-70.60270521054858	0.0,41.525074626865674,-70.59729478945144	0.0,41.525074626865674,-70.5918843683543	0.0,41.525074626865674,-70.58647394725716	0.0,41.525074626865674,-70.58106352616004	0.0,41.525074626865674,-70.5756531050629	0.0,41.525074626865674,-70.57024268396576	0.0,41.525074626865674,-70.56483226286863	0.0,41.525074626865674,-70.5594218417715	0.0,41.525074626865674,-70.55401142067436	0.0,41.525074626865674,-70.54860099957723	0.0,41.525074626865674,-70.5431905784801	0.0,41.525074626865674,-70.53778015738295	0.0,41.525074626865674,-70.53236973628583	0.0,41.525074626865674,-70.52695931518869	0.0,41.525074626865674,-70.52154889409155	0.0,41.525074626865674,-70.51613847299441	0.0,41.525074626865674,-70.51072805189729	0.0,41.525074626865674,-70.50531763080015	0.0,41.525074626865674,-70.49990720970301
-0.596000016,41.52164179104477,-70.70008748039075	-0.596000016,41.52164179104477,-70.69467734631557	-0.596000016,41.52164179104477,-70.6892672122404	-0.596000016,41.52164179104477,-70.68385707816522	-0.596000016,41.52164179104477,-70.67844694409004	-0.596000016,41.52164179104477,-70.67303681001488	5.041831017,41.52164179104477,-70.6676266759397	15.400912285,41.52164179104477,-70.66221654186452	8.120260239,41.52164179104477,-70.65680640778935	-0.596000016,41.52164179104477,-70.65139627371417	-0.596000016,41.52164179104477,-70.64598613963899	-0.00143807,41.52164179104477,-70.64057600556382	0.0,41.52164179104477,-70.63516587148864	0.0,41.52164179104477,-70.62975573741346	0.0,41.52164179104477,-70.6243456033383	0.0,41.52164179104477,-70.61893546926312	0.0,41.52164179104477,-70.61352533518794	0.0,41.52164179104477,-70.60811520111277	0.0,41.52164179104477,-70.60270506703759	0.0,41.52164179104477,-70.59729493296241	0.0,41.52164179104477,-70.59188479888724	0.0,41.52164179104477,-70.58647466481206	0.0,41.52164179104477,-70.58106453073688	0.0,41.52164179104477,-70.57565439666172	0.0,41.52164179104477,-70.57024426258654	0.0,41.52164179104477,-70.56483412851136	0.0,41.52164179104477,-70.55942399443619	0.0,41.52164179104477,-70.55401386036101	0.0,41.52164179104477,-70.54860372628583	0.0,41.52164179104477,-70.54319359221066	0.0,41.52164179104477,-70.53778345813548	0.0,41.52164179104477,-70.5323733240603	0.0,41.52164179104477,-70.52696318998514	0.0,41.52164179104477,-70.52155305590996	0.0,41.52164179104477,-70.51614292183478	0.0,41.52164179104477,-70.51073278775961	0.0,41.52164179104477,-70.50532265368443	0.0,41.52164179104477,-70.49991251960925
-0.596000016,41.518208955223876,-70.7000821714071	-0.596000016,41.518208955223876,-70.69467232430402	-0.596000016,41.518208955223876,-70.68926247720093	-0.596000016,41.518208955223876,-70.68385263009785	-0.596000016,41.518208955223876,-70.67844278299475	-0.596000016,41.518208955223876,-70.67303293589167	-0.416000009,41.518208955223876,-70.66762308878859	5.942494869,41.518208955223876,-70.66221324168549	0.494410694,41.518208955223876,-70.65680339458241	-0.596000016,41.518208955223876,-70.65139354747933	-0.596000016,41.518208955223876,-70.64598370037623	-0.00143807,41.518208955223876,-70.64057385327315	0.0,41.518208955223876,-70.63516400617006	0.0,41.518208955223876,-70.62975415906698	0.0,41.518208955223876,-70.6243443119639	0.0,41.518208955223876,-70.6189344648608	0.0,41.518208955223876,-70.61352461775772	0.0,41.518208955223876,-70.60811477065462	0.0,41.518208955223876,-70.60270492355154	0.0,41.518208955223876,-70.59729507644846	0.0,41.518208955223876,-70.59188522934537	0.0,41.518208955223876,-70.58647538224228	0.0,41.518208955223876,-70.5810655351392	0.0,41.518208955223876,-70.57565568803611	0.0,41.518208955223876,-70.57024584093303	0.0,41.518208955223876,-70.56483599382993	0.0,41.518208955223876,-70.55942614672685	0.0,41.518208955223876,-70.55401629962377	0.0,41.518208955223876,-70.54860645252067	0.0,41.518208955223876,-70.54319660541759	0.0,41.518208955223876,-70.53778675831451	0.0,41.518208955223876,-70.53237691121141	0.0,41.518208955223876,-70.52696706410833	0.0,41.518208955223876,-70.52155721700524	0.0,41.518208955223876,-70.51614736990216	0.0,41.518208955223876,-70.51073752279908	0.0,41.518208955223876,-70.50532767569598	0.0,41.518208955223876,-70.4999178285929
-0.596000016,41.51477611940298,-70.70007686334587	-0.596000016,41.51477611940298,-70.69466730316502	-0.596000016,41.51477611940298,-70.68925774298415	-0.596000016,41.51477611940298,-70.6838481828033	3.696920395,41.51477611940298,-70.67843862262244	-0.596000016,41.51477611940298,-70.67302906244159	-0.596000016,41.51477611940298,-70.66761950226072	-0.596000016,41.51477611940298,-70.66220994207987	-0.596000016,41.51477611940298,-70.656800381899	-0.596000016,41.51477611940298,-70.65139082171815	-0.596000016,41.51477611940298,-70.64598126153729	-0.006310588,41.51477611940298,-70.64057170135644	0.0,41.51477611940298,-70.63516214117557	0.0,41.51477611940298,-70.62975258099472	0.0,41.51477611940298,-70.62434302081385	0.0,41.51477611940298,-70.618933460633	0.0,41.51477611940298,-70.61352390045214	0.0,41.51477611940298,-70.60811434027129	0.0,41.51477611940298,-70.60270478009042	0.0,41.51477611940298,-70.59729521990957	0.0,41.51477611940298,-70.59188565972872	0.0,41.51477611940298,-70.58647609954785	0.0,41.51477611940298,-70.581066539367	0.0,41.51477611940298,-70.57565697918614	0.0,41.51477611940298,-70.57024741900528	0.0,41.51477611940298,-70.56483785882442	0.0,41.51477611940298,-70.55942829864357	0.0,41.51477611940298,-70.5540187384627	0.0,41.51477611940298,-70.54860917828185	0.0,41.51477611940298,-70.54319961810099	0.0,41.51477611940298,-70.53779005792013	0.0,41.51477611940298,-70.53238049773927	0.0,41.51477611940298,-70.52697093755842	0.0,41.51477611940298,-70.52156137737755	0.0,41.51477611940298,-70.5161518171967	0.0,41.51477611940298,-70.51074225701583	0.0,41.51477611940298,-70.50533269683498	0.0,41.51477611940298,-70.49992313665412
8.59046936,41.511343283582086,-70.70007155620686	6.641453266,41.511343283582086,-70.69466228289839	6.781616688,41.511343283582086,-70.6892530095899	10.870217323,41.511343283582086,-70.68384373628143	7.895974159,41.511343283582086,-70.67843446297294	-0.596000016,41.511343283582086,-70.67302518966447	-0.596000016,41.511343283582086,-70.66761591635598	-0.596000016,41.511343283582086,-70.66220664304751	-0.596000016,41.511343283582086,-70.65679736973902	-0.596000016,41.511343283582086,-70.65138809643055	-0.596000016,41.511343283582086,-70.64597882312206	0.00445718,41.511343283582086,-70.64056954981359	0.0,41.511343283582086,-70.63516027650512	0.0,41.511343283582086,-70.62975100319663	0.0,41.511343283582086,-70.62434172988816	0.0,41.511343283582086,-70.61893245657967	0.0,41.511343283582086,-70.6135231832712	0.0,41.511343283582086,-70.60811390996271	0.0,41.511343283582086,-70.60270463665424	0.0,41.511343283582086,-70.59729536334575	0.0,41.511343283582086,-70.59188609003728	0.0,41.511343283582086,-70.58647681672879	0.0,41.511343283582086,-70.58106754342032	0.0,41.511343283582086,-70.57565827011183	0.0,41.511343283582086,-70.57024899680336	0.0,41.511343283582086,-70.56483972349488	0.0,41.511343283582086,-70.5594304501864	0.0,41.511343283582086,-70.55402117687792	0.0,41.511343283582086,-70.54861190356944	0.0,41.511343283582086,-70.54320263026096	0.0,41.511343283582086,-70.53779335695248	0.0,41.511343283582086,-70.532384083644	0.0,41.511343283582086,-70.52697481033552	0.0,41.511343283582086,-70.52156553702704	0.0,41.511343283582086,-70.51615626371856	0.0,41.511343283582086,-70.51074699041008	0.0,41.511343283582086,-70.50533771710161	0.0,41.511343283582086,-70.49992844379312
7.567887306,41.50791044776119,-70.70006624998992	4.490463257,41.50791044776119,-70.69465726350397	3.486312628,41.50791044776119,-70.68924827701804	5.992119789,41.50791044776119,-70.68383929053209	-0.596000016,41.50791044776119,-70.67843030404615	-0.596000016,41.50791044776119,-70.67302131756021	-0.596000016,41.50791044776119,-70.66761233107427	-0.596000016,41.50791044776119,-70.66220334458833	-0.596000016,41.50791044776119,-70.65679435810239	-0.596000016,41.50791044776119,-70.65138537161644	-0.596000016,41.50791044776119,-70.64597638513051	0.009865169,41.50791044776119,-70.64056739864456	0.0,41.50791044776119,-70.63515841215862	0.0,41.50791044776119,-70.62974942567268	0.0,41.50791044776119,-70.62434043918674	0.0,41.50791044776119,-70.6189314527008	0.0,41.50791044776119,-70.61352246621486	0.0,41.50791044776119,-70.60811347972891	0.0,41.50791044776119,-70.60270449324298	0.0,41.50791044776119,-70.59729550675704	0.0,41.50791044776119,-70.59188652027109	0.0,41.50791044776119,-70.58647753378516	0.0,41.50791044776119,-70.58106854729921	0.0,41.50791044776119,-70.57565956081328	0.0,41.50791044776119,-70.57025057432733	0.0,41.50791044776119,-70.56484158784139	0.0,41.50791044776119,-70.55943260135545	0.0,41.50791044776119,-70.55402361486951	0.0,41.50791044776119,-70.54861462838356	0.0,41.50791044776119,-70.54320564189763	0.0,41.50791044776119,-70.53779665541168	0.0,41.50791044776119,-70.53238766892574	0.0,41.50791044776119,-70.5269786824398	0.0,41.50791044776119,-70.52156969595386	0.0,41.50791044776119,-70.51616070946793	0.0,41.50791044776119,-70.51075172298198	0.0,41.50791044776119,-70.50534273649603	0.0,41.50791044776119,-70.4999337500101
-0.596000016,41.504477611940295,-70.70006094469481	-0.596000016,41.504477611940295,-70.69465224498158	-0.596000016,41.504477611940295,-70.68924354526834	-0.596000016,41.504477611940295,-70.68383484555511	-0.596000016,41.504477611940295,-70.67842614584188	-0.596000016,41.504477611940295,-70.67301744612865	-0.596000016,41.504477611940295,-70.66760874641541	-0.596000016,41.504477611940295,-70.66220004670218	-0.596000016,41.504477611940295,-70.65679134698895	-0.596000016,41.504477611940295,-70.65138264727571	-0.596000016,41.504477611940295,-70.64597394756248	0.008933739,41.504477611940295,-70.64056524784925	0.0,41.504477611940295,-70.63515654813602	0.0,41.504477611940295,-70.62974784842278	0.0,41.504477611940295,-70.62433914870955	0.0,41.504477611940295,-70.61893044899632	0.0,41.504477611940295,-70.61352174928308	0.0,41.504477611940295,-70.60811304956985	0.0,41.504477611940295,-70.60270434985662	0.0,41.504477611940295,-70.5972956501434	0.0,41.504477611940295,-70.59188695043015	0.0,41.504477611940295,-70.58647825071692	0.0,41.504477611940295,-70.5810695510037	0.0,41.504477611940295,-70.57566085129045	0.0,41.504477611940295,-70.57025215157722	0.0,41.504477611940295,-70.564843451864	0.0,41.504477611940295,-70.55943475215075	0.0,41.504477611940295,-70.55402605243752	0.0,41.504477611940295,-70.54861735272429	0.0,41.504477611940295,-70.54320865301106	0.0,41.504477611940295,-70.53779995329782	0.0,41.504477611940295,-70.53239125358459	0.0,41.504477611940295,-70.52698255387136	0.0,41.504477611940295,-70.52157385415812	0.0,41.504477611940295,-70.51616515444489	0.0,41.504477611940295,-70.51075645473166	0.0,41.504477611940295,-70.50534775501843	0.0,41.504477611940295,-70.49993905530519
-0.596000016,41.5010447761194,-70.70005564032138	0.0,41.5010447761194,-70.69464722733103	0.0,41.5010447761194,-70.6892388143407	0.0,41.5010447761194,-70.68383040135035	0.0,41.5010447761194,-70.67842198836	0.0,41.5010447761194,-70.67301357536965	0.0,41.5010447761194,-70.66760516237932	0.0,41.5010447761194,-70.66219674938897	0.0,41.5010447761194,-70.65678833639862	0.0,41.5010447761194,-70.65137992340827	0.0,41.5010447761194,-70.64597151041794	0.0,41.5010447761194,-70.64056309742759	0.0,41.5010447761194,-70.63515468443724	0.0,41.5010447761194,-70.62974627144689	0.0,41.5010447761194,-70.62433785845656	0.0,41.5010447761194,-70.61892944546621	0.0,41.5010447761194,-70.61352103247586	0.0,41.5010447761194,-70.60811261948552	0.0,41.5010447761194,-70.60270420649518	0.0,41.5010447761194,-70.59729579350483	0.0,41.5010447761194,-70.59188738051448	0.0,41.5010447761194,-70.58647896752414	0.0,41.5010447761194,-70.5810705545338	0.0,41.5010447761194,-70.57566214154345	0.0,41.5010447761194,-70.5702537285531	0.0,41.5010447761194,-70.56484531556276	0.0,41.5010447761194,-70.55943690257241	0.0,41.5010447761194,-70.55402848958207	0.0,41.5010447761194,-70.54862007659172	0.0,41.5010447761194,-70.54321166360138	0.0,41.5010447761194,-70.53780325061103	0.0,41.5010447761194,-70.53239483762069	0.0,41.5010447761194,-70.52698642463035	0.0,41.5010447761194,-70.52157801164	0.0,41.5010447761194,-70.51616959864965	0.0,41.5010447761194,-70.5107611856593	0.0,41.5010447761194,-70.50535277266897	0.0,41.5010447761194,-70.49994435967862
-0.596000016,41.497611940298505,-70.70005033686944	-0.00143807,41.497611940298505,-70.69464221055217	0.0,41.497611940298505,-70.6892340842349	0.0,41.497611940298505,-70.68382595791763	0.0,41.497611940298505,-70.67841783160037	0.0,41.497611940298505,-70.6730097052831	0.0,41.497611940298505,-70.66760157896583	0.0,41.497611940298505,-70.66219345264857	0.0,41.497611940298505,-70.6567853263313	0.0,41.497611940298505,-70.65137720001404	0.0,41.497611940298505,-70.64596907369676	0.0,41.497611940298505,-70.6405609473795	0.0,41.497611940298505,-70.63515282106223	0.0,41.497611940298505,-70.62974469474497	0.0,41.497611940298505,-70.6243365684277	0.0,41.497611940298505,-70.61892844211043	0.0,41.497611940298505,-70.61352031579317	0.0,41.497611940298505,-70.6081121894759	0.0,41.497611940298505,-70.60270406315863	0.0,41.497611940298505,-70.59729593684136	0.0,41.497611940298505,-70.5918878105241	0.0,41.497611940298505,-70.58647968420684	0.0,41.497611940298505,-70.58107155788956	0.0,41.497611940298505,-70.5756634315723	0.0,41.497611940298505,-70.57025530525503	0.0,41.497611940298505,-70.56484717893777	0.0,41.497611940298505,-70.55943905262049	0.0,41.497611940298505,-70.55403092630323	0.0,41.497611940298505,-70.54862279998596	0.0,41.497611940298505,-70.5432146736687	0.0,41.497611940298505,-70.53780654735142	0.0,41.497611940298505,-70.53239842103416	0.0,41.497611940298505,-70.5269902947169	0.0,41.497611940298505,-70.52158216839962	0.0,41.497611940298505,-70.51617404208235	0.0,41.497611940298505,-70.51076591576509	0.0,41.497611940298505,-70.50535778944783	0.0,41.497611940298505,-70.49994966313055
-0.596000016,41.49417910447761,-70.70004503433881	-0.006310588,41.49417910447761,-70.69463719464483	0.0,41.49417910447761,-70.68922935495084	0.0,41.49417910447761,-70.68382151525685	0.0,41.49417910447761,-70.67841367556285	0.0,41.49417910447761,-70.67300583586886	0.0,41.49417910447761,-70.66759799617488	0.0,41.49417910447761,-70.66219015648089	0.0,41.49417910447761,-70.6567823167869	0.0,41.49417910447761,-70.65137447709292	0.0,41.49417910447761,-70.64596663739891	0.0,41.49417910447761,-70.64055879770493	0.0,41.49417910447761,-70.63515095801094	0.0,41.49417910447761,-70.62974311831695	0.0,41.49417910447761,-70.62433527862297	0.0,41.49417910447761,-70.61892743892898	0.0,41.49417910447761,-70.61351959923498	0.0,41.49417910447761,-70.60811175954099	0.0,41.49417910447761,-70.602703919847	0.0,41.49417910447761,-70.59729608015301	0.0,41.49417910447761,-70.59188824045903	0.0,41.49417910447761,-70.58648040076504	0.0,41.49417910447761,-70.58107256107104	0.0,41.49417910447761,-70.57566472137705	0.0,41.49417910447761,-70.57025688168306	0.0,41.49417910447761,-70.56484904198908	0.0,41.49417910447761,-70.55944120229509	0.0,41.49417910447761,-70.5540333626011	0.0,41.49417910447761,-70.5486255229071	0.0,41.49417910447761,-70.54321768321311	0.0,41.49417910447761,-70.53780984351913	0.0,41.49417910447761,-70.53240200382514	0.0,41.49417910447761,-70.52699416413115	0.0,41.49417910447761,-70.52158632443717	0.0,41.49417910447761,-70.51617848474316	0.0,41.49417910447761,-70.51077064504918	0.0,41.49417910447761,-70.50536280535519	0.0,41.49417910447761,-70.4999549656612
-0.596000016,41.490746268656714,-70.7000397327293	0.00445718,41.490746268656714,-70.69463217960879	0.0,41.490746268656714,-70.6892246264883	0.0,41.490746268656714,-70.68381707336779	0.0,41.490746268656714,-70.67840952024729	0.0,41.490746268656714,-70.67300196712678	0.0,41.490746268656714,-70.66759441400629	0.0,41.490746268656714,-70.66218686088578	0.0,41.490746268656714,-70.65677930776528	0.0,41.490746268656714,-70.65137175464477	0.0,41.490746268656714,-70.64596420152428	0.0,41.490746268656714,-70.64055664840377	0.0,41.490746268656714,-70.63514909528327	0.0,41.490746268656714,-70.62974154216276	0.0,41.490746268656714,-70.62433398904227	-0.009306691,41.490746268656714,-70.61892643592176	-0.700023472,41.490746268656714,-70.61351888280126	-0.700023472,41.490746268656714,-70.60811132968075	-0.700023472,41.490746268656714,-70.60270377656026	-0.700023472,41.490746268656714,-70.59729622343976	-0.700023472,41.490746268656714,-70.59188867031925	0.0,41.490746268656714,-70.58648111719874	0.0,41.490746268656714,-70.58107356407825	0.0,41.490746268656714,-70.57566601095775	0.0,41.490746268656714,-70.57025845783724	0.0,41.490746268656714,-70.56485090471674	0.0,41.490746268656714,-70.55944335159624	0.0,41.490746268656714,-70.55403579847574	0.0,41.490746268656714,-70.54862824535523	0.0,41.490746268656714,-70.54322069223473	0.0,41.490746268656714,-70.53781313911423	0.0,41.490746268656714,-70.53240558599373	0.0,41.490746268656714,-70.52699803287322	0.0,41.490746268656714,-70.52159047975272	0.0,41.490746268656714,-70.51618292663223	0.0,41.490746268656714,-70.51077537351172	0.0,41.490746268656714,-70.50536782039121	0.0,41.490746268656714,-70.49996026727071
0.0,41.48731343283582,-70.70003443204071	0.0,41.48731343283582,-70.69462716544392	0.0,41.48731343283582,-70.68921989884711	0.0,41.48731343283582,-70.68381263225032	0.0,41.48731343283582,-70.67840536565353	0.0,41.48731343283582,-70.67299809905673	0.0,41.48731343283582,-70.66759083245994	0.0,41.48731343283582,-70.66218356586315	0.0,41.48731343283582,-70.65677629926635	0.0,41.48731343283582,-70.65136903266955	0.0,41.48731343283582,-70.64596176607276	0.0,41.48731343283582,-70.64055449947597	0.0,41.48731343283582,-70.63514723287916	0.0,41.48731343283582,-70.62973996628237	0.0,41.48731343283582,-70.62433269968558	-0.700023472,41.48731343283582,-70.61892543308878	-0.700023472,41.48731343283582,-70.61351816649199	-0.700023472,41.48731343283582,-70.6081108998952	-0.700023472,41.48731343283582,-70.6027036332984	-0.700023472,41.48731343283582,-70.5972963667016	-0.700023472,41.48731343283582,-70.59188910010481	0.0,41.48731343283582,-70.58648183350802	0.0,41.48731343283582,-70.58107456691121	0.0,41.48731343283582,-70.57566730031442	0.0,41.48731343283582,-70.57026003371763	0.0,41.48731343283582,-70.56485276712083	0.0,41.48731343283582,-70.55944550052403	0.0,41.48731343283582,-70.55403823392724	0.0,41.48731343283582,-70.54863096733044	0.0,41.48731343283582,-70.54322370073365	0.0,41.48731343283582,-70.53781643413686	0.0,41.48731343283582,-70.53240916754007	0.0,41.48731343283582,-70.52700190094326	0.0,41.48731343283582,-70.52159463434647	0.0,41.48731343283582,-70.51618736774968	0.0,41.48731343283582,-70.51078010115287	0.0,41.48731343283582,-70.50537283455608	0.0,41.48731343283582,-70.4999655679593
0.0,41.483880597014924,-70.70002913227289	0.0,41.483880597014924,-70.69462215215003	0.0,41.483880597014924,-70.68921517202718	0.0,41.483880597014924,-70.68380819190432	0.0,41.483880597014924,-70.67840121178145	0.0,41.483880597014924,-70.67299423165859	0.0,41.483880597014924,-70.66758725153574	0.0,41.483880597014924,-70.66218027141288	0.0,41.483880597014924,-70.65677329129002	0.0,41.483880597014924,-70.65136631116717	0.0,41.483880597014924,-70.64595933104431	0.0,41.483880597014924,-70.64055235092144	0.0,41.483880597014924,-70.63514537079858	0.0,41.483880597014924,-70.62973839067573	0.0,41.483880597014924,-70.62433141055287	-0.700023472,41.483880597014924,-70.61892443043001	-0.700023472,41.483880597014924,-70.61351745030716	-0.700023472,41.483880597014924,-70.6081104701843	-0.700023472,41.483880597014924,-70.60270349006144	-0.700023472,41.483880597014924,-70.59729650993857	-0.500023484,41.483880597014924,-70.59188952981572	-0.001206491,41.483880597014924,-70.58648254969286	0.0,41.483880597014924,-70.58107556957	0.0,41.483880597014924,-70.57566858944715	0.0,41.483880597014924,-70.57026160932429	0.0,41.483880597014924,-70.56485462920143	0.0,41.483880597014924,-70.55944764907856	0.0,41.483880597014924,-70.55404066895571	0.0,41.483880597014924,-70.54863368883285	0.0,41.483880597014924,-70.54322670871	0.0,41.483880597014924,-70.53781972858714	0.0,41.483880597014924,-70.53241274846428	0.0,41.483880597014924,-70.52700576834143	0.0,41.483880597014924,-70.52159878821855	0.0,41.483880597014924,-70.5161918080957	0.0,41.483880597014924,-70.51078482797284	0.0,41.483880597014924,-70.50537784784999	0.0,41.483880597014924,-70.49997086772713
0.0,41.48044776119403,-70.70002383342562	0.0,41.48044776119403,-70.69461713972693	0.0,41.48044776119403,-70.68921044602826	0.0,41.48044776119403,-70.68380375232957	0.0,41.48044776119403,-70.67839705863089	0.0,41.48044776119403,-70.6729903649322	0.0,41.48044776119403,-70.66758367123353	0.0,41.48044776119403,-70.66217697753484	0.0,41.48044776119403,-70.65677028383617	0.0,41.48044776119403,-70.65136359013748	0.0,41.48044776119403,-70.6459568964388	0.0,41.48044776119403,-70.64055020274012	0.0,41.48044776119403,-70.63514350904143	0.0,41.48044776119403,-70.62973681534275	0.0,41.48044776119403,-70.62433012164406	-0.700023472,41.48044776119403,-70.61892342794539	-0.700023472,41.48044776119403,-70.6135167342467	-0.700023472,41.48044776119403,-70.60811004054803	10.036789894,41.48044776119403,-70.60270334684934	-0.700023472,41.48044776119403,-70.59729665315066	-0.500023484,41.48044776119403,-70.59188995945198	-0.005294366,41.48044776119403,-70.5864832657533	0.0,41.48044776119403,-70.58107657205461	0.0,41.48044776119403,-70.57566987835594	0.0,41.48044776119403,-70.57026318465725	0.0,41.48044776119403,-70.56485649095856	0.0,41.48044776119403,-70.55944979725989	0.0,41.48044776119403,-70.5540431035612	0.0,41.48044776119403,-70.54863640986252	0.0,41.48044776119403,-70.54322971616384	0.0,41.48044776119403,-70.53782302246516	0.0,41.48044776119403,-70.53241632876647	0.0,41.48044776119403,-70.5270096350678	0.0,41.48044776119403,-70.52160294136911	0.0,41.48044776119403,-70.51619624767044	0.0,41.48044776119403,-70.51078955397175	0.0,41.48044776119403,-70.50538286027306	0.0,41.48044776119403,-70.49997616657438
0.0,41.47701492537313,-70.70001853549874	0.0,41.47701492537313,-70.69461212817448	0.0,41.47701492537313,-70.68920572085023	0.0,41.47701492537313,-70.68379931352598	0.0,41.47701492537313,-70.67839290620172	0.0,41.47701492537313,-70.67298649887746	0.0,41.47701492537313,-70.6675800915532	0.0,41.47701492537313,-70.66217368422895	0.0,41.47701492537313,-70.65676727690469	0.0,41.47701492537313,-70.65136086958044	0.0,41.47701492537313,-70.64595446225619	-0.001689065,41.47701492537313,-70.64054805493193	-0.007412013,41.47701492537313,-70.63514164760767	-0.700023472,41.47701492537313,-70.62973524028341	-0.700023472,41.47701492537313,-70.62432883295916	-0.700023472,41.47701492537313,-70.6189224256349	0.776997328,41.47701492537313,-70.61351601831065	3.128313541,41.47701492537313,-70.60810961098639	10.577068329,41.47701492537313,-70.60270320366213	3.135593414,41.47701492537313,-70.59729679633787	-0.500023484,41.47701492537313,-70.59189038901363	-0.500023484,41.47701492537313,-70.58648398168937	-0.500023484,41.47701492537313,-70.58107757436511	-0.500023484,41.47701492537313,-70.57567116704085	-0.500023484,41.47701492537313,-70.5702647597166	-0.500023484,41.47701492537313,-70.56485835239235	-0.500023484,41.47701492537313,-70.55945194506809	-0.500023484,41.47701492537313,-70.55404553774383	0.0,41.47701492537313,-70.54863913041957	0.0,41.47701492537313,-70.54323272309531	0.0,41.47701492537313,-70.53782631577106	0.0,41.47701492537313,-70.53241990844681	0.0,41.47701492537313,-70.52701350112255	0.0,41.47701492537313,-70.5216070937983	0.0,41.47701492537313,-70.51620068647404	0.0,41.47701492537313,-70.51079427914978	0.0,41.47701492537313,-70.50538787182552	0.0,41.47701492537313,-70.49998146450127
0.0,41.47358208955224,-70.70001323849205	0.0,41.47358208955224,-70.69460711749248	0.0,41.47358208955224,-70.6892009964929	0.0,41.47358208955224,-70.68379487549333	0.0,41.47358208955224,-70.67838875449377	0.0,41.47358208955224,-70.6729826334942	0.0,41.47358208955224,-70.66757651249462	0.0,41.47358208955224,-70.66217039149505	-0.700023472,41.47358208955224,-70.65676427049549	-0.700023472,41.47358208955224,-70.65135814949592	-0.700023472,41.47358208955224,-70.64595202849634	-0.700023472,41.47358208955224,-70.64054590749677	-0.700023472,41.47358208955224,-70.6351397864972	-0.700023472,41.47358208955224,-70.62973366549764	-0.700023472,41.47358208955224,-70.62432754449806	-0.700023472,41.47358208955224,-70.61892142349849	5.990467548,41.47358208955224,-70.61351530249893	17.32216835,41.47358208955224,-70.60810918149934	8.880639076,41.47358208955224,-70.60270306049978	5.008860588,41.47358208955224,-70.59729693950021	-0.500023484,41.47358208955224,-70.59189081850064	-0.500023484,41.47358208955224,-70.58648469750106	-0.500023484,41.47358208955224,-70.5810785765015	-0.500023484,41.47358208955224,-70.57567245550193	-0.500023484,41.47358208955224,-70.57026633450236	-0.500023484,41.47358208955224,-70.56486021350278	-0.500023484,41.47358208955224,-70.55945409250322	-0.500023484,41.47358208955224,-70.55404797150365	0.0,41.47358208955224,-70.54864185050407	0.0,41.47358208955224,-70.5432357295045	0.0,41.47358208955224,-70.53782960850494	0.0,41.47358208955224,-70.53242348750537	0.0,41.47358208955224,-70.52701736650579	0.0,41.47358208955224,-70.52161124550622	0.0,41.47358208955224,-70.51620512450666	0.0,41.47358208955224,-70.51079900350709	0.0,41.47358208955224,-70.50539288250751	0.0,41.47358208955224,-70.49998676150794
0.0,41.47014925373134,-70.70000794240538	0.0,41.47014925373134,-70.69460210768077	0.0,41.47014925373134,-70.68919627295615	0.0,41.47014925373134,-70.68379043823153	0.0,41.47014925373134,-70.67838460350691	0.0,41.47014925373134,-70.6729787687823	0.0,41.47014925373134,-70.66757293405769	0.0,41.47014925373134,-70.66216709933308	-0.700023472,41.47014925373134,-70.65676126460845	-0.700023472,41.47014925373134,-70.65135542988384	-0.700023472,41.47014925373134,-70.64594959515922	-0.700023472,41.47014925373134,-70.64054376043461	-0.700023472,41.47014925373134,-70.63513792571	-0.700023472,41.47014925373134,-70.62973209098539	2.095100641,41.47014925373134,-70.62432625626076	2.21741581,41.47014925373134,-70.61892042153615	19.208129883,41.47014925373134,-70.61351458681153	19.440265656,41.47014925373134,-70.60810875208692	14.814768791,41.47014925373134,-70.60270291736231	12.447005272,41.47014925373134,-70.59729708263768	-0.500023484,41.47014925373134,-70.59189124791307	-0.500023484,41.47014925373134,-70.58648541318846	-0.500023484,41.47014925373134,-70.58107957846384	-0.500023484,41.47014925373134,-70.57567374373923	2.560638428,41.47014925373134,-70.5702679090146	5.299940109,41.47014925373134,-70.56486207428999	-0.500023484,41.47014925373134,-70.55945623956538	-0.500023484,41.47014925373134,-70.55405040484077	0.0,41.47014925373134,-70.54864457011615	0.0,41.47014925373134,-70.54323873539154	0.0,41.47014925373134,-70.53783290066691	0.0,41.47014925373134,-70.5324270659423	0.0,41.47014925373134,-70.52702123121769	0.0,41.47014925373134,-70.52161539649308	0.0,41.47014925373134,-70.51620956176846	0.0,41.47014925373134,-70.51080372704384	0.0,41.47014925373134,-70.50539789231922	0.0,41.47014925373134,-70.49999205759461
0.0,41.46671641791045,-70.70000264723855	0.0,41.46671641791045,-70.69459709873917	0.0,41.46671641791045,-70.68919155023978	0.0,41.46671641791045,-70.6837860017404	0.0,41.46671641791045,-70.67838045324102	0.0,41.46671641791045,-70.67297490474165	0.0,41.46671641791045,-70.66756935624227	0.0,41.46671641791045,-70.66216380774289	-0.700023472,41.46671641791045,-70.6567582592435	-0.700023472,41.46671641791045,-70.65135271074412	-0.700023472,41.46671641791045,-70.64594716224474	-0.700023472,41.46671641791045,-70.64054161374536	-0.700023472,41.46671641791045,-70.63513606524597	-0.013419795,41.46671641791045,-70.6297305167466	-0.700023472,41.46671641791045,-70.62432496824722	13.899420738,41.46671641791045,-70.61891941974784	19.397659302,41.46671641791045,-70.61351387124846	16.983310699,41.46671641791045,-70.60810832274908	12.147255898,41.46671641791045,-70.60270277424969	-0.500023484,41.46671641791045,-70.59729722575031	-0.500023484,41.46671641791045,-70.59189167725093	-0.500023484,41.46671641791045,-70.58648612875156	-0.500023484,41.46671641791045,-70.58108058025218	0.431314051,41.46671641791045,-70.5756750317528	7.610528946,41.46671641791045,-70.57026948325341	13.352954865,41.46671641791045,-70.56486393475403	-0.500023484,41.46671641791045,-70.55945838625465	-0.500023484,41.46671641791045,-70.55405283775526	0.0,41.46671641791045,-70.54864728925588	0.0,41.46671641791045,-70.54324174075651	0.0,41.46671641791045,-70.53783619225713	0.0,41.46671641791045,-70.53243064375775	0.0,41.46671641791045,-70.52702509525837	0.0,41.46671641791045,-70.52161954675898	0.0,41.46671641791045,-70.5162139982596	0.0,41.46671641791045,-70.51080844976022	0.0,41.46671641791045,-70.50540290126084	0.0,41.46671641791045,-70.49999735276147
0.0,41.46328358208955,-70.69999735299135	0.0,41.46328358208955,-70.69459209066748	0.0,41.46328358208955,-70.68918682834364	0.0,41.46328358208955,-70.68378156601977	0.0,41.46328358208955,-70.67837630369591	-0.007412013,41.46328358208955,-70.67297104137207	0.001744397,41.46328358208955,-70.6675657790482	0.004605555,41.46328358208955,-70.66216051672436	-0.700023472,41.46328358208955,-70.6567552544005	-0.700023472,41.46328358208955,-70.65134999207663	-0.700023472,41.46328358208955,-70.64594472975278	0.608240008,41.46328358208955,-70.64053946742892	-0.700023472,41.46328358208955,-70.63513420510506	-0.700023472,41.46328358208955,-70.62972894278121	-0.198445126,41.46328358208955,-70.62432368045735	16.265075684,41.46328358208955,-70.61891841813349	19.239974976,41.46328358208955,-70.61351315580964	18.354419708,41.46328358208955,-70.60810789348578	7.324942112,41.46328358208955,-70.60270263116193	-0.500023484,41.46328358208955,-70.59729736883807	-0.500023484,41.46328358208955,-70.59189210651421	-0.500023484,41.46328358208955,-70.58648684419036	-0.500023484,41.46328358208955,-70.5810815818665	5.180500507,41.46328358208955,-70.57567631954264	11.415138245,41.46328358208955,-70.57027105721879	12.230090141,41.46328358208955,-70.56486579489493	1.879166722,41.46328358208955,-70.55946053257108	-0.500023484,41.46328358208955,-70.55405527024722	0.0,41.46328358208955,-70.54865000792336	0.0,41.46328358208955,-70.54324474559951	0.0,41.46328358208955,-70.53783948327565	0.0,41.46328358208955,-70.53243422095179	0.0,41.46328358208955,-70.52702895862794	0.0,41.46328358208955,-70.52162369630408	0.0,41.46328358208955,-70.51621843398021	0.0,41.46328358208955,-70.51081317165637	0.0,41.46328358208955,-70.5054079093325	0.0,41.46328358208955,-70.50000264700866
0.0,41.45985074626866,-70.69999205966361	0.0,41.45985074626866,-70.69458708346558	0.0,41.45985074626866,-70.68918210726754	0.0,41.45985074626866,-70.68377713106952	0.0,41.45985074626866,-70.67837215487148	-0.700023472,41.45985074626866,-70.67296717867345	-0.700023472,41.45985074626866,-70.66756220247541	-0.700023472,41.45985074626866,-70.66215722627739	8.695287704,41.45985074626866,-70.65675225007935	3.370261669,41.45985074626866,-70.65134727388131	8.207679749,41.45985074626866,-70.64594229768328	6.134124279,41.45985074626866,-70.64053732148525	5.437929153,41.45985074626866,-70.63513234528722	8.08265686,41.45985074626866,-70.62972736908918	-0.700023472,41.45985074626866,-70.62432239289114	7.583322048,41.45985074626866,-70.61891741669312	18.247024536,41.45985074626866,-70.61351244049509	17.177116394,41.45985074626866,-70.60810746429705	18.15593338,41.45985074626866,-70.60270248809901	-0.500023484,41.45985074626866,-70.59729751190099	-0.500023484,41.45985074626866,-70.59189253570295	3.594152212,41.45985074626866,-70.58648755950492	4.202305317,41.45985074626866,-70.58108258330688	3.398236752,41.45985074626866,-70.57567760710884	11.79004097,41.45985074626866,-70.57027263091082	8.676980972,41.45985074626866,-70.56486765471278	-0.500023484,41.45985074626866,-70.55946267851475	-0.500023484,41.45985074626866,-70.55405770231671	0.0,41.45985074626866,-70.54865272611869	0.0,41.45985074626866,-70.54324774992065	0.0,41.45985074626866,-70.53784277372262	0.0,41.45985074626866,-70.53243779752458	0.0,41.45985074626866,-70.52703282132656	0.0,41.45985074626866,-70.52162784512852	0.0,41.45985074626866,-70.51622286893048	0.0,41.45985074626866,-70.51081789273245	0.0,41.45985074626866,-70.50541291653442	0.0,41.45985074626866,-70.50000794033639
0.0,41.45641791044776,-70.69998676725515	0.0,41.45641791044776,-70.69458207713325	0.0,41.45641791044776,-70.68917738701136	0.0,41.45641791044776,-70.68377269688945	0.0,41.45641791044776,-70.67836800676756	-0.700023472,41.45641791044776,-70.67296331664565	-0.700023472,41.45641791044776,-70.66755862652376	12.832157135,41.45641791044776,-70.66215393640185	14.532237053,41.45641791044776,-70.65674924627996	26.877151489,41.45641791044776,-70.65134455615805	19.107398987,41.45641791044776,-70.64593986603614	19.283912659,41.45641791044776,-70.64053517591425	12.534030914,41.45641791044776,-70.63513048579235	7.569013596,41.45641791044776,-70.62972579567045	-0.700023472,41.45641791044776,-70.62432110554855	12.921465874,41.45641791044776,-70.61891641542665	25.788593292,41.45641791044776,-70.61351172530475	18.156650543,41.45641791044776,-70.60810703518284	7.194491863,41.45641791044776,-70.60270234506095	-0.500023484,41.45641791044776,-70.59729765493904	-0.500023484,41.45641791044776,-70.59189296481715	-0.500023484,41.45641791044776,-70.58648827469524	-0.500023484,41.45641791044776,-70.58108358457335	5.339407921,41.45641791044776,-70.57567889445144	17.2376194,41.45641791044776,-70.57027420432955	8.750226021,41.45641791044776,-70.56486951420764	5.495606422,41.45641791044776,-70.55946482408574	-0.500023484,41.45641791044776,-70.55406013396384	0.0,41.45641791044776,-70.54865544384194	0.0,41.45641791044776,-70.54325075372005	0.0,41.45641791044776,-70.53784606359814	0.0,41.45641791044776,-70.53244137347625	0.0,41.45641791044776,-70.52703668335434	0.0,41.45641791044776,-70.52163199323245	0.0,41.45641791044776,-70.51622730311054	0.0,41.45641791044776,-70.51082261298863	0.0,41.45641791044776,-70.50541792286674	0.0,41.45641791044776,-70.50001323274483
0.0,41.452985074626866,-70.6999814757658	0.0,41.452985074626866,-70.69457707167035	0.0,41.452985074626866,-70.6891726675749	0.0,41.452985074626866,-70.68376826347945	0.0,41.452985074626866,-70.678363859384	-0.700023472,41.452985074626866,-70.67295945528855	-0.700023472,41.452985074626866,-70.6675550511931	24.32185936,41.452985074626866,-70.66215064709766	32.179847717,41.452985074626866,-70.6567462430022	34.00226593,41.452985074626866,-70.65134183890676	27.452655792,41.452985074626866,-70.64593743481132	33.538913727,41.452985074626866,-70.64053303071586	28.334028244,41.452985074626866,-70.63512862662041	13.227395058,41.452985074626866,-70.62972422252497	-0.700023472,41.452985074626866,-70.62431981842951	18.146986008,41.452985074626866,-70.61891541433407	25.777921677,41.452985074626866,-70.61351101023862	24.909690857,41.452985074626866,-70.60810660614317	1.588229537,41.452985074626866,-70.60270220204772	1.058719039,41.452985074626866,-70.59729779795228	-0.500023484,41.452985074626866,-70.59189339385682	-0.500023484,41.452985074626866,-70.58648898976138	-0.242573172,41.452985074626866,-70.58108458566593	7.434700966,41.452985074626866,-70.57568018157049	14.072115898,41.452985074626866,-70.57027577747503	1.044476151,41.452985074626866,-70.56487137337959	4.241971493,41.452985074626866,-70.55946696928414	4.542319298,41.452985074626866,-70.55406256518869	0.0,41.452985074626866,-70.54865816109324	0.0,41.452985074626866,-70.5432537569978	0.0,41.452985074626866,-70.53784935290234	0.0,41.452985074626866,-70.5324449488069	0.0,41.452985074626866,-70.52704054471145	0.0,41.452985074626866,-70.521636140616	0.0,41.452985074626866,-70.51623173652055	0.0,41.452985074626866,-70.51082733242511	0.0,41.452985074626866,-70.50542292832965	0.0,41.452985074626866,-70.5000185242342
0.0,41.44955223880597,-70.69997618519534	0.0,41.44955223880597,-70.69457206707668	0.0,41.44955223880597,-70.689167948958	0.0,41.44955223880597,-70.68376383083934	0.0,41.44955223880597,-70.67835971272068	-0.700023472,41.44955223880597,-70.672955594602	3.311463118,41.44955223880597,-70.66755147648334	19.319875717,41.44955223880597,-70.66214735836466	30.870161057,41.44955223880597,-70.656743240246	43.952083588,41.44955223880597,-70.65133912212734	30.271951675,41.44955223880597,-70.64593500400866	38.186279297,41.44955223880597,-70.64053088589	22.414041519,41.44955223880597,-70.63512676777134	14.117862701,41.44955223880597,-70.62972264965266	4.096439362,41.44955223880597,-70.624318531534	20.824584961,41.44955223880597,-70.61891441341534	29.017620087,41.44955223880597,-70.61351029529666	32.438922882,41.44955223880597,-70.608106177178	12.758649826,41.44955223880597,-70.60270205905933	-0.500023484,41.44955223880597,-70.59729794094066	3.224562645,41.44955223880597,-70.591893822822	-0.500023484,41.44955223880597,-70.58648970470333	9.70253849,41.44955223880597,-70.58108558658466	7.444824219,41.44955223880597,-70.575681468466	9.790360451,41.44955223880597,-70.57027735034733	7.233630657,41.44955223880597,-70.56487323222866	3.924790144,41.44955223880597,-70.55946911411	0.562869668,41.44955223880597,-70.55406499599133	0.0,41.44955223880597,-70.54866087787266	0.0,41.44955223880597,-70.54325675975399	0.0,41.44955223880597,-70.53785264163533	0.0,41.44955223880597,-70.53244852351666	0.0,41.44955223880597,-70.52704440539799	0.0,41.44955223880597,-70.52164028727933	0.0,41.44955223880597,-70.51623616916066	0.0,41.44955223880597,-70.51083205104199	0.0,41.44955223880597,-70.50542793292333	0.0,41.44955223880597,-70.50002381480466
-0.700023472,41.446119402985076,-70.69997089554361	-0.700023472,41.446119402985076,-70.69456706335207	-0.700023472,41.446119402985076,-70.68916323116052	-0.700023472,41.446119402985076,-70.68375939896897	-0.700023472,41.446119402985076,-70.67835556677743	-0.700023472,41.446119402985076,-70.67295173458588	3.716792822,41.446119402985076,-70.66754790239433	12.985747337,41.446119402985076,-70.66214407020279	35.185516357,41.446119402985076,-70.65674023801124	34.089977264,41.446119402985076,-70.65133640581969	35.940505981,41.446119402985076,-70.64593257362814	36.155475616,41.446119402985076,-70.6405287414366	28.198913574,41.446119402985076,-70.63512490924505	24.629163742,41.446119402985076,-70.6297210770535	11.636203766,41.446119402985076,-70.62431724486196	29.040435791,41.446119402985076,-70.61891341267041	42.489814758,41.446119402985076,-70.61350958047886	33.335720062,41.446119402985076,-70.60810574828733	19.592473984,41.446119402985076,-70.60270191609578	6.941808224,41.446119402985076,-70.59729808390423	-0.500023484,41.446119402985076,-70.59189425171269	0.499976516,41.446119402985076,-70.58649041952114	12.868271828,41.446119402985076,-70.5810865873296	16.105340958,41.446119402985076,-70.57568275513805	7.461619377,41.446119402985076,-70.5702789229465	2.741927385,41.446119402985076,-70.56487509075495	3.270476341,41.446119402985076,-70.5594712585634	-0.230023518,41.446119402985076,-70.55406742637186	0.0,41.446119402985076,-70.54866359418031	0.0,41.446119402985076,-70.54325976198876	0.0,41.446119402985076,-70.53785592979722	0.0,41.446119402985076,-70.53245209760567	0.0,41.446119402985076,-70.52704826541412	0.0,41.446119402985076,-70.52164443322258	0.0,41.446119402985076,-70.51624060103103	0.0,41.446119402985076,-70.51083676883948	0.0,41.446119402985076,-70.50543293664794	0.0,41.446119402985076,-70.50002910445639
-0.700023472,41.44268656716418,-70.69996560681042	-0.700023472,41.44268656716418,-70.69456206049635	-0.700023472,41.44268656716418,-70.68915851418227	-0.700023472,41.44268656716418,-70.6837549678682	-0.700023472,41.44268656716418,-70.67835142155411	-0.700023472,41.44268656716418,-70.67294787524004	5.948506832,41.44268656716418,-70.66754432892596	16.430086136,41.44268656716418,-70.66214078261189	27.332450867,41.44268656716418,-70.6567372362978	50.895561218,41.44268656716418,-70.65133368998373	31.127193451,41.44268656716418,-70.64593014366966	32.392932892,41.44268656716418,-70.64052659735557	27.22476387,41.44268656716418,-70.6351230510415	17.624555588,41.44268656716418,-70.62971950472742	9.846688271,41.44268656716418,-70.62431595841335	36.765213013,41.44268656716418,-70.61891241209926	42.552768707,41.44268656716418,-70.61350886578519	30.563508987,41.44268656716418,-70.60810531947111	21.598392487,41.44268656716418,-70.60270177315704	-0.500023484,41.44268656716418,-70.59729822684295	-0.500023484,41.44268656716418,-70.59189468052888	17.192060471,41.44268656716418,-70.58649113421481	23.864248276,41.44268656716418,-70.58108758790073	15.70044136,41.44268656716418,-70.57568404158665	6.760667801,41.44268656716418,-70.57028049527257	4.921730042,41.44268656716418,-70.5648769489585	5.968685627,41.44268656716418,-70.55947340264441	-0.250023514,41.44268656716418,-70.55406985633034	0.0,41.44268656716418,-70.54866631001626	0.0,41.44268656716418,-70.54326276370219	0.0,41.44268656716418,-70.53785921738812	0.0,41.44268656716418,-70.53245567107403	0.0,41.44268656716418,-70.52705212475996	0.0,41.44268656716418,-70.52164857844588	0.0,41.44268656716418,-70.5162450321318	0.0,41.44268656716418,-70.51084148581772	0.0,41.44268656716418,-70.50543793950365	0.0,41.44268656716418,-70.50003439318957
-0.700023472,41.439253731343285,-70.6999603189956	-0.700023472,41.439253731343285,-70.69455705850935	-0.700023472,41.439253731343285,-70.6891537980231	21.048416138,41.439253731343285,-70.68375053753685	4.614292622,41.439253731343285,-70.6783472770506	0.333976507,41.439253731343285,-70.67294401656434	14.590389252,41.439253731343285,-70.6675407560781	15.053941727,41.439253731343285,-70.66213749559185	47.971790314,41.439253731343285,-70.6567342351056	61.980278015,41.439253731343285,-70.65133097461936	55.750804901,41.439253731343285,-70.64592771413311	31.879003525,41.439253731343285,-70.64052445364686	22.351177216,41.439253731343285,-70.63512119316061	21.839262009,41.439253731343285,-70.62971793267437	30.089164734,41.439253731343285,-70.62431467218812	43.017185211,41.439253731343285,-70.61891141170186	36.55897522,41.439253731343285,-70.61350815121561	27.493846893,41.439253731343285,-70.60810489072936	23.56983757,41.439253731343285,-70.60270163024312	-0.500023484,41.439253731343285,-70.59729836975687	12.561008453,41.439253731343285,-70.59189510927062	26.915403366,41.439253731343285,-70.58649184878438	30.59444809,41.439253731343285,-70.58108858829813	22.872123718,41.439253731343285,-70.57568532781188	8.962817192,41.439253731343285,-70.57028206732564	5.215183258,41.439253731343285,-70.56487880683937	7.376171589,41.439253731343285,-70.55947554635313	-0.250023514,41.439253731343285,-70.55407228586688	0.0,41.439253731343285,-70.54866902538063	0.0,41.439253731343285,-70.54326576489439	0.0,41.439253731343285,-70.53786250440814	0.0,41.439253731343285,-70.53245924392189	0.0,41.439253731343285,-70.52705598343564	0.0,41.439253731343285,-70.5216527229494	0.0,41.439253731343285,-70.51624946246315	0.0,41.439253731343285,-70.51084620197689	0.0,41.439253731343285,-70.50544294149064	0.0,41.439253731343285,-70.5000396810044
-0.700023472,41.43582089552239,-70.69995503209894	-0.700023472,41.43582089552239,-70.6945520573909	11.256968498,41.43582089552239,-70.68914908268285	17.056724548,41.43582089552239,-70.68374610797478	24.817272186,41.43582089552239,-70.67834313326674	6.651165962,41.43582089552239,-70.67294015855869	11.829354286,41.43582089552239,-70.66753718385064	19.4594841,41.43582089552239,-70.66213420914258	40.310913086,41.43582089552239,-70.65673123443453	52.161144257,41.43582089552239,-70.65132825972648	57.112922668,41.43582089552239,-70.64592528501844	27.846704483,41.43582089552239,-70.64052231031037	23.269273758,41.43582089552239,-70.63511933560233	24.246984482,41.43582089552239,-70.62971636089428	37.355091095,41.43582089552239,-70.62431338618623	38.113605499,41.43582089552239,-70.61891041147818	41.734176636,41.43582089552239,-70.61350743677012	29.197372437,41.43582089552239,-70.60810446206207	0.586666524,41.43582089552239,-70.60270148735403	-0.500023484,41.43582089552239,-70.59729851264598	23.01169014,41.43582089552239,-70.59189553793792	24.819030762,41.43582089552239,-70.58649256322987	22.363952637,41.43582089552239,-70.58108958852182	16.759342194,41.43582089552239,-70.57568661381377	9.287403107,41.43582089552239,-70.57028363910572	2.743961334,41.43582089552239,-70.56488066439766	0.679444432,41.43582089552239,-70.55947768968961	-0.250023514,41.43582089552239,-70.55407471498157	0.0,41.43582089552239,-70.54867174027352	0.0,41.43582089552239,-70.54326876556546	0.0,41.43582089552239,-70.53786579085741	0.0,41.43582089552239,-70.53246281614936	0.0,41.43582089552239,-70.52705984144131	0.0,41.43582089552239,-70.52165686673325	0.0,41.43582089552239,-70.5162538920252	0.0,41.43582089552239,-70.51085091731716	0.0,41.43582089552239,-70.50544794260911	0.0,41.43582089552239,-70.50004496790106
0.999976516,41.432388059701495,-70.69994974612028	19.388551712,41.432388059701495,-70.69454705714081	22.629001617,41.432388059701495,-70.68914436816134	31.523286819,41.432388059701495,-70.68374167918186	50.164581299,41.432388059701495,-70.67833899020238	56.490451813,41.432388059701495,-70.6729363012229	20.313814163,41.432388059701495,-70.66753361224343	26.974151611,41.432388059701495,-70.66213092326396	31.425413132,41.432388059701495,-70.65672823428449	43.953533173,41.432388059701495,-70.65132554530501	33.446056366,41.432388059701495,-70.64592285632554	23.894371033,41.432388059701495,-70.64052016734607	23.894870758,41.432388059701495,-70.63511747836658	29.336681366,41.432388059701495,-70.62971478938711	29.509527206,41.432388059701495,-70.62431210040764	29.896608353,41.432388059701495,-70.61890941142816	39.67861557,41.432388059701495,-70.61350672244869	27.653085709,41.432388059701495,-70.60810403346922	-0.500023484,41.432388059701495,-70.60270134448974	18.534265518,41.432388059701495,-70.59729865551027	25.941995621,41.432388059701495,-70.59189596653079	27.829782486,41.432388059701495,-70.58649327755131	25.920574188,41.432388059701495,-70.58109058857184	15.442480087,41.432388059701495,-70.57568789959237	6.614387035,41.432388059701495,-70.5702852106129	-0.250023514,41.432388059701495,-70.56488252163342	-0.250023514,41.432388059701495,-70.55947983265395	-0.250023514,41.432388059701495,-70.55407714367446	0.0,41.432388059701495,-70.54867445469499	0.0,41.432388059701495,-70.54327176571552	0.0,41.432388059701495,-70.53786907673604	0.0,41.432388059701495,-70.53246638775657	0.0,41.432388059701495,-70.5270636987771	0.0,41.432388059701495,-70.52166100979763	0.0,41.432388059701495,-70.51625832081815	0.0,41.432388059701495,-70.51085563183867	0.0,41.432388059701495,-70.5054529428592	0.0,41.432388059701495,-70.50005025387972
14.137939453,41.4289552238806,-70.69994446105943	14.027421951,41.4289552238806,-70.69454205775892	34.481903076,41.4289552238806,-70.68913965445842	64.949775696,41.4289552238806,-70.68373725115791	75.783195496,41.4289552238806,-70.6783348478574	33.54498291,41.4289552238806,-70.67293244455688	45.312511444,41.4289552238806,-70.66753004125637	47.184883118,41.4289552238806,-70.66212763795586	38.927474976,41.4289552238806,-70.65672523465535	29.240314484,41.4289552238806,-70.65132283135485	29.576795578,41.4289552238806,-70.64592042805434	30.886960983,41.4289552238806,-70.64051802475383	21.475248337,41.4289552238806,-70.63511562145332	31.854984283,41.4289552238806,-70.62971321815282	28.520811081,41.4289552238806,-70.6243108148523	29.25166893,41.4289552238806,-70.61890841155179	32.190963745,41.4289552238806,-70.61350600825128	27.940916061,41.4289552238806,-70.60810360495077	5.681865692,41.4289552238806,-70.60270120165026	20.497055054,41.4289552238806,-70.59729879834975	30.094005585,41.4289552238806,-70.59189639504925	25.235761642,41.4289552238806,-70.58649399174874	26.565860748,41.4289552238806,-70.58109158844823	19.427301407,41.4289552238806,-70.57568918514771	2.004662037,41.4289552238806,-70.5702867818472	-0.250023514,41.4289552238806,-70.5648843785467	-0.250023514,41.4289552238806,-70.55948197524619	-0.250023514,41.4289552238806,-70.55407957194568	0.0,41.4289552238806,-70.54867716864517	0.0,41.4289552238806,-70.54327476534466	0.0,41.4289552238806,-70.53787236204415	0.0,41.4289552238806,-70.53246995874365	0.0,41.4289552238806,-70.52706755544313	0.0,41.4289552238806,-70.52166515214262	0.0,41.4289552238806,-70.51626274884211	0.0,41.4289552238806,-70.5108603455416	0.0,41.4289552238806,-70.5054579422411	0.0,41.4289552238806,-70.50005553894059
15.181053162,41.425522388059704,-70.69993917691619	49.375717163,41.425522388059704,-70.69453705924505	58.97700119,41.425522388059704,-70.6891349415739	68.440620422,41.425522388059704,-70.68373282390276	59.796108246,41.425522388059704,-70.6783307062316	72.711830139,41.425522388059704,-70.67292858856047	32.062744141,41.425522388059704,-70.66752647088931	28.876829147,41.425522388059704,-70.66212435321818	29.436662674,41.425522388059704,-70.65672223554702	26.759449005,41.425522388059704,-70.65132011787588	27.992414474,41.425522388059704,-70.64591800020473	29.552843094,41.425522388059704,-70.64051588253359	29.229104996,41.425522388059704,-70.63511376486244	23.453697205,41.425522388059704,-70.6297116471913	29.126745224,41.425522388059704,-70.62430952952015	17.731243134,41.425522388059704,-70.61890741184901	16.148908615,41.425522388059704,-70.61350529417786	23.318899155,41.425522388059704,-70.60810317650672	11.325100899,41.425522388059704,-70.60270105883558	32.444797516,41.425522388059704,-70.59729894116442	30.210039139,41.425522388059704,-70.59189682349329	26.83073616,41.425522388059704,-70.58649470582213	20.793968201,41.425522388059704,-70.581092588151	12.627513885,41.425522388059704,-70.57569047047984	10.055422783,41.425522388059704,-70.5702883528087	-0.250023514,41.425522388059704,-70.56488623513755	-0.250023514,41.425522388059704,-70.55948411746641	1.762887478,41.425522388059704,-70.55408199979526	0.0,41.425522388059704,-70.54867988212412	0.0,41.425522388059704,-70.54327776445297	0.0,41.425522388059704,-70.53787564678183	0.0,41.425522388059704,-70.53247352911067	0.0,41.425522388059704,-70.52707141143954	0.0,41.425522388059704,-70.52166929376838	0.0,41.425522388059704,-70.51626717609724	0.0,41.425522388059704,-70.5108650584261	0.0,41.425522388059704,-70.50546294075495	0.0,41.425522388059704,-70.50006082308381
36.93062973,41.42208955223881,-70.6999338936904	54.922286987,41.42208955223881,-70.69453206159902	72.522537231,41.42208955223881,-70.68913022950765	43.794506073,41.42208955223881,-70.68372839741627	49.580631256,41.42208955223881,-70.67832656532491	54.490852356,41.42208955223881,-70.67292473323353	41.887931824,41.42208955223881,-70.66752290114216	27.641057968,41.42208955223881,-70.66212106905078	25.331827164,41.42208955223881,-70.65671923695942	27.326700211,41.42208955223881,-70.65131740486804	28.707651138,41.42208955223881,-70.64591557277667	28.944541931,41.42208955223881,-70.6405137406853	29.761283875,41.42208955223881,-70.63511190859393	27.102525711,41.42208955223881,-70.62971007650255	15.335929871,41.42208955223881,-70.62430824441118	13.968708992,41.42208955223881,-70.6189064123198	10.00667572,41.42208955223881,-70.61350458022844	11.084207535,41.42208955223881,-70.60810274813706	17.163702011,41.42208955223881,-70.60270091604569	24.060297012,41.42208955223881,-70.59729908395431	34.597187042,41.42208955223881,-70.59189725186295	29.074607849,41.42208955223881,-70.58649541977157	16.369932175,41.42208955223881,-70.5810935876802	2.169976473,41.42208955223881,-70.57569175558882	1.218419671,41.42208955223881,-70.57028992349746	-0.250023514,41.42208955223881,-70.56488809140608	1.046090007,41.42208955223881,-70.55948625931471	-0.250023514,41.42208955223881,-70.55408442722333	-0.250023514,41.42208955223881,-70.54868259513196	-0.250023514,41.42208955223881,-70.54328076304058	-0.250023514,41.42208955223881,-70.53787893094922	-0.250023514,41.42208955223881,-70.53247709885784	0.0,41.42208955223881,-70.52707526676647	0.0,41.42208955223881,-70.5216734346751	0.0,41.42208955223881,-70.51627160258373	0.0,41.42208955223881,-70.51086977049235	0.0,41.42208955223881,-70.50546793840098	0.0,41.42208955223881,-70.5000661063096
39.741539001,41.418656716417914,-70.69992861138186	56.163036346,41.418656716417914,-70.69452706482068	60.25182724,41.418656716417914,-70.6891255182595	35.446044922,41.418656716417914,-70.68372397169831	35.013820648,41.418656716417914,-70.67832242513714	30.334955215,41.418656716417914,-70.67292087857595	28.270210266,41.418656716417914,-70.66751933201478	25.083723068,41.418656716417914,-70.66211778545359	26.214157104,41.418656716417914,-70.65671623889241	26.126888275,41.418656716417914,-70.65131469233123	27.539840698,41.418656716417914,-70.64591314577005	27.895666122,41.418656716417914,-70.64051159920886	28.552536011,41.418656716417914,-70.63511005264769	27.967662811,41.418656716417914,-70.6297085060865	25.048751831,41.418656716417914,-70.62430695952533	22.775377274,41.418656716417914,-70.61890541296414	22.416879654,41.418656716417914,-70.61350386640295	11.054596901,41.418656716417914,-70.60810231984178	21.776086807,41.418656716417914,-70.60270077328059	23.629436493,41.418656716417914,-70.59729922671941	28.438583374,41.418656716417914,-70.59189768015823	25.637430191,41.418656716417914,-70.58649613359705	14.642589569,41.418656716417914,-70.58109458703586	6.016983032,41.418656716417914,-70.57569304047469	-0.250023514,41.418656716417914,-70.5702914939135	2.763777256,41.418656716417914,-70.56488994735233	3.931667328,41.418656716417914,-70.55948840079114	-0.250023514,41.418656716417914,-70.55408685422996	-0.070023514,41.418656716417914,-70.54868530766878	-0.250023514,41.418656716417914,-70.54328376110759	-0.250023514,41.418656716417914,-70.53788221454641	-0.250023514,41.418656716417914,-70.53248066798523	0.0,41.418656716417914,-70.52707912142405	0.0,41.418656716417914,-70.52167757486286	0.0,41.418656716417914,-70.51627602830169	0.0,41.418656716417914,-70.5108744817405	0.0,41.418656716417914,-70.50547293517933	0.0,41.418656716417914,-70.50007138861814
30.505422592,41.41522388059702,-70.6999233299904	55.335979462,41.41522388059702,-70.69452206890983	54.036533356,41.41522388059702,-70.68912080782927	33.941005707,41.41522388059702,-70.6837195467487	25.940361023,41.41522388059702,-70.67831828566815	23.502687454,41.41522388059702,-70.67291702458759	22.582206726,41.41522388059702,-70.66751576350703	23.429004669,41.41522388059702,-70.66211450242646	24.248348236,41.41522388059702,-70.6567132413459	25.833034515,41.41522388059702,-70.65131198026533	24.784610748,41.41522388059702,-70.64591071918478	25.93362236,41.41522388059702,-70.64050945810422	26.824655533,41.41522388059702,-70.63510819702365	27.427902222,41.41522388059702,-70.62970693594309	25.573352814,41.41522388059702,-70.62430567486253	22.990749359,41.41522388059702,-70.61890441378196	19.712667465,41.41522388059702,-70.6135031527014	22.749034882,41.41522388059702,-70.60810189162085	21.993638992,41.41522388059702,-70.60270063054028	22.00242424,41.41522388059702,-70.59729936945972	24.556388855,41.41522388059702,-70.59189810837916	24.538139343,41.41522388059702,-70.58649684729859	15.043206215,41.41522388059702,-70.58109558621803	3.717637062,41.41522388059702,-70.57569432513748	2.899291039,41.41522388059702,-70.57029306405691	6.567516804,41.41522388059702,-70.56489180297635	0.289434969,41.41522388059702,-70.55949054189578	-0.250023514,41.41522388059702,-70.55408928081522	-0.250023514,41.41522388059702,-70.54868801973466	-0.250023514,41.41522388059702,-70.54328675865409	-0.250023514,41.41522388059702,-70.53788549757354	-0.250023514,41.41522388059702,-70.53248423649298	0.0,41.41522388059702,-70.52708297541241	0.0,41.41522388059702,-70.52168171433185	0.0,41.41522388059702,-70.51628045325128	0.0,41.41522388059702,-70.51087919217072	0.0,41.41522388059702,-70.50547793109017	0.0,41.41522388059702,-70.5000766700096
34.8048172,41.41179104477612,-70.69991804951583	45.124778748,41.41179104477612,-70.69451707386632	40.28294754,41.41179104477612,-70.68911609821683	49.730964661,41.41179104477612,-70.68371512256732	25.702993393,41.41179104477612,-70.67831414691781	22.554718018,41.41179104477612,-70.6729131712683	25.253347397,41.41179104477612,-70.66751219561881	24.147405624,41.41179104477612,-70.6621112199693	22.982908249,41.41179104477612,-70.6567102443198	24.267738342,41.41179104477612,-70.65130926867029	23.727434158,41.41179104477612,-70.6459082930208	24.615184784,41.41179104477612,-70.64050731737129	25.798522949,41.41179104477612,-70.63510634172178	25.666940689,41.41179104477612,-70.62970536607227	24.54356575,41.41179104477612,-70.62430439042278	22.821098328,41.41179104477612,-70.61890341477327	18.826873779,41.41179104477612,-70.61350243912376	20.062026978,41.41179104477612,-70.60810146347426	21.354009628,41.41179104477612,-70.60270048782476	19.682500839,41.41179104477612,-70.59729951217525	23.523664474,41.41179104477612,-70.59189853652575	22.833272934,41.41179104477612,-70.58649756087624	9.948850632,41.41179104477612,-70.58109658522675	13.30965519,41.41179104477612,-70.57569560957724	12.230547905,41.41179104477612,-70.57029463392773	9.823886871,41.41179104477612,-70.56489365827822	7.199553013,41.41179104477612,-70.55949268262873	-0.250023514,41.41179104477612,-70.55409170697922	-0.250023514,41.41179104477612,-70.54869073132971	2.252955675,41.41179104477612,-70.5432897556802	-0.250023514,41.41179104477612,-70.53788878003071	-0.250023514,41.41179104477612,-70.5324878043812	0.0,41.41179104477612,-70.5270868287317	0.0,41.41179104477612,-70.52168585308219	0.0,41.41179104477612,-70.5162848774327	0.0,41.41179104477612,-70.51088390178319	0.0,41.41179104477612,-70.50548292613368	0.0,41.41179104477612,-70.50008195048417
53.303947449,41.40835820895523,-70.69991276995796	32.907718658,41.40835820895523,-70.69451207968996	27.242660522,41.40835820895523,-70.68911138942197	21.896150589,41.40835820895523,-70.68371069915396	28.511865616,41.40835820895523,-70.67831000888597	17.780075073,41.40835820895523,-70.67290931861797	26.334217072,41.40835820895523,-70.66750862834998	21.694295883,41.40835820895523,-70.66210793808197	21.922779083,41.40835820895523,-70.65670724781398	23.56511879,41.40835820895523,-70.65130655754598	23.49870491,41.40835820895523,-70.64590586727799	23.906700134,41.40835820895523,-70.64050517700998	24.707717896,41.40835820895523,-70.635104486742	23.710475922,41.40835820895523,-70.62970379647399	24.049436569,41.40835820895523,-70.62430310620599	21.739707947,41.40835820895523,-70.618902415938	18.341863632,41.40835820895523,-70.61350172566999	18.107975006,41.40835820895523,-70.608101035402	14.088582993,41.40835820895523,-70.602700345134	15.580932617,41.40835820895523,-70.597299654866	18.58624649,41.40835820895523,-70.591898964598	20.74671936,41.40835820895523,-70.58649827433001	18.275224686,41.40835820895523,-70.58109758406201	23.474445343,41.40835820895523,-70.57569689379402	14.271188736,41.40835820895523,-70.57029620352601	17.706716537,41.40835820895523,-70.56489551325802	11.561975479,41.40835820895523,-70.55949482299002	-0.15002352,41.40835820895523,-70.55409413272201	0.370010495,41.40835820895523,-70.54869344245402	-0.250023514,41.40835820895523,-70.54329275218602	0.471416891,41.40835820895523,-70.53789206191803	-0.250023514,41.40835820895523,-70.53249137165002	-0.250023514,41.40835820895523,-70.52709068138203	-0.250023514,41.40835820895523,-70.52168999111403	-0.100023501,41.40835820895523,-70.51628930084604	-0.100023501,41.40835820895523,-70.51088861057804	-0.100023501,41.40835820895523,-70.50548792031005	-0.100023501,41.40835820895523,-70.50008723004204
55.931800842,41.404925373134326,-70.69990749131662	39.719848633,41.404925373134326,-70.69450708638058	20.353076935,41.404925373134326,-70.68910668144456	19.467048645,41.404925373134326,-70.68370627650852	17.842458725,41.404925373134326,-70.67830587157249	21.646448135,41.404925373134326,-70.67290546663645	22.798442841,41.404925373134326,-70.66750506170042	21.399921417,41.404925373134326,-70.66210465676438	21.490276337,41.404925373134326,-70.65670425182836	22.530275345,41.404925373134326,-70.65130384689232	22.19291687,41.404925373134326,-70.64590344195629	23.025693893,41.404925373134326,-70.64050303702025	22.387321472,41.404925373134326,-70.63510263208423	22.413627625,41.404925373134326,-70.62970222714819	23.501155853,41.404925373134326,-70.62430182221216	21.544614792,41.404925373134326,-70.61890141727612	22.342197418,41.404925373134326,-70.6135010123401	13.956876755,41.404925373134326,-70.60810060740405	13.438329697,41.404925373134326,-70.60270020246803	13.596635818,41.404925373134326,-70.59729979753199	15.888184547,41.404925373134326,-70.59189939259596	16.572587967,41.404925373134326,-70.58649898765992	17.543079376,41.404925373134326,-70.58109858272388	16.466056824,41.404925373134326,-70.57569817778786	14.805366516,41.404925373134326,-70.57029777285182	16.165472031,41.404925373134326,-70.56489736791579	19.11989212,41.404925373134326,-70.55949696297975	9.294378281,41.404925373134326,-70.55409655804372	1.91899085,41.404925373134326,-70.54869615310768	-0.250023514,41.404925373134326,-70.54329574817166	-0.250023514,41.404925373134326,-70.53789534323562	-0.0040235,41.404925373134326,-70.53249493829959	-0.250023514,41.404925373134326,-70.52709453336355	-0.250023514,41.404925373134326,-70.52169412842753	-0.100023501,41.404925373134326,-70.51629372349149	-0.100023501,41.404925373134326,-70.51089331855546	-0.100023501,41.404925373134326,-70.50549291361942	-0.100023501,41.404925373134326,-70.5000925086834
29.579441071,41.40149253731343,-70.69990221359161	46.20079422,41.40149253731343,-70.69450209393801	20.396839142,41.40149253731343,-70.68910197428441	23.623441696,41.40149253731343,-70.68370185463081	17.531791687,41.40149253731343,-70.67830173497721	16.894126892,41.40149253731343,-70.67290161532361	16.139039993,41.40149253731343,-70.66750149567001	20.375478745,41.40149253731343,-70.66210137601641	20.37903595,41.40149253731343,-70.65670125636281	21.079938889,41.40149253731343,-70.65130113670921	20.875362396,41.40149253731343,-70.6459010170556	21.179990768,41.40149253731343,-70.640500897402	20.206878662,41.40149253731343,-70.6351007777484	21.05847168,41.40149253731343,-70.6297006580948	21.411333084,41.40149253731343,-70.6243005384412	20.595777512,41.40149253731343,-70.6189004187876	20.850036621,41.40149253731343,-70.613500299134	19.042720795,41.40149253731343,-70.6081001794804	15.915510178,41.40149253731343,-70.6027000598268	15.46727562,41.40149253731343,-70.5972999401732	16.284591675,41.40149253731343,-70.5918998205196	16.995981216,41.40149253731343,-70.586499700866	16.732088089,41.40149253731343,-70.5810995812124	14.725708008,41.40149253731343,-70.5756994615588	15.506295204,41.40149253731343,-70.5702993419052	9.766371727,41.40149253731343,-70.5648992222516	16.041193008,41.40149253731343,-70.559499102598	13.927423477,41.40149253731343,-70.5540989829444	6.361582279,41.40149253731343,-70.5486988632908	9.146435738,41.40149253731343,-70.5432987436372	2.5664711,41.40149253731343,-70.5378986239836	2.0018363,41.40149253731343,-70.53249850433	-0.0040235,41.40149253731343,-70.52709838467639	4.967733383,41.40149253731343,-70.52169826502279	-0.100023501,41.40149253731343,-70.51629814536919	-0.100023501,41.40149253731343,-70.51089802571559	-0.100023501,41.40149253731343,-70.50549790606199	-0.100023501,41.40149253731343,-70.50009778640839
21.714242935,41.398059701492535,-70.69989693678278	20.491294861,41.398059701492535,-70.69449710236209	22.783622742,41.398059701492535,-70.68909726794139	32.889385223,41.398059701492535,-70.6836974335207	17.070339203,41.398059701492535,-70.67829759910002	9.299970627,41.398059701492535,-70.67289776467933	13.966076851,41.398059701492535,-70.66749793025863	18.709346771,41.398059701492535,-70.66209809583795	19.493526459,41.398059701492535,-70.65669826141726	19.668743134,41.398059701492535,-70.65129842699656	20.579751968,41.398059701492535,-70.64589859257588	19.535755157,41.398059701492535,-70.64049875815519	19.486314774,41.398059701492535,-70.63509892373449	20.392372131,41.398059701492535,-70.6296990893138	20.197528839,41.398059701492535,-70.62429925489312	19.589672089,41.398059701492535,-70.61889942047243	19.145158768,41.398059701492535,-70.61349958605173	18.143741608,41.398059701492535,-70.60809975163104	17.047880173,41.398059701492535,-70.60269991721036	16.368362427,41.398059701492535,-70.59730008278966	13.880457878,41.398059701492535,-70.59190024836897	16.700176239,41.398059701492535,-70.58650041394829	17.621038437,41.398059701492535,-70.58110057952759	14.939649582,41.398059701492535,-70.5757007451069	12.610297203,41.398059701492535,-70.57030091068621	16.448060989,41.398059701492535,-70.56490107626553	16.002241135,41.398059701492535,-70.55950124184483	11.754174232,41.398059701492535,-70.55410140742414	17.933759689,41.398059701492535,-70.54870157300346	13.577225685,41.398059701492535,-70.54330173858276	1.364081383,41.398059701492535,-70.53790190416207	1.362107515,41.398059701492535,-70.53250206974138	8.44329071,41.398059701492535,-70.52710223532068	3.665634155,41.398059701492535,-70.5217024009	2.066577911,41.398059701492535,-70.51630256647931	-0.100023501,41.398059701492535,-70.51090273205863	-0.100023501,41.398059701492535,-70.50550289763792	-0.100023501,41.398059701492535,-70.50010306321724
33.019943237,41.39462686567164,-70.6998916608899	24.456110001,41.39462686567164,-70.69449211165261	37.288555145,41.39462686567164,-70.68909256241533	21.70434761,41.39462686567164,-70.68369301317803	16.149906158,41.39462686567164,-70.67829346394073	7.193922997,41.39462686567164,-70.67289391470345	15.432641983,41.39462686567164,-70.66749436546615	16.293157578,41.39462686567164,-70.66209481622886	18.03269577,41.39462686567164,-70.65669526699156	15.664196014,41.39462686567164,-70.65129571775428	17.618394852,41.39462686567164,-70.64589616851698	17.780387878,41.39462686567164,-70.64049661927969	18.310020447,41.39462686567164,-70.6350970700424	19.796447754,41.39462686567164,-70.62969752080511	19.748243332,41.39462686567164,-70.62429797156781	19.180561066,41.39462686567164,-70.61889842233053	18.130996704,41.39462686567164,-70.61349887309323	17.137636185,41.39462686567164,-70.60809932385594	16.231607437,41.39462686567164,-70.60269977461866	15.913113594,41.39462686567164,-70.59730022538136	8.895658493,41.39462686567164,-70.59190067614406	15.516564369,41.39462686567164,-70.58650112690677	16.019714355,41.39462686567164,-70.58110157766949	14.762280464,41.39462686567164,-70.57570202843219	13.058851242,41.39462686567164,-70.5703024791949	9.432609558,41.39462686567164,-70.56490292995761	12.838875771,41.39462686567164,-70.55950338072032	10.702363014,41.39462686567164,-70.55410383148302	12.726893425,41.39462686567164,-70.54870428224574	12.460764885,41.39462686567164,-70.54330473300844	8.556214333,41.39462686567164,-70.53790518377114	9.034549713,41.39462686567164,-70.53250563453386	6.32800436,41.39462686567164,-70.52710608529657	4.181092739,41.39462686567164,-70.52170653605927	2.716972351,41.39462686567164,-70.51630698682199	6.727738857,41.39462686567164,-70.51090743758469	4.262974262,41.39462686567164,-70.5055078883474	-0.100023501,41.39462686567164,-70.5001083391101
33.944061279,41.391194029850745,-70.69988638591282	40.39863205,41.391194029850745,-70.69448712180943	31.699277878,41.391194029850745,-70.68908785770603	18.597911835,41.391194029850745,-70.68368859360264	15.37430954,41.391194029850745,-70.67828932949924	10.857034683,41.391194029850745,-70.67289006539585	14.283046722,41.391194029850745,-70.66749080129244	14.281683922,41.391194029850745,-70.66209153718906	13.840904236,41.391194029850745,-70.65669227308565	13.825187683,41.391194029850745,-70.65129300898226	16.505163193,41.391194029850745,-70.64589374487886	12.023973465,41.391194029850745,-70.64049448077547	17.561330795,41.391194029850745,-70.63509521667207	18.207221985,41.391194029850745,-70.62969595256868	17.424465179,41.391194029850745,-70.62429668846528	18.081071854,41.391194029850745,-70.61889742436189	16.871810913,41.391194029850745,-70.61349816025849	16.401174545,41.391194029850745,-70.6080988961551	16.103826523,41.391194029850745,-70.6026996320517	14.934419632,41.391194029850745,-70.5973003679483	12.079151154,41.391194029850745,-70.5919011038449	15.025965691,41.391194029850745,-70.58650183974152	13.825149536,41.391194029850745,-70.58110257563811	13.047334671,41.391194029850745,-70.57570331153472	9.89826107,41.391194029850745,-70.57030404743132	12.798538208,41.391194029850745,-70.56490478332793	11.295080185,41.391194029850745,-70.55950551922453	15.588521004,41.391194029850745,-70.55410625512114	18.022798538,41.391194029850745,-70.54870699101774	12.142587662,41.391194029850745,-70.54330772691435	11.317209244,41.391194029850745,-70.53790846281095	10.077430725,41.391194029850745,-70.53250919870756	7.762112141,41.391194029850745,-70.52710993460416	6.456309795,41.391194029850745,-70.52171067050077	3.190964222,41.391194029850745,-70.51631140639736	5.294692993,41.391194029850745,-70.51091214229398	0.0199765,41.391194029850745,-70.50551287819057	-0.100023501,41.391194029850745,-70.50011361408718
52.264461517,41.38776119402985,-70.69988111185135	58.149288177,41.38776119402985,-70.69448213283236	36.135959625,41.38776119402985,-70.68908315381337	15.520951271,41.38776119402985,-70.68368417479438	14.201992035,41.38776119402985,-70.67828519577539	6.569968224,41.38776119402985,-70.6728862167564	12.094321251,41.38776119402985,-70.6674872377374	10.884869576,41.38776119402985,-70.66208825871841	14.474344254,41.38776119402985,-70.65668927969942	12.707956314,41.38776119402985,-70.65129030068043	14.966495514,41.38776119402985,-70.64589132166144	15.910002708,41.38776119402985,-70.64049234264245	16.076393127,41.38776119402985,-70.63509336362345	11.577976227,41.38776119402985,-70.62969438460446	17.20778656,41.38776119402985,-70.62429540558547	15.985743523,41.38776119402985,-70.61889642656648	15.925754547,41.38776119402985,-70.61349744754749	15.702487946,41.38776119402985,-70.6080984685285	15.032212257,41.38776119402985,-70.6026994895095	9.354194641,41.38776119402985,-70.59730051049051	12.888472557,41.38776119402985,-70.59190153147152	14.08511734,41.38776119402985,-70.58650255245253	12.817723274,41.38776119402985,-70.58110357343354	12.158572197,41.38776119402985,-70.57570459441455	4.869195938,41.38776119402985,-70.57030561539555	5.161690235,41.38776119402985,-70.56490663637656	9.498603821,41.38776119402985,-70.55950765735757	7.517871857,41.38776119402985,-70.55410867833858	12.641409874,41.38776119402985,-70.54870969931959	10.69203186,41.38776119402985,-70.5433107203006	5.127896309,41.38776119402985,-70.5379117412816	10.165110588,41.38776119402985,-70.53251276226261	7.494451046,41.38776119402985,-70.52711378324362	5.886274815,41.38776119402985,-70.52171480422463	5.258253098,41.38776119402985,-70.51631582520564	0.0199765,41.38776119402985,-70.51091684618665	0.647782981,41.38776119402985,-70.50551786716765	-0.100023501,41.38776119402985,-70.50011888814866
61.837867737,41.384328358208954,-70.69987583870531	53.502357483,41.384328358208954,-70.69447714472123	37.506938934,41.384328358208954,-70.68907845073717	15.958285332,41.384328358208954,-70.6836797567531	13.777161598,41.384328358208954,-70.67828106276903	6.257586479,41.384328358208954,-70.67288236878495	10.537401199,41.384328358208954,-70.66748367480089	12.026324272,41.384328358208954,-70.66208498081681	13.603225708,41.384328358208954,-70.65668628683275	12.292090416,41.384328358208954,-70.65128759284867	11.965517998,41.384328358208954,-70.64588889886461	14.562387466,41.384328358208954,-70.64049020488054	14.366728783,41.384328358208954,-70.63509151089646	15.529546738,41.384328358208954,-70.6296928169124	15.753980637,41.384328358208954,-70.62429412292832	15.698092461,41.384328358208954,-70.61889542894426	15.12583828,41.384328358208954,-70.61349673496018	14.591546059,41.384328358208954,-70.60809804097612	14.335517883,41.384328358208954,-70.60269934699204	13.414650917,41.384328358208954,-70.59730065300798	13.151808739,41.384328358208954,-70.5919019590239	12.771606445,41.384328358208954,-70.58650326503984	11.495155334,41.384328358208954,-70.58110457105576	9.685993195,41.384328358208954,-70.57570587707168	9.951636314,41.384328358208954,-70.57030718308762	3.765636921,41.384328358208954,-70.56490848910354	6.393615723,41.384328358208954,-70.55950979511948	9.542749405,41.384328358208954,-70.5541111011354	11.35706234,41.384328358208954,-70.54871240715134	7.01347208,41.384328358208954,-70.54331371316727	7.053186417,41.384328358208954,-70.5379150191832	6.744767666,41.384328358208954,-70.53251632519913	7.476057053,41.384328358208954,-70.52711763121506	9.042592049,41.384328358208954,-70.52171893723099	5.973103523,41.384328358208954,-70.51632024324691	0.0199765,41.384328358208954,-70.51092154926285	0.0199765,41.384328358208954,-70.50552285527877	0.670560718,41.384328358208954,-70.5001241612947
56.935863495,41.38089552238806,-70.6998705664745	24.546947479,41.38089552238806,-70.69447215747589	19.28465271,41.38089552238806,-70.68907374847726	10.169715881,41.38089552238806,-70.68367533947864	9.231452942,41.38089552238806,-70.67827693048001	9.686862946,41.38089552238806,-70.6728785214814	9.136336327,41.38089552238806,-70.66748011248278	6.58616066,41.38089552238806,-70.66208170348415	10.032692909,41.38089552238806,-70.65668329448553	12.836117744,41.38089552238806,-70.6512848854869	11.034745216,41.38089552238806,-70.64588647648829	12.832909584,41.38089552238806,-70.64048806748967	11.978218079,41.38089552238806,-70.63508965849104	13.530550003,41.38089552238806,-70.62969124949242	13.860564232,41.38089552238806,-70.6242928404938	12.770804405,41.38089552238806,-70.61889443149518	14.361264229,41.38089552238806,-70.61349602249656	12.768312454,41.38089552238806,-70.60809761349793	13.343541145,41.38089552238806,-70.60269920449932	11.540471077,41.38089552238806,-70.59730079550069	12.424074173,41.38089552238806,-70.59190238650207	12.298120499,41.38089552238806,-70.58650397750345	10.908043861,41.38089552238806,-70.58110556850482	8.056566238,41.38089552238806,-70.57570715950621	7.88603735,41.38089552238806,-70.57030875050758	7.410774708,41.38089552238806,-70.56491034150896	0.0599765,41.38089552238806,-70.55951193251035	6.068561554,41.38089552238806,-70.55411352351172	7.394987583,41.38089552238806,-70.5487151145131	7.029710293,41.38089552238806,-70.54331670551447	6.803531647,41.38089552238806,-70.53791829651585	12.184622765,41.38089552238806,-70.53251988751722	11.884745598,41.38089552238806,-70.52712147851861	8.981258392,41.38089552238806,-70.52172306952	8.523646355,41.38089552238806,-70.51632466052136	9.588098526,41.38089552238806,-70.51092625152275	0.0199765,41.38089552238806,-70.50552784252412	0.0199765,41.38089552238806,-70.5001294335255
33.246337891,41.37746268656716,-70.69986529515876	17.66718483,41.37746268656716,-70.69446717109612	8.509976387,41.37746268656716,-70.68906904703348	22.01256752,41.37746268656716,-70.68367092297085	4.725655556,41.37746268656716,-70.67827279890821	8.749257088,41.37746268656716,-70.67287467484559	8.062725067,41.37746268656716,-70.66747655078295	10.409267426,41.37746268656716,-70.66207842672031	9.252262115,41.37746268656716,-70.65668030265768	10.947640419,41.37746268656716,-70.65128217859504	11.153123856,41.37746268656716,-70.6458840545324	10.985866547,41.37746268656716,-70.64048593046977	12.320475578,41.37746268656716,-70.63508780640713	10.966218948,41.37746268656716,-70.62968968234449	12.686835289,41.37746268656716,-70.62429155828187	7.124590874,41.37746268656716,-70.61889343421923	13.47548008,41.37746268656716,-70.6134953101566	9.077904701,41.37746268656716,-70.60809718609396	12.577313423,41.37746268656716,-70.60269906203132	2.980162621,41.37746268656716,-70.59730093796868	11.446012497,41.37746268656716,-70.59190281390605	11.31526947,41.37746268656716,-70.58650468984341	10.408187866,41.37746268656716,-70.58110656578077	10.058636665,41.37746268656716,-70.57570844171815	8.989460945,41.37746268656716,-70.57031031765551	6.657245636,41.37746268656716,-70.56491219359287	0.0599765,41.37746268656716,-70.55951406953024	4.264656067,41.37746268656716,-70.5541159454676	6.628827095,41.37746268656716,-70.54871782140496	7.295977592,41.37746268656716,-70.54331969734233	10.368023872,41.37746268656716,-70.53792157327969	11.052947044,41.37746268656716,-70.53252344921705	11.7617836,41.37746268656716,-70.52712532515443	14.599734306,41.37746268656716,-70.52172720109179	9.767866135,41.37746268656716,-70.51632907702916	9.001257896,41.37746268656716,-70.51093095296652	0.0199765,41.37746268656716,-70.50553282890388	0.0199765,41.37746268656716,-70.50013470484124
27.893890381,41.37402985074627,-70.6998600247579	21.945075989,41.37402985074627,-70.6944621855818	32.576656342,41.37402985074627,-70.68906434640569	12.389317513,41.37402985074627,-70.68366650722959	8.795295715,41.37402985074627,-70.67826866805349	0.939934492,41.37402985074627,-70.67287082887738	1.32693243,41.37402985074627,-70.66747298970128	5.266546249,41.37402985074627,-70.66207515052518	8.68793869,41.37402985074627,-70.65667731134909	4.779154301,41.37402985074627,-70.65127947217297	11.08117485,41.37402985074627,-70.64588163299688	9.692201614,41.37402985074627,-70.64048379382078	6.714942932,41.37402985074627,-70.63508595464467	11.659836769,41.37402985074627,-70.62968811546857	10.012461662,41.37402985074627,-70.62429027629247	11.598889351,41.37402985074627,-70.61889243711636	11.417982101,41.37402985074627,-70.61349459794026	8.535902023,41.37402985074627,-70.60809675876416	10.540942192,41.37402985074627,-70.60269891958805	0.999976516,41.37402985074627,-70.59730108041195	7.691786289,41.37402985074627,-70.59190324123585	9.937547684,41.37402985074627,-70.58650540205976	9.435523987,41.37402985074627,-70.58110756288364	8.351539612,41.37402985074627,-70.57570972370755	6.244357586,41.37402985074627,-70.57031188453145	1.314581752,41.37402985074627,-70.56491404535534	0.379976511,41.37402985074627,-70.55951620617924	1.315978408,41.37402985074627,-70.55411836700314	1.430598736,41.37402985074627,-70.54872052782703	7.17952919,41.37402985074627,-70.54332268865093	5.900075436,41.37402985074627,-70.53792484947483	8.495818138,41.37402985074627,-70.53252701029874	9.629774094,41.37402985074627,-70.52712917112262	10.147310257,41.37402985074627,-70.52173133194653	8.385199547,41.37402985074627,-70.51633349277043	10.135604858,41.37402985074627,-70.51093565359432	0.0199765,41.37402985074627,-70.50553781441822	2.139676809,41.37402985074627,-70.50013997524212
24.612564087,41.37059701492537,-70.69985475527172	21.639036179,41.37059701492537,-70.6944572009327	19.340595245,41.37059701492537,-70.68905964659369	8.709233284,41.37059701492537,-70.68366209225468	8.98008728,41.37059701492537,-70.67826453791567	9.221589088,41.37059701492537,-70.67286698357665	0.099976502,41.37059701492537,-70.66746942923764	7.428836823,41.37059701492537,-70.66207187489863	5.527742386,41.37059701492537,-70.65667432055962	0.099976502,41.37059701492537,-70.6512767662206	10.022526741,41.37059701492537,-70.64587921188159	9.224440575,41.37059701492537,-70.64048165754258	6.268758297,41.37059701492537,-70.63508410320357	7.981246471,41.37059701492537,-70.62968654886457	4.186035156,41.37059701492537,-70.62428899452556	10.629040718,41.37059701492537,-70.61889144018654	10.470894814,41.37059701492537,-70.61349388584753	5.556427956,41.37059701492537,-70.60809633150852	8.399348259,41.37059701492537,-70.60269877716951	0.999976516,41.37059701492537,-70.5973012228305	8.671163559,41.37059701492537,-70.59190366849148	8.864031792,41.37059701492537,-70.58650611415247	8.197360039,41.37059701492537,-70.58110855981346	6.28153038,41.37059701492537,-70.57571100547445	6.803123474,41.37059701492537,-70.57031345113543	5.939457417,41.37059701492537,-70.56491589679642	0.0599765,41.37059701492537,-70.55951834245741	0.0599765,41.37059701492537,-70.5541207881184	2.398878098,41.37059701492537,-70.54872323377938	2.659595251,41.37059701492537,-70.54332567944037	4.196846008,41.37059701492537,-70.53792812510136	6.77753973,41.37059701492537,-70.53253057076235	7.978964329,41.37059701492537,-70.52713301642333	8.436972618,41.37059701492537,-70.52173546208432	8.139314651,41.37059701492537,-70.51633790774531	8.157590866,41.37059701492537,-70.5109403534063	0.0199765,41.37059701492537,-70.50554279906729	4.749569893,41.37059701492537,-70.50014524472827
46.900905609,41.36716417910448,-70.69984948670006	42.001865387,41.36716417910448,-70.69445221714871	7.257568359,41.36716417910448,-70.68905494759736	6.513478279,41.36716417910448,-70.683657678046	8.211649895,41.36716417910448,-70.67826040849464	7.996105194,41.36716417910448,-70.67286313894328	0.099976502,41.36716417910448,-70.66746586939193	6.261524677,41.36716417910448,-70.66206859984058	6.084846497,41.36716417910448,-70.65667133028923	5.713432312,41.36716417910448,-70.65127406073788	6.296299458,41.36716417910448,-70.64587679118651	0.099976502,41.36716417910448,-70.64047952163516	8.74452877,41.36716417910448,-70.6350822520838	8.55321312,41.36716417910448,-70.62968498253245	9.84064579,41.36716417910448,-70.6242877129811	9.503923416,41.36716417910448,-70.61889044342975	9.290651321,41.36716417910448,-70.61349317387838	8.177380562,41.36716417910448,-70.60809590432703	4.587946892,41.36716417910448,-70.60269863477568	3.908339739,41.36716417910448,-70.59730136522433	8.521884918,41.36716417910448,-70.59190409567297	5.936418056,41.36716417910448,-70.58650682612162	7.484827518,41.36716417910448,-70.58110955657025	3.735446215,41.36716417910448,-70.5757122870189	5.048438072,41.36716417910448,-70.57031501746755	4.098898411,41.36716417910448,-70.5649177479162	0.0599765,41.36716417910448,-70.55952047836485	3.0853405,41.36716417910448,-70.5541232088135	3.246413469,41.36716417910448,-70.54872593926214	2.709853649,41.36716417910448,-70.54332866971077	5.379765034,41.36716417910448,-70.53793140015942	6.01823473,41.36716417910448,-70.53253413060807	6.827620983,41.36716417910448,-70.52713686105672	7.445505142,41.36716417910448,-70.52173959150537	3.000417471,41.36716417910448,-70.51634232195401	7.636078358,41.36716417910448,-70.51094505240265	0.0199765,41.36716417910448,-70.5055477828513	0.0199765,41.36716417910448,-70.50015051329994
47.219734192,41.36373134328358,-70.69984421904273	26.582614899,41.36373134328358,-70.69444723422961	7.843876839,41.36373134328358,-70.6890502494165	5.33062458,41.36373134328358,-70.68365326460336	6.223007202,41.36373134328358,-70.67825627979025	6.949721813,41.36373134328358,-70.67285929497713	0.435335189,41.36373134328358,-70.66746231016401	2.185374737,41.36373134328358,-70.6620653253509	3.101683378,41.36373134328358,-70.65666834053776	5.106982231,41.36373134328358,-70.65127135572465	4.954646111,41.36373134328358,-70.64587437091153	5.446140766,41.36373134328358,-70.64047738609841	3.701214314,41.36373134328358,-70.6350804012853	7.35457468,41.36373134328358,-70.62968341647216	8.317657471,41.36373134328358,-70.62428643165904	8.44291687,41.36373134328358,-70.61888944684593	7.323538303,41.36373134328358,-70.61349246203281	8.632889748,41.36373134328358,-70.60809547721968	8.075139046,41.36373134328358,-70.60269849240656	4.807449341,41.36373134328358,-70.59730150759344	7.353397369,41.36373134328358,-70.59190452278033	5.916063786,41.36373134328358,-70.58650753796721	7.095206261,41.36373134328358,-70.58111055315408	1.892627597,41.36373134328358,-70.57571356834096	5.078274727,41.36373134328358,-70.57031658352784	3.452735901,41.36373134328358,-70.56491959871472	1.705254674,41.36373134328358,-70.5595226139016	0.0599765,41.36373134328358,-70.55412562908847	2.173417568,41.36373134328358,-70.54872864427536	4.08770752,41.36373134328358,-70.54333165946224	4.343183041,41.36373134328358,-70.53793467464912	4.295862675,41.36373134328358,-70.532537689836	5.73506546,41.36373134328358,-70.52714070502287	6.70750618,41.36373134328358,-70.52174372020976	6.932896614,41.36373134328358,-70.51634673539664	7.345273972,41.36373134328358,-70.51094975058352	0.0199765,41.36373134328358,-70.5055527657704	0.0199765,41.36373134328358,-70.50015578095727
46.316818237,41.36029850746269,-70.69983895229954	23.536859512,41.36029850746269,-70.69444225217525	3.656811476,41.36029850746269,-70.68904555205094	3.984217167,41.36029850746269,-70.68364885192665	3.884434462,41.36029850746269,-70.67825215180234	5.366999149,41.36029850746269,-70.67285545167805	5.357568264,41.36029850746269,-70.66745875155375	0.099976502,41.36029850746269,-70.66206205142944	0.099976502,41.36029850746269,-70.65666535130515	3.857776403,41.36029850746269,-70.65126865118084	1.844089746,41.36029850746269,-70.64587195105655	4.150297165,41.36029850746269,-70.64047525093225	5.001954079,41.36029850746269,-70.63507855080795	0.882976472,41.36029850746269,-70.62968185068365	4.914833546,41.36029850746269,-70.62428515055934	6.940701008,41.36029850746269,-70.61888845043505	6.673256874,41.36029850746269,-70.61349175031074	5.929656982,41.36029850746269,-70.60809505018645	0.999976516,41.36029850746269,-70.60269835006216	0.999976516,41.36029850746269,-70.59730164993785	5.903805256,41.36029850746269,-70.59190494981355	0.949976504,41.36029850746269,-70.58650824968925	4.871092319,41.36029850746269,-70.58111154956495	0.0599765,41.36029850746269,-70.57571484944066	4.585847855,41.36029850746269,-70.57031814931635	3.11794281,41.36029850746269,-70.56492144919206	0.0599765,41.36029850746269,-70.55952474906775	0.0599765,41.36029850746269,-70.55412804894345	0.0599765,41.36029850746269,-70.54873134881916	2.960629702,41.36029850746269,-70.54333464869485	0.0599765,41.36029850746269,-70.53793794857056	3.59441328,41.36029850746269,-70.53254124844625	4.059675694,41.36029850746269,-70.52714454832196	5.161223412,41.36029850746269,-70.52174784819766	6.408504009,41.36029850746269,-70.51635114807335	5.854659081,41.36029850746269,-70.51095444794906	0.0199765,41.36029850746269,-70.50555774782475	0.0199765,41.36029850746269,-70.50016104770046
17.378206253,41.35686567164179,-70.69983368647033	7.198871613,41.35686567164179,-70.69443727098545	0.999976516,41.35686567164179,-70.68904085550056	2.727386475,41.35686567164179,-70.68364444001568	3.315885782,41.35686567164179,-70.6782480245308	4.596776962,41.35686567164179,-70.67285160904592	5.009319782,41.35686567164179,-70.66745519356104	0.099976502,41.35686567164179,-70.66205877807616	0.099976502,41.35686567164179,-70.65666236259126	0.099976502,41.35686567164179,-70.65126594710638	0.099976502,41.35686567164179,-70.6458695316215	2.364859343,41.35686567164179,-70.64047311613662	4.026525974,41.35686567164179,-70.63507670065174	5.378736019,41.35686567164179,-70.62968028516686	3.748020649,41.35686567164179,-70.62428386968197	6.200374126,41.35686567164179,-70.6188874541971	1.299976468,41.35686567164179,-70.61349103871221	4.946051121,41.35686567164179,-70.60809462322733	5.239089012,41.35686567164179,-70.60269820774245	0.999976516,41.35686567164179,-70.59730179225757	5.401727676,41.35686567164179,-70.59190537677269	5.561983109,41.35686567164179,-70.5865089612878	4.572969913,41.35686567164179,-70.58111254580292	4.360156059,41.35686567164179,-70.57571613031803	0.239976496,41.35686567164179,-70.57031971483315	0.0599765,41.35686567164179,-70.56492329934827	0.0599765,41.35686567164179,-70.55952688386338	0.0599765,41.35686567164179,-70.5541304683785	0.0599765,41.35686567164179,-70.54873405289362	0.179976493,41.35686567164179,-70.54333763740874	3.661359787,41.35686567164179,-70.53794122192386	3.333524466,41.35686567164179,-70.53254480643898	4.397135735,41.35686567164179,-70.5271483909541	4.897337914,41.35686567164179,-70.52175197546921	5.303825378,41.35686567164179,-70.51635555998433	5.112203598,41.35686567164179,-70.51095914449945	4.686254025,41.35686567164179,-70.50556272901457	0.0199765,41.35686567164179,-70.50016631352968
8.272657394,41.3534328358209,-70.69982842155488	0.999976516,41.3534328358209,-70.69443229066003	2.128566742,41.3534328358209,-70.68903615976517	2.532895088,41.3534328358209,-70.68364002887031	2.597478867,41.3534328358209,-70.67824389797545	2.659621,41.3534328358209,-70.6728477670806	3.894327164,41.3534328358209,-70.66745163618573	3.001805305,41.3534328358209,-70.66205550529088	0.099976502,41.3534328358209,-70.65665937439601	0.099976502,41.3534328358209,-70.65126324350116	0.099976502,41.3534328358209,-70.6458671126063	0.099976502,41.3534328358209,-70.64047098171145	0.882976472,41.3534328358209,-70.63507485081658	4.34809351,41.3534328358209,-70.62967871992173	1.754019737,41.3534328358209,-70.62428258902686	3.850155592,41.3534328358209,-70.61888645813201	1.299976468,41.3534328358209,-70.61349032723714	3.989214659,41.3534328358209,-70.6080941963423	3.751506805,41.3534328358209,-70.60269806544743	3.835793734,41.3534328358209,-70.59730193455258	2.823468208,41.3534328358209,-70.59190580365771	3.735598803,41.3534328358209,-70.58650967276286	3.398605824,41.3534328358209,-70.58111354186799	1.461706161,41.3534328358209,-70.57571741097314	0.0599765,41.3534328358209,-70.57032128007828	0.0599765,41.3534328358209,-70.56492514918342	0.0599765,41.3534328358209,-70.55952901828856	0.0599765,41.3534328358209,-70.5541328873937	0.0599765,41.3534328358209,-70.54873675649884	1.664678454,41.3534328358209,-70.54334062560399	1.940529585,41.3534328358209,-70.53794449470912	1.920001268,41.3534328358209,-70.53254836381427	3.606625319,41.3534328358209,-70.5271522329194	4.134902954,41.3534328358209,-70.52175610202455	4.15424633,41.3534328358209,-70.51635997112969	3.517389536,41.3534328358209,-70.51096384023484	2.954238653,41.3534328358209,-70.50556770933997	2.807968616,41.3534328358209,-70.50017157844512
1.19192028,41.35,-70.69982315755304	0.999976516,41.35,-70.69442731119882	1.19590044,41.35,-70.6890314648446	2.158217669,41.35,-70.68363561849038	2.524932623,41.35,-70.67823977213617	0.805455089,41.35,-70.67284392578195	0.099976502,41.35,-70.66744807942773	1.73825717,41.35,-70.66205223307351	0.099976502,41.35,-70.65665638671929	0.099976502,41.35,-70.65126054036507	0.099976502,41.35,-70.64586469401085	2.056168318,41.35,-70.64046884765663	0.882976472,41.35,-70.63507300130242	2.441043615,41.35,-70.6296771549482	3.470992327,41.35,-70.62428130859398	3.929578304,41.35,-70.61888546223976	1.499976516,41.35,-70.61348961588554	3.967283487,41.35,-70.60809376953132	1.504062772,41.35,-70.6026979231771	-0.700023472,41.35,-70.59730207682288	-0.700023472,41.35,-70.59190623046867	-0.700023472,41.35,-70.58651038411445	-0.700023472,41.35,-70.58111453776023	-0.700023472,41.35,-70.57571869140601	-0.700023472,41.35,-70.57032284505179	-0.700023472,41.35,-70.56492699869757	-0.700023472,41.35,-70.55953115234335	1.838936329,41.35,-70.55413530598913	0.243012786,41.35,-70.54873945963492	2.118593693,41.35,-70.5433436132807	1.880278826,41.35,-70.53794776692648	4.714929104,41.35,-70.53255192057226	2.641134739,41.35,-70.52715607421804	2.953972816,41.35,-70.52176022786382	2.273338556,41.35,-70.5163643815096	0.74845922,41.35,-70.51096853515538	0.0199765,41.35,-70.50557268880117	0.0199765,41.35,-70.50017684244695
-data:
