radius:25.0
size:94^55
path:sample.svg
fields:latitude	longitude
geo:37.68,37.88,-122.55,-122.38
+data:
96.777923584,37.88,-122.55011527698241	38.34834671,37.88,-122.5469628593164	25.751634598,37.88,-122.54381044165038	13.975764275,37.88,-122.54065802398436	9.558024406,37.88,-122.53750560631835	7.83169651,37.88,-122.53435318865233	14.513936043,37.88,-122.53120077098632	9.128165245,37.88,-122.5280483533203	2.155032396,37.88,-122.52489593565429	6.397540092,37.88,-122.52174351798827	4.162231922,37.88,-122.51859110032225	1.897056818,37.88,-122.51543868265624	0.257055223,37.88,-122.51228626499022	-0.300000012,37.88,-122.50913384732421	-0.300000012,37.88,-122.50598142965819	-0.300000012,37.88,-122.50282901199218	26.103467941,37.88,-122.49967659432616	0.318340361,37.88,-122.49652417666015	-0.300000012,37.88,-122.49337175899413	-0.300000012,37.88,-122.49021934132811	-0.300000012,37.88,-122.4870669236621	-0.300000012,37.88,-122.48391450599608	-0.300000012,37.88,-122.48076208833007	-0.300000012,37.88,-122.47760967066405	-0.300000012,37.88,-122.47445725299804	1.713012338,37.88,-122.47130483533202	0.419999987,37.88,-122.468152417666	3.326738596,37.88,-122.46499999999999	81.254364014,37.88,-122.46184758233397	10.543737411,37.88,-122.45869516466796	73.816398621,37.88,-122.45554274700194	130.781387329,37.88,-122.45239032933593	124.094261169,37.88,-122.44923791166991	80.538246155,37.88,-122.4460854940039	-0.300000012,37.88,-122.44293307633788	-0.300000012,37.88,-122.43978065867186	-0.300000012,37.88,-122.43662824100585	-0.300000012,37.88,-122.43347582333983	-0.300000012,37.88,-122.43032340567382	-21.246519089,37.88,-122.4271709880078	-14.91710186,37.88,-122.42401857034179	-12.892368317,37.88,-122.42086615267577	-14.156079292,37.88,-122.41771373500976	-13.612002373,37.88,-122.41456131734374	-11.821124077,37.88,-122.41140889967772	-11.378911018,37.88,-122.40825648201171	-10.089219093,37.88,-122.4051040643457	-6.734382629,37.88,-122.40195164667968	-6.215072155,37.88,-122.39879922901366	-6.270145893,37.88,-122.39564681134765	-5.035065651,37.88,-122.39249439368163	-3.294994354,37.88,-122.38934197601561	-2.725344181,37.88,-122.3861895583496	-2.30170393,37.88,-122.38303714068358	-2.279990673,37.88,-122.37988472301757
155.466629028,37.877849462365596,-122.55011279188874	42.825641632,37.877849462365596,-122.54696046626323	81.251609802,37.877849462365596,-122.54380814063772	60.411518097,37.877849462365596,-122.54065581501222	26.739871979,37.877849462365596,-122.5375034893867	4.532969475,37.877849462365596,-122.53435116376119	2.874296904,37.877849462365596,-122.53119883813568	2.452105761,37.877849462365596,-122.52804651251017	1.797191262,37.877849462365596,-122.52489418688467	20.87231636,37.877849462365596,-122.52174186125916	68.480422974,37.877849462365596,-122.51858953563365	29.679523468,37.877849462365596,-122.51543721000813	0.752832174,37.877849462365596,-122.51228488438262	-0.043263916,37.877849462365596,-122.50913255875712	-0.300000012,37.877849462365596,-122.50598023313161	-0.300000012,37.877849462365596,-122.5028279075061	-0.300000012,37.877849462365596,-122.4996755818806	2.387262344,37.877849462365596,-122.49652325625507	-0.300000012,37.877849462365596,-122.49337093062957	-0.300000012,37.877849462365596,-122.49021860500406	-0.300000012,37.877849462365596,-122.48706627937855	-0.300000012,37.877849462365596,-122.48391395375305	-0.300000012,37.877849462365596,-122.48076162812754	-0.300000012,37.877849462365596,-122.47760930250203	-0.300000012,37.877849462365596,-122.47445697687651	2.88634634,37.877849462365596,-122.471304651251	0.419999987,37.877849462365596,-122.4681523256255	0.419999987,37.877849462365596,-122.46499999999999	7.521430016,37.877849462365596,-122.46184767437448	3.226219177,37.877849462365596,-122.45869534874898	46.018489838,37.877849462365596,-122.45554302312347	95.364265442,37.877849462365596,-122.45239069749795	57.371074677,37.877849462365596,-122.44923837187244	53.734008789,37.877849462365596,-122.44608604624693	-0.300000012,37.877849462365596,-122.44293372062143	-0.300000012,37.877849462365596,-122.43978139499592	-0.300000012,37.877849462365596,-122.43662906937041	-0.300000012,37.877849462365596,-122.4334767437449	-0.300000012,37.877849462365596,-122.43032441811938	-0.300000012,37.877849462365596,-122.42717209249388	-14.251734734,37.877849462365596,-122.42401976686837	-0.300000012,37.877849462365596,-122.42086744124286	-0.300000012,37.877849462365596,-122.41771511561736	-14.381524086,37.877849462365596,-122.41456278999185	-12.604870796,37.877849462365596,-122.41141046436633	-12.108865738,37.877849462365596,-122.40825813874082	-11.575343132,37.877849462365596,-122.40510581311531	-8.77350235,37.877849462365596,-122.4019534874898	-7.054944992,37.877849462365596,-122.3988011618643	-6.364305496,37.877849462365596,-122.39564883623879	-5.231469631,37.877849462365596,-122.39249651061328	-3.613984108,37.877849462365596,-122.38934418498776	-2.925914288,37.877849462365596,-122.38619185936226	-2.579676628,37.877849462365596,-122.38303953373675	-2.479244232,37.877849462365596,-122.37988720811124
158.522506714,37.87569892473118,-122.55011030706008	99.313331604,37.87569892473118,-122.54695807346526	124.672485352,37.87569892473118,-122.54380583987044	84.425697327,37.87569892473118,-122.54065360627563	49.478946686,37.87569892473118,-122.53750137268081	24.946653366,37.87569892473118,-122.53434913908599	42.852581024,37.87569892473118,-122.53119690549117	4.419835091,37.87569892473118,-122.52804467189635	31.958442688,37.87569892473118,-122.52489243830153	92.13874054,37.87569892473118,-122.52174020470672	77.872581482,37.87569892473118,-122.5185879711119	60.172012329,37.87569892473118,-122.51543573751708	33.523288727,37.87569892473118,-122.51228350392226	0.881477594,37.87569892473118,-122.50913127032744	2.341855526,37.87569892473118,-122.50597903673263	-0.300000012,37.87569892473118,-122.50282680313781	-0.300000012,37.87569892473118,-122.49967456954299	-0.300000012,37.87569892473118,-122.49652233594817	-0.300000012,37.87569892473118,-122.49337010235335	-0.300000012,37.87569892473118,-122.49021786875853	-0.300000012,37.87569892473118,-122.48706563516372	-0.300000012,37.87569892473118,-122.4839134015689	-0.300000012,37.87569892473118,-122.48076116797408	-0.300000012,37.87569892473118,-122.47760893437926	-0.300000012,37.87569892473118,-122.47445670078444	42.838863373,37.87569892473118,-122.47130446718963	2.761152506,37.87569892473118,-122.46815223359481	1.120000005,37.87569892473118,-122.46499999999999	1.582171917,37.87569892473118,-122.46184776640519	2.356622219,37.87569892473118,-122.45869553281037	3.72347641,37.87569892473118,-122.45554329921555	64.692520142,37.87569892473118,-122.45239106562073	27.96697998,37.87569892473118,-122.44923883202591	10.625664711,37.87569892473118,-122.4460865984311	-0.300000012,37.87569892473118,-122.44293436483628	-0.300000012,37.87569892473118,-122.43978213124146	-0.300000012,37.87569892473118,-122.43662989764664	-0.300000012,37.87569892473118,-122.43347766405182	-0.300000012,37.87569892473118,-122.430325430457	-0.300000012,37.87569892473118,-122.42717319686219	-0.300000012,37.87569892473118,-122.42402096326737	-0.300000012,37.87569892473118,-122.42086872967255	-0.300000012,37.87569892473118,-122.41771649607773	-0.300000012,37.87569892473118,-122.41456426248291	-13.675442696,37.87569892473118,-122.4114120288881	-12.963768959,37.87569892473118,-122.40825979529328	-12.94063282,37.87569892473118,-122.40510756169846	-10.121166229,37.87569892473118,-122.40195532810364	-8.29656601,37.87569892473118,-122.39880309450882	-6.793054581,37.87569892473118,-122.395650860914	-5.448317528,37.87569892473118,-122.39249862731918	-3.942120075,37.87569892473118,-122.38934639372437	-3.257387638,37.87569892473118,-122.38619416012955	-2.81248045,37.87569892473118,-122.38304192653473	-2.801435947,37.87569892473118,-122.37988969293991
176.000015259,37.873548387096776,-122.5501078224964	107.454620361,37.873548387096776,-122.54695568092247	178.77142334,37.873548387096776,-122.54380353934852	154.534423828,37.873548387096776,-122.54065139777458	148.723236084,37.873548387096776,-122.53749925620063	126.182167053,37.873548387096776,-122.5343471146267	57.469154358,37.873548387096776,-122.53119497305275	6.365133286,37.873548387096776,-122.52804283147881	16.842521667,37.873548387096776,-122.52489068990488	87.072891235,37.873548387096776,-122.52173854833093	95.104026794,37.873548387096776,-122.518586406757	28.159448624,37.873548387096776,-122.51543426518305	3.596885204,37.873548387096776,-122.51228212360911	3.568512201,37.873548387096776,-122.50912998203518	2.290949345,37.873548387096776,-122.50597784046123	-0.149172723,37.873548387096776,-122.50282569888729	-0.300000012,37.873548387096776,-122.49967355731334	-0.300000012,37.873548387096776,-122.49652141573941	-0.300000012,37.873548387096776,-122.49336927416546	-0.300000012,37.873548387096776,-122.49021713259152	-0.300000012,37.873548387096776,-122.48706499101759	-0.300000012,37.873548387096776,-122.48391284944364	-0.300000012,37.873548387096776,-122.4807607078697	-0.300000012,37.873548387096776,-122.47760856629576	-0.300000012,37.873548387096776,-122.47445642472182	39.967601776,37.873548387096776,-122.47130428314789	39.177429199,37.873548387096776,-122.46815214157394	5.701406956,37.873548387096776,-122.465	0.440810293,37.873548387096776,-122.46184785842605	21.473340988,37.873548387096776,-122.45869571685212	3.25998807,37.873548387096776,-122.45554357527817	5.064333916,37.873548387096776,-122.45239143370424	14.727872849,37.873548387096776,-122.4492392921303	-0.300000012,37.873548387096776,-122.44608715055635	-0.300000012,37.873548387096776,-122.44293500898242	-0.300000012,37.873548387096776,-122.43978286740847	-0.300000012,37.873548387096776,-122.43663072583453	-0.300000012,37.873548387096776,-122.4334785842606	-0.300000012,37.873548387096776,-122.43032644268665	-0.300000012,37.873548387096776,-122.42717430111271	-0.300000012,37.873548387096776,-122.42402215953877	-0.300000012,37.873548387096776,-122.42087001796483	-0.300000012,37.873548387096776,-122.41771787639088	-0.300000012,37.873548387096776,-122.41456573481695	-14.09346199,37.873548387096776,-122.41141359324301	-14.119187355,37.873548387096776,-122.40826145166906	-14.176165581,37.873548387096776,-122.40510931009513	-11.673977852,37.873548387096776,-122.40195716852118	-9.687294006,37.873548387096776,-122.39880502694724	-7.70965004,37.873548387096776,-122.39565288537331	-5.664563656,37.873548387096776,-122.39250074379936	-4.36457634,37.873548387096776,-122.38934860222543	-3.577050686,37.873548387096776,-122.38619646065148	-3.093198538,37.873548387096776,-122.38304431907754	-2.835208893,37.873548387096776,-122.37989217750359
200.684143066,37.87139784946237,-122.55010533819767	147.686569214,37.87139784946237,-122.5469532886348	230.870605469,37.87139784946237,-122.54380123907191	196.615570068,37.87139784946237,-122.54064918950904	172.42779541,37.87139784946237,-122.53749713994615	114.194976807,37.87139784946237,-122.53434509038328	95.031997681,37.87139784946237,-122.53119304082041	25.105588913,37.87139784946237,-122.52804099125753	40.352531433,37.87139784946237,-122.52488894169466	101.796310425,37.87139784946237,-122.52173689213178	100.914253235,37.87139784946237,-122.5185848425689	24.571855545,37.87139784946237,-122.51543279300603	3.732091188,37.87139784946237,-122.51228074344314	2.3564713,37.87139784946237,-122.50912869388027	35.314704895,37.87139784946237,-122.5059766443174	3.229147911,37.87139784946237,-122.50282459475451	0.054586679,37.87139784946237,-122.49967254519164	-0.300000012,37.87139784946237,-122.49652049562877	-0.300000012,37.87139784946237,-122.49336844606589	-0.300000012,37.87139784946237,-122.49021639650302	-0.300000012,37.87139784946237,-122.48706434694013	-0.300000012,37.87139784946237,-122.48391229737726	-0.300000012,37.87139784946237,-122.48076024781439	-0.300000012,37.87139784946237,-122.4776081982515	-0.300000012,37.87139784946237,-122.47445614868863	-0.300000012,37.87139784946237,-122.47130409912576	95.425231934,37.87139784946237,-122.46815204956287	69.253959656,37.87139784946237,-122.465	-0.300000012,37.87139784946237,-122.46184795043712	-0.300000012,37.87139784946237,-122.45869590087425	-0.300000012,37.87139784946237,-122.45554385131138	-0.300000012,37.87139784946237,-122.45239180174849	-0.300000012,37.87139784946237,-122.44923975218562	-0.300000012,37.87139784946237,-122.44608770262275	-0.300000012,37.87139784946237,-122.44293565305986	-0.300000012,37.87139784946237,-122.43978360349699	-0.300000012,37.87139784946237,-122.4366315539341	-0.300000012,37.87139784946237,-122.43347950437123	65.084373474,37.87139784946237,-122.43032745480836	-0.300000012,37.87139784946237,-122.42717540524548	-0.300000012,37.87139784946237,-122.4240233556826	-0.300000012,37.87139784946237,-122.42087130611974	-0.300000012,37.87139784946237,-122.41771925655685	-0.300000012,37.87139784946237,-122.41456720699398	-15.822967529,37.87139784946237,-122.4114151574311	-15.253495216,37.87139784946237,-122.40826310786822	-15.405977249,37.87139784946237,-122.40511105830535	-13.471737862,37.87139784946237,-122.40195900874247	-10.915304184,37.87139784946237,-122.3988069591796	-9.156558037,37.87139784946237,-122.39565490961672	-6.063253403,37.87139784946237,-122.39250286005384	-4.620822906,37.87139784946237,-122.38935081049097	-3.838905573,37.87139784946237,-122.38619876092808	-3.444670677,37.87139784946237,-122.38304671136521	-3.053573847,37.87139784946237,-122.37989466180234
271.803222656,37.86924731182796,-122.55010285416384	184.524917603,37.86924731182796,-122.54695089660221	201.25617981,37.86924731182796,-122.54379893904058	185.034744263,37.86924731182796,-122.54064698147897	205.803451538,37.86924731182796,-122.53749502391734	112.579185486,37.86924731182796,-122.53434306635572	71.530021667,37.86924731182796,-122.53119110879409	11.032840729,37.86924731182796,-122.52803915123248	50.013744354,37.86924731182796,-122.52488719367085	101.680992126,37.86924731182796,-122.52173523610922	108.090103149,37.86924731182796,-122.5185832785476	37.555362701,37.86924731182796,-122.51543132098597	17.794031143,37.86924731182796,-122.51227936342435	4.552191734,37.86924731182796,-122.50912740586273	10.815901756,37.86924731182796,-122.5059754483011	3.649092913,37.86924731182796,-122.50282349073947	1.606820464,37.86924731182796,-122.49967153317786	-0.300000012,37.86924731182796,-122.49651957561623	-0.300000012,37.86924731182796,-122.4933676180546	-0.300000012,37.86924731182796,-122.49021566049298	-0.300000012,37.86924731182796,-122.48706370293135	-0.300000012,37.86924731182796,-122.48391174536974	-0.300000012,37.86924731182796,-122.48075978780811	-0.300000012,37.86924731182796,-122.47760783024648	-0.300000012,37.86924731182796,-122.47445587268486	-0.300000012,37.86924731182796,-122.47130391512324	36.420536041,37.86924731182796,-122.46815195756162	97.04548645,37.86924731182796,-122.46499999999999	-0.300000012,37.86924731182796,-122.46184804243836	-0.300000012,37.86924731182796,-122.45869608487673	-0.300000012,37.86924731182796,-122.45554412731512	-0.300000012,37.86924731182796,-122.4523921697535	-0.300000012,37.86924731182796,-122.44924021219187	-0.300000012,37.86924731182796,-122.44608825463024	-0.300000012,37.86924731182796,-122.44293629706863	-0.300000012,37.86924731182796,-122.439784339507	-0.300000012,37.86924731182796,-122.43663238194537	39.681350708,37.86924731182796,-122.43348042438375	67.801521301,37.86924731182796,-122.43032846682212	34.674583435,37.86924731182796,-122.4271765092605	38.611095428,37.86924731182796,-122.42402455169888	-0.300000012,37.86924731182796,-122.42087259413725	-0.300000012,37.86924731182796,-122.41772063657562	-0.300000012,37.86924731182796,-122.41456867901401	-21.173078537,37.86924731182796,-122.41141672145238	-16.846511841,37.86924731182796,-122.40826476389076	-17.114200592,37.86924731182796,-122.40511280632913	-15.588815689,37.86924731182796,-122.4019608487675	-12.380260468,37.86924731182796,-122.39880889120589	-9.764940262,37.86924731182796,-122.39565693364426	-6.420864105,37.86924731182796,-122.39250497608263	-5.112024784,37.86924731182796,-122.389353018521	-4.261583805,37.86924731182796,-122.3862010609594	-3.656449556,37.86924731182796,-122.38304910339777	-3.326812506,37.86924731182796,-122.37989714583614
282.991546631,37.86709677419355,-122.55010037039492	253.2159729,37.86709677419355,-122.54694850482473	193.96194458,37.86709677419355,-122.54379663925455	145.900695801,37.86709677419355,-122.54064477368436	161.579177856,37.86709677419355,-122.53749290811419	108.445053101,37.86709677419355,-122.534341042544	28.022163391,37.86709677419355,-122.53118917697383	82.864837646,37.86709677419355,-122.52803731140364	25.797374725,37.86709677419355,-122.52488544583346	47.627677917,37.86709677419355,-122.52173358026327	107.601531982,37.86709677419355,-122.5185817146931	91.761749268,37.86709677419355,-122.51542984912291	78.121192932,37.86709677419355,-122.51227798355272	38.313777924,37.86709677419355,-122.50912611798255	13.360206604,37.86709677419355,-122.50597425241236	4.876560211,37.86709677419355,-122.50282238684218	4.24549675,37.86709677419355,-122.499670521272	-0.07289505,37.86709677419355,-122.49651865570182	-0.300000012,37.86709677419355,-122.49336679013163	-0.300000012,37.86709677419355,-122.49021492456146	-0.300000012,37.86709677419355,-122.48706305899127	-0.300000012,37.86709677419355,-122.4839111934211	-0.300000012,37.86709677419355,-122.4807593278509	-0.300000012,37.86709677419355,-122.47760746228072	-0.300000012,37.86709677419355,-122.47445559671054	-0.300000012,37.86709677419355,-122.47130373114035	-0.300000012,37.86709677419355,-122.46815186557018	31.229146957,37.86709677419355,-122.46499999999999	60.111724854,37.86709677419355,-122.46184813442981	-0.300000012,37.86709677419355,-122.45869626885963	-0.300000012,37.86709677419355,-122.45554440328945	-0.300000012,37.86709677419355,-122.45239253771926	-0.300000012,37.86709677419355,-122.44924067214909	-0.300000012,37.86709677419355,-122.4460888065789	-0.300000012,37.86709677419355,-122.44293694100872	-0.300000012,37.86709677419355,-122.43978507543854	-0.300000012,37.86709677419355,-122.43663320986835	24.099477768,37.86709677419355,-122.43348134429817	106.989891052,37.86709677419355,-122.43032947872798	107.418067932,37.86709677419355,-122.42717761315781	54.381233215,37.86709677419355,-122.42402574758762	-0.300000012,37.86709677419355,-122.42087388201745	-0.300000012,37.86709677419355,-122.41772201644726	-0.300000012,37.86709677419355,-122.41457015087708	-0.288073689,37.86709677419355,-122.4114182853069	-21.253852844,37.86709677419355,-122.40826641973672	-19.722803116,37.86709677419355,-122.40511455416653	-17.759052277,37.86709677419355,-122.40196268859634	-13.634554863,37.86709677419355,-122.39881082302617	-10.870426178,37.86709677419355,-122.39565895745598	-6.892760277,37.86709677419355,-122.3925070918858	-5.372894287,37.86709677419355,-122.38935522631562	-4.671844006,37.86709677419355,-122.38620336074544	-4.163944721,37.86709677419355,-122.38305149517525	-3.814356565,37.86709677419355,-122.37989962960508
217.783401489,37.86494623655914,-122.55009788689085	203.151504517,37.86494623655914,-122.5469461133023	189.319946289,37.86494623655914,-122.54379433971376	149.378799438,37.86494623655914,-122.5406425661252	127.588768005,37.86494623655914,-122.53749079253666	69.869766235,37.86494623655914,-122.5343390189481	91.839729309,37.86494623655914,-122.53118724535955	147.883804321,37.86494623655914,-122.528035471771	109.326927185,37.86494623655914,-122.52488369818245	68.876365662,37.86494623655914,-122.52173192459391	51.380264282,37.86494623655914,-122.51858015100535	126.273597717,37.86494623655914,-122.5154283774168	125.566757202,37.86494623655914,-122.51227660382825	94.386222839,37.86494623655914,-122.5091248302397	28.897029877,37.86494623655914,-122.50597305665116	25.661941528,37.86494623655914,-122.5028212830626	8.137001038,37.86494623655914,-122.49966950947405	3.65184617,37.86494623655914,-122.4965177358855	-0.300000012,37.86494623655914,-122.49336596229695	-0.300000012,37.86494623655914,-122.4902141887084	-0.300000012,37.86494623655914,-122.48706241511985	-0.300000012,37.86494623655914,-122.4839106415313	-0.300000012,37.86494623655914,-122.48075886794275	-0.300000012,37.86494623655914,-122.4776070943542	-0.300000012,37.86494623655914,-122.47445532076566	-0.300000012,37.86494623655914,-122.4713035471771	-0.300000012,37.86494623655914,-122.46815177358854	-0.300000012,37.86494623655914,-122.465	43.384124756,37.86494623655914,-122.46184822641145	35.229755402,37.86494623655914,-122.4586964528229	-0.300000012,37.86494623655914,-122.45554467923435	-0.300000012,37.86494623655914,-122.45239290564581	-0.300000012,37.86494623655914,-122.44924113205725	-0.300000012,37.86494623655914,-122.4460893584687	-0.300000012,37.86494623655914,-122.44293758488016	36.878662109,37.86494623655914,-122.4397858112916	46.928253174,37.86494623655914,-122.43663403770306	26.355014801,37.86494623655914,-122.4334822641145	125.12562561,37.86494623655914,-122.43033049052595	156.933502197,37.86494623655914,-122.4271787169374	72.017845154,37.86494623655914,-122.42402694334885	-0.300000012,37.86494623655914,-122.42087516976031	-0.300000012,37.86494623655914,-122.41772339617175	-0.292138726,37.86494623655914,-122.4145716225832	-0.281653643,37.86494623655914,-122.41141984899465	-22.104911804,37.86494623655914,-122.4082680754061	-22.53861618,37.86494623655914,-122.40511630181756	-19.920948029,37.86494623655914,-122.401964528229	-14.879911423,37.86494623655914,-122.39881275464045	-11.54400444,37.86494623655914,-122.3956609810519	-7.400177479,37.86494623655914,-122.39250920746335	-5.76403904,37.86494623655914,-122.3893574338748	-5.120512486,37.86494623655914,-122.38620566028625	-4.756953239,37.86494623655914,-122.3830538866977	-4.381936073,37.86494623655914,-122.37990211310915
198.69430542,37.862795698924735,-122.55009540365161	128.034835815,37.862795698924735,-122.54694372203488	104.934204102,37.862795698924735,-122.54379204041815	151.963546753,37.862795698924735,-122.54064035880143	77.812103271,37.862795698924735,-122.53748867718471	48.352581024,37.862795698924735,-122.53433699556798	120.429122925,37.862795698924735,-122.53118531395126	191.787872314,37.862795698924735,-122.52803363233453	170.750595093,37.862795698924735,-122.5248819507178	157.061523438,37.862795698924735,-122.52173026910107	113.716537476,37.862795698924735,-122.51857858748434	95.101226807,37.862795698924735,-122.51542690586763	145.263519287,37.862795698924735,-122.5122752242509	119.197319031,37.862795698924735,-122.50912354263417	68.72052002,37.862795698924735,-122.50597186101744	31.580192566,37.862795698924735,-122.50282017940071	59.464065552,37.862795698924735,-122.49966849778399	25.309551239,37.862795698924735,-122.49651681616726	3.786462545,37.862795698924735,-122.49336513455054	3.614948988,37.862795698924735,-122.49021345293382	-0.300000012,37.862795698924735,-122.48706177131709	-0.300000012,37.862795698924735,-122.48391008970036	-0.300000012,37.862795698924735,-122.48075840808363	-0.300000012,37.862795698924735,-122.4776067264669	-0.300000012,37.862795698924735,-122.47445504485017	-0.300000012,37.862795698924735,-122.47130336323346	-0.300000012,37.862795698924735,-122.46815168161673	-0.300000012,37.862795698924735,-122.465	-0.300000012,37.862795698924735,-122.46184831838328	33.66135025,37.862795698924735,-122.45869663676655	-0.300000012,37.862795698924735,-122.45554495514982	-0.300000012,37.862795698924735,-122.45239327353309	-0.300000012,37.862795698924735,-122.44924159191638	-0.300000012,37.862795698924735,-122.44608991029965	-0.300000012,37.862795698924735,-122.44293822868292	55.176822662,37.862795698924735,-122.43978654706619	170.847122192,37.862795698924735,-122.43663486544946	119.623626709,37.862795698924735,-122.43348318383273	178.699768066,37.862795698924735,-122.430331502216	160.379806519,37.862795698924735,-122.42717982059929	67.839408875,37.862795698924735,-122.42402813898256	9.972486496,37.862795698924735,-122.42087645736584	-0.297693223,37.862795698924735,-122.41772477574911	-0.289315462,37.862795698924735,-122.41457309413238	-0.28014645,37.862795698924735,-122.41142141251565	-23.220071793,37.862795698924735,-122.40826973089892	-24.082317352,37.862795698924735,-122.40511804928221	-21.904268265,37.862795698924735,-122.40196636766548	-15.956849098,37.862795698924735,-122.39881468604875	-11.855251312,37.862795698924735,-122.39566300443202	-7.979012489,37.862795698924735,-122.3925113228153	-6.263509274,37.862795698924735,-122.38935964119857	-5.965890408,37.862795698924735,-122.38620795958184	-5.213799953,37.862795698924735,-122.38305627796512	-4.787229538,37.862795698924735,-122.3799045963484
138.263534546,37.86064516129032,-122.55009292067716	90.876815796,37.86064516129032,-122.54694133102245	81.423240662,37.86064516129032,-122.54378974136775	133.983474731,37.86064516129032,-122.54063815171303	91.952606201,37.86064516129032,-122.53748656205832	82.498664856,37.86064516129032,-122.53433497240361	112.955345154,37.86064516129032,-122.5311833827489	167.52041626,37.86064516129032,-122.52803179309419	219.637512207,37.86064516129032,-122.52488020343948	223.878982544,37.86064516129032,-122.52172861378477	160.096069336,37.86064516129032,-122.51857702413007	142.316665649,37.86064516129032,-122.51542543447535	154.723999023,37.86064516129032,-122.51227384482064	177.980606079,37.86064516129032,-122.50912225516593	95.385726929,37.86064516129032,-122.50597066551123	91.182495117,37.86064516129032,-122.50281907585651	100.296211243,37.86064516129032,-122.4996674862018	30.135253906,37.86064516129032,-122.4965158965471	30.720975876,37.86064516129032,-122.49336430689239	17.464960098,37.86064516129032,-122.49021271723767	3.563237429,37.86064516129032,-122.48706112758296	-0.300000012,37.86064516129032,-122.48390953792826	-0.300000012,37.86064516129032,-122.48075794827355	-0.300000012,37.86064516129032,-122.47760635861883	-0.300000012,37.86064516129032,-122.47445476896412	-0.300000012,37.86064516129032,-122.47130317930942	-0.300000012,37.86064516129032,-122.46815158965471	-0.300000012,37.86064516129032,-122.46499999999999	-0.300000012,37.86064516129032,-122.46184841034528	-0.300000012,37.86064516129032,-122.45869682069058	-0.300000012,37.86064516129032,-122.45554523103587	-0.300000012,37.86064516129032,-122.45239364138115	-0.300000012,37.86064516129032,-122.44924205172644	-0.300000012,37.86064516129032,-122.44609046207174	48.262050629,37.86064516129032,-122.44293887241703	48.195472717,37.86064516129032,-122.43978728276231	140.495422363,37.86064516129032,-122.4366356931076	171.807769775,37.86064516129032,-122.4334841034529	193.912368774,37.86064516129032,-122.43033251379819	168.126678467,37.86064516129032,-122.42718092414347	65.931015015,37.86064516129032,-122.42402933448876	19.305240631,37.86064516129032,-122.42087774483406	-0.297179401,37.86064516129032,-122.41772615517935	-0.287810475,37.86064516129032,-122.41457456552463	-0.278641522,37.86064516129032,-122.41142297586993	-24.500463486,37.86064516129032,-122.40827138621522	-26.260988235,37.86064516129032,-122.40511979656051	-23.538274765,37.86064516129032,-122.40196820690579	-17.26322937,37.86064516129032,-122.39881661725109	-12.21596241,37.86064516129032,-122.39566502759638	-8.33197403,37.86064516129032,-122.39251343794167	-6.802310944,37.86064516129032,-122.38936184828695	-6.171565056,37.86064516129032,-122.38621025863225	-5.512442112,37.86064516129032,-122.38305866897754	-4.907043457,37.86064516129032,-122.37990707932283
199.083618164,37.858494623655915,-122.55009043796748	167.0650177,37.858494623655915,-122.54693894026498	91.312774658,37.858494623655915,-122.54378744256249	69.440704346,37.858494623655915,-122.54063594485999	52.573368073,37.858494623655915,-122.53748444715748	75.305992126,37.858494623655915,-122.53433294945499	126.286682129,37.858494623655915,-122.53118145175249	149.953048706,37.858494623655915,-122.52802995404998	214.209136963,37.858494623655915,-122.5248784563475	256.423522949,37.858494623655915,-122.52172695864499	198.711456299,37.858494623655915,-122.51857546094249	220.555450439,37.858494623655915,-122.51542396323998	226.491027832,37.858494623655915,-122.51227246553749	234.25453186,37.858494623655915,-122.50912096783499	115.956169128,37.858494623655915,-122.50596947013248	156.078903198,37.858494623655915,-122.50281797243	113.38671875,37.858494623655915,-122.49966647472749	89.022232056,37.858494623655915,-122.49651497702499	68.308456421,37.858494623655915,-122.4933634793225	47.392585754,37.858494623655915,-122.49021198161999	9.950000763,37.858494623655915,-122.48706048391749	2.963058949,37.858494623655915,-122.483908986215	-0.300000012,37.858494623655915,-122.4807574885125	-0.300000012,37.858494623655915,-122.47760599080999	-0.300000012,37.858494623655915,-122.4744544931075	-0.300000012,37.858494623655915,-122.471302995405	-0.300000012,37.858494623655915,-122.4681514977025	-0.300000012,37.858494623655915,-122.46499999999999	-0.300000012,37.858494623655915,-122.4618485022975	-47.135055542,37.858494623655915,-122.458697004595	-0.300000012,37.858494623655915,-122.45554550689249	-0.300000012,37.858494623655915,-122.45239400919	-0.300000012,37.858494623655915,-122.4492425114875	-0.300000012,37.858494623655915,-122.446091013785	-0.300000012,37.858494623655915,-122.4429395160825	67.373352051,37.858494623655915,-122.43978801838	112.376457214,37.858494623655915,-122.4366365206775	129.335174561,37.858494623655915,-122.433485022975	130.292404175,37.858494623655915,-122.4303335252725	77.288276672,37.858494623655915,-122.42718202757	109.561813354,37.858494623655915,-122.42403052986751	0.501921356,37.858494623655915,-122.420879032165	-0.297673494,37.858494623655915,-122.4177275344625	-0.286638349,37.858494623655915,-122.41457603676	-0.277136505,37.858494623655915,-122.4114245390575	-0.26857695,37.858494623655915,-122.408273041355	-28.116352081,37.858494623655915,-122.4051215436525	-25.882278442,37.858494623655915,-122.40197004595001	-18.658584595,37.858494623655915,-122.3988185482475	-12.464688301,37.858494623655915,-122.395667050545	-8.884453773,37.858494623655915,-122.39251555284251	-7.25687933,37.858494623655915,-122.38936405514	-6.51433754,37.858494623655915,-122.3862125574375	-5.870125294,37.858494623655915,-122.38306105973501	-5.221809864,37.858494623655915,-122.37990956203251
151.445068359,37.85634408602151,-122.55008795552254	150.488265991,37.85634408602151,-122.54693654976245	116.401794434,37.85634408602151,-122.54378514400236	67.618507385,37.85634408602151,-122.54063373824226	65.244087219,37.85634408602151,-122.53748233248217	130.793624878,37.85634408602151,-122.53433092672208	193.271896362,37.85634408602151,-122.53117952096197	216.967819214,37.85634408602151,-122.52802811520188	258.442871094,37.85634408602151,-122.52487670944178	312.175354004,37.85634408602151,-122.52172530368169	289.783416748,37.85634408602151,-122.5185738979216	259.792175293,37.85634408602151,-122.5154224921615	271.028808594,37.85634408602151,-122.51227108640141	242.258285522,37.85634408602151,-122.50911968064132	204.245864868,37.85634408602151,-122.50596827488123	236.010299683,37.85634408602151,-122.50281686912113	163.239562988,37.85634408602151,-122.49966546336103	149.679992676,37.85634408602151,-122.49651405760093	145.699996948,37.85634408602151,-122.49336265184084	106.801239014,37.85634408602151,-122.49021124608075	32.248062134,37.85634408602151,-122.48705984032065	48.490524292,37.85634408602151,-122.48390843456056	24.864030838,37.85634408602151,-122.48075702880047	-0.300000012,37.85634408602151,-122.47760562304038	-0.300000012,37.85634408602151,-122.47445421728028	-0.300000012,37.85634408602151,-122.47130281152019	-0.300000012,37.85634408602151,-122.46815140576008	-19.246301651,37.85634408602151,-122.46499999999999	-38.494735718,37.85634408602151,-122.4618485942399	-35.955387115,37.85634408602151,-122.4586971884798	-0.300000012,37.85634408602151,-122.45554578271971	-0.300000012,37.85634408602151,-122.45239437695962	-0.300000012,37.85634408602151,-122.44924297119952	-0.300000012,37.85634408602151,-122.44609156543943	-0.300000012,37.85634408602151,-122.44294015967934	36.792919159,37.85634408602151,-122.43978875391925	28.115516663,37.85634408602151,-122.43663734815914	93.622535706,37.85634408602151,-122.43348594239905	43.984027863,37.85634408602151,-122.43033453663895	53.52596283,37.85634408602151,-122.42718313087886	99.908660889,37.85634408602151,-122.42403172511877	49.163085938,37.85634408602151,-122.42088031935867	-0.298167408,37.85634408602151,-122.41772891359858	-0.287132859,37.85634408602151,-122.41457750783849	-0.276675403,37.85634408602151,-122.4114261020784	-0.267005146,37.85634408602151,-122.4082746963183	-30.493942261,37.85634408602151,-122.4051232905582	-26.500608444,37.85634408602151,-122.4019718847981	-19.351011276,37.85634408602151,-122.39882047903801	-12.229450226,37.85634408602151,-122.39566907327792	-9.20128727,37.85634408602151,-122.39251766751782	-7.735407352,37.85634408602151,-122.38936626175773	-6.599928856,37.85634408602151,-122.38621485599764	-5.76859045,37.85634408602151,-122.38306345023754	-5.233508587,37.85634408602151,-122.37991204447745
135.548156738,37.8541935483871,-122.5500854733423	79.690940857,37.8541935483871,-122.54693415951482	123.47077179,37.8541935483871,-122.54378284568732	68.872612,37.8541935483871,-122.54063153185983	65.226501465,37.8541935483871,-122.53748021803233	142.539291382,37.8541935483871,-122.53432890420484	204.226135254,37.8541935483871,-122.53117759037735	276.004058838,37.8541935483871,-122.52802627654985	299.457427979,37.8541935483871,-122.52487496272236	291.492980957,37.8541935483871,-122.52172364889486	219.877532959,37.8541935483871,-122.51857233506738	192.719329834,37.8541935483871,-122.51542102123989	219.903579712,37.8541935483871,-122.51226970741239	191.087921143,37.8541935483871,-122.5091183935849	216.435256958,37.8541935483871,-122.5059670797574	234.072067261,37.8541935483871,-122.50281576592991	228.100982666,37.8541935483871,-122.49966445210242	234.69960022,37.8541935483871,-122.49651313827492	160.267272949,37.8541935483871,-122.49336182444743	71.296211243,37.8541935483871,-122.49021051061993	101.515464783,37.8541935483871,-122.48705919679244	97.2213974,37.8541935483871,-122.48390788296496	41.27709198,37.8541935483871,-122.48075656913745	-0.300000012,37.8541935483871,-122.47760525530997	-0.300000012,37.8541935483871,-122.47445394148247	-0.300000012,37.8541935483871,-122.47130262765498	-0.300000012,37.8541935483871,-122.46815131382749	-26.121131897,37.8541935483871,-122.46499999999999	-31.28991127,37.8541935483871,-122.4618486861725	-27.407905579,37.8541935483871,-122.458697372345	-0.300000012,37.8541935483871,-122.45554605851751	-0.300000012,37.8541935483871,-122.45239474469003	-0.300000012,37.8541935483871,-122.44924343086252	-0.300000012,37.8541935483871,-122.44609211703504	-0.300000012,37.8541935483871,-122.44294080320753	-0.300000012,37.8541935483871,-122.43978948938005	2.012459278,37.8541935483871,-122.43663817555255	17.788639069,37.8541935483871,-122.43348686172506	-0.300000012,37.8541935483871,-122.43033554789757	-0.300000012,37.8541935483871,-122.42718423407007	-0.300000012,37.8541935483871,-122.42403292024258	19.395940781,37.8541935483871,-122.42088160641508	-0.29866156,37.8541935483871,-122.41773029258759	-0.287593693,37.8541935483871,-122.4145789787601	-0.277170748,37.8541935483871,-122.4114276649326	-0.266747773,37.8541935483871,-122.40827635110512	-32.438770294,37.8541935483871,-122.40512503727761	-28.05474472,37.8541935483871,-122.40197372345013	-19.626401901,37.8541935483871,-122.39882240962264	-11.958639145,37.8541935483871,-122.39567109579514	-9.818149567,37.8541935483871,-122.39251978196765	-7.807110786,37.8541935483871,-122.38936846814015	-6.509223461,37.8541935483871,-122.38621715431266	-6.007880211,37.8541935483871,-122.38306584048517	-5.413021564,37.8541935483871,-122.37991452665767
155.993545532,37.85204301075269,-122.55008299142676	65.918838501,37.85204301075269,-122.54693176952206	120.351173401,37.85204301075269,-122.54378054761737	108.620948792,37.85204301075269,-122.54062932571267	44.995975494,37.85204301075269,-122.53747810380798	129.533889771,37.85204301075269,-122.53432688190328	172.800170898,37.85204301075269,-122.5311756599986	217.756881714,37.85204301075269,-122.5280244380939	253.525726318,37.85204301075269,-122.5248732161892	232.623397827,37.85204301075269,-122.5217219942845	192.164169312,37.85204301075269,-122.51857077237982	139.694641113,37.85204301075269,-122.51541955047512	103.54624939,37.85204301075269,-122.51226832857043	144.772064209,37.85204301075269,-122.50911710666573	170.683731079,37.85204301075269,-122.50596588476104	240.82901001,37.85204301075269,-122.50281466285634	291.430389404,37.85204301075269,-122.49966344095165	268.401580811,37.85204301075269,-122.49651221904695	216.657073975,37.85204301075269,-122.49336099714226	176.578781128,37.85204301075269,-122.49020977523756	170.803451538,37.85204301075269,-122.48705855333287	112.651618958,37.85204301075269,-122.48390733142817	68.743766785,37.85204301075269,-122.48075610952348	-0.300000012,37.85204301075269,-122.47760488761878	-0.300000012,37.85204301075269,-122.47445366571408	-0.300000012,37.85204301075269,-122.47130244380939	-0.300000012,37.85204301075269,-122.46815122190469	-24.373775482,37.85204301075269,-122.465	-26.665758133,37.85204301075269,-122.4618487780953	-23.653268814,37.85204301075269,-122.45869755619061	-0.300000012,37.85204301075269,-122.45554633428591	-0.300000012,37.85204301075269,-122.45239511238123	-0.300000012,37.85204301075269,-122.44924389047652	-14.699221611,37.85204301075269,-122.44609266857184	-0.300000012,37.85204301075269,-122.44294144666713	-0.300000012,37.85204301075269,-122.43979022476245	-0.300000012,37.85204301075269,-122.43663900285775	-0.300000012,37.85204301075269,-122.43348778095306	-0.300000012,37.85204301075269,-122.43033655904836	-0.300000012,37.85204301075269,-122.42718533714367	-0.300000012,37.85204301075269,-122.42403411523897	-0.300000012,37.85204301075269,-122.42088289333428	-0.299018264,37.85204301075269,-122.41773167142958	-0.288087785,37.85204301075269,-122.41458044952489	-0.277664989,37.85204301075269,-122.41142922762019	-0.267242312,37.85204301075269,-122.40827800571549	-33.67326355,37.85204301075269,-122.4051267838108	-28.945444107,37.85204301075269,-122.4019755619061	-17.671297073,37.85204301075269,-122.39882434000141	-11.962218285,37.85204301075269,-122.39567311809671	-10.158056259,37.85204301075269,-122.39252189619202	-7.830534935,37.85204301075269,-122.38937067428732	-8.282831192,37.85204301075269,-122.38621945238263	-7.837655067,37.85204301075269,-122.38306823047793	-6.975232601,37.85204301075269,-122.37991700857324
152.351074219,37.84989247311828,-122.55008050977585	84.269142151,37.84989247311828,-122.54692937978416	54.955284119,37.84989247311828,-122.54377824979245	53.249008179,37.84989247311828,-122.54062711980076	37.03817749,37.84989247311828,-122.53747598980905	65.607078552,37.84989247311828,-122.53432485981736	119.019706726,37.84989247311828,-122.53117372982567	187.265426636,37.84989247311828,-122.52802259983396	211.468154907,37.84989247311828,-122.52487146984227	150.640808105,37.84989247311828,-122.52172033985057	189.263824463,37.84989247311828,-122.51856920985887	92.458808899,37.84989247311828,-122.51541807986717	76.581970215,37.84989247311828,-122.51226694987547	85.837852478,37.84989247311828,-122.50911581988377	167.579666138,37.84989247311828,-122.50596468989208	259.382232666,37.84989247311828,-122.50281355990037	316.764434814,37.84989247311828,-122.49966242990868	277.302337646,37.84989247311828,-122.49651129991699	276.881164551,37.84989247311828,-122.49336016992528	199.788253784,37.84989247311828,-122.49020903993359	115.17427063,37.84989247311828,-122.48705790994188	57.920909882,37.84989247311828,-122.48390677995019	9.697372437,37.84989247311828,-122.4807556499585	-0.300000012,37.84989247311828,-122.47760451996679	-0.300000012,37.84989247311828,-122.4744533899751	-0.300000012,37.84989247311828,-122.4713022599834	-0.300000012,37.84989247311828,-122.4681511299917	-0.300000012,37.84989247311828,-122.465	-24.58972168,37.84989247311828,-122.4618488700083	-21.299423218,37.84989247311828,-122.4586977400166	-17.773862839,37.84989247311828,-122.45554661002491	-17.839250565,37.84989247311828,-122.4523954800332	-17.65877533,37.84989247311828,-122.44924435004151	-13.913579941,37.84989247311828,-122.44609322004982	-0.300000012,37.84989247311828,-122.44294209005811	-0.300000012,37.84989247311828,-122.43979096006642	-0.300000012,37.84989247311828,-122.43663983007471	-0.300000012,37.84989247311828,-122.43348870008302	-0.300000012,37.84989247311828,-122.43033757009133	-0.300000012,37.84989247311828,-122.42718644009962	-0.300000012,37.84989247311828,-122.42403531010793	-0.300000012,37.84989247311828,-122.42088418011623	-0.29760462,37.84989247311828,-122.41773305012453	-0.286757916,37.84989247311828,-122.41458192013283	-43.484630585,37.84989247311828,-122.41143079014113	-38.926464081,37.84989247311828,-122.40827966014943	-34.402992249,37.84989247311828,-122.40512853015774	-27.691123962,37.84989247311828,-122.40197740016603	-15.780767441,37.84989247311828,-122.39882627017434	-11.572756767,37.84989247311828,-122.39567514018265	-9.980070114,37.84989247311828,-122.39252401019094	-8.337262154,37.84989247311828,-122.38937288019925	-8.49349308,37.84989247311828,-122.38622175020754	-9.216834068,37.84989247311828,-122.38307062021585	-8.986680031,37.84989247311828,-122.37991949022415
72.620063782,37.847741935483874,-122.55007802838956	23.492547989,37.847741935483874,-122.54692699030106	18.517225266,37.847741935483874,-122.54377595221256	49.484752655,37.847741935483874,-122.54062491412405	60.34777832,37.847741935483874,-122.53747387603555	72.166679382,37.847741935483874,-122.53432283794706	122.221076965,37.847741935483874,-122.53117179985856	160.062438965,37.847741935483874,-122.52802076177005	200.752868652,37.847741935483874,-122.52486972368155	181.722976685,37.847741935483874,-122.52171868559304	80.757926941,37.847741935483874,-122.51856764750454	110.535774231,37.847741935483874,-122.51541660941604	54.808860779,37.847741935483874,-122.51226557132753	94.802742004,37.847741935483874,-122.50911453323903	173.170898438,37.847741935483874,-122.50596349515054	223.594543457,37.847741935483874,-122.50281245706203	245.856185913,37.847741935483874,-122.49966141897353	221.411514282,37.847741935483874,-122.49651038088503	206.310256958,37.847741935483874,-122.49335934279652	257.58392334,37.847741935483874,-122.49020830470802	133.97819519,37.847741935483874,-122.48705726661952	73.37311554,37.847741935483874,-122.48390622853101	15.22843647,37.847741935483874,-122.48075519044251	-0.300000012,37.847741935483874,-122.47760415235402	-0.300000012,37.847741935483874,-122.47445311426551	-0.300000012,37.847741935483874,-122.47130207617701	-0.300000012,37.847741935483874,-122.46815103808851	-0.300000012,37.847741935483874,-122.465	-22.625041962,37.847741935483874,-122.4618489619115	-19.072593689,37.847741935483874,-122.458697923823	-18.434907913,37.847741935483874,-122.45554688573449	-19.007347107,37.847741935483874,-122.45239584764599	-18.217811584,37.847741935483874,-122.4492448095575	-14.72574234,37.847741935483874,-122.446093771469	-15.193926811,37.847741935483874,-122.44294273338049	-0.300000012,37.847741935483874,-122.43979169529199	-0.300000012,37.847741935483874,-122.43664065720348	-0.300000012,37.847741935483874,-122.43348961911498	-0.300000012,37.847741935483874,-122.43033858102648	-0.300000012,37.847741935483874,-122.42718754293797	-29.07932663,37.847741935483874,-122.42403650484947	-45.334003448,37.847741935483874,-122.42088546676098	-56.505741119,37.847741935483874,-122.41773442867247	-46.7772789,37.847741935483874,-122.41458339058397	-43.243293762,37.847741935483874,-122.41143235249547	-37.357055664,37.847741935483874,-122.40828131440696	-35.007644653,37.847741935483874,-122.40513027631846	-24.545759201,37.847741935483874,-122.40197923822996	-14.401769638,37.847741935483874,-122.39882820014145	-11.196816444,37.847741935483874,-122.39567716205295	-9.806847572,37.847741935483874,-122.39252612396446	-8.926901817,37.847741935483874,-122.38937508587595	-8.327936172,37.847741935483874,-122.38622404778745	-8.841153145,37.847741935483874,-122.38307300969895	-9.19572258,37.847741935483874,-122.37992197161044
15.506617546,37.84559139784947,-122.55007554726785	29.947359085,37.84559139784947,-122.54692460107275	102.24269104,37.84559139784947,-122.54377365487764	176.571563721,37.84559139784947,-122.54062270868253	124.130935669,37.84559139784947,-122.53747176248743	146.78326416,37.84559139784947,-122.53432081629232	140.782821655,37.84559139784947,-122.53116987009722	168.54624939,37.84559139784947,-122.52801892390211	186.243484497,37.84559139784947,-122.524867977707	130.238754272,37.84559139784947,-122.5217170315119	95.626213074,37.84559139784947,-122.51856608531679	47.318622589,37.84559139784947,-122.51541513912169	48.705589294,37.84559139784947,-122.51226419292658	112.288101196,37.84559139784947,-122.50911324673147	141.827651978,37.84559139784947,-122.50596230053637	185.258300781,37.84559139784947,-122.50281135434126	196.613876343,37.84559139784947,-122.49966040814616	148.334777832,37.84559139784947,-122.49650946195105	152.644393921,37.84559139784947,-122.49335851575594	210.090408325,37.84559139784947,-122.49020756956084	205.391525269,37.84559139784947,-122.48705662336573	137.405456543,37.84559139784947,-122.48390567717063	79.609939575,37.84559139784947,-122.48075473097552	17.096139908,37.84559139784947,-122.47760378478041	-0.300000012,37.84559139784947,-122.47445283858531	-0.300000012,37.84559139784947,-122.4713018923902	-0.300000012,37.84559139784947,-122.4681509461951	-0.300000012,37.84559139784947,-122.465	-22.256977081,37.84559139784947,-122.4618490538049	-18.538379669,37.84559139784947,-122.45869810760979	-21.877332687,37.84559139784947,-122.45554716141469	-19.280792236,37.84559139784947,-122.45239621521958	-18.273040771,37.84559139784947,-122.44924526902447	-17.290081024,37.84559139784947,-122.44609432282937	-18.25022316,37.84559139784947,-122.44294337663426	-0.300000012,37.84559139784947,-122.43979243043916	-0.300000012,37.84559139784947,-122.43664148424405	-18.535308838,37.84559139784947,-122.43349053804894	-22.095899582,37.84559139784947,-122.43033959185384	-28.089735031,37.84559139784947,-122.42718864565873	-36.908542633,37.84559139784947,-122.42403769946363	-45.600273132,37.84559139784947,-122.42088675326852	-46.886962891,37.84559139784947,-122.41773580707341	-43.699417114,37.84559139784947,-122.4145848608783	-39.760757446,37.84559139784947,-122.4114339146832	-36.282966614,37.84559139784947,-122.4082829684881	-32.038135529,37.84559139784947,-122.40513202229299	-17.70996666,37.84559139784947,-122.40198107609788	-12.949493408,37.84559139784947,-122.39883012990278	-10.775512695,37.84559139784947,-122.39567918370767	-9.676614761,37.84559139784947,-122.39252823751256	-8.98469162,37.84559139784947,-122.38937729131746	-8.127047539,37.84559139784947,-122.38622634512235	-8.090267181,37.84559139784947,-122.38307539892725	-8.680083275,37.84559139784947,-122.37992445273214
14.273400307,37.843440860215054,-122.5500730664107	103.645210266,37.843440860215054,-122.54692221209919	166.906051636,37.843440860215054,-122.54377135778769	227.266723633,37.843440860215054,-122.54062050347618	233.36138916,37.843440860215054,-122.53746964916468	228.565139771,37.843440860215054,-122.53431879485316	233.359634399,37.843440860215054,-122.53116794054166	243.850021362,37.843440860215054,-122.52801708623015	184.225738525,37.843440860215054,-122.52486623191864	87.489356995,37.843440860215054,-122.52171537760714	50.668827057,37.843440860215054,-122.51856452329562	36.165313721,37.843440860215054,-122.51541366898412	47.9621315,37.843440860215054,-122.51226281467261	75.978622437,37.843440860215054,-122.50911196036111	144.834655762,37.843440860215054,-122.5059611060496	118.347358704,37.843440860215054,-122.50281025173808	164.997695923,37.843440860215054,-122.49965939742658	110.422309875,37.843440860215054,-122.49650854311507	107.382675171,37.843440860215054,-122.49335768880357	179.300613403,37.843440860215054,-122.49020683449206	229.203353882,37.843440860215054,-122.48705598018056	172.861541748,37.843440860215054,-122.48390512586904	115.310112,37.843440860215054,-122.48075427155753	15.231488228,37.843440860215054,-122.47760341724603	-0.300000012,37.843440860215054,-122.47445256293452	-0.300000012,37.843440860215054,-122.47130170862302	-0.300000012,37.843440860215054,-122.4681508543115	-0.300000012,37.843440860215054,-122.465	-21.366559982,37.843440860215054,-122.46184914568849	-20.804632187,37.843440860215054,-122.45869829137698	-22.426689148,37.843440860215054,-122.45554743706548	-22.336345673,37.843440860215054,-122.45239658275396	-23.289722443,37.843440860215054,-122.44924572844246	-22.229877472,37.843440860215054,-122.44609487413095	-21.674077988,37.843440860215054,-122.44294401981945	-21.30824852,37.843440860215054,-122.43979316550794	-20.890594482,37.843440860215054,-122.43664231119642	-24.148622513,37.843440860215054,-122.43349145688492	-27.112224579,37.843440860215054,-122.43034060257341	-31.433700562,37.843440860215054,-122.42718974826191	-38.459358215,37.843440860215054,-122.4240388939504	-42.110908508,37.843440860215054,-122.4208880396389	-41.436534882,37.843440860215054,-122.41773718532738	-39.852603912,37.843440860215054,-122.41458633101587	-37.418216705,37.843440860215054,-122.41143547670437	-34.809268951,37.843440860215054,-122.40828462239286	-22.900846481,37.843440860215054,-122.40513376808136	-15.641714096,37.843440860215054,-122.40198291376984	-12.331037521,37.843440860215054,-122.39883205945834	-10.785956383,37.843440860215054,-122.39568120514683	-9.478725433,37.843440860215054,-122.39253035083532	-8.655018806,37.843440860215054,-122.38937949652382	-7.901630402,37.843440860215054,-122.3862286422123	-7.638883114,37.843440860215054,-122.3830777879008	-8.212109566,37.843440860215054,-122.37992693358929
65.039428711,37.84129032258065,-122.55007058581808	173.900054932,37.84129032258065,-122.54691982338036	205.47315979,37.84129032258065,-122.54376906094267	205.632995605,37.84129032258065,-122.54061829850495	217.141067505,37.84129032258065,-122.53746753606725	209.793899536,37.84129032258065,-122.53431677362954	243.593276978,37.84129032258065,-122.53116601119183	192.933654785,37.84129032258065,-122.52801524875413	158.640991211,37.84129032258065,-122.52486448631642	144.643722534,37.84129032258065,-122.52171372387872	54.583351135,37.84129032258065,-122.518562961441	26.28046608,37.84129032258065,-122.51541219900331	70.962348938,37.84129032258065,-122.5122614365656	131.305831909,37.84129032258065,-122.50911067412788	149.421478271,37.84129032258065,-122.50595991169018	83.209388733,37.84129032258065,-122.50280914925247	109.404441833,37.84129032258065,-122.49965838681477	83.216285706,37.84129032258065,-122.49650762437706	121.048683167,37.84129032258065,-122.49335686193935	171.863372803,37.84129032258065,-122.49020609950165	168.639480591,37.84129032258065,-122.48705533706394	85.489967346,37.84129032258065,-122.48390457462624	123.014907837,37.84129032258065,-122.48075381218852	55.904647827,37.84129032258065,-122.47760304975083	-0.300000012,37.84129032258065,-122.47445228731311	-0.300000012,37.84129032258065,-122.4713015248754	-0.300000012,37.84129032258065,-122.4681507624377	-0.300000012,37.84129032258065,-122.46499999999999	-0.300000012,37.84129032258065,-122.46184923756229	-25.650661469,37.84129032258065,-122.45869847512458	-24.047185898,37.84129032258065,-122.45554771268687	-23.421010971,37.84129032258065,-122.45239695024917	-23.320423126,37.84129032258065,-122.44924618781145	-23.502372742,37.84129032258065,-122.44609542537376	-23.806488037,37.84129032258065,-122.44294466293604	-23.838645935,37.84129032258065,-122.43979390049833	-25.77186203,37.84129032258065,-122.43664313806063	-27.517744064,37.84129032258065,-122.43349237562292	-31.623916626,37.84129032258065,-122.43034161318522	-34.749790192,37.84129032258065,-122.42719085074751	-38.215579987,37.84129032258065,-122.42404008830981	-39.268444061,37.84129032258065,-122.4208893258721	-38.018947601,37.84129032258065,-122.41773856343438	-35.91374588,37.84129032258065,-122.41458780099669	-35.831985474,37.84129032258065,-122.41143703855897	-27.166526794,37.84129032258065,-122.40828627612127	-18.685222626,37.84129032258065,-122.40513551368356	-15.144008636,37.84129032258065,-122.40198475124585	-12.373478889,37.84129032258065,-122.39883398880815	-10.674545288,37.84129032258065,-122.39568322637044	-9.161977768,37.84129032258065,-122.39253246393274	-8.421953201,37.84129032258065,-122.38938170149503	-7.606327057,37.84129032258065,-122.38623093905733	-7.269469261,37.84129032258065,-122.38308017661961	-7.602237225,37.84129032258065,-122.3799294141819
57.742656708,37.83913978494624,-122.55006810548996	133.423110962,37.83913978494624,-122.54691743491625	153.982940674,37.83913978494624,-122.54376676434255	138.384963989,37.83913978494624,-122.54061609376885	150.132156372,37.83913978494624,-122.53746542319514	152.849441528,37.83913978494624,-122.53431475262144	185.840057373,37.83913978494624,-122.53116408204774	166.78125,37.83913978494624,-122.52801341147403	89.767356873,37.83913978494624,-122.52486274090033	66.601799011,37.83913978494624,-122.52171207032664	65.008766174,37.83913978494624,-122.51856139975294	34.055175781,37.83913978494624,-122.51541072917924	88.479377747,37.83913978494624,-122.51226005860553	177.24710083,37.83913978494624,-122.50910938803183	99.885635376,37.83913978494624,-122.50595871745813	66.857551575,37.83913978494624,-122.50280804688443	64.147659302,37.83913978494624,-122.49965737631072	152.564590454,37.83913978494624,-122.49650670573702	233.270355225,37.83913978494624,-122.49335603516332	200.751586914,37.83913978494624,-122.49020536458961	119.2472229,37.83913978494624,-122.48705469401591	50.412548065,37.83913978494624,-122.48390402344221	36.36095047,37.83913978494624,-122.4807533528685	61.475940704,37.83913978494624,-122.4776026822948	18.505933762,37.83913978494624,-122.4744520117211	-0.300000012,37.83913978494624,-122.4713013411474	-0.300000012,37.83913978494624,-122.46815067057369	-0.300000012,37.83913978494624,-122.465	-0.300000012,37.83913978494624,-122.4618493294263	-25.272285461,37.83913978494624,-122.4586986588526	-24.742193222,37.83913978494624,-122.4555479882789	-22.435317993,37.83913978494624,-122.45239731770519	-25.633390427,37.83913978494624,-122.44924664713149	-24.118082047,37.83913978494624,-122.44609597655779	-25.898778915,37.83913978494624,-122.44294530598408	-26.547571182,37.83913978494624,-122.43979463541038	-29.095125198,37.83913978494624,-122.43664396483668	-30.954332352,37.83913978494624,-122.43349329426297	-34.044250488,37.83913978494624,-122.43034262368927	-35.451389313,37.83913978494624,-122.42719195311557	-37.577934265,37.83913978494624,-122.42404128254186	-37.4021492,37.83913978494624,-122.42089061196816	-35.641384125,37.83913978494624,-122.41773994139446	-34.721630096,37.83913978494624,-122.41458927082076	-28.663160324,37.83913978494624,-122.41143860024707	-21.247550964,37.83913978494624,-122.40828792967336	-17.387413025,37.83913978494624,-122.40513725909966	-14.870045662,37.83913978494624,-122.40198658852596	-12.552358627,37.83913978494624,-122.39883591795225	-10.638531685,37.83913978494624,-122.39568524737855	-9.440524101,37.83913978494624,-122.39253457680485	-8.175619125,37.83913978494624,-122.38938390623115	-7.600753307,37.83913978494624,-122.38623323565744	-7.162865639,37.83913978494624,-122.38308256508374	-7.495887756,37.83913978494624,-122.37993189451004
-1.600000024,37.83698924731183,-122.5500656254263	102.160919189,37.83698924731183,-122.5469150467068	113.5104599,37.83698924731183,-122.54376446798732	66.75629425,37.83698924731183,-122.54061388926782	93.884643555,37.83698924731183,-122.53746331054833	88.187034607,37.83698924731183,-122.53431273182883	114.203971863,37.83698924731183,-122.53116215310935	123.25213623,37.83698924731183,-122.52801157438985	130.109832764,37.83698924731183,-122.52486099567035	42.055358887,37.83698924731183,-122.52171041695087	20.634641647,37.83698924731183,-122.51855983823137	42.297691345,37.83698924731183,-122.51540925951188	121.41897583,37.83698924731183,-122.51225868079239	87.022331238,37.83698924731183,-122.5091081020729	85.303634644,37.83698924731183,-122.5059575233534	56.498382568,37.83698924731183,-122.50280694463392	72.256942749,37.83698924731183,-122.49965636591442	129.926101685,37.83698924731183,-122.49650578719492	212.410202026,37.83698924731183,-122.49335520847544	283.900848389,37.83698924731183,-122.49020462975594	177.761245728,37.83698924731183,-122.48705405103645	129.481842041,37.83698924731183,-122.48390347231695	20.922935486,37.83698924731183,-122.48075289359747	11.382318497,37.83698924731183,-122.47760231487797	43.671894073,37.83698924731183,-122.47445173615847	-0.300000012,37.83698924731183,-122.47130115743899	-0.300000012,37.83698924731183,-122.46815057871949	-0.300000012,37.83698924731183,-122.465	-0.300000012,37.83698924731183,-122.4618494212805	-26.788431168,37.83698924731183,-122.45869884256102	-27.759550095,37.83698924731183,-122.45554826384152	-24.98059082,37.83698924731183,-122.45239768512204	-28.973649979,37.83698924731183,-122.44924710640254	-16.769435883,37.83698924731183,-122.44609652768304	-26.48005867,37.83698924731183,-122.44294594896355	-27.469305038,37.83698924731183,-122.43979537024406	-28.078948975,37.83698924731183,-122.43664479152457	-32.458034515,37.83698924731183,-122.43349421280507	-31.066324234,37.83698924731183,-122.43034363408559	-33.79088974,37.83698924731183,-122.42719305536609	-34.478118896,37.83698924731183,-122.42404247664659	-34.688468933,37.83698924731183,-122.4208918979271	-33.024341583,37.83698924731183,-122.41774131920761	-29.407110214,37.83698924731183,-122.41459074048812	-22.625982285,37.83698924731183,-122.41144016176862	-19.719991684,37.83698924731183,-122.40828958304914	-16.517490387,37.83698924731183,-122.40513900432964	-14.213413239,37.83698924731183,-122.40198842561016	-11.889573097,37.83698924731183,-122.39883784689066	-10.588276863,37.83698924731183,-122.39568726817116	-9.550087929,37.83698924731183,-122.39253668945167	-8.534298897,37.83698924731183,-122.38938611073218	-7.550040722,37.83698924731183,-122.38623553201269	-6.896575451,37.83698924731183,-122.38308495329319	-7.631502628,37.83698924731183,-122.37993437457371
-1.600000024,37.83483870967742,-122.55006314562708	37.678760529,37.83483870967742,-122.546912658752	70.578117371,37.83483870967742,-122.54376217187692	28.859958649,37.83483870967742,-122.54061168500185	110.335754395,37.83483870967742,-122.53746119812678	52.065174103,37.83483870967742,-122.53431071125169	53.528793335,37.83483870967742,-122.53116022437662	47.124080658,37.83483870967742,-122.52800973750153	56.539985657,37.83483870967742,-122.52485925062646	15.470692635,37.83483870967742,-122.52170876375139	10.399147987,37.83483870967742,-122.5185582768763	55.745368958,37.83483870967742,-122.51540779000123	45.337879181,37.83483870967742,-122.51225730312616	40.561683655,37.83483870967742,-122.50910681625108	41.220848083,37.83483870967742,-122.505956329376	105.975296021,37.83483870967742,-122.50280584250092	101.135543823,37.83483870967742,-122.49965535562585	132.117706299,37.83483870967742,-122.49650486875078	208.899093628,37.83483870967742,-122.49335438187569	274.645172119,37.83483870967742,-122.49020389500062	162.485107422,37.83483870967742,-122.48705340812555	84.370315552,37.83483870967742,-122.48390292125046	19.249511719,37.83483870967742,-122.48075243437539	4.422219753,37.83483870967742,-122.4776019475003	19.387460709,37.83483870967742,-122.47445146062523	-0.374021411,37.83483870967742,-122.47130097375016	-0.337042093,37.83483870967742,-122.46815048687507	-0.31926164,37.83483870967742,-122.465	-0.300439,37.83483870967742,-122.46184951312493	-31.651010513,37.83483870967742,-122.45869902624985	-31.750679016,37.83483870967742,-122.45554853937477	-26.425483704,37.83483870967742,-122.4523980524997	-28.959753036,37.83483870967742,-122.44924756562462	-27.238687515,37.83483870967742,-122.44609707874955	-21.517194748,37.83483870967742,-122.44294659187446	-16.993507385,37.83483870967742,-122.43979610499939	-27.085884094,37.83483870967742,-122.43664561812432	-29.636520386,37.83483870967742,-122.43349513124923	-30.124637604,37.83483870967742,-122.43034464437416	-30.57926178,37.83483870967742,-122.42719415749909	-31.129678726,37.83483870967742,-122.424043670624	-30.058828354,37.83483870967742,-122.42089318374893	-27.367095947,37.83483870967742,-122.41774269687384	-23.700807571,37.83483870967742,-122.41459220999877	-20.397956848,37.83483870967742,-122.4114417231237	-18.405441284,37.83483870967742,-122.40829123624862	-16.554849625,37.83483870967742,-122.40514074937354	-15.011347771,37.83483870967742,-122.40199026249847	-13.490543365,37.83483870967742,-122.39883977562339	-11.242875099,37.83483870967742,-122.39568928874831	-9.948783875,37.83483870967742,-122.39253880187323	-8.773786545,37.83483870967742,-122.38938831499816	-7.25548315,37.83483870967742,-122.38623782812309	-6.904989243,37.83483870967742,-122.383087341248	-6.871559143,37.83483870967742,-122.37993685437293
-1.600000024,37.832688172043014,-122.55006066609225	-1.600000024,37.832688172043014,-122.5469102710518	-1.600000024,37.832688172043014,-122.54375987601134	17.157304764,37.832688172043014,-122.54060948097089	14.301239014,37.832688172043014,-122.53745908593044	15.627967834,37.832688172043014,-122.53430869088999	35.389175415,37.832688172043014,-122.53115829584952	10.069349289,37.832688172043014,-122.52800790080907	3.937827349,37.832688172043014,-122.52485750576862	44.093357086,37.832688172043014,-122.52170711072816	20.845056534,37.832688172043014,-122.51855671568771	15.778886795,37.832688172043014,-122.51540632064726	26.812511444,37.832688172043014,-122.51225592560681	37.489864349,37.832688172043014,-122.50910553056634	98.746803284,37.832688172043014,-122.5059551355259	124.663047791,37.832688172043014,-122.50280474048544	160.659988403,37.832688172043014,-122.49965434544498	245.68069458,37.832688172043014,-122.49650395040453	143.32434082,37.832688172043014,-122.49335355536408	160.966949463,37.832688172043014,-122.49020316032363	216.279525757,37.832688172043014,-122.48705276528317	113.459823608,37.832688172043014,-122.48390237024272	75.999984741,37.832688172043014,-122.48075197520227	-0.400000006,37.832688172043014,-122.4776015801618	-0.400000006,37.832688172043014,-122.47445118512135	-0.397518307,37.832688172043014,-122.4713007900809	-0.391052127,37.832688172043014,-122.46815039504045	-0.384585977,37.832688172043014,-122.46499999999999	-0.37773928,37.832688172043014,-122.46184960495954	-0.371272892,37.832688172043014,-122.45869920991909	-34.867351532,37.832688172043014,-122.45554881487863	-26.10092926,37.832688172043014,-122.45239841983818	-28.136297226,37.832688172043014,-122.44924802479773	-28.357995987,37.832688172043014,-122.44609762975728	-27.882572174,37.832688172043014,-122.44294723471681	-30.547046661,37.832688172043014,-122.43979683967636	-25.69732666,37.832688172043014,-122.43664644463591	-23.785362244,37.832688172043014,-122.43349604959545	-24.528932571,37.832688172043014,-122.430345654555	-27.275455475,37.832688172043014,-122.42719525951455	-30.603574753,37.832688172043014,-122.4240448644741	-27.300779343,37.832688172043014,-122.42089446943363	-23.036798477,37.832688172043014,-122.41774407439318	-0.279927135,37.832688172043014,-122.41459367935273	-0.269131392,37.832688172043014,-122.41144328431227	-17.132463455,37.832688172043014,-122.40829288927182	-15.92100811,37.832688172043014,-122.40514249423137	-15.815856934,37.832688172043014,-122.40199209919092	-14.73431778,37.832688172043014,-122.39884170415046	-13.414598465,37.832688172043014,-122.39569130911	-11.571650505,37.832688172043014,-122.39254091406956	-10.110244751,37.832688172043014,-122.38939051902909	-7.446514606,37.832688172043014,-122.38624012398864	-6.761245728,37.832688172043014,-122.38308972894819	-6.18673563,37.832688172043014,-122.37993933390774
-1.600000024,37.83053763440861,-122.55005818682181	-1.600000024,37.83053763440861,-122.5469078836062	-1.600000024,37.83053763440861,-122.54375758039058	-1.600000024,37.83053763440861,-122.54060727717494	3.292153597,37.83053763440861,-122.53745697395932	3.019999981,37.83053763440861,-122.5343066707437	3.019999981,37.83053763440861,-122.53115636752808	3.596689701,37.83053763440861,-122.52800606431245	18.889238358,37.83053763440861,-122.52485576109683	25.788324356,37.83053763440861,-122.52170545788121	64.971199036,37.83053763440861,-122.51855515466559	31.946826935,37.83053763440861,-122.51540485144996	78.073196411,37.83053763440861,-122.51225454823434	52.013168335,37.83053763440861,-122.50910424501872	65.238296509,37.83053763440861,-122.5059539418031	106.375419617,37.83053763440861,-122.50280363858748	211.051467896,37.83053763440861,-122.49965333537185	151.59274292,37.83053763440861,-122.49650303215623	84.168754578,37.83053763440861,-122.49335272894061	54.275032043,37.83053763440861,-122.49020242572499	147.399124146,37.83053763440861,-122.48705212250935	117.564704895,37.83053763440861,-122.48390181929373	31.471147537,37.83053763440861,-122.48075151607812	-0.400000006,37.83053763440861,-122.4776012128625	-0.400000006,37.83053763440861,-122.47445090964686	-0.394569933,37.83053763440861,-122.47130060643124	-0.388595521,37.83053763440861,-122.46815030321562	-0.382519335,37.83053763440861,-122.465	-0.376086116,37.83053763440861,-122.46184969678438	-40.897258759,37.83053763440861,-122.45869939356875	-32.407699585,37.83053763440861,-122.45554909035313	-23.04968071,37.83053763440861,-122.45239878713751	-25.570720673,37.83053763440861,-122.44924848392189	-29.951793671,37.83053763440861,-122.44609818070626	-24.560602188,37.83053763440861,-122.44294787749064	-24.417013168,37.83053763440861,-122.43979757427502	-23.619195938,37.83053763440861,-122.4366472710594	-21.064085007,37.83053763440861,-122.43349696784377	-22.008817673,37.83053763440861,-122.43034666462815	-28.504684448,37.83053763440861,-122.42719636141253	-0.300000012,37.83053763440861,-122.42404605819691	-0.300000012,37.83053763440861,-122.42089575498129	-0.290635854,37.83053763440861,-122.41774545176565	-0.279151887,37.83053763440861,-122.41459514855003	-0.26835528,37.83053763440861,-122.41144484533442	-17.050409317,37.83053763440861,-122.4082945421188	-17.607872009,37.83053763440861,-122.40514423890316	-17.881847382,37.83053763440861,-122.40199393568754	-17.157659531,37.83053763440861,-122.39884363247192	-15.199035645,37.83053763440861,-122.3956933292563	-13.405557632,37.83053763440861,-122.39254302604067	-10.890975952,37.83053763440861,-122.38939272282505	-9.679853439,37.83053763440861,-122.38624241960943	-0.168870032,37.83053763440861,-122.38309211639381	-0.158105567,37.83053763440861,-122.37994181317819
-13.407309532,37.82838709677419,-122.55005570781572	-15.298864365,37.82838709677419,-122.54690549641514	-14.127913475,37.82838709677419,-122.54375528501456	-1.600000024,37.82838709677419,-122.54060507361397	-1.600000024,37.82838709677419,-122.53745486221338	31.801454544,37.82838709677419,-122.5343046508128	34.966125488,37.82838709677419,-122.53115443941222	27.575208664,37.82838709677419,-122.52800422801164	74.102272034,37.82838709677419,-122.52485401661106	59.07989502,37.82838709677419,-122.52170380521048	85.820838928,37.82838709677419,-122.5185535938099	64.558364868,37.82838709677419,-122.51540338240932	100.235542297,37.82838709677419,-122.51225317100872	125.517341614,37.82838709677419,-122.50910295960814	155.510574341,37.82838709677419,-122.50595274820756	193.951049805,37.82838709677419,-122.50280253680698	248.469711304,37.82838709677419,-122.4996523254064	188.666503906,37.82838709677419,-122.49650211400582	61.615653992,37.82838709677419,-122.49335190260524	16.561782837,37.82838709677419,-122.49020169120466	99.049873352,37.82838709677419,-122.48705147980407	72.338676453,37.82838709677419,-122.48390126840349	100.028572083,37.82838709677419,-122.4807510570029	-0.400000006,37.82838709677419,-122.47760084560232	-0.400000006,37.82838709677419,-122.47445063420174	-0.394164532,37.82838709677419,-122.47130042280116	-57.736732483,37.82838709677419,-122.46815021140058	-54.963523865,37.82838709677419,-122.465	-47.748451233,37.82838709677419,-122.46184978859941	-37.157707214,37.82838709677419,-122.45869957719883	-28.363788605,37.82838709677419,-122.45554936579825	-25.680166245,37.82838709677419,-122.45239915439767	-20.632099152,37.82838709677419,-122.44924894299709	-28.180656433,37.82838709677419,-122.4460987315965	-23.895601273,37.82838709677419,-122.44294852019593	-21.723310471,37.82838709677419,-122.43979830879535	-21.791791916,37.82838709677419,-122.43664809739475	-0.31626609,37.82838709677419,-122.43349788599417	-0.310186774,37.82838709677419,-122.43034767459359	-0.303705841,37.82838709677419,-122.42719746319301	-0.360000014,37.82838709677419,-122.42404725179243	-0.300000012,37.82838709677419,-122.42089704039185	-0.289860934,37.82838709677419,-122.41774682899127	-0.278424948,37.82838709677419,-122.41459661759069	-0.267579257,37.82838709677419,-122.4114464061901	-18.602615356,37.82838709677419,-122.40829619478951	-20.406148911,37.82838709677419,-122.40514598338893	-21.406820297,37.82838709677419,-122.40199577198835	-20.438842773,37.82838709677419,-122.39884556058777	-18.262723923,37.82838709677419,-122.39569534918719	-16.103261948,37.82838709677419,-122.39254513778661	-13.213900566,37.82838709677419,-122.38939492638603	-0.178239688,37.82838709677419,-122.38624471498544	-0.166911095,37.82838709677419,-122.38309450358486	-0.155578405,37.82838709677419,-122.37994429218428
-17.794282913,37.82623655913979,-122.55005322907394	-18.595621109,37.82623655913979,-122.5469031094786	-19.866008759,37.82623655913979,-122.54375298988327	-1.600000024,37.82623655913979,-122.54060287028794	-1.600000024,37.82623655913979,-122.53745275069261	2.359557629,37.82623655913979,-122.53430263109729	61.764362335,37.82623655913979,-122.53115251150196	51.939266205,37.82623655913979,-122.52800239190663	72.081588745,37.82623655913979,-122.52485227231129	49.348873138,37.82623655913979,-122.52170215271596	93.420196533,37.82623655913979,-122.51855203312063	50.950248718,37.82623655913979,-122.5154019135253	67.755126953,37.82623655913979,-122.51225179392996	82.719528198,37.82623655913979,-122.50910167433463	129.56022644,37.82623655913979,-122.50595155473931	140.042144775,37.82623655913979,-122.50280143514398	233.589065552,37.82623655913979,-122.49965131554865	135.260391235,37.82623655913979,-122.49650119595331	95.09135437,37.82623655913979,-122.49335107635798	-1.600000024,37.82623655913979,-122.49020095676265	-1.600000024,37.82623655913979,-122.48705083716732	-1.600000024,37.82623655913979,-122.48390071757198	4.670276642,37.82623655913979,-122.48075059797665	-0.400000006,37.82623655913979,-122.47760047838132	-0.400000006,37.82623655913979,-122.474450358786	-0.395399988,37.82623655913979,-122.47130023919067	-0.37788707,37.82623655913979,-122.46815011959534	-53.868953705,37.82623655913979,-122.465	-42.851886749,37.82623655913979,-122.46184988040467	-34.13143158,37.82623655913979,-122.45869976080934	-28.813360214,37.82623655913979,-122.455549641214	-26.219306946,37.82623655913979,-122.45239952161867	-23.726898193,37.82623655913979,-122.44924940202334	-22.109613419,37.82623655913979,-122.44609928242802	-21.778125763,37.82623655913979,-122.44294916283269	-20.644697189,37.82623655913979,-122.43979904323736	-19.616420746,37.82623655913979,-122.43664892364203	-0.311905414,37.82623655913979,-122.43349880404669	-0.305829316,37.82623655913979,-122.43034868445136	-0.300000012,37.82623655913979,-122.42719856485603	-0.360000014,37.82623655913979,-122.4240484452607	6.88068676,37.82623655913979,-122.42089832566536	-0.291124314,37.82623655913979,-122.41774820607004	-0.279200435,37.82623655913979,-122.41459808647471	-0.267889529,37.82623655913979,-122.41144796687938	-0.256664276,37.82623655913979,-122.40829784728405	-21.241909027,37.82623655913979,-122.40514772768871	-21.958312988,37.82623655913979,-122.40199760809338	-22.217792511,37.82623655913979,-122.39884748849805	-21.792070389,37.82623655913979,-122.39569736890272	-19.526412964,37.82623655913979,-122.39254724930738	-15.866231918,37.82623655913979,-122.38939712971205	-0.174591944,37.82623655913979,-122.38624701011673	-0.162749633,37.82623655913979,-122.3830968905214	-1.080000043,37.82623655913979,-122.37994677092607
-16.472171783,37.82408602150538,-122.55005075059644	-19.402326584,37.82408602150538,-122.54690072279658	-20.560855865,37.82408602150538,-122.5437506949967	-1.600000024,37.82408602150538,-122.54060066719684	22.996723175,37.82408602150538,-122.53745063939697	44.173717499,37.82408602150538,-122.5343006115971	40.78295517,37.82408602150538,-122.53115058379723	79.631347656,37.82408602150538,-122.52800055599737	27.178159714,37.82408602150538,-122.52485052819749	-1.600000024,37.82408602150538,-122.52170050039763	-1.600000024,37.82408602150538,-122.51855047259775	-1.600000024,37.82408602150538,-122.51540044479789	-1.600000024,37.82408602150538,-122.51225041699803	0.025489006,37.82408602150538,-122.50910038919815	36.240135193,37.82408602150538,-122.50595036139829	103.798660278,37.82408602150538,-122.50280033359842	181.701843262,37.82408602150538,-122.49965030579855	85.334274292,37.82408602150538,-122.49650027799868	-1.600000024,37.82408602150538,-122.49335025019882	-1.600000024,37.82408602150538,-122.49020022239894	-1.600000024,37.82408602150538,-122.48705019459908	-1.600000024,37.82408602150538,-122.4839001667992	-1.187157989,37.82408602150538,-122.48075013899934	-0.400000006,37.82408602150538,-122.47760011119948	-0.400000006,37.82408602150538,-122.4744500833996	-0.39663434,37.82408602150538,-122.47130005559974	-0.37912187,37.82408602150538,-122.46815002779987	-53.340465546,37.82408602150538,-122.465	-45.427200317,37.82408602150538,-122.46184997220013	-38.724563599,37.82408602150538,-122.45869994440027	-33.067947388,37.82408602150538,-122.45554991660039	-31.105503082,37.82408602150538,-122.45239988880053	-30.228326797,37.82408602150538,-122.44924986100065	-24.976411819,37.82408602150538,-122.44609983320079	-23.189405441,37.82408602150538,-122.44294980540093	-22.448207855,37.82408602150538,-122.43979977760105	-18.695383072,37.82408602150538,-122.43664974980119	-0.307413191,37.82408602150538,-122.43349972200132	-0.301472157,37.82408602150538,-122.43034969420145	-0.300000012,37.82408602150538,-122.42719966640158	-0.300000012,37.82408602150538,-122.42404963860172	-0.300000012,37.82408602150538,-122.42089961080184	-0.281790584,37.82408602150538,-122.41774958300198	-0.269944251,37.82408602150538,-122.4145995552021	-0.258106232,37.82408602150538,-122.41144952740224	-0.245568454,37.82408602150538,-122.40829949960238	-22.066478729,37.82408602150538,-122.4051494718025	-22.687498093,37.82408602150538,-122.40199944400264	-23.244606018,37.82408602150538,-122.39884941620276	-23.283044815,37.82408602150538,-122.3956993884029	-22.083013535,37.82408602150538,-122.39254936060303	-19.203239441,37.82408602150538,-122.38939933280317	-15.612905502,37.82408602150538,-122.38624930500329	0.006797969,37.82408602150538,-122.38309927720343	0.050000001,37.82408602150538,-122.37994924940355
-13.412643433,37.821935483870966,-122.5500482723832	-14.862118721,37.821935483870966,-122.546898336369	-18.910575867,37.821935483870966,-122.54374840035481	-19.22177887,37.821935483870966,-122.54059846434062	-1.600000024,37.821935483870966,-122.53744852832642	-1.600000024,37.821935483870966,-122.53429859231223	67.773246765,37.821935483870966,-122.53114865629804	44.861656189,37.821935483870966,-122.52799872028385	-1.600000024,37.821935483870966,-122.52484878426965	-1.600000024,37.821935483870966,-122.52169884825545	-1.600000024,37.821935483870966,-122.51854891224127	-1.600000024,37.821935483870966,-122.51539897622708	-1.600000024,37.821935483870966,-122.51224904021288	-1.600000024,37.821935483870966,-122.5090991041987	-1.600000024,37.821935483870966,-122.5059491681845	44.884132385,37.821935483870966,-122.5027992321703	1.287663817,37.821935483870966,-122.49964929615611	-1.600000024,37.821935483870966,-122.49649936014193	-1.600000024,37.821935483870966,-122.49334942412773	-1.600000024,37.821935483870966,-122.49019948811353	-1.600000024,37.821935483870966,-122.48704955209934	-1.600000024,37.821935483870966,-122.48389961608515	-1.393755555,37.821935483870966,-122.48074968007096	-1.070000052,37.821935483870966,-122.47759974405676	-0.400000006,37.821935483870966,-122.47444980804256	-0.397870034,37.821935483870966,-122.47129987202838	-0.380355597,37.821935483870966,-122.46814993601419	-58.546802521,37.821935483870966,-122.46499999999999	-50.669612885,37.821935483870966,-122.4618500639858	-46.414897919,37.821935483870966,-122.45870012797161	-41.910903931,37.821935483870966,-122.45555019195741	-36.84853363,37.821935483870966,-122.45240025594322	-30.619644165,37.821935483870966,-122.44925031992904	-26.381216049,37.821935483870966,-122.44610038391484	-23.085132599,37.821935483870966,-122.44295044790064	-19.185287476,37.821935483870966,-122.43980051188645	-19.25135231,37.821935483870966,-122.43665057587226	-21.302656174,37.821935483870966,-122.43350063985807	-0.300000012,37.821935483870966,-122.43035070384387	-0.300000012,37.821935483870966,-122.42720076782969	-0.300000012,37.821935483870966,-122.42405083181549	-0.300000012,37.821935483870966,-122.4209008958013	-0.300000012,37.821935483870966,-122.4177509597871	-25.138326645,37.821935483870966,-122.41460102377292	-22.995075226,37.821935483870966,-122.41145108775872	-24.076242447,37.821935483870966,-122.40830115174452	-24.153097153,37.821935483870966,-122.40515121573033	-23.866765976,37.821935483870966,-122.40200127971615	-23.867332458,37.821935483870966,-122.39885134370195	-24.728298187,37.821935483870966,-122.39570140768775	-24.58499527,37.821935483870966,-122.39255147167356	-22.63376236,37.821935483870966,-122.38940153565937	-19.052297592,37.821935483870966,-122.38625159964518	0.050000001,37.821935483870966,-122.38310166363098	0.050000001,37.821935483870966,-122.3799517276168
-11.239980698,37.81978494623656,-122.55004579443418	-12.145051003,37.81978494623656,-122.54689595019588	-14.649075508,37.81978494623656,-122.54374610595758	-18.981695175,37.81978494623656,-122.54059626171927	-1.600000024,37.81978494623656,-122.53744641748096	-1.600000024,37.81978494623656,-122.53429657324267	68.904121399,37.81978494623656,-122.53114672900436	-1.600000024,37.81978494623656,-122.52799688476605	-1.600000024,37.81978494623656,-122.52484704052776	-1.600000024,37.81978494623656,-122.52169719628945	-1.600000024,37.81978494623656,-122.51854735205116	-1.600000024,37.81978494623656,-122.51539750781285	-1.600000024,37.81978494623656,-122.51224766357454	-1.600000024,37.81978494623656,-122.50909781933625	-1.600000024,37.81978494623656,-122.50594797509794	-1.600000024,37.81978494623656,-122.50279813085963	-1.600000024,37.81978494623656,-122.49964828662134	-1.600000024,37.81978494623656,-122.49649844238303	-1.600000024,37.81978494623656,-122.49334859814472	-1.600000024,37.81978494623656,-122.49019875390643	-1.600000024,37.81978494623656,-122.48704890966812	-1.600000024,37.81978494623656,-122.48389906542981	-1.579972029,37.81978494623656,-122.48074922119152	-1.070000052,37.81978494623656,-122.47759937695321	-0.400000006,37.81978494623656,-122.47444953271491	-0.399104327,37.81978494623656,-122.4712996884766	-0.38056007,37.81978494623656,-122.4681498442383	-62.332683563,37.81978494623656,-122.465	-55.630218506,37.81978494623656,-122.4618501557617	-42.952857971,37.81978494623656,-122.45870031152339	-36.045906067,37.81978494623656,-122.4555504672851	-30.602813721,37.81978494623656,-122.45240062304678	-26.952161789,37.81978494623656,-122.44925077880848	-25.421533585,37.81978494623656,-122.44610093457018	-19.652845383,37.81978494623656,-122.44295109033187	-16.764015198,37.81978494623656,-122.43980124609357	-21.388328552,37.81978494623656,-122.43665140185527	-23.478275299,37.81978494623656,-122.43350155761696	-0.300000012,37.81978494623656,-122.43035171337867	-0.300000012,37.81978494623656,-122.42720186914036	-12.059522629,37.81978494623656,-122.42405202490205	-23.35842514,37.81978494623656,-122.42090218066376	-23.81861496,37.81978494623656,-122.41775233642545	-23.365869522,37.81978494623656,-122.41460249218714	-24.691591263,37.81978494623656,-122.41145264794885	-27.87991333,37.81978494623656,-122.40830280371054	-28.323160172,37.81978494623656,-122.40515295947223	-27.224542618,37.81978494623656,-122.40200311523394	-24.677675247,37.81978494623656,-122.39885327099563	-24.696298599,37.81978494623656,-122.39570342675732	-26.857286453,37.81978494623656,-122.39255358251903	-26.534370422,37.81978494623656,-122.38940373828072	-23.729810715,37.81978494623656,-122.38625389404241	0.050000001,37.81978494623656,-122.38310404980412	0.050000001,37.81978494623656,-122.37995420556581
-10.092411041,37.81763440860215,-122.55004331674937	-11.077717781,37.81763440860215,-122.54689356427717	-12.219343185,37.81763440860215,-122.54374381180497	-15.224646568,37.81763440860215,-122.54059405933278	-1.600000024,37.81763440860215,-122.53744430686058	-1.600000024,37.81763440860215,-122.53429455438837	-1.600000024,37.81763440860215,-122.53114480191617	-1.600000024,37.81763440860215,-122.52799504944397	-1.600000024,37.81763440860215,-122.52484529697178	-1.600000024,37.81763440860215,-122.52169554449958	-1.600000024,37.81763440860215,-122.51854579202738	-20.962364197,37.81763440860215,-122.51539603955518	-1.600000024,37.81763440860215,-122.51224628708299	-1.600000024,37.81763440860215,-122.50909653461078	-1.600000024,37.81763440860215,-122.50594678213858	-1.600000024,37.81763440860215,-122.50279702966638	-1.600000024,37.81763440860215,-122.49964727719419	-1.600000024,37.81763440860215,-122.49649752472199	-1.600000024,37.81763440860215,-122.49334777224979	-1.600000024,37.81763440860215,-122.4901980197776	-1.600000024,37.81763440860215,-122.4870482673054	-1.600000024,37.81763440860215,-122.4838985148332	-1.600000024,37.81763440860215,-122.48074876236099	-1.070000052,37.81763440860215,-122.47759900988879	-101.058677673,37.81763440860215,-122.4744492574166	-84.838043213,37.81763440860215,-122.4712995049444	-66.623001099,37.81763440860215,-122.4681497524722	-52.031139374,37.81763440860215,-122.465	-42.95936203,37.81763440860215,-122.4618502475278	-32.593425751,37.81763440860215,-122.45870049505561	-28.791059494,37.81763440860215,-122.4555507425834	-25.11441803,37.81763440860215,-122.4524009901112	-23.275434494,37.81763440860215,-122.449251237639	-23.485622406,37.81763440860215,-122.4461014851668	-19.877401352,37.81763440860215,-122.44295173269461	-20.712362289,37.81763440860215,-122.43980198022241	-21.770805359,37.81763440860215,-122.43665222775022	-23.08341217,37.81763440860215,-122.43350247527802	-24.249214172,37.81763440860215,-122.43035272280582	-24.404216766,37.81763440860215,-122.42720297033361	-25.201034546,37.81763440860215,-122.42405321786141	-23.520339966,37.81763440860215,-122.42090346538922	-22.225286484,37.81763440860215,-122.41775371291702	-24.63120842,37.81763440860215,-122.41460396044482	-28.744438171,37.81763440860215,-122.41145420797262	-28.746648788,37.81763440860215,-122.40830445550043	-28.507436752,37.81763440860215,-122.40515470302823	-26.871530533,37.81763440860215,-122.40200495055603	-0.172700584,37.81763440860215,-122.39885519808382	-0.160850793,37.81763440860215,-122.39570544561163	-27.609428406,37.81763440860215,-122.39255569313943	-29.372169495,37.81763440860215,-122.38940594066723	-28.764148712,37.81763440860215,-122.38625618819503	0.050000001,37.81763440860215,-122.38310643572284	0.050000001,37.81763440860215,-122.37995668325064
-10.747096062,37.815483870967746,-122.5500408393287	-10.857608795,37.815483870967746,-122.54689117861282	-11.19744873,37.815483870967746,-122.54374151789695	-12.829044342,37.815483870967746,-122.54059185718107	-1.600000024,37.815483870967746,-122.5374421964652	-1.600000024,37.815483870967746,-122.53429253574932	-1.600000024,37.815483870967746,-122.53114287503344	4.460000038,37.815483870967746,-122.52799321431756	-1.600000024,37.815483870967746,-122.52484355360167	-22.793462753,37.815483870967746,-122.52169389288579	-29.507850647,37.815483870967746,-122.51854423216992	-36.916736603,37.815483870967746,-122.51539457145404	-1.600000024,37.815483870967746,-122.51224491073816	-1.600000024,37.815483870967746,-122.50909525002228	-1.600000024,37.815483870967746,-122.5059455893064	-1.600000024,37.815483870967746,-122.50279592859053	-1.600000024,37.815483870967746,-122.49964626787465	-1.600000024,37.815483870967746,-122.49649660715878	-1.600000024,37.815483870967746,-122.4933469464429	-1.600000024,37.815483870967746,-122.49019728572702	-1.600000024,37.815483870967746,-122.48704762501114	-1.600000024,37.815483870967746,-122.48389796429527	-1.600000024,37.815483870967746,-122.48074830357938	-1.070000052,37.815483870967746,-122.4775986428635	-94.833984375,37.815483870967746,-122.47444898214762	-72.15058136,37.815483870967746,-122.47129932143174	-58.356052399,37.815483870967746,-122.46814966071587	-36.86598587,37.815483870967746,-122.46499999999999	-24.999490738,37.815483870967746,-122.46185033928411	-22.675773621,37.815483870967746,-122.45870067856823	-22.081771851,37.815483870967746,-122.45555101785236	-0.327061594,37.815483870967746,-122.45240135713648	-0.320848644,37.815483870967746,-122.4492516964206	-0.314771324,37.815483870967746,-122.44610203570473	-0.308698893,37.815483870967746,-122.44295237498885	-22.781864166,37.815483870967746,-122.43980271427297	-22.931570053,37.815483870967746,-122.43665305355708	-22.68321228,37.815483870967746,-122.4335033928412	-22.858409882,37.815483870967746,-122.43035373212533	-20.782783508,37.815483870967746,-122.42720407140945	-17.979822159,37.815483870967746,-122.42405441069357	-19.458398819,37.815483870967746,-122.4209047499777	-19.12263298,37.815483870967746,-122.41775508926182	-20.567871094,37.815483870967746,-122.41460542854594	-20.923053741,37.815483870967746,-122.41145576783006	-0.195599958,37.815483870967746,-122.40830610711419	-0.183755383,37.815483870967746,-122.40515644639831	-0.172052354,37.815483870967746,-122.40200678568243	-0.160204113,37.815483870967746,-122.39885712496655	-0.056854695,37.815483870967746,-122.39570746425068	0.025932904,37.815483870967746,-122.3925578035348	-29.608060837,37.815483870967746,-122.38940814281891	-32.408447266,37.815483870967746,-122.38625848210303	-31.559015274,37.815483870967746,-122.38310882138715	0.050000001,37.815483870967746,-122.37995916067128
-12.371659279,37.81333333333333,-122.55003836217219	-12.35809803,37.81333333333333,-122.54688879320285	-11.967808723,37.81333333333333,-122.5437392242335	-12.560809135,37.81333333333333,-122.54058965526417	-14.661067963,37.81333333333333,-122.53744008629482	-1.600000024,37.81333333333333,-122.53429051732549	-1.600000024,37.81333333333333,-122.53114094835614	-1.600000024,37.81333333333333,-122.5279913793868	-1.600000024,37.81333333333333,-122.52484181041747	-32.268730164,37.81333333333333,-122.52169224144812	-37.153972626,37.81333333333333,-122.51854267247879	-38.94405365,37.81333333333333,-122.51539310350944	-1.600000024,37.81333333333333,-122.5122435345401	-1.600000024,37.81333333333333,-122.50909396557076	-1.600000024,37.81333333333333,-122.50594439660142	-1.600000024,37.81333333333333,-122.50279482763209	-1.600000024,37.81333333333333,-122.49964525866274	-1.600000024,37.81333333333333,-122.4964956896934	-98.949684143,37.81333333333333,-122.49334612072406	-105.042785645,37.81333333333333,-122.49019655175472	-1.600000024,37.81333333333333,-122.48704698278539	-1.600000024,37.81333333333333,-122.48389741381604	-1.600000024,37.81333333333333,-122.4807478448467	-1.070000052,37.81333333333333,-122.47759827587736	-60.577056885,37.81333333333333,-122.47444870690802	-51.223293304,37.81333333333333,-122.47129913793867	-27.242305756,37.81333333333333,-122.46814956896934	-19.030244827,37.81333333333333,-122.465	-0.349158227,37.81333333333333,-122.46185043103065	-0.330617607,37.81333333333333,-122.45870086206132	-0.324775189,37.81333333333333,-122.45555129309197	-0.322921604,37.81333333333333,-122.45240172412264	-0.316488028,37.81333333333333,-122.44925215515329	-0.310414374,37.81333333333333,-122.44610258618395	-0.304339439,37.81333333333333,-122.44295301721462	-0.300000012,37.81333333333333,-122.43980344824527	-20.318418503,37.81333333333333,-122.43665387927594	-19.416275024,37.81333333333333,-122.43350431030659	-16.108268738,37.81333333333333,-122.43035474133725	-13.994132042,37.81333333333333,-122.4272051723679	-13.985842705,37.81333333333333,-122.42405560339857	-15.301885605,37.81333333333333,-122.42090603442924	-1.070000052,37.81333333333333,-122.41775646545989	-1.070000052,37.81333333333333,-122.41460689649055	-1.070000052,37.81333333333333,-122.4114573275212	-0.183102608,37.81333333333333,-122.40830775855187	-0.172093213,37.81333333333333,-122.40515818958252	-0.159554943,37.81333333333333,-122.40200862061319	-0.071397267,37.81333333333333,-122.39885905164385	0.006785717,37.81333333333333,-122.3957094826745	0.050000001,37.81333333333333,-122.39255991370517	-28.341094971,37.81333333333333,-122.38941034473582	-32.199783325,37.81333333333333,-122.38626077576649	-35.975120544,37.81333333333333,-122.38311120679714	0.050000001,37.81333333333333,-122.3799616378278
-14.319454193,37.811182795698926,-122.55003588527977	-14.895061493,37.811182795698926,-122.54688640804719	-15.189216614,37.811182795698926,-122.5437369308146	-16.14781189,37.811182795698926,-122.54058745358202	-16.640563965,37.811182795698926,-122.53743797634944	-1.600000024,37.811182795698926,-122.53428849911684	-1.600000024,37.811182795698926,-122.53113902188426	-1.600000024,37.811182795698926,-122.52798954465167	-1.600000024,37.811182795698926,-122.52484006741909	-40.413322449,37.811182795698926,-122.52169059018651	-38.167011261,37.811182795698926,-122.51854111295393	-38.576896667,37.811182795698926,-122.51539163572134	-41.080844879,37.811182795698926,-122.51224215848876	-1.600000024,37.811182795698926,-122.50909268125618	-1.600000024,37.811182795698926,-122.5059432040236	-62.632305145,37.811182795698926,-122.502793726791	-75.792671204,37.811182795698926,-122.49964424955841	-78.850349426,37.811182795698926,-122.49649477232583	-76.140518188,37.811182795698926,-122.49334529509325	-80.615463257,37.811182795698926,-122.49019581786067	-1.600000024,37.811182795698926,-122.48704634062808	-1.600000024,37.811182795698926,-122.4838968633955	-1.600000024,37.811182795698926,-122.48074738616292	-0.050000053,37.811182795698926,-122.47759790893033	-0.400000006,37.811182795698926,-122.47444843169775	-0.400000006,37.811182795698926,-122.47129895446515	-0.385421216,37.811182795698926,-122.46814947723257	-0.367907196,37.811182795698926,-122.46499999999999	-0.349361837,37.811182795698926,-122.4618505227674	-0.331850678,37.811182795698926,-122.45870104553482	-0.316726357,37.811182795698926,-122.45555156830224	-0.315560848,37.811182795698926,-122.45240209106966	-0.312130302,37.811182795698926,-122.44925261383707	-0.306056559,37.811182795698926,-122.44610313660449	-0.300000012,37.811182795698926,-122.4429536593719	-0.300000012,37.811182795698926,-122.43980418213931	-12.836165428,37.811182795698926,-122.43665470490673	-1.070000052,37.811182795698926,-122.43350522767415	-1.070000052,37.811182795698926,-122.43035575044156	-1.070000052,37.811182795698926,-122.42720627320898	-1.070000052,37.811182795698926,-122.4240567959764	-1.070000052,37.811182795698926,-122.42090731874382	-1.070000052,37.811182795698926,-122.41775784151123	-1.070000052,37.811182795698926,-122.41460836427865	-1.070000052,37.811182795698926,-122.41145888704605	-1.070000052,37.811182795698926,-122.40830940981347	-1.070000052,37.811182795698926,-122.40515993258089	-0.085892066,37.811182795698926,-122.4020104553483	-0.007773223,37.811182795698926,-122.39886097811572	0.050000001,37.811182795698926,-122.39571150088314	0.050000001,37.811182795698926,-122.39256202365056	-26.728530884,37.811182795698926,-122.38941254641797	-29.138652802,37.811182795698926,-122.38626306918539	-33.933746338,37.811182795698926,-122.3831135919528	0.050000001,37.811182795698926,-122.37996411472021
-16.557319641,37.80903225806452,-122.55003340865143	-18.056196213,37.80903225806452,-122.54688402314582	-19.922563553,37.80903225806452,-122.54373463764021	-23.001344681,37.80903225806452,-122.5405852521346	-27.265069962,37.80903225806452,-122.537435866629	-1.600000024,37.80903225806452,-122.53428648112339	-1.600000024,37.80903225806452,-122.53113709561778	-1.600000024,37.80903225806452,-122.52798771011217	-1.600000024,37.80903225806452,-122.52483832460656	-1.600000024,37.80903225806452,-122.52168893910095	-45.62959671,37.80903225806452,-122.51853955359535	-36.866573334,37.80903225806452,-122.51539016808974	-41.416492462,37.80903225806452,-122.51224078258413	-48.253810883,37.80903225806452,-122.50909139707852	-53.381378174,37.80903225806452,-122.50594201157291	-60.627376556,37.80903225806452,-122.5027926260673	-64.861724854,37.80903225806452,-122.4996432405617	-60.212535858,37.80903225806452,-122.49649385505609	-62.622219086,37.80903225806452,-122.49334446955048	-67.57144928,37.80903225806452,-122.49019508404486	-1.600000024,37.80903225806452,-122.48704569853925	-1.600000024,37.80903225806452,-122.48389631303364	-1.600000024,37.80903225806452,-122.48074692752803	5.585385799,37.80903225806452,-122.47759754202242	5.663779736,37.80903225806452,-122.47444815651681	-1.070000052,37.80903225806452,-122.4712987710112	-0.386656046,37.80903225806452,-122.4681493855056	-0.369142354,37.80903225806452,-122.46499999999999	-0.35059762,37.80903225806452,-122.46185061449438	-0.333084911,37.80903225806452,-122.45870122898877	-0.315578312,37.80903225806452,-122.45555184348316	-0.307444274,37.80903225806452,-122.45240245797756	-0.306283027,37.80903225806452,-122.44925307247195	-0.30151996,37.80903225806452,-122.44610368696634	-0.300000012,37.80903225806452,-122.44295430146073	-1.070000052,37.80903225806452,-122.43980491595512	-0.300000012,37.80903225806452,-122.43665553044951	-1.070000052,37.80903225806452,-122.4335061449439	5.097522736,37.80903225806452,-122.4303567594383	-1.070000052,37.80903225806452,-122.42720737393269	-1.070000052,37.80903225806452,-122.42405798842708	-1.070000052,37.80903225806452,-122.42090860292147	-1.070000052,37.80903225806452,-122.41775921741586	3.332098246,37.80903225806452,-122.41460983191025	-1.070000052,37.80903225806452,-122.41146044640465	-1.070000052,37.80903225806452,-122.40831106089904	-1.070000052,37.80903225806452,-122.40516167539343	-1.070000052,37.80903225806452,-122.40201228988782	0.050000001,37.80903225806452,-122.39886290438221	0.050000001,37.80903225806452,-122.3957135188766	0.050000001,37.80903225806452,-122.392564133371	-24.871629715,37.80903225806452,-122.38941474786539	-27.035909653,37.80903225806452,-122.38626536235978	-29.78506279,37.80903225806452,-122.38311597685417	0.050000001,37.80903225806452,-122.37996659134856
-19.266290665,37.806881720430106,-122.55003093228714	-21.154676437,37.806881720430106,-122.54688163849873	-24.413234711,37.806881720430106,-122.54373234471032	-26.745119095,37.806881720430106,-122.54058305092191	-30.883224487,37.806881720430106,-122.5374337571335	-1.600000024,37.806881720430106,-122.53428446334507	-1.600000024,37.806881720430106,-122.53113516955666	-1.600000024,37.806881720430106,-122.52798587576825	-1.600000024,37.806881720430106,-122.52483658197984	-49.90259552,37.806881720430106,-122.52168728819143	-44.223953247,37.806881720430106,-122.51853799440302	-37.290992737,37.806881720430106,-122.51538870061461	-41.739738464,37.806881720430106,-122.5122394068262	-48.389511108,37.806881720430106,-122.50909011303777	-52.117988586,37.806881720430106,-122.50594081924936	-53.747436523,37.806881720430106,-122.50279152546095	-53.78086853,37.806881720430106,-122.49964223167254	-49.166931152,37.806881720430106,-122.49649293788413	-54.735164642,37.806881720430106,-122.49334364409572	-60.506855011,37.806881720430106,-122.4901943503073	-45.89043808,37.806881720430106,-122.4870450565189	-1.600000024,37.806881720430106,-122.48389576273048	-1.600000024,37.806881720430106,-122.48074646894206	41.041843414,37.806881720430106,-122.47759717515365	52.434619904,37.806881720430106,-122.47444788136524	34.26820755,37.806881720430106,-122.47129858757683	2.892704725,37.806881720430106,-122.46814929378841	-0.400000006,37.806881720430106,-122.465	-0.39769417,37.806881720430106,-122.46185070621159	-0.342380822,37.806881720430106,-122.45870141242318	-1.070000052,37.806881720430106,-122.45555211863476	0.109999947,37.806881720430106,-122.45240282484635	0.286442727,37.806881720430106,-122.44925353105793	3.227843285,37.806881720430106,-122.44610423726952	-1.070000052,37.806881720430106,-122.44295494348111	3.280956507,37.806881720430106,-122.4398056496927	3.571568012,37.806881720430106,-122.43665635590429	-1.070000052,37.806881720430106,-122.43350706211588	5.726301193,37.806881720430106,-122.43035776832747	30.53001976,37.806881720430106,-122.42720847453904	-1.050000072,37.806881720430106,-122.42405918075063	9.626094818,37.806881720430106,-122.42090988696222	4.264339447,37.806881720430106,-122.41776059317381	4.062332153,37.806881720430106,-122.4146112993854	3.991020441,37.806881720430106,-122.41146200559699	5.235909939,37.806881720430106,-122.40831271180858	4.015685081,37.806881720430106,-122.40516341802017	-1.070000052,37.806881720430106,-122.40201412423174	-1.070000052,37.806881720430106,-122.39886483044333	0.050000001,37.806881720430106,-122.39571553665492	0.050000001,37.806881720430106,-122.39256624286651	0.050000001,37.806881720430106,-122.3894169490781	-25.13243103,37.806881720430106,-122.38626765528969	-27.807905197,37.806881720430106,-122.38311836150127	-30.569395065,37.806881720430106,-122.37996906771286
-21.959003448,37.8047311827957,-122.55002845618687	-25.196121216,37.8047311827957,-122.54687925410587	-28.128822327,37.8047311827957,-122.54373005202487	-30.613803864,37.8047311827957,-122.54058084994388	-34.068592072,37.8047311827957,-122.53743164786289	-34.168506622,37.8047311827957,-122.5342824457819	-39.523448944,37.8047311827957,-122.53113324370089	-42.464344025,37.8047311827957,-122.5279840416199	-43.995105743,37.8047311827957,-122.52483483953891	-45.640445709,37.8047311827957,-122.5216856374579	-40.179065704,37.8047311827957,-122.51853643537692	-37.973491669,37.8047311827957,-122.51538723329593	-43.765823364,37.8047311827957,-122.51223803121492	-48.353050232,37.8047311827957,-122.50908882913393	-50.133785248,37.8047311827957,-122.50593962705294	-49.26996994,37.8047311827957,-122.50279042497195	-46.242782593,37.8047311827957,-122.49964122289094	-47.1537323,37.8047311827957,-122.49649202080995	-48.92697525,37.8047311827957,-122.49334281872896	-41.547286987,37.8047311827957,-122.49019361664796	-34.809627533,37.8047311827957,-122.48704441456697	-1.600000024,37.8047311827957,-122.48389521248598	-1.600000024,37.8047311827957,-122.48074601040497	50.258056641,37.8047311827957,-122.47759680832398	65.246238708,37.8047311827957,-122.47444760624299	51.387226105,37.8047311827957,-122.471298404162	3.305244923,37.8047311827957,-122.468149202081	3.544017076,37.8047311827957,-122.465	3.705626726,37.8047311827957,-122.46185079791901	1.230000019,37.8047311827957,-122.45870159583801	1.230000019,37.8047311827957,-122.45555239375702	2.34548521,37.8047311827957,-122.45240319167603	3.087372303,37.8047311827957,-122.44925398959502	4.376346588,37.8047311827957,-122.44610478751403	3.725573063,37.8047311827957,-122.44295558543304	4.259892941,37.8047311827957,-122.43980638335205	4.010822296,37.8047311827957,-122.43665718127104	6.100786209,37.8047311827957,-122.43350797919005	17.652204514,37.8047311827957,-122.43035877710906	24.864097595,37.8047311827957,-122.42720957502806	22.370925903,37.8047311827957,-122.42406037294707	31.044713974,37.8047311827957,-122.42091117086608	22.466321945,37.8047311827957,-122.41776196878507	5.110836029,37.8047311827957,-122.41461276670408	6.296744823,37.8047311827957,-122.41146356462309	35.672100067,37.8047311827957,-122.4083143625421	3.445414782,37.8047311827957,-122.4051651604611	4.126244068,37.8047311827957,-122.4020159583801	-1.070000052,37.8047311827957,-122.39886675629911	-1.070000052,37.8047311827957,-122.39571755421811	0.050000001,37.8047311827957,-122.39256835213712	0.050000001,37.8047311827957,-122.38941915005613	-23.965667725,37.8047311827957,-122.38626994797514	-24.821153641,37.8047311827957,-122.38312074589413	-28.255792618,37.8047311827957,-122.37997154381314
-24.809803009,37.80258064516129,-122.55002598035057	-25.981283188,37.80258064516129,-122.54687686996722	-29.133777618,37.80258064516129,-122.54372775958386	-29.922119141,37.80258064516129,-122.54057864920051	-30.492126465,37.80258064516129,-122.53742953881715	-36.061286926,37.80258064516129,-122.5342804284338	-37.105579376,37.80258064516129,-122.53113131805044	-38.730899811,37.80258064516129,-122.5279822076671	-40.971084595,37.80258064516129,-122.52483309728373	-40.578388214,37.80258064516129,-122.52168398690038	-38.846996307,37.80258064516129,-122.51853487651702	-37.592597961,37.80258064516129,-122.51538576613368	-38.893093109,37.80258064516129,-122.51223665575031	-44.723968506,37.80258064516129,-122.50908754536697	-44.942066193,37.80258064516129,-122.5059384349836	-43.605541229,37.80258064516129,-122.50278932460026	-44.016487122,37.80258064516129,-122.4996402142169	-41.478874207,37.80258064516129,-122.49649110383355	-41.080646515,37.80258064516129,-122.49334199345019	-32.3748703,37.80258064516129,-122.49019288306684	-18.343196869,37.80258064516129,-122.48704377268348	-1.600000024,37.80258064516129,-122.48389466230013	-1.070000052,37.80258064516129,-122.48074555191677	80.129226685,37.80258064516129,-122.47759644153342	71.940841675,37.80258064516129,-122.47444733115006	54.35679245,37.80258064516129,-122.47129822076671	17.711797714,37.80258064516129,-122.46814911038335	18.157142639,37.80258064516129,-122.465	3.997753859,37.80258064516129,-122.46185088961664	3.737936974,37.80258064516129,-122.4587017792333	12.264437675,37.80258064516129,-122.45555266884993	5.088596821,37.80258064516129,-122.45240355846659	3.258779764,37.80258064516129,-122.44925444808322	4.677055836,37.80258064516129,-122.44610533769988	4.419215202,37.80258064516129,-122.44295622731651	4.684536457,37.80258064516129,-122.43980711693317	7.42364645,37.80258064516129,-122.4366580065498	10.358829498,37.80258064516129,-122.43350889616646	16.094369888,37.80258064516129,-122.4303597857831	21.623165131,37.80258064516129,-122.42721067539975	32.518047333,37.80258064516129,-122.42406156501639	76.192695618,37.80258064516129,-122.42091245463304	57.942718506,37.80258064516129,-122.41776334424969	10.06655407,37.80258064516129,-122.41461423386633	11.971158981,37.80258064516129,-122.41146512348298	47.781913757,37.80258064516129,-122.40831601309962	63.889911652,37.80258064516129,-122.40516690271627	4.061800003,37.80258064516129,-122.40201779233291	-1.070000052,37.80258064516129,-122.39886868194957	-1.070000052,37.80258064516129,-122.3957195715662	0.050000001,37.80258064516129,-122.39257046118286	0.050000001,37.80258064516129,-122.3894213507995	-22.715173721,37.80258064516129,-122.38627224041615	-24.986780167,37.80258064516129,-122.38312313003279	-25.383504868,37.80258064516129,-122.37997401964944
-25.837863922,37.800430107526886,-122.55002350477822	-27.337680817,37.800430107526886,-122.54687448608273	-26.976005554,37.800430107526886,-122.54372546738725	-27.417104721,37.800430107526886,-122.54057644869175	-30.032222748,37.800430107526886,-122.53742742999627	-32.473789215,37.800430107526886,-122.53427841130078	-34.363445282,37.800430107526886,-122.53112939260528	-40.097427368,37.800430107526886,-122.5279803739098	-34.634906769,37.800430107526886,-122.5248313552143	-37.52331543,37.800430107526886,-122.52168233651882	-39.898586273,37.800430107526886,-122.51853331782333	-41.658054352,37.800430107526886,-122.51538429912783	-43.839138031,37.800430107526886,-122.51223528043235	-44.714244843,37.800430107526886,-122.50908626173685	-44.535388947,37.800430107526886,-122.50593724304136	-44.036472321,37.800430107526886,-122.50278822434588	-41.60855484,37.800430107526886,-122.49963920565038	-38.683662415,37.800430107526886,-122.4964901869549	-28.57522583,37.800430107526886,-122.4933411682594	-15.031835556,37.800430107526886,-122.49019214956391	-20.01638031,37.800430107526886,-122.48704313086843	-1.600000024,37.800430107526886,-122.48389411217293	0.474182576,37.800430107526886,-122.48074509347745	89.705184937,37.800430107526886,-122.47759607478196	76.670623779,37.800430107526886,-122.47444705608646	53.146850586,37.800430107526886,-122.47129803739098	35.561225891,37.800430107526886,-122.46814901869548	43.937244415,37.800430107526886,-122.465	32.41475296,37.800430107526886,-122.46185098130451	20.021448135,37.800430107526886,-122.45870196260901	17.288022995,37.800430107526886,-122.45555294391353	13.866455078,37.800430107526886,-122.45240392521804	9.244129181,37.800430107526886,-122.44925490652254	5.594218731,37.800430107526886,-122.44610588782706	5.831391335,37.800430107526886,-122.44295686913156	6.110619545,37.800430107526886,-122.43980785043608	10.543073654,37.800430107526886,-122.43665883174059	13.255457878,37.800430107526886,-122.43350981304509	14.083057404,37.800430107526886,-122.43036079434961	18.537471771,37.800430107526886,-122.42721177565411	35.006404877,37.800430107526886,-122.42406275695863	74.512535095,37.800430107526886,-122.42091373826314	66.52117157,37.800430107526886,-122.41776471956764	39.205978394,37.800430107526886,-122.41461570087216	25.897785187,37.800430107526886,-122.41146668217667	29.952346802,37.800430107526886,-122.40831766348118	61.574440002,37.800430107526886,-122.40516864478569	7.776061535,37.800430107526886,-122.4020196260902	3.372737408,37.800430107526886,-122.39887060739471	-1.070000052,37.800430107526886,-122.39572158869922	-1.070000052,37.800430107526886,-122.39257257000374	0.050000001,37.800430107526886,-122.38942355130824	-22.069284439,37.800430107526886,-122.38627453261275	-24.938604355,37.800430107526886,-122.38312551391726	-28.341136932,37.800430107526886,-122.37997649522177
-24.164588928,37.79827956989247,-122.5500210294698	-25.675291061,37.79827956989247,-122.5468721024524	-25.473073959,37.79827956989247,-122.543723175435	-29.620473862,37.79827956989247,-122.5405742484176	-31.857730865,37.79827956989247,-122.5374253214002	-29.710237503,37.79827956989247,-122.5342763943828	-35.407035828,37.79827956989247,-122.5311274673654	-39.164478302,37.79827956989247,-122.527978540348	-33.409461975,37.79827956989247,-122.5248296133306	-37.669727325,37.79827956989247,-122.5216806863132	-41.506206512,37.79827956989247,-122.5185317592958	-42.609695435,37.79827956989247,-122.5153828322784	-47.199962616,37.79827956989247,-122.512233905261	-49.825569153,37.79827956989247,-122.50908497824359	-52.652481079,37.79827956989247,-122.5059360512262	-42.812725067,37.79827956989247,-122.5027871242088	-34.354175568,37.79827956989247,-122.4996381971914	-21.491744995,37.79827956989247,-122.496489270174	-14.298547745,37.79827956989247,-122.49334034315659	-13.371626854,37.79827956989247,-122.4901914161392	-1.600000024,37.79827956989247,-122.48704248912179	-1.600000024,37.79827956989247,-122.4838935621044	51.589225769,37.79827956989247,-122.48074463508699	92.809776306,37.79827956989247,-122.4775957080696	85.602226257,37.79827956989247,-122.4744467810522	69.981575012,37.79827956989247,-122.47129785403479	49.566764832,37.79827956989247,-122.4681489270174	76.098190308,37.79827956989247,-122.46499999999999	47.716636658,37.79827956989247,-122.4618510729826	29.78396225,37.79827956989247,-122.45870214596519	22.964096069,37.79827956989247,-122.45555321894778	26.559076309,37.79827956989247,-122.45240429193039	18.851722717,37.79827956989247,-122.44925536491299	12.250034332,37.79827956989247,-122.4461064378956	16.789085388,37.79827956989247,-122.44295751087819	16.468822479,37.79827956989247,-122.4398085838608	13.871046066,37.79827956989247,-122.43665965684339	17.03556633,37.79827956989247,-122.43351072982598	20.226047516,37.79827956989247,-122.43036180280859	27.490261078,37.79827956989247,-122.42721287579118	32.011726379,37.79827956989247,-122.42406394877379	65.660705566,37.79827956989247,-122.42091502175639	91.723625183,37.79827956989247,-122.41776609473898	105.848136902,37.79827956989247,-122.41461716772159	44.332229614,37.79827956989247,-122.41146824070418	28.864221573,37.79827956989247,-122.40831931368679	22.683444977,37.79827956989247,-122.40517038666938	13.294455528,37.79827956989247,-122.40202145965198	3.42419529,37.79827956989247,-122.39887253263458	-1.070000052,37.79827956989247,-122.39572360561718	-1.070000052,37.79827956989247,-122.39257467859979	-1.070000052,37.79827956989247,-122.38942575158238	0.050000001,37.79827956989247,-122.38627682456499	-23.140138626,37.79827956989247,-122.38312789754758	-28.354881287,37.79827956989247,-122.37997897053017
-22.858802795,37.796129032258065,-122.5500185544253	-25.143983841,37.796129032258065,-122.54686971907621	-26.426036835,37.796129032258065,-122.54372088372712	-26.682037354,37.796129032258065,-122.54057204837804	-27.417636871,37.796129032258065,-122.53742321302896	-31.785711288,37.796129032258065,-122.53427437767986	-34.610351562,37.796129032258065,-122.53112554233078	-36.58234787,37.796129032258065,-122.5279767069817	-36.292308807,37.796129032258065,-122.52482787163261	-38.990455627,37.796129032258065,-122.52167903628353	-41.747104645,37.796129032258065,-122.51853020093445	-42.972248077,37.796129032258065,-122.51538136558536	-50.637500763,37.796129032258065,-122.51223253023628	-52.175880432,37.796129032258065,-122.5090836948872	-43.343585968,37.796129032258065,-122.5059348595381	-22.486888885,37.796129032258065,-122.50278602418902	-17.379421234,37.796129032258065,-122.49963718883994	-1.600000024,37.796129032258065,-122.49648835349085	-1.600000024,37.796129032258065,-122.49333951814177	-1.600000024,37.796129032258065,-122.49019068279269	-1.600000024,37.796129032258065,-122.48704184744359	-1.600000024,37.796129032258065,-122.48389301209451	36.097724915,37.796129032258065,-122.48074417674543	99.708145142,37.796129032258065,-122.47759534139634	102.747886658,37.796129032258065,-122.47444650604726	91.954627991,37.796129032258065,-122.47129767069818	85.315055847,37.796129032258065,-122.46814883534908	96.898338318,37.796129032258065,-122.465	57.91607666,37.796129032258065,-122.46185116465092	37.939289093,37.796129032258065,-122.45870232930183	17.03783226,37.796129032258065,-122.45555349395275	32.593467712,37.796129032258065,-122.45240465860367	47.883666992,37.796129032258065,-122.44925582325457	29.8033638,37.796129032258065,-122.4461069879055	47.531959534,37.796129032258065,-122.44295815255641	46.319332123,37.796129032258065,-122.43980931720732	27.150232315,37.796129032258065,-122.43666048185824	42.435836792,37.796129032258065,-122.43351164650916	40.619346619,37.796129032258065,-122.43036281116007	43.437152863,37.796129032258065,-122.42721397581099	46.441253662,37.796129032258065,-122.4240651404619	48.601516724,37.796129032258065,-122.42091630511281	68.095176697,37.796129032258065,-122.41776746976373	79.314125061,37.796129032258065,-122.41461863441464	53.52570343,37.796129032258065,-122.41146979906556	30.851638794,37.796129032258065,-122.40832096371648	10.039465904,37.796129032258065,-122.40517212836738	4.898239613,37.796129032258065,-122.4020232930183	3.394591331,37.796129032258065,-122.39887445766922	2.986330271,37.796129032258065,-122.39572562232013	-1.070000052,37.796129032258065,-122.39257678697105	-1.070000052,37.796129032258065,-122.38942795162197	0.050000001,37.796129032258065,-122.38627911627287	-22.78751564,37.796129032258065,-122.3831302809238	-1.070000052,37.796129032258065,-122.37998144557471
-23.765766144,37.79397849462366,-122.55001607964464	-24.782421112,37.79397849462366,-122.54686733595409	-25.069526672,37.79397849462366,-122.54371859226355	-26.342802048,37.79397849462366,-122.54056984857301	-26.988653183,37.79397849462366,-122.53742110488247	-27.732851028,37.79397849462366,-122.53427236119192	-30.834783554,37.79397849462366,-122.53112361750138	-31.189435959,37.79397849462366,-122.52797487381083	-32.601005554,37.79397849462366,-122.5248261301203	-35.636867523,37.79397849462366,-122.52167738642976	-37.321990967,37.79397849462366,-122.51852864273921	-42.155563354,37.79397849462366,-122.51537989904867	-27.605234146,37.79397849462366,-122.51223115535814	-28.701194763,37.79397849462366,-122.50908241166759	-1.600000024,37.79397849462366,-122.50593366797705	-1.600000024,37.79397849462366,-122.5027849242865	-1.600000024,37.79397849462366,-122.49963618059596	-1.600000024,37.79397849462366,-122.49648743690543	-1.600000024,37.79397849462366,-122.49333869321488	-1.600000024,37.79397849462366,-122.49018994952434	-1.600000024,37.79397849462366,-122.48704120583379	-0.150000051,37.79397849462366,-122.48389246214325	34.742950439,37.79397849462366,-122.48074371845271	75.608161926,37.79397849462366,-122.47759497476217	103.354751587,37.79397849462366,-122.47444623107162	87.467124939,37.79397849462366,-122.47129748738108	89.721420288,37.79397849462366,-122.46814874369055	115.535621643,37.79397849462366,-122.465	83.864517212,37.79397849462366,-122.46185125630946	43.41841507,37.79397849462366,-122.45870251261891	22.614082336,37.79397849462366,-122.45555376892837	38.029224396,37.79397849462366,-122.45240502523784	65.125236511,37.79397849462366,-122.44925628154729	73.188789368,37.79397849462366,-122.44610753785675	75.160896301,37.79397849462366,-122.4429587941662	74.325813293,37.79397849462366,-122.43981005047566	56.641326904,37.79397849462366,-122.43666130678513	81.447692871,37.79397849462366,-122.43351256309458	77.628601074,37.79397849462366,-122.43036381940404	71.264816284,37.79397849462366,-122.42721507571349	64.925582886,37.79397849462366,-122.42406633202296	59.072444916,37.79397849462366,-122.42091758833241	79.668640137,37.79397849462366,-122.41776884464187	104.992134094,37.79397849462366,-122.41462010095132	66.184967041,37.79397849462366,-122.41147135726078	43.233524323,37.79397849462366,-122.40832261357025	15.792239189,37.79397849462366,-122.4051738698797	5.1324687,37.79397849462366,-122.40202512618916	3.49552393,37.79397849462366,-122.39887638249861	3.463205338,37.79397849462366,-122.39572763880807	2.880501032,37.79397849462366,-122.39257889511754	-1.070000052,37.79397849462366,-122.38943015142699	-1.070000052,37.79397849462366,-122.38628140773645	-1.070000052,37.79397849462366,-122.3831326640459	-24.463890076,37.79397849462366,-122.37998392035537
-23.186187744,37.79182795698925,-122.55001360512782	-24.529867172,37.79182795698925,-122.54686495308604	-25.669313431,37.79182795698925,-122.54371630104427	-26.60177803,37.79182795698925,-122.5405676490025	-26.974853516,37.79182795698925,-122.53741899696074	-28.563714981,37.79182795698925,-122.53427034491897	-30.451797485,37.79182795698925,-122.53112169287719	-31.979663849,37.79182795698925,-122.52797304083542	-33.642341614,37.79182795698925,-122.52482438879365	-35.580219269,37.79182795698925,-122.52167573675187	-35.814983368,37.79182795698925,-122.5185270847101	-1.600000024,37.79182795698925,-122.51537843266834	-1.600000024,37.79182795698925,-122.51222978062657	-1.600000024,37.79182795698925,-122.5090811285848	-1.600000024,37.79182795698925,-122.50593247654302	-1.600000024,37.79182795698925,-122.50278382450125	-1.600000024,37.79182795698925,-122.49963517245948	-1.600000024,37.79182795698925,-122.4964865204177	-1.600000024,37.79182795698925,-122.49333786837595	-1.600000024,37.79182795698925,-122.49018921633417	-1.600000024,37.79182795698925,-122.4870405642924	11.624019623,37.79182795698925,-122.48389191225063	37.144260406,37.79182795698925,-122.48074326020885	70.333564758,37.79182795698925,-122.47759460816708	86.731163025,37.79182795698925,-122.47444595612531	68.906333923,37.79182795698925,-122.47129730408355	66.899848938,37.79182795698925,-122.46814865204178	95.952018738,37.79182795698925,-122.465	101.462417603,37.79182795698925,-122.46185134795823	86.899978638,37.79182795698925,-122.45870269591646	45.461978912,37.79182795698925,-122.45555404387468	52.738395691,37.79182795698925,-122.45240539183293	71.214385986,37.79182795698925,-122.44925673979115	115.974227905,37.79182795698925,-122.44610808774938	94.231895447,37.79182795698925,-122.4429594357076	91.268974304,37.79182795698925,-122.43981078366583	82.5207901,37.79182795698925,-122.43666213162406	73.22454834,37.79182795698925,-122.43351347958229	93.433074951,37.79182795698925,-122.43036482754053	114.226593018,37.79182795698925,-122.42721617549876	71.215255737,37.79182795698925,-122.42406752345698	55.904361725,37.79182795698925,-122.42091887141521	75.907752991,37.79182795698925,-122.41777021937344	99.848571777,37.79182795698925,-122.41462156733166	87.675270081,37.79182795698925,-122.41147291528989	68.161972046,37.79182795698925,-122.40832426324813	30.42748642,37.79182795698925,-122.40517561120636	6.8917799,37.79182795698925,-122.40202695916459	4.202001095,37.79182795698925,-122.39887830712281	3.625874758,37.79182795698925,-122.39572965508104	4.046568871,37.79182795698925,-122.39258100303927	-1.070000052,37.79182795698925,-122.3894323509975	-1.070000052,37.79182795698925,-122.38628369895574	-1.070000052,37.79182795698925,-122.38313504691396	-23.58433342,37.79182795698925,-122.37998639487219
-23.40735817,37.78967741935484,-122.5500111308748	-24.286188126,37.78967741935484,-122.54686257047203	-25.348434448,37.78967741935484,-122.54371401006925	-26.736471176,37.78967741935484,-122.54056544966649	-27.510730743,37.78967741935484,-122.53741688926371	-28.669303894,37.78967741935484,-122.53426832886095	-29.443759918,37.78967741935484,-122.53111976845817	-32.860675812,37.78967741935484,-122.5279712080554	-31.949625015,37.78967741935484,-122.52482264765263	-32.98764801,37.78967741935484,-122.52167408724986	-32.998588562,37.78967741935484,-122.51852552684709	-1.600000024,37.78967741935484,-122.51537696644432	-1.600000024,37.78967741935484,-122.51222840604154	-1.600000024,37.78967741935484,-122.50907984563878	-1.600000024,37.78967741935484,-122.50593128523602	-1.600000024,37.78967741935484,-122.50278272483324	-1.600000024,37.78967741935484,-122.49963416443047	-1.600000024,37.78967741935484,-122.4964856040277	-1.600000024,37.78967741935484,-122.49333704362493	-1.070000052,37.78967741935484,-122.49018848322216	2.70206666,37.78967741935484,-122.48703992281939	16.615600586,37.78967741935484,-122.48389136241661	36.486984253,37.78967741935484,-122.48074280201385	59.684249878,37.78967741935484,-122.47759424161107	71.841880798,37.78967741935484,-122.47444568120831	49.293521881,37.78967741935484,-122.47129712080553	54.202560425,37.78967741935484,-122.46814856040277	64.116493225,37.78967741935484,-122.46499999999999	87.81539917,37.78967741935484,-122.46185143959723	89.882133484,37.78967741935484,-122.45870287919446	77.819259644,37.78967741935484,-122.45555431879168	75.362617493,37.78967741935484,-122.45240575838892	89.236785889,37.78967741935484,-122.44925719798614	91.183982849,37.78967741935484,-122.44610863758338	70.608604431,37.78967741935484,-122.4429600771806	67.794471741,37.78967741935484,-122.43981151677784	59.692295074,37.78967741935484,-122.43666295637506	62.342536926,37.78967741935484,-122.4335143959723	84.445098877,37.78967741935484,-122.43036583556952	88.887237549,37.78967741935484,-122.42721727516675	70.894393921,37.78967741935484,-122.42406871476398	51.722682953,37.78967741935484,-122.42092015436121	61.02040863,37.78967741935484,-122.41777159395845	63.725528717,37.78967741935484,-122.41462303355567	53.19411087,37.78967741935484,-122.41147447315291	36.435108185,37.78967741935484,-122.40832591275013	18.568349838,37.78967741935484,-122.40517735234737	10.864212036,37.78967741935484,-122.40202879194459	5.528714657,37.78967741935484,-122.39888023154182	4.630789757,37.78967741935484,-122.39573167113905	4.660345078,37.78967741935484,-122.39258311073628	4.801997662,37.78967741935484,-122.3894345503335	-1.070000052,37.78967741935484,-122.38628598993074	0.050000001,37.78967741935484,-122.38313742952796	-23.069723129,37.78967741935484,-122.3799888691252
-22.902734756,37.78752688172043,-122.55000865688555	-23.780593872,37.78752688172043,-122.546860188112	-25.066194534,37.78752688172043,-122.54371171933848	-26.362743378,37.78752688172043,-122.54056325056493	-27.09577179,37.78752688172043,-122.5374147817914	-27.419654846,37.78752688172043,-122.53426631301785	-29.947359085,37.78752688172043,-122.53111784424432	-30.175916672,37.78752688172043,-122.52796937547078	-30.671033859,37.78752688172043,-122.52482090669724	-28.766672134,37.78752688172043,-122.5216724379237	-30.219142914,37.78752688172043,-122.51852396915017	-1.600000024,37.78752688172043,-122.51537550037662	-1.600000024,37.78752688172043,-122.51222703160309	-1.600000024,37.78752688172043,-122.50907856282954	15.074112892,37.78752688172043,-122.50593009405601	62.649845123,37.78752688172043,-122.50278162528247	68.480064392,37.78752688172043,-122.49963315650892	-1.070000052,37.78752688172043,-122.49648468773539	6.75647068,37.78752688172043,-122.49333621896184	28.992269516,37.78752688172043,-122.49018775018831	36.126911163,37.78752688172043,-122.48703928141477	20.128814697,37.78752688172043,-122.48389081264123	22.925428391,37.78752688172043,-122.48074234386769	26.133996964,37.78752688172043,-122.47759387509416	50.829925537,37.78752688172043,-122.47444540632061	41.369998932,37.78752688172043,-122.47129693754708	51.219524384,37.78752688172043,-122.46814846877353	60.123413086,37.78752688172043,-122.465	66.663192749,37.78752688172043,-122.46185153122646	72.89176178,37.78752688172043,-122.45870306245291	85.241783142,37.78752688172043,-122.45555459367938	84.765090942,37.78752688172043,-122.45240612490583	85.277030945,37.78752688172043,-122.4492576561323	73.923614502,37.78752688172043,-122.44610918735876	57.707019806,37.78752688172043,-122.44296071858523	50.178157806,37.78752688172043,-122.43981224981168	44.718147278,37.78752688172043,-122.43666378103815	50.552371979,37.78752688172043,-122.4335153122646	56.439926147,37.78752688172043,-122.43036684349107	72.020866394,37.78752688172043,-122.42721837471753	64.207145691,37.78752688172043,-122.424069905944	48.701637268,37.78752688172043,-122.42092143717045	40.158187866,37.78752688172043,-122.41777296839692	47.961345673,37.78752688172043,-122.41462449962337	32.377494812,37.78752688172043,-122.41147603084983	21.577959061,37.78752688172043,-122.4083275620763	15.691130638,37.78752688172043,-122.40517909330275	6.278999329,37.78752688172043,-122.40203062452922	7.299623013,37.78752688172043,-122.39888215575567	9.701197624,37.78752688172043,-122.39573368698214	15.833434105,37.78752688172043,-122.3925852182086	5.467831612,37.78752688172043,-122.38943674943506	-1.070000052,37.78752688172043,-122.38628828066152	-1.070000052,37.78752688172043,-122.38313981188799	-19.700756073,37.78752688172043,-122.37999134311444
-22.229558945,37.785376344086025,-122.55000618316005	-23.611219406,37.785376344086025,-122.54685780600597	-24.512590408,37.785376344086025,-122.5437094288519	-25.330839157,37.785376344086025,-122.54056105169782	-26.539916992,37.785376344086025,-122.53741267454375	-27.421449661,37.785376344086025,-122.53426429738967	-29.021112442,37.785376344086025,-122.53111592023559	-29.278551102,37.785376344086025,-122.52796754308152	-28.617206573,37.785376344086025,-122.52481916592744	-23.726491928,37.785376344086025,-122.52167078877336	0.0,37.785376344086025,-122.51852241161929	0.0,37.785376344086025,-122.51537403446521	-1.600000024,37.785376344086025,-122.51222565731113	2.80673337,37.785376344086025,-122.50907728015706	45.995582581,37.785376344086025,-122.50592890300298	84.274780273,37.785376344086025,-122.5027805258489	112.861656189,37.785376344086025,-122.49963214869483	85.444145203,37.785376344086025,-122.49648377154075	65.519363403,37.785376344086025,-122.49333539438668	50.250236511,37.785376344086025,-122.4901870172326	47.482582092,37.785376344086025,-122.48703864007852	41.535449982,37.785376344086025,-122.48389026292445	41.10244751,37.785376344086025,-122.48074188577037	39.841915131,37.785376344086025,-122.4775935086163	42.121696472,37.785376344086025,-122.47444513146222	45.597507477,37.785376344086025,-122.47129675430814	52.030879974,37.785376344086025,-122.46814837715407	53.916755676,37.785376344086025,-122.46499999999999	57.075466156,37.785376344086025,-122.46185162284591	61.335273743,37.785376344086025,-122.45870324569184	67.99092865,37.785376344086025,-122.45555486853776	82.25881958,37.785376344086025,-122.45240649138368	93.69909668,37.785376344086025,-122.44925811422961	74.069786072,37.785376344086025,-122.44610973707553	57.104194641,37.785376344086025,-122.44296135992145	44.976352692,37.785376344086025,-122.43981298276738	42.882461548,37.785376344086025,-122.4366646056133	40.794143677,37.785376344086025,-122.43351622845923	45.60723877,37.785376344086025,-122.43036785130515	59.859367371,37.785376344086025,-122.42721947415107	60.866416931,37.785376344086025,-122.424071096997	44.294567108,37.785376344086025,-122.42092271984292	34.126003265,37.785376344086025,-122.41777434268884	32.431949615,37.785376344086025,-122.41462596553477	19.083190918,37.785376344086025,-122.41147758838069	13.775036812,37.785376344086025,-122.40832921122662	11.846964836,37.785376344086025,-122.40518083407254	10.65500927,37.785376344086025,-122.40203245691846	10.145989418,37.785376344086025,-122.39888407976439	18.047472,37.785376344086025,-122.39573570261031	29.183198929,37.785376344086025,-122.39258732545623	5.834131718,37.785376344086025,-122.38943894830216	-1.070000052,37.785376344086025,-122.38629057114808	-1.070000052,37.785376344086025,-122.383142193994	-20.69754982,37.785376344086025,-122.37999381683993
-22.104803085,37.78322580645161,-122.55000370969827	-23.210603714,37.78322580645161,-122.54685542415389	-24.049283981,37.78322580645161,-122.5437071386095	-24.697408676,37.78322580645161,-122.54055885306514	-25.803398132,37.78322580645161,-122.53741056752075	-25.430871964,37.78322580645161,-122.53426228197637	-27.077802658,37.78322580645161,-122.53111399643198	-25.162460327,37.78322580645161,-122.52796571088761	-25.594013214,37.78322580645161,-122.52481742534323	-18.888998032,37.78322580645161,-122.52166913979885	0.0,37.78322580645161,-122.51852085425446	0.0,37.78322580645161,-122.51537256871009	38.174804688,37.78322580645161,-122.51222428316571	99.753341675,37.78322580645161,-122.50907599762132	105.696540833,37.78322580645161,-122.50592771207694	111.903564453,37.78322580645161,-122.50277942653257	103.98311615,37.78322580645161,-122.49963114098819	81.920547485,37.78322580645161,-122.4964828554438	62.731369019,37.78322580645161,-122.49333456989942	53.425266266,37.78322580645161,-122.49018628435505	45.304943085,37.78322580645161,-122.48703799881066	41.463039398,37.78322580645161,-122.48388971326628	42.2734375,37.78322580645161,-122.4807414277219	43.038837433,37.78322580645161,-122.47759314217753	46.817977905,37.78322580645161,-122.47444485663314	51.395927429,37.78322580645161,-122.47129657108876	56.75428009,37.78322580645161,-122.46814828554437	58.361824036,37.78322580645161,-122.465	56.699043274,37.78322580645161,-122.46185171445562	60.634719849,37.78322580645161,-122.45870342891124	65.630783081,37.78322580645161,-122.45555514336685	70.048446655,37.78322580645161,-122.45240685782248	87.920829773,37.78322580645161,-122.4492585722781	79.248458862,37.78322580645161,-122.44611028673371	60.728919983,37.78322580645161,-122.44296200118933	46.260444641,37.78322580645161,-122.43981371564496	42.637935638,37.78322580645161,-122.43666543010058	39.363986969,37.78322580645161,-122.43351714455619	39.065219879,37.78322580645161,-122.4303688590118	47.385063171,37.78322580645161,-122.42722057346744	54.225513458,37.78322580645161,-122.42407228792305	35.804660797,37.78322580645161,-122.42092400237867	28.054655075,37.78322580645161,-122.41777571683429	18.140398026,37.78322580645161,-122.41462743128992	14.152301788,37.78322580645161,-122.41147914574553	11.250330925,37.78322580645161,-122.40833086020115	9.387938499,37.78322580645161,-122.40518257465676	11.623412132,37.78322580645161,-122.4020342891124	7.112360001,37.78322580645161,-122.39888600356801	18.058290482,37.78322580645161,-122.39573771802363	15.623996735,37.78322580645161,-122.39258943247924	3.760903358,37.78322580645161,-122.38944114693487	-1.070000052,37.78322580645161,-122.38629286139049	-1.070000052,37.78322580645161,-122.3831445758461	-17.794698715,37.78322580645161,-122.37999629030172
-21.825044632,37.781075268817204,-122.55000123650018	-22.671815872,37.781075268817204,-122.54685304255572	-23.340656281,37.781075268817204,-122.54370484861128	-23.453130722,37.781075268817204,-122.54055665466683	-23.657115936,37.781075268817204,-122.53740846072238	-23.754890442,37.781075268817204,-122.53426026677792	-25.090898514,37.781075268817204,-122.53111207283348	-23.141687393,37.781075268817204,-122.52796387888903	-22.418466568,37.781075268817204,-122.52481568494457	-12.508696556,37.781075268817204,-122.52166749100012	0.0,37.781075268817204,-122.51851929705568	-1.070000052,37.781075268817204,-122.51537110311122	46.90435791,37.781075268817204,-122.51222290916677	75.830574036,37.781075268817204,-122.50907471522231	86.45854187,37.781075268817204,-122.50592652127787	98.584762573,37.781075268817204,-122.50277832733342	99.043930054,37.781075268817204,-122.49963013338896	89.351127625,37.781075268817204,-122.49648193944451	67.842842102,37.781075268817204,-122.49333374550007	53.405883789,37.781075268817204,-122.49018555155561	44.907119751,37.781075268817204,-122.48703735761116	44.024837494,37.781075268817204,-122.4838891636667	43.716217041,37.781075268817204,-122.48074096972226	47.343616486,37.781075268817204,-122.47759277577781	51.2576828,37.781075268817204,-122.47444458183335	53.454322815,37.781075268817204,-122.4712963878889	53.760070801,37.781075268817204,-122.46814819394446	54.1848526,37.781075268817204,-122.465	55.599143982,37.781075268817204,-122.46185180605555	63.094982147,37.781075268817204,-122.4587036121111	67.017692566,37.781075268817204,-122.45555541816665	71.098747253,37.781075268817204,-122.4524072242222	79.508377075,37.781075268817204,-122.44925903027774	95.259857178,37.781075268817204,-122.44611083633329	89.090408325,37.781075268817204,-122.44296264238885	57.752128601,37.781075268817204,-122.4398144484444	41.475833893,37.781075268817204,-122.43666625449994	35.735767365,37.781075268817204,-122.43351806055549	32.909477234,37.781075268817204,-122.43036986661104	32.143093109,37.781075268817204,-122.42722167266659	30.842256546,37.781075268817204,-122.42407347872214	25.006149292,37.781075268817204,-122.42092528477768	21.988180161,37.781075268817204,-122.41777709083324	15.865262032,37.781075268817204,-122.41462889688879	13.614757538,37.781075268817204,-122.41148070294433	12.105980873,37.781075268817204,-122.40833250899989	7.037521839,37.781075268817204,-122.40518431505544	4.999237061,37.781075268817204,-122.40203612111098	5.166283607,37.781075268817204,-122.39888792716653	5.527682304,37.781075268817204,-122.39573973322209	11.078400612,37.781075268817204,-122.39259153927763	4.777942181,37.781075268817204,-122.38944334533318	-1.070000052,37.781075268817204,-122.38629515138872	-1.070000052,37.781075268817204,-122.38314695744428	-15.90489006,37.781075268817204,-122.37999876349983
-21.101140976,37.7789247311828,-122.54999876356572	-21.916908264,37.7789247311828,-122.54685066121144	-22.081611633,37.7789247311828,-122.54370255885715	-21.999048233,37.7789247311828,-122.54055445650286	-22.325141907,37.7789247311828,-122.53740635414857	-21.975740433,37.7789247311828,-122.5342582517943	-21.586172104,37.7789247311828,-122.53111014944001	-20.874662399,37.7789247311828,-122.52796204708572	-19.227500916,37.7789247311828,-122.52481394473143	-10.977788925,37.7789247311828,-122.52166584237715	0.0,37.7789247311828,-122.51851774002286	-1.070000052,37.7789247311828,-122.51536963766857	39.45388031,37.7789247311828,-122.51222153531428	63.948799133,37.7789247311828,-122.50907343296	80.273368835,37.7789247311828,-122.50592533060572	83.676498413,37.7789247311828,-122.50277722825143	79.681747437,37.7789247311828,-122.49962912589714	78.158287048,37.7789247311828,-122.49648102354286	76.692512512,37.7789247311828,-122.49333292118857	71.794052124,37.7789247311828,-122.49018481883428	54.194671631,37.7789247311828,-122.48703671647999	44.879451752,37.7789247311828,-122.4838886141257	46.257129669,37.7789247311828,-122.48074051177143	50.165916443,37.7789247311828,-122.47759240941714	55.902767181,37.7789247311828,-122.47444430706285	55.181163788,37.7789247311828,-122.47129620470857	60.589817047,37.7789247311828,-122.46814810235428	56.920063019,37.7789247311828,-122.46499999999999	57.545864105,37.7789247311828,-122.4618518976457	64.31552887,37.7789247311828,-122.45870379529141	80.350578308,37.7789247311828,-122.45555569293712	124.923957825,37.7789247311828,-122.45240759058285	102.129142761,37.7789247311828,-122.44925948822856	88.947685242,37.7789247311828,-122.44611138587427	88.906745911,37.7789247311828,-122.44296328351999	72.238037109,37.7789247311828,-122.4398151811657	49.490139008,37.7789247311828,-122.43666707881141	40.820541382,37.7789247311828,-122.43351897645712	30.782503128,37.7789247311828,-122.43037087410283	27.539344788,37.7789247311828,-122.42722277174855	23.452241898,37.7789247311828,-122.42407466939427	20.353607178,37.7789247311828,-122.42092656703998	19.040586472,37.7789247311828,-122.4177784646857	16.24663353,37.7789247311828,-122.41463036233141	12.198691368,37.7789247311828,-122.41148225997712	7.056180954,37.7789247311828,-122.40833415762283	4.657539845,37.7789247311828,-122.40518605526854	3.190341711,37.7789247311828,-122.40203795291426	3.922518253,37.7789247311828,-122.39888985055998	4.535537243,37.7789247311828,-122.3957417482057	6.841341972,37.7789247311828,-122.3925936458514	3.735135317,37.7789247311828,-122.38944554349712	-1.070000052,37.7789247311828,-122.38629744114283	-1.070000052,37.7789247311828,-122.38314933878854	-15.056061745,37.7789247311828,-122.38000123643425
-19.902029037,37.77677419354839,-122.54999629089491	-20.542350769,37.77677419354839,-122.54684828012103	-20.404035568,37.77677419354839,-122.54370026934714	-20.536302567,37.77677419354839,-122.54055225857326	-20.539693832,37.77677419354839,-122.53740424779937	-19.989664078,37.77677419354839,-122.53425623702549	-19.122692108,37.77677419354839,-122.53110822625159	-17.95409584,37.77677419354839,-122.5279602154777	-16.616453171,37.77677419354839,-122.52481220470382	-10.316961288,37.77677419354839,-122.52166419392994	-1.2e-08,37.77677419354839,-122.51851618315605	0.0,37.77677419354839,-122.51536817238217	10.700406075,37.77677419354839,-122.51222016160828	53.832248688,37.77677419354839,-122.5090721508344	56.819133759,37.77677419354839,-122.50592414006051	59.77571106,37.77677419354839,-122.50277612928663	60.982326508,37.77677419354839,-122.49962811851273	64.021499634,37.77677419354839,-122.49648010773885	67.900291443,37.77677419354839,-122.49333209696496	77.891372681,37.77677419354839,-122.49018408619108	63.104709625,37.77677419354839,-122.4870360754172	54.667053223,37.77677419354839,-122.48388806464331	55.370006561,37.77677419354839,-122.48074005386943	52.92937851,37.77677419354839,-122.47759204309554	66.451843262,37.77677419354839,-122.47444403232166	66.995513916,37.77677419354839,-122.47129602154777	70.883468628,37.77677419354839,-122.46814801077387	61.685222626,37.77677419354839,-122.46499999999999	61.55235672,37.77677419354839,-122.4618519892261	66.765693665,37.77677419354839,-122.45870397845222	82.216827393,37.77677419354839,-122.45555596767834	102.060661316,37.77677419354839,-122.45240795690445	90.376533508,37.77677419354839,-122.44925994613057	74.722160339,37.77677419354839,-122.44611193535668	68.070327759,37.77677419354839,-122.4429639245828	63.534240723,37.77677419354839,-122.43981591380891	69.729057312,37.77677419354839,-122.43666790303502	64.625389099,37.77677419354839,-122.43351989226113	39.513660431,37.77677419354839,-122.43037188148725	27.583389282,37.77677419354839,-122.42722387071336	21.443267822,37.77677419354839,-122.42407585993948	18.80115509,37.77677419354839,-122.4209278491656	16.88205719,37.77677419354839,-122.41777983839171	15.83273983,37.77677419354839,-122.41463182761782	9.94818306,37.77677419354839,-122.41148381684394	5.739636421,37.77677419354839,-122.40833580607006	4.52472353,37.77677419354839,-122.40518779529616	3.176984072,37.77677419354839,-122.40203978452227	3.342234135,37.77677419354839,-122.39889177374839	3.842900753,37.77677419354839,-122.3957437629745	3.907271385,37.77677419354839,-122.39259575220062	-1.070000052,37.77677419354839,-122.38944774142674	-1.070000052,37.77677419354839,-122.38629973065285	-1.070000052,37.77677419354839,-122.38315171987897	-14.991552353,37.77677419354839,-122.38000370910508
-18.890985489,37.77462365591398,-122.54999381848769	-19.097000122,37.77462365591398,-122.54684589928445	-18.746747971,37.77462365591398,-122.54369798008119	-18.495969772,37.77462365591398,-122.54055006087795	-18.049581528,37.77462365591398,-122.5374021416747	-17.272527695,37.77462365591398,-122.53425422247145	-16.586196899,37.77462365591398,-122.5311063032682	-15.915826797,37.77462365591398,-122.52795838406496	-14.702364922,37.77462365591398,-122.52481046486172	-10.007592201,37.77462365591398,-122.52166254565846	-7.28208828,37.77462365591398,-122.51851462645521	0.0,37.77462365591398,-122.51536670725197	5.12980938,37.77462365591398,-122.51221878804871	16.396400452,37.77462365591398,-122.50907086884547	26.719091415,37.77462365591398,-122.50592294964223	39.520507812,37.77462365591398,-122.50277503043897	50.956375122,37.77462365591398,-122.49962711123572	52.242282867,37.77462365591398,-122.49647919203248	56.653850555,37.77462365591398,-122.49333127282924	57.279418945,37.77462365591398,-122.49018335362598	51.976066589,37.77462365591398,-122.48703543442274	47.186862946,37.77462365591398,-122.4838875152195	48.768928528,37.77462365591398,-122.48073959601624	61.270442963,37.77462365591398,-122.47759167681299	61.843196869,37.77462365591398,-122.47444375760975	68.950630188,37.77462365591398,-122.47129583840649	70.393119812,37.77462365591398,-122.46814791920325	69.995788574,37.77462365591398,-122.465	69.434356689,37.77462365591398,-122.46185208079675	72.977127075,37.77462365591398,-122.4587041615935	92.030815125,37.77462365591398,-122.45555624239026	97.347724915,37.77462365591398,-122.45240832318702	82.661231995,37.77462365591398,-122.44926040398376	72.330192566,37.77462365591398,-122.44611248478051	69.249664307,37.77462365591398,-122.44296456557727	63.474472046,37.77462365591398,-122.43981664637401	59.839530945,37.77462365591398,-122.43666872717077	76.10131073,37.77462365591398,-122.43352080796753	63.532138824,37.77462365591398,-122.43037288876427	40.948535919,37.77462365591398,-122.42722496956102	20.164506912,37.77462365591398,-122.42407705035778	16.794408798,37.77462365591398,-122.42092913115454	13.847384453,37.77462365591398,-122.41778121195128	14.224584579,37.77462365591398,-122.41463329274804	10.468157768,37.77462365591398,-122.41148537354479	8.030513763,37.77462365591398,-122.40833745434153	6.072434425,37.77462365591398,-122.40518953513829	4.256493092,37.77462365591398,-122.40204161593505	2.546574354,37.77462365591398,-122.39889369673179	2.911993504,37.77462365591398,-122.39574577752855	-1.070000052,37.77462365591398,-122.3925978583253	3.079033613,37.77462365591398,-122.38944993912204	-1.070000052,37.77462365591398,-122.3863020199188	-1.070000052,37.77462365591398,-122.38315410071556	1.9e-08,37.77462365591398,-122.38000618151231
-17.644830704,37.77247311827957,-122.54999134634403	-17.501564026,37.77247311827957,-122.54684351870166	-17.455661774,37.77247311827957,-122.54369569105928	-17.248865128,37.77247311827957,-122.54054786341692	-16.493341446,37.77247311827957,-122.53740003577454	-15.936062813,37.77247311827957,-122.53425220813217	-15.637602806,37.77247311827957,-122.5311043804898	-14.753410339,37.77247311827957,-122.52795655284743	-14.861645699,37.77247311827957,-122.52480872520506	-9.944282532,37.77247311827957,-122.52166089756268	-7.879779339,37.77247311827957,-122.51851306992032	0.0,37.77247311827957,-122.51536524227794	5.196150303,37.77247311827957,-122.51221741463557	11.94757843,37.77247311827957,-122.50906958699319	22.984327316,37.77247311827957,-122.50592175935083	26.286342621,37.77247311827957,-122.50277393170846	36.342853546,37.77247311827957,-122.49962610406608	39.033481598,37.77247311827957,-122.49647827642372	38.4960289,37.77247311827957,-122.49333044878134	42.695899963,37.77247311827957,-122.49018262113897	48.31111908,37.77247311827957,-122.48703479349659	55.228393555,37.77247311827957,-122.48388696585423	67.46370697,37.77247311827957,-122.48073913821186	82.416297913,37.77247311827957,-122.47759131056948	71.695930481,37.77247311827957,-122.47444348292711	68.69606781,37.77247311827957,-122.47129565528473	74.149330139,37.77247311827957,-122.46814782764237	73.147399902,37.77247311827957,-122.46499999999999	80.162811279,37.77247311827957,-122.46185217235762	73.114112854,37.77247311827957,-122.45870434471526	86.011497498,37.77247311827957,-122.45555651707288	77.311256409,37.77247311827957,-122.45240868943051	74.184715271,37.77247311827957,-122.44926086178813	71.296890259,37.77247311827957,-122.44611303414577	67.742706299,37.77247311827957,-122.44296520650339	67.120269775,37.77247311827957,-122.43981737886102	56.092945099,37.77247311827957,-122.43666955121866	51.359611511,37.77247311827957,-122.43352172357628	51.919582367,37.77247311827957,-122.43037389593391	55.464763641,37.77247311827957,-122.42722606829153	25.077577591,37.77247311827957,-122.42407824064917	14.982100487,37.77247311827957,-122.42093041300679	10.711713791,37.77247311827957,-122.41778258536442	9.44858551,37.77247311827957,-122.41463475772206	8.747262001,37.77247311827957,-122.41148693007968	6.656431675,37.77247311827957,-122.40833910243731	5.656401634,37.77247311827957,-122.40519127479493	4.308444977,37.77247311827957,-122.40204344715256	3.300364733,37.77247311827957,-122.3988956195102	-1.070000052,37.77247311827957,-122.39574779186782	3.283146381,37.77247311827957,-122.39259996422545	2.929421425,37.77247311827957,-122.38945213658307	-1.070000052,37.77247311827957,-122.38630430894071	-1.070000052,37.77247311827957,-122.38315648129833	-1.070000052,37.77247311827957,-122.38000865365596
-15.996308327,37.770322580645164,-122.5499888744639	-15.809253693,37.770322580645164,-122.54684113837266	-15.766029358,37.770322580645164,-122.54369340228139	-15.611316681,37.770322580645164,-122.54054566619014	-15.146539688,37.770322580645164,-122.53739793009888	-14.526563644,37.770322580645164,-122.53425019400763	-14.139314651,37.770322580645164,-122.53110245791638	-15.460090637,37.770322580645164,-122.52795472182511	-13.870523453,37.770322580645164,-122.52480698573386	-9.182825089,37.770322580645164,-122.52165924964261	-8.048179626,37.770322580645164,-122.51851151355135	0.0,37.770322580645164,-122.5153637774601	4.90648222,37.770322580645164,-122.51221604136883	10.545232773,37.770322580645164,-122.50906830527758	21.04132843,37.770322580645164,-122.50592056918633	17.959999084,37.770322580645164,-122.50277283309507	33.967391968,37.770322580645164,-122.49962509700381	37.378757477,37.770322580645164,-122.49647736091255	41.74760437,37.770322580645164,-122.4933296248213	38.997047424,37.770322580645164,-122.49018188873005	50.178638458,37.770322580645164,-122.48703415263878	56.581367493,37.770322580645164,-122.48388641654753	65.025413513,37.770322580645164,-122.48073868045627	87.910003662,37.770322580645164,-122.47759094436502	76.833854675,37.770322580645164,-122.47444320827377	76.451698303,37.770322580645164,-122.4712954721825	71.918067932,37.770322580645164,-122.46814773609125	81.793319702,37.770322580645164,-122.465	80.170135498,37.770322580645164,-122.46185226390874	75.490829468,37.770322580645164,-122.45870452781749	75.254478455,37.770322580645164,-122.45555679172622	80.805732727,37.770322580645164,-122.45240905563497	80.436080933,37.770322580645164,-122.44926131954372	82.624168396,37.770322580645164,-122.44611358345246	88.281150818,37.770322580645164,-122.44296584736121	101.452674866,37.770322580645164,-122.43981811126994	70.22743988,37.770322580645164,-122.43667037517869	45.737770081,37.770322580645164,-122.43352263908744	39.971439362,37.770322580645164,-122.43037490299618	48.555149078,37.770322580645164,-122.42722716690493	24.978221893,37.770322580645164,-122.42407943081368	11.463229179,37.770322580645164,-122.42093169472241	7.997578144,37.770322580645164,-122.41778395863116	6.443613052,37.770322580645164,-122.4146362225399	6.505323887,37.770322580645164,-122.41148848644865	4.977993965,37.770322580645164,-122.4083407503574	4.322417259,37.770322580645164,-122.40519301426613	3.421991348,37.770322580645164,-122.40204527817488	4.589604378,37.770322580645164,-122.39889754208362	2.536754131,37.770322580645164,-122.39574980599237	3.522876024,37.770322580645164,-122.39260206990112	3.248955488,37.770322580645164,-122.38945433380985	2.902224779,37.770322580645164,-122.3863065977186	-1.070000052,37.770322580645164,-122.38315886162734	-1.070000052,37.770322580645164,-122.38001112553609
-15.010716438,37.76817204301075,-122.54998640284728	-14.694818497,37.76817204301075,-122.54683875829738	-14.360682487,37.76817204301075,-122.54369111374749	-14.21231842,37.76817204301075,-122.54054346919759	-14.0316782,37.76817204301075,-122.53739582464769	-14.231171608,37.76817204301075,-122.53424818009778	-15.23002243,37.76817204301075,-122.53110053554788	-13.705820084,37.76817204301075,-122.52795289099798	-11.063539505,37.76817204301075,-122.52480524644808	-9.944972992,37.76817204301075,-122.52165760189818	-8.116573334,37.76817204301075,-122.51850995734829	-1.2e-08,37.76817204301075,-122.51536231279839	3.185744047,37.76817204301075,-122.51221466824849	9.284965515,37.76817204301075,-122.50906702369859	22.83392334,37.76817204301075,-122.5059193791487	27.833904266,37.76817204301075,-122.50277173459878	28.616798401,37.76817204301075,-122.49962409004888	40.348171234,37.76817204301075,-122.49647644549898	41.711898804,37.76817204301075,-122.49332880094909	44.922138214,37.76817204301075,-122.49018115639919	56.390922546,37.76817204301075,-122.48703351184929	58.851211548,37.76817204301075,-122.48388586729939	58.231262207,37.76817204301075,-122.4807382227495	86.972221375,37.76817204301075,-122.4775905781996	104.83013916,37.76817204301075,-122.47444293364968	71.767585754,37.76817204301075,-122.47129528909979	76.225151062,37.76817204301075,-122.46814764454989	75.503631592,37.76817204301075,-122.46499999999999	81.817398071,37.76817204301075,-122.46185235545009	78.683303833,37.76817204301075,-122.4587047109002	81.324325562,37.76817204301075,-122.4555570663503	82.732299805,37.76817204301075,-122.4524094218004	91.135322571,37.76817204301075,-122.4492617772505	101.740737915,37.76817204301075,-122.44611413270059	127.789276123,37.76817204301075,-122.44296648815069	132.121307373,37.76817204301075,-122.43981884360079	84.210678101,37.76817204301075,-122.43667119905089	49.684383392,37.76817204301075,-122.433523554501	34.006240845,37.76817204301075,-122.4303759099511	32.58921814,37.76817204301075,-122.4272282654012	16.486301422,37.76817204301075,-122.4240806208513	9.80316925,37.76817204301075,-122.4209329763014	6.272591114,37.76817204301075,-122.4177853317515	5.429458141,37.76817204301075,-122.41463768720159	8.126204491,37.76817204301075,-122.41149004265169	9.501037598,37.76817204301075,-122.4083423981018	5.674362183,37.76817204301075,-122.4051947535519	4.171907902,37.76817204301075,-122.402047109002	3.973003626,37.76817204301075,-122.3988994644521	4.655726433,37.76817204301075,-122.3957518199022	4.463960171,37.76817204301075,-122.3926041753523	4.285016537,37.76817204301075,-122.3894565308024	3.388870001,37.76817204301075,-122.3863088862525	-1.070000052,37.76817204301075,-122.3831612417026	-1.070000052,37.76817204301075,-122.3800135971527
-14.305551529,37.766021505376344,-122.54998393149414	-14.066851616,37.766021505376344,-122.54683637847583	-13.594359398,37.766021505376344,-122.54368882545754	-13.141483307,37.766021505376344,-122.54054127243923	-12.833303452,37.766021505376344,-122.53739371942093	-12.59692955,37.766021505376344,-122.53424616640262	-12.059883118,37.766021505376344,-122.53109861338433	-11.24425602,37.766021505376344,-122.52795106036602	-10.497818947,37.766021505376344,-122.52480350734773	-12.63097477,37.766021505376344,-122.52165595432942	-7.556634903,37.766021505376344,-122.51850840131112	-1.924115777,37.766021505376344,-122.51536084829281	2.880422592,37.766021505376344,-122.51221329527452	9.687273979,37.766021505376344,-122.50906574225621	20.916687012,37.766021505376344,-122.50591818923792	26.044618607,37.766021505376344,-122.50277063621961	27.847877502,37.766021505376344,-122.49962308320131	38.601799011,37.766021505376344,-122.496475530183	47.179615021,37.766021505376344,-122.49332797716471	50.366596222,37.766021505376344,-122.4901804241464	44.790000916,37.766021505376344,-122.48703287112811	60.562168121,37.766021505376344,-122.4838853181098	61.313087463,37.766021505376344,-122.4807377650915	69.22706604,37.766021505376344,-122.4775902120732	79.184463501,37.766021505376344,-122.4744426590549	64.85509491,37.766021505376344,-122.47129510603659	74.381866455,37.766021505376344,-122.4681475530183	79.801017761,37.766021505376344,-122.46499999999999	84.242156982,37.766021505376344,-122.4618524469817	86.333732605,37.766021505376344,-122.45870489396339	87.244667053,37.766021505376344,-122.45555734094509	91.832778931,37.766021505376344,-122.45240978792678	92.983406067,37.766021505376344,-122.44926223490849	118.770744324,37.766021505376344,-122.44611468189018	144.6824646,37.766021505376344,-122.44296712887189	111.356246948,37.766021505376344,-122.43981957585358	72.606834412,37.766021505376344,-122.43667202283528	45.656276703,37.766021505376344,-122.43352446981697	37.264480591,37.766021505376344,-122.43037691679868	22.79681015,37.766021505376344,-122.42722936378037	16.402997971,37.766021505376344,-122.42408181076208	11.583924294,37.766021505376344,-122.42093425774377	7.390338898,37.766021505376344,-122.41778670472547	6.721705914,37.766021505376344,-122.41463915170716	14.801986694,37.766021505376344,-122.41149159868887	19.561052322,37.766021505376344,-122.40834404567056	8.790466309,37.766021505376344,-122.40519649265227	6.148731232,37.766021505376344,-122.40204893963396	5.281209946,37.766021505376344,-122.39890138661566	5.417150974,37.766021505376344,-122.39575383359735	4.775672913,37.766021505376344,-122.39260628057906	5.06269598,37.766021505376344,-122.38945872756075	3.7078228,37.766021505376344,-122.38631117454246	-1.070000052,37.766021505376344,-122.38316362152415	-1.070000052,37.766021505376344,-122.38001606850585
-13.511713028,37.76387096774194,-122.54998146040444	-13.318954468,37.76387096774194,-122.54683399890797	-12.991466522,37.76387096774194,-122.54368653741152	-12.612498283,37.76387096774194,-122.54053907591505	-12.124596596,37.76387096774194,-122.5373916144186	-11.568509102,37.76387096774194,-122.53424415292213	-10.937021255,37.76387096774194,-122.53109669142567	-10.266512871,37.76387096774194,-122.5279492299292	-10.858258247,37.76387096774194,-122.52480176843275	-12.312291145,37.76387096774194,-122.52165430693628	-7.519863129,37.76387096774194,-122.51850684543983	-2.231839657,37.76387096774194,-122.51535938394336	2.45783186,37.76387096774194,-122.51221192244691	8.413721085,37.76387096774194,-122.50906446095044	16.585933685,37.76387096774194,-122.50591699945399	25.495271683,37.76387096774194,-122.50276953795752	32.843154907,37.76387096774194,-122.49962207646107	41.937862396,37.76387096774194,-122.4964746149646	50.130149841,37.76387096774194,-122.49332715346814	55.026771545,37.76387096774194,-122.49017969197168	60.936206818,37.76387096774194,-122.48703223047522	63.414039612,37.76387096774194,-122.48388476897875	68.171043396,37.76387096774194,-122.4807373074823	67.856590271,37.76387096774194,-122.47758984598583	76.109725952,37.76387096774194,-122.47444238448938	75.684768677,37.76387096774194,-122.47129492299291	77.340209961,37.76387096774194,-122.46814746149646	85.307365417,37.76387096774194,-122.46499999999999	89.209114075,37.76387096774194,-122.46185253850354	112.379951477,37.76387096774194,-122.45870507700707	134.95475769,37.76387096774194,-122.45555761551061	107.384017944,37.76387096774194,-122.45241015401415	96.217971802,37.76387096774194,-122.44926269251769	135.549377441,37.76387096774194,-122.44611523102122	136.434539795,37.76387096774194,-122.44296776952477	90.23323822,37.76387096774194,-122.4398203080283	85.098266602,37.76387096774194,-122.43667284653185	43.188236237,37.76387096774194,-122.43352538503538	32.654083252,37.76387096774194,-122.43037792353893	25.051713943,37.76387096774194,-122.42723046204246	18.757585526,37.76387096774194,-122.424083000546	11.811948776,37.76387096774194,-122.42093553904954	8.734209061,37.76387096774194,-122.41778807755307	6.130343914,37.76387096774194,-122.41464061605662	12.009532928,37.76387096774194,-122.41149315456015	19.594863892,37.76387096774194,-122.4083456930637	28.682229996,37.76387096774194,-122.40519823156723	9.450855255,37.76387096774194,-122.40205077007077	10.024669647,37.76387096774194,-122.3989033085743	17.635616302,37.76387096774194,-122.39575584707785	10.713421822,37.76387096774194,-122.39260838558138	6.572426796,37.76387096774194,-122.38946092408493	-1.070000052,37.76387096774194,-122.38631346258846	-1.070000052,37.76387096774194,-122.38316600109201	-1.070000052,37.76387096774194,-122.38001853959554
-12.55639267,37.76172043010753,-122.54997898957816	-12.111693382,37.76172043010753,-122.54683161959379	-11.748234749,37.76172043010753,-122.54368424960941	-11.556606293,37.76172043010753,-122.54053687962504	-11.239876747,37.76172043010753,-122.53738950964066	-11.137628555,37.76172043010753,-122.53424213965629	-11.262026787,37.76172043010753,-122.53109476967191	-12.602518082,37.76172043010753,-122.52794739968753	-13.141093254,37.76172043010753,-122.52480002970316	-11.739590645,37.76172043010753,-122.52165265971878	-7.889620781,37.76172043010753,-122.5185052897344	-2.581175327,37.76172043010753,-122.51535791975003	1.402756453,37.76172043010753,-122.51221054976564	7.385118961,37.76172043010753,-122.50906317978126	14.848373413,37.76172043010753,-122.50591580979689	25.001331329,37.76172043010753,-122.50276843981251	34.436553955,37.76172043010753,-122.49962106982814	45.534973145,37.76172043010753,-122.49647369984376	59.88129425,37.76172043010753,-122.49332632985939	65.745346069,37.76172043010753,-122.49017895987501	67.058189392,37.76172043010753,-122.48703158989063	69.65827179,37.76172043010753,-122.48388421990626	73.482978821,37.76172043010753,-122.48073684992188	79.672698975,37.76172043010753,-122.4775894799375	85.593811035,37.76172043010753,-122.47444210995313	81.059120178,37.76172043010753,-122.47129473996876	86.430053711,37.76172043010753,-122.46814736998438	93.701622009,37.76172043010753,-122.465	106.737045288,37.76172043010753,-122.46185263001563	162.586029053,37.76172043010753,-122.45870526003125	177.976287842,37.76172043010753,-122.45555789004688	119.04309082,37.76172043010753,-122.4524105200625	113.746948242,37.76172043010753,-122.44926315007812	143.39414978,37.76172043010753,-122.44611578009375	90.490188599,37.76172043010753,-122.44296841010937	65.425468445,37.76172043010753,-122.439821040125	48.397800446,37.76172043010753,-122.4366736701406	33.369918823,37.76172043010753,-122.43352630015623	24.850532532,37.76172043010753,-122.43037893017186	18.624435425,37.76172043010753,-122.42723156018748	14.725263596,37.76172043010753,-122.4240841902031	11.872200966,37.76172043010753,-122.42093682021873	11.00206852,37.76172043010753,-122.41778945023435	7.123719692,37.76172043010753,-122.41464208024998	9.380908966,37.76172043010753,-122.4114947102656	14.102629662,37.76172043010753,-122.40834734028122	42.578296661,37.76172043010753,-122.40519997029685	46.053691864,37.76172043010753,-122.40205260031247	20.904037476,37.76172043010753,-122.3989052303281	54.012264252,37.76172043010753,-122.39575786034372	21.830621719,37.76172043010753,-122.39261049035935	15.50741291,37.76172043010753,-122.38946312037497	3.367297411,37.76172043010753,-122.3863157503906	4.54204607,37.76172043010753,-122.38316838040622	-1.070000052,37.76172043010753,-122.38002101042184
-12.5411129,37.75956989247312,-122.54997651901526	-12.322337151,37.75956989247312,-122.54682924053321	-12.059497833,37.75956989247312,-122.54368196205117	-11.698199272,37.75956989247312,-122.54053468356912	-11.259102821,37.75956989247312,-122.53738740508707	-11.218689919,37.75956989247312,-122.53424012660503	-11.356507301,37.75956989247312,-122.53109284812298	-12.518486023,37.75956989247312,-122.52794556964093	-12.798456192,37.75956989247312,-122.52479829115889	-11.69400692,37.75956989247312,-122.52165101267684	-8.187586784,37.75956989247312,-122.5185037341948	-2.557839632,37.75956989247312,-122.51535645571275	0.676721036,37.75956989247312,-122.5122091772307	7.039294243,37.75956989247312,-122.50906189874866	15.042100906,37.75956989247312,-122.50591462026661	25.921033859,37.75956989247312,-122.50276734178456	37.740959167,37.75956989247312,-122.49962006330252	53.641452789,37.75956989247312,-122.49647278482047	69.993904114,37.75956989247312,-122.49332550633842	76.533325195,37.75956989247312,-122.49017822785638	74.785552979,37.75956989247312,-122.48703094937433	76.345878601,37.75956989247312,-122.48388367089228	79.655433655,37.75956989247312,-122.48073639241024	87.676399231,37.75956989247312,-122.47758911392819	110.821586609,37.75956989247312,-122.47444183544614	107.801429749,37.75956989247312,-122.4712945569641	103.638641357,37.75956989247312,-122.46814727848205	107.700004578,37.75956989247312,-122.46499999999999	140.006942749,37.75956989247312,-122.46185272151794	228.411529541,37.75956989247312,-122.4587054430359	194.570953369,37.75956989247312,-122.45555816455385	168.158218384,37.75956989247312,-122.4524108860718	156.824188232,37.75956989247312,-122.44926360758976	123.958106995,37.75956989247312,-122.44611632910771	81.289321899,37.75956989247312,-122.44296905062566	63.234600067,37.75956989247312,-122.43982177214362	46.420162201,37.75956989247312,-122.43667449366157	46.454826355,37.75956989247312,-122.43352721517952	55.617572784,37.75956989247312,-122.43037993669748	32.027435303,37.75956989247312,-122.42723265821543	16.75994873,37.75956989247312,-122.42408537973338	16.063077927,37.75956989247312,-122.42093810125134	17.46295929,37.75956989247312,-122.41779082276929	10.66857338,37.75956989247312,-122.41464354428724	8.659635544,37.75956989247312,-122.4114962658052	15.405537605,37.75956989247312,-122.40834898732315	71.754043579,37.75956989247312,-122.4052017088411	78.666992188,37.75956989247312,-122.40205443035906	61.750396729,37.75956989247312,-122.39890715187701	47.354419708,37.75956989247312,-122.39575987339497	25.527593613,37.75956989247312,-122.39261259491292	16.317705154,37.75956989247312,-122.38946531643087	5.552639008,37.75956989247312,-122.38631803794883	3.95140481,37.75956989247312,-122.38317075946678	-1.070000052,37.75956989247312,-122.38002348098473
-12.670536041,37.75741935483871,-122.54997404871571	-12.413290977,37.75741935483871,-122.54682686172625	-12.099626541,37.75741935483871,-122.54367967473677	-11.890488625,37.75741935483871,-122.5405324877473	-11.949727058,37.75741935483871,-122.53738530075783	-12.040431976,37.75741935483871,-122.53423811376835	-12.059033394,37.75741935483871,-122.53109092677889	-12.411362648,37.75741935483871,-122.52794373978941	-12.249009132,37.75741935483871,-122.52479655279994	-11.73373127,37.75741935483871,-122.52164936581048	-8.465960503,37.75741935483871,-122.518502178821	-3.029696226,37.75741935483871,-122.51535499183153	-0.230000049,37.75741935483871,-122.51220780484206	7.012975216,37.75741935483871,-122.50906061785258	13.202642441,37.75741935483871,-122.50591343086312	28.431938171,37.75741935483871,-122.50276624387365	39.018058777,37.75741935483871,-122.49961905688417	55.896736145,37.75741935483871,-122.4964718698947	73.111877441,37.75741935483871,-122.49332468290523	82.461990356,37.75741935483871,-122.49017749591576	81.841964722,37.75741935483871,-122.4870303089263	78.121635437,37.75741935483871,-122.48388312193681	82.537620544,37.75741935483871,-122.48073593494735	98.101402283,37.75741935483871,-122.47758874795788	126.327934265,37.75741935483871,-122.4744415609684	149.873947144,37.75741935483871,-122.47129437397894	129.696258545,37.75741935483871,-122.46814718698946	132.589706421,37.75741935483871,-122.46499999999999	141.59387207,37.75741935483871,-122.46185281301052	266.236968994,37.75741935483871,-122.45870562602104	233.823226929,37.75741935483871,-122.45555843903158	221.807998657,37.75741935483871,-122.45241125204211	228.703567505,37.75741935483871,-122.44926406505263	150.918243408,37.75741935483871,-122.44611687806317	118.081428528,37.75741935483871,-122.4429696910737	104.422767639,37.75741935483871,-122.43982250408422	75.275688171,37.75741935483871,-122.43667531709475	70.765930176,37.75741935483871,-122.43352813010527	87.29662323,37.75741935483871,-122.43038094311581	55.787342072,37.75741935483871,-122.42723375612634	42.277843475,37.75741935483871,-122.42408656913686	20.993068695,37.75741935483871,-122.4209393821474	19.148588181,37.75741935483871,-122.41779219515793	14.948080063,37.75741935483871,-122.41464500816845	11.266436577,37.75741935483871,-122.41149782117898	13.939454079,37.75741935483871,-122.40835063418952	26.438266754,37.75741935483871,-122.40520344720004	68.77759552,37.75741935483871,-122.40205626021057	89.793243408,37.75741935483871,-122.39890907322109	44.008644104,37.75741935483871,-122.39576188623163	7.134390831,37.75741935483871,-122.39261469924216	7.288490295,37.75741935483871,-122.38946751225268	12.290563583,37.75741935483871,-122.38632032526321	3.320008755,37.75741935483871,-122.38317313827375	-1.070000052,37.75741935483871,-122.38002595128427
-12.571774483,37.7552688172043,-122.5499715786795	-12.312548637,37.7552688172043,-122.54682448317286	-12.218942642,37.7552688172043,-122.54367738766621	-12.068172455,37.7552688172043,-122.54053029215956	-11.975726128,37.7552688172043,-122.53738319665291	-11.980448723,37.7552688172043,-122.53423610114626	-12.052336693,37.7552688172043,-122.53108900563961	-12.085020065,37.7552688172043,-122.52794191013297	-11.855077744,37.7552688172043,-122.52479481462632	-11.080494881,37.7552688172043,-122.52164771911967	-8.933163643,37.7552688172043,-122.51850062361302	-4.092251778,37.7552688172043,-122.51535352810637	-1.080000043,37.7552688172043,-122.51220643259973	10.160651207,37.7552688172043,-122.50905933709308	11.702903748,37.7552688172043,-122.50591224158643	23.689161301,37.7552688172043,-122.50276514607978	33.60974884,37.7552688172043,-122.49961805057313	50.308864594,37.7552688172043,-122.49647095506648	70.794593811,37.7552688172043,-122.49332385955984	90.70489502,37.7552688172043,-122.49017676405319	86.785263062,37.7552688172043,-122.48702966854654	93.380065918,37.7552688172043,-122.48388257303989	95.339805603,37.7552688172043,-122.48073547753324	101.180213928,37.7552688172043,-122.4775883820266	128.165374756,37.7552688172043,-122.47444128651995	184.395355225,37.7552688172043,-122.4712941910133	160.777740479,37.7552688172043,-122.46814709550665	146.629730225,37.7552688172043,-122.465	179.274780273,37.7552688172043,-122.46185290449336	240.114517212,37.7552688172043,-122.4587058089867	190.101882935,37.7552688172043,-122.45555871348006	251.944000244,37.7552688172043,-122.45241161797341	232.366744995,37.7552688172043,-122.44926452246676	242.625061035,37.7552688172043,-122.44611742696011	157.7212677,37.7552688172043,-122.44297033145347	109.130363464,37.7552688172043,-122.43982323594682	105.390830994,37.7552688172043,-122.43667614044017	98.752639771,37.7552688172043,-122.43352904493352	105.277107239,37.7552688172043,-122.43038194942687	52.381484985,37.7552688172043,-122.42723485392023	34.282402039,37.7552688172043,-122.42408775841358	25.060474396,37.7552688172043,-122.42094066290693	20.32796669,37.7552688172043,-122.41779356740028	17.496585846,37.7552688172043,-122.41464647189363	13.874970436,37.7552688172043,-122.41149937638698	16.526538849,37.7552688172043,-122.40835228088034	24.412267685,37.7552688172043,-122.40520518537369	45.596992493,37.7552688172043,-122.40205808986704	88.829399109,37.7552688172043,-122.39891099436039	67.249519348,37.7552688172043,-122.39576389885374	7.520054817,37.7552688172043,-122.3926168033471	5.652168751,37.7552688172043,-122.38946970784045	6.780198574,37.7552688172043,-122.3863226123338	4.697542667,37.7552688172043,-122.38317551682715	-1.070000052,37.7552688172043,-122.3800284213205
-12.472445488,37.7531182795699,-122.54996910890658	-12.202414513,37.7531182795699,-122.546822104873	-12.007389069,37.7531182795699,-122.54367510083942	-11.850174904,37.7531182795699,-122.54052809680584	-11.667575836,37.7531182795699,-122.53738109277228	-11.553030014,37.7531182795699,-122.5342340887387	-11.39473629,37.7531182795699,-122.53108708470512	-11.210775375,37.7531182795699,-122.52794008067154	-10.971304893,37.7531182795699,-122.52479307663796	-10.748262405,37.7531182795699,-122.52164607260438	-9.42707634,37.7531182795699,-122.5184990685708	-5.094686985,37.7531182795699,-122.51535206453724	0.0,37.7531182795699,-122.51220506050366	8.994148254,37.7531182795699,-122.50905805647008	10.995366096,37.7531182795699,-122.5059110524365	20.709634781,37.7531182795699,-122.50276404840292	31.13992691,37.7531182795699,-122.49961704436934	44.708507538,37.7531182795699,-122.49647004033577	60.741466522,37.7531182795699,-122.4933230363022	76.776954651,37.7531182795699,-122.49017603226862	91.5103302,37.7531182795699,-122.48702902823504	104.634490967,37.7531182795699,-122.48388202420146	107.411186218,37.7531182795699,-122.48073502016788	112.582695007,37.7531182795699,-122.4775880161343	130.870574951,37.7531182795699,-122.47444101210073	184.846878052,37.7531182795699,-122.47129400806716	191.152786255,37.7531182795699,-122.46814700403358	155.949188232,37.7531182795699,-122.465	134.374710083,37.7531182795699,-122.46185299596642	169.473922729,37.7531182795699,-122.45870599193285	162.954940796,37.7531182795699,-122.45555898789927	186.688995361,37.7531182795699,-122.45241198386569	212.657318115,37.7531182795699,-122.44926497983212	226.180007935,37.7531182795699,-122.44611797579854	154.981201172,37.7531182795699,-122.44297097176496	106.382675171,37.7531182795699,-122.43982396773139	85.676109314,37.7531182795699,-122.4366769636978	85.350395203,37.7531182795699,-122.43352995966423	67.030105591,37.7531182795699,-122.43038295563066	55.628913879,37.7531182795699,-122.42723595159708	35.680023193,37.7531182795699,-122.4240889475635	26.603076935,37.7531182795699,-122.42094194352993	22.08102417,37.7531182795699,-122.41779493949635	19.001857758,37.7531182795699,-122.41464793546277	15.875416756,37.7531182795699,-122.41150093142919	16.095848083,37.7531182795699,-122.40835392739562	16.66060257,37.7531182795699,-122.40520692336204	31.245857239,37.7531182795699,-122.40205991932847	72.054588318,37.7531182795699,-122.39891291529489	51.30714035,37.7531182795699,-122.39576591126131	18.986869812,37.7531182795699,-122.39261890722773	8.058585167,37.7531182795699,-122.38947190319415	4.711463451,37.7531182795699,-122.38632489916058	4.849153519,37.7531182795699,-122.383177895127	-1.070000052,37.7531182795699,-122.38003089109343
-11.772388458,37.75096774193548,-122.54996663939691	-11.551629066,37.75096774193548,-122.54681972682666	-11.356176376,37.75096774193548,-122.5436728142564	-11.218302727,37.75096774193548,-122.54052590168614	-11.083018303,37.75096774193548,-122.5373789891159	-10.867660522,37.75096774193548,-122.53423207654563	-10.652252197,37.75096774193548,-122.53108516397538	-10.46541214,37.75096774193548,-122.52793825140512	-9.933068275,37.75096774193548,-122.52479133883486	-10.02258873,37.75096774193548,-122.5216444262646	-9.612427711,37.75096774193548,-122.51849751369436	-6.075475216,37.75096774193548,-122.5153506011241	-1.2e-08,37.75096774193548,-122.51220368855384	7.597759247,37.75096774193548,-122.50905677598358	9.310245514,37.75096774193548,-122.50590986341332	19.926563263,37.75096774193548,-122.50276295084306	28.920492172,37.75096774193548,-122.49961603827282	44.069301605,37.75096774193548,-122.49646912570256	61.022453308,37.75096774193548,-122.4933222131323	78.899299622,37.75096774193548,-122.49017530056204	100.730873108,37.75096774193548,-122.48702838799178	122.497589111,37.75096774193548,-122.48388147542153	126.444793701,37.75096774193548,-122.48073456285127	127.394775391,37.75096774193548,-122.47758765028102	140.024383545,37.75096774193548,-122.47444073771076	184.767196655,37.75096774193548,-122.4712938251405	217.474502563,37.75096774193548,-122.46814691257025	177.066619873,37.75096774193548,-122.46499999999999	145.478668213,37.75096774193548,-122.46185308742973	134.994934082,37.75096774193548,-122.45870617485949	147.889022827,37.75096774193548,-122.45555926228923	177.172592163,37.75096774193548,-122.45241234971897	244.256958008,37.75096774193548,-122.44926543714871	211.457855225,37.75096774193548,-122.44611852457845	145.413803101,37.75096774193548,-122.4429716120082	95.228050232,37.75096774193548,-122.43982469943795	72.489982605,37.75096774193548,-122.43667778686769	59.285369873,37.75096774193548,-122.43353087429743	50.022193909,37.75096774193548,-122.43038396172717	49.402851105,37.75096774193548,-122.42723704915691	51.264701843,37.75096774193548,-122.42409013658666	28.270465851,37.75096774193548,-122.4209432240164	22.560495377,37.75096774193548,-122.41779631144615	19.663805008,37.75096774193548,-122.4146493988759	16.923460007,37.75096774193548,-122.41150248630564	14.505572319,37.75096774193548,-122.40835557373538	12.520797729,37.75096774193548,-122.40520866116512	18.176181793,37.75096774193548,-122.40206174859486	35.517417908,37.75096774193548,-122.39891483602462	13.292657852,37.75096774193548,-122.39576792345436	10.550037384,37.75096774193548,-122.3926210108841	5.230271339,37.75096774193548,-122.38947409831384	4.668385983,37.75096774193548,-122.38632718574358	4.456474304,37.75096774193548,-122.38318027317332	3.562355042,37.75096774193548,-122.38003336060308
-11.310438156,37.748817204301076,-122.54996417015049	-10.964093208,37.748817204301076,-122.5468173490338	-10.892007828,37.748817204301076,-122.54367052791712	-10.545272827,37.748817204301076,-122.54052370680043	-10.2491436,37.748817204301076,-122.53737688568374	-10.129302979,37.748817204301076,-122.53423006456707	-9.681401253,37.748817204301076,-122.53108324345038	-9.772321701,37.748817204301076,-122.5279364223337	-9.769258499,37.748817204301076,-122.52478960121701	-9.754702568,37.748817204301076,-122.52164278010032	-9.531768799,37.748817204301076,-122.51849595898364	-6.613370419,37.748817204301076,-122.51534913786695	-2.433052301,37.748817204301076,-122.51220231675026	3.199099302,37.748817204301076,-122.50905549563358	8.384238243,37.748817204301076,-122.5059086745169	17.09586525,37.748817204301076,-122.50276185340022	29.752054214,37.748817204301076,-122.49961503228353	46.703701019,37.748817204301076,-122.49646821116684	60.49168396,37.748817204301076,-122.49332139005016	79.994529724,37.748817204301076,-122.49017456893347	101.788528442,37.748817204301076,-122.48702774781678	122.243431091,37.748817204301076,-122.4838809267001	132.822097778,37.748817204301076,-122.48073410558342	137.712158203,37.748817204301076,-122.47758728446674	144.348205566,37.748817204301076,-122.47444046335005	179.637252808,37.748817204301076,-122.47129364223336	216.262069702,37.748817204301076,-122.46814682111668	204.606933594,37.748817204301076,-122.46499999999999	153.843002319,37.748817204301076,-122.4618531788833	137.221572876,37.748817204301076,-122.45870635776662	166.177139282,37.748817204301076,-122.45555953664993	200.516448975,37.748817204301076,-122.45241271553326	227.879928589,37.748817204301076,-122.44926589441657	222.483093262,37.748817204301076,-122.44611907329988	155.525970459,37.748817204301076,-122.4429722521832	123.659912109,37.748817204301076,-122.43982543106651	93.643165588,37.748817204301076,-122.43667860994982	68.655174255,37.748817204301076,-122.43353178883314	56.823410034,37.748817204301076,-122.43038496771645	39.53289032,37.748817204301076,-122.42723814659976	42.189529419,37.748817204301076,-122.42409132548309	26.313919067,37.748817204301076,-122.4209445043664	21.814338684,37.748817204301076,-122.41779768324972	15.358528137,37.748817204301076,-122.41465086213303	13.443511009,37.748817204301076,-122.41150404101634	11.705705643,37.748817204301076,-122.40835721989966	8.703273773,37.748817204301076,-122.40521039878297	7.003123283,37.748817204301076,-122.40206357766628	4.236392021,37.748817204301076,-122.3989167565496	6.487657547,37.748817204301076,-122.39576993543292	3.214848518,37.748817204301076,-122.39262311431624	2.604719877,37.748817204301076,-122.38947629319955	3.54199028,37.748817204301076,-122.38632947208286	3.012041569,37.748817204301076,-122.38318265096618	3.337877512,37.748817204301076,-122.38003582984949
-11.3316679,37.74666666666667,-122.54996170116728	-11.172973633,37.74666666666667,-122.54681497149441	-10.978335381,37.74666666666667,-122.54366824182155	-10.546898842,37.74666666666667,-122.54052151214869	-10.38948822,37.74666666666667,-122.53737478247582	-10.160769463,37.74666666666667,-122.53422805280296	-10.022559166,37.74666666666667,-122.53108132313011	-9.915582657,37.74666666666667,-122.52793459345725	-9.859156609,37.74666666666667,-122.52478786378438	-9.970995903,37.74666666666667,-122.52164113411152	-9.76649189,37.74666666666667,-122.51849440443866	-7.083513737,37.74666666666667,-122.51534767476579	-2.83489871,37.74666666666667,-122.51220094509293	1.094666243,37.74666666666667,-122.50905421542006	8.799481392,37.74666666666667,-122.5059074857472	17.1674366,37.74666666666667,-122.50276075607434	29.082414627,37.74666666666667,-122.49961402640147	41.696949005,37.74666666666667,-122.49646729672862	55.56193161,37.74666666666667,-122.49332056705576	71.928062439,37.74666666666667,-122.4901738373829	91.099052429,37.74666666666667,-122.48702710771003	111.832328796,37.74666666666667,-122.48388037803717	127.811721802,37.74666666666667,-122.4807336483643	128.880264282,37.74666666666667,-122.47758691869144	136.858383179,37.74666666666667,-122.47444018901858	152.304870605,37.74666666666667,-122.47129345934572	206.110733032,37.74666666666667,-122.46814672967285	177.131118774,37.74666666666667,-122.46499999999999	158.731811523,37.74666666666667,-122.46185327032714	142.849227905,37.74666666666667,-122.45870654065428	159.484481812,37.74666666666667,-122.45555981098141	183.866073608,37.74666666666667,-122.45241308130855	190.081253052,37.74666666666667,-122.44926635163569	174.82925415,37.74666666666667,-122.44611962196282	186.124328613,37.74666666666667,-122.44297289228996	171.82194519,37.74666666666667,-122.4398261626171	128.407409668,37.74666666666667,-122.43667943294423	98.900680542,37.74666666666667,-122.43353270327137	68.578277588,37.74666666666667,-122.4303859735985	38.516273499,37.74666666666667,-122.42723924392565	30.540575027,37.74666666666667,-122.42409251425279	26.164903641,37.74666666666667,-122.42094578457993	26.971179962,37.74666666666667,-122.41779905490706	33.761650085,37.74666666666667,-122.4146523252342	19.810249329,37.74666666666667,-122.41150559556134	32.211833954,37.74666666666667,-122.40835886588847	27.315696716,37.74666666666667,-122.40521213621561	3.94545579,37.74666666666667,-122.40206540654275	3.518733025,37.74666666666667,-122.39891867686988	3.896308184,37.74666666666667,-122.39577194719702	2.474240065,37.74666666666667,-122.39262521752417	2.707640886,37.74666666666667,-122.3894784878513	3.458385229,37.74666666666667,-122.38633175817844	3.358609438,37.74666666666667,-122.38318502850558	2.774224043,37.74666666666667,-122.38003829883272
-11.380713463,37.744516129032256,-122.54995923244724	-11.18827343,37.744516129032256,-122.54681259420845	-10.928258896,37.744516129032256,-122.54366595596966	-10.752818108,37.744516129032256,-122.54051931773087	-10.629733086,37.744516129032256,-122.5373726794921	-10.483780861,37.744516129032256,-122.5342260412533	-10.438077927,37.744516129032256,-122.53107940301452	-10.405129433,37.744516129032256,-122.52793276477573	-10.381241798,37.744516129032256,-122.52478612653694	-10.392541885,37.744516129032256,-122.52163948829815	-10.074390411,37.744516129032256,-122.51849285005937	-7.676615238,37.744516129032256,-122.51534621182059	-2.895997047,37.744516129032256,-122.5121995735818	1.094760776,37.744516129032256,-122.50905293534301	9.928694725,37.744516129032256,-122.50590629710422	21.685489655,37.744516129032256,-122.50275965886543	35.735206604,37.744516129032256,-122.49961302062665	44.614929199,37.744516129032256,-122.49646638238787	50.14503479,37.744516129032256,-122.49331974414908	63.836921692,37.744516129032256,-122.49017310591029	76.350738525,37.744516129032256,-122.4870264676715	89.419868469,37.744516129032256,-122.48387982943271	113.434005737,37.744516129032256,-122.48073319119393	111.490341187,37.744516129032256,-122.47758655295515	118.901512146,37.744516129032256,-122.47443991471636	138.969924927,37.744516129032256,-122.47129327647757	138.237854004,37.744516129032256,-122.46814663823878	141.847457886,37.744516129032256,-122.46499999999999	148.103897095,37.744516129032256,-122.46185336176121	160.11340332,37.744516129032256,-122.45870672352243	174.713272095,37.744516129032256,-122.45556008528364	181.213775635,37.744516129032256,-122.45241344704485	157.843887329,37.744516129032256,-122.44926680880606	139.11390686,37.744516129032256,-122.44612017056727	159.335525513,37.744516129032256,-122.4429735323285	164.324584961,37.744516129032256,-122.4398268940897	148.176086426,37.744516129032256,-122.43668025585092	106.418319702,37.744516129032256,-122.43353361761213	74.08568573,37.744516129032256,-122.43038697937334	41.391452789,37.744516129032256,-122.42724034113455	33.695789337,37.744516129032256,-122.42409370289577	28.459653854,37.744516129032256,-122.42094706465699	62.31502533,37.744516129032256,-122.4178004264182	74.705505371,37.744516129032256,-122.41465378817941	54.495471954,37.744516129032256,-122.41150714994062	68.577156067,37.744516129032256,-122.40836051170183	20.837909698,37.744516129032256,-122.40521387346305	4.178743839,37.744516129032256,-122.40206723522427	4.532813072,37.744516129032256,-122.39892059698548	4.074727058,37.744516129032256,-122.39577395874669	3.508789778,37.744516129032256,-122.3926273205079	3.054934025,37.744516129032256,-122.38948068226911	3.413963795,37.744516129032256,-122.38633404403033	4.772064686,37.744516129032256,-122.38318740579155	8.312476158,37.744516129032256,-122.38004076755276
-11.551841736,37.74236559139785,-122.54995676399034	-11.372419357,37.74236559139785,-122.54681021717587	-11.225535393,37.74236559139785,-122.54366367036143	-11.181181908,37.74236559139785,-122.54051712354696	-11.100705147,37.74236559139785,-122.53737057673251	-11.0595541,37.74236559139785,-122.53422402991805	-10.936849594,37.74236559139785,-122.53107748310359	-10.908636093,37.74236559139785,-122.52793093628914	-10.857258797,37.74236559139785,-122.52478438947468	-11.015529633,37.74236559139785,-122.52163784266023	-10.539808273,37.74236559139785,-122.51849129584576	-8.067163467,37.74236559139785,-122.51534474903131	-2.786338329,37.74236559139785,-122.51219820221685	0.609878361,37.74236559139785,-122.50905165540239	11.323271751,37.74236559139785,-122.50590510858794	21.388153076,37.74236559139785,-122.50275856177348	31.666532516,37.74236559139785,-122.49961201495903	37.689064026,37.74236559139785,-122.49646546814456	44.870235443,37.74236559139785,-122.4933189213301	52.853626251,37.74236559139785,-122.49017237451565	65.746185303,37.74236559139785,-122.48702582770119	80.738304138,37.74236559139785,-122.48387928088674	88.623596191,37.74236559139785,-122.48073273407228	92.887634277,37.74236559139785,-122.47758618725783	102.172264099,37.74236559139785,-122.47443964044336	124.231933594,37.74236559139785,-122.4712930936289	123.104812622,37.74236559139785,-122.46814654681445	123.954063416,37.74236559139785,-122.46499999999999	137.886871338,37.74236559139785,-122.46185345318554	197.122589111,37.74236559139785,-122.45870690637108	167.593093872,37.74236559139785,-122.45556035955661	181.882720947,37.74236559139785,-122.45241381274217	167.819976807,37.74236559139785,-122.4492672659277	152.827224731,37.74236559139785,-122.44612071911325	108.203865051,37.74236559139785,-122.44297417229879	184.6537323,37.74236559139785,-122.43982762548434	169.582962036,37.74236559139785,-122.43668107866988	88.696159363,37.74236559139785,-122.43353453185541	57.200424194,37.74236559139785,-122.43038798504097	44.299373627,37.74236559139785,-122.4272414382265	38.740394592,37.74236559139785,-122.42409489141205	40.606628418,37.74236559139785,-122.42094834459759	86.356155396,37.74236559139785,-122.41780179778313	109.06414032,37.74236559139785,-122.41465525096868	90.572715759,37.74236559139785,-122.41150870415422	50.532077789,37.74236559139785,-122.40836215733977	4.982824802,37.74236559139785,-122.4052156105253	5.627082825,37.74236559139785,-122.40206906371085	5.46874094,37.74236559139785,-122.39892251689639	4.634554863,37.74236559139785,-122.39577597008193	4.583059788,37.74236559139785,-122.39262942326748	4.508687496,37.74236559139785,-122.38948287645302	4.840978146,37.74236559139785,-122.38633632963857	5.557949066,37.74236559139785,-122.3831897828241	5.300515175,37.74236559139785,-122.38004323600964
-11.678955078,37.74021505376344,-122.54995429579657	-11.699820518,37.74021505376344,-122.5468078403967	-11.689837456,37.74021505376344,-122.54366138499682	-11.611617088,37.74021505376344,-122.54051492959695	-11.492191315,37.74021505376344,-122.53736847419708	-11.422533989,37.74021505376344,-122.53422201879721	-11.361969948,37.74021505376344,-122.53107556339734	-11.285505295,37.74021505376344,-122.52792910799745	-11.219044685,37.74021505376344,-122.52478265259758	-11.241060257,37.74021505376344,-122.52163619719771	-10.760209084,37.74021505376344,-122.51848974179784	-8.463219643,37.74021505376344,-122.51534328639796	-2.416941404,37.74021505376344,-122.51219683099809	-1.070000052,37.74021505376344,-122.50905037559822	8.205050468,37.74021505376344,-122.50590392019835	19.109798431,37.74021505376344,-122.50275746479848	33.407356262,37.74021505376344,-122.4996110093986	33.684539795,37.74021505376344,-122.49646455399873	43.039676666,37.74021505376344,-122.49331809859886	47.063526154,37.74021505376344,-122.49017164319899	56.916484833,37.74021505376344,-122.4870251877991	63.220470428,37.74021505376344,-122.48387873239923	71.003662109,37.74021505376344,-122.48073227699936	81.964111328,37.74021505376344,-122.47758582159949	96.851104736,37.74021505376344,-122.47443936619962	111.239768982,37.74021505376344,-122.47129291079975	99.272979736,37.74021505376344,-122.46814645539988	112.386726379,37.74021505376344,-122.465	135.314941406,37.74021505376344,-122.46185354460013	146.660263062,37.74021505376344,-122.45870708920026	203.076339722,37.74021505376344,-122.45556063380039	236.652984619,37.74021505376344,-122.45241417840052	194.584869385,37.74021505376344,-122.44926772300063	185.849380493,37.74021505376344,-122.44612126760076	125.443908691,37.74021505376344,-122.44297481220089	142.38053894,37.74021505376344,-122.43982835680102	167.774154663,37.74021505376344,-122.43668190140114	147.105728149,37.74021505376344,-122.43353544600127	90.854942322,37.74021505376344,-122.4303889906014	61.351787567,37.74021505376344,-122.42724253520153	49.981277466,37.74021505376344,-122.42409607980166	57.319484711,37.74021505376344,-122.42094962440179	76.390464783,37.74021505376344,-122.41780316900191	77.128250122,37.74021505376344,-122.41465671360204	40.96068573,37.74021505376344,-122.41151025820217	12.455522537,37.74021505376344,-122.40836380280228	4.882170677,37.74021505376344,-122.40521734740241	5.367064476,37.74021505376344,-122.40207089200254	5.5687747,37.74021505376344,-122.39892443660267	5.373517036,37.74021505376344,-122.3957779812028	5.194930553,37.74021505376344,-122.39263152580293	5.818576813,37.74021505376344,-122.38948507040305	5.408991814,37.74021505376344,-122.38633861500318	7.255587101,37.74021505376344,-122.38319215960331	5.039031982,37.74021505376344,-122.38004570420344
-11.702362061,37.738064516129036,-122.54995182786587	-11.787817955,37.738064516129036,-122.54680546387084	-11.822200775,37.738064516129036,-122.54365909987581	-11.810574532,37.738064516129036,-122.54051273588077	-11.706758499,37.738064516129036,-122.53736637188574	-11.621908188,37.738064516129036,-122.53422000789071	-11.615633011,37.738064516129036,-122.53107364389568	-11.575091362,37.738064516129036,-122.52792727990064	-11.569405556,37.738064516129036,-122.52478091590561	-11.575855255,37.738064516129036,-122.52163455191058	-11.055018425,37.738064516129036,-122.51848818791555	-8.794243813,37.738064516129036,-122.51534182392051	-3.017306328,37.738064516129036,-122.51219545992548	0.17374827,37.738064516129036,-122.50904909593045	7.465794563,37.738064516129036,-122.50590273193542	14.617523193,37.738064516129036,-122.50275636794038	22.206140518,37.738064516129036,-122.49961000394535	25.464420319,37.738064516129036,-122.49646363995032	28.134189606,37.738064516129036,-122.49331727595529	31.416658401,37.738064516129036,-122.49017091196025	46.928806305,37.738064516129036,-122.48702454796522	54.35572052,37.738064516129036,-122.48387818397019	66.273277283,37.738064516129036,-122.48073181997516	75.869682312,37.738064516129036,-122.47758545598012	101.972518921,37.738064516129036,-122.47443909198509	82.522880554,37.738064516129036,-122.47129272799006	100.62171936,37.738064516129036,-122.46814636399503	120.656509399,37.738064516129036,-122.46499999999999	161.638793945,37.738064516129036,-122.46185363600496	187.326187134,37.738064516129036,-122.45870727200993	246.742263794,37.738064516129036,-122.4555609080149	244.048156738,37.738064516129036,-122.45241454401987	193.569519043,37.738064516129036,-122.44926818002483	185.468475342,37.738064516129036,-122.4461218160298	161.568557739,37.738064516129036,-122.44297545203477	107.211891174,37.738064516129036,-122.43982908803974	125.459922791,37.738064516129036,-122.4366827240447	118.76865387,37.738064516129036,-122.43353636004967	122.960357666,37.738064516129036,-122.43038999605464	83.021942139,37.738064516129036,-122.42724363205961	62.747337341,37.738064516129036,-122.42409726806457	82.494529724,37.738064516129036,-122.42095090406954	68.977714539,37.738064516129036,-122.41780454007451	56.056819916,37.738064516129036,-122.41465817607948	50.723907471,37.738064516129036,-122.41151181208444	13.028326988,37.738064516129036,-122.40836544808941	5.897446632,37.738064516129036,-122.40521908409438	10.294003487,37.738064516129036,-122.40207272009935	11.258290291,37.738064516129036,-122.39892635610431	12.097908974,37.738064516129036,-122.39577999210928	8.735249519,37.738064516129036,-122.39263362811425	10.685605049,37.738064516129036,-122.38948726411923	25.076633453,37.738064516129036,-122.38634090012418	18.973173141,37.738064516129036,-122.38319453612915	9.951378822,37.738064516129036,-122.38004817213412
-11.778177261,37.73591397849462,-122.54994936019823	-11.907356262,37.73591397849462,-122.54680308759829	-12.011094093,37.73591397849462,-122.54365681499836	-12.074800491,37.73591397849462,-122.54051054239842	-12.091032028,37.73591397849462,-122.53736426979849	-12.082611084,37.73591397849462,-122.53421799719855	-12.029671669,37.73591397849462,-122.53107172459862	-12.015385628,37.73591397849462,-122.52792545199868	-11.90046978,37.73591397849462,-122.52477917939875	-11.84283638,37.73591397849462,-122.52163290679881	-11.320278168,37.73591397849462,-122.51848663419888	-9.202630043,37.73591397849462,-122.51534036159894	-3.986210346,37.73591397849462,-122.51219408899901	-1.070000052,37.73591397849462,-122.50904781639908	7.663768291,37.73591397849462,-122.50590154379914	14.389219284,37.73591397849462,-122.5027552711992	20.980695724,37.73591397849462,-122.49960899859927	30.387254715,37.73591397849462,-122.49646272599934	33.724067688,37.73591397849462,-122.4933164533994	32.327484131,37.73591397849462,-122.49017018079947	15.27280426,37.73591397849462,-122.48702390819953	29.207208633,37.73591397849462,-122.4838776355996	31.611911774,37.73591397849462,-122.48073136299966	37.362148285,37.73591397849462,-122.47758509039973	71.355514526,37.73591397849462,-122.4744388177998	83.349105835,37.73591397849462,-122.47129254519986	104.657066345,37.73591397849462,-122.46814627259992	124.147254944,37.73591397849462,-122.46499999999999	149.385742188,37.73591397849462,-122.46185372740005	206.549911499,37.73591397849462,-122.45870745480012	232.999862671,37.73591397849462,-122.45556118220019	212.241928101,37.73591397849462,-122.45241490960025	143.745910645,37.73591397849462,-122.44926863700032	162.680725098,37.73591397849462,-122.44612236440038	96.77897644,37.73591397849462,-122.44297609180045	70.808006287,37.73591397849462,-122.43982981920051	82.630714417,37.73591397849462,-122.43668354660058	78.35244751,37.73591397849462,-122.43353727400064	82.752906799,37.73591397849462,-122.43039100140071	59.166313171,37.73591397849462,-122.42724472880077	69.213302612,37.73591397849462,-122.42409845620084	73.911705017,37.73591397849462,-122.4209521836009	61.343288422,37.73591397849462,-122.41780591100097	32.070617676,37.73591397849462,-122.41465963840103	23.445810318,37.73591397849462,-122.4115133658011	5.680629253,37.73591397849462,-122.40836709320116	31.393959045,37.73591397849462,-122.40522082060123	45.907016754,37.73591397849462,-122.4020745480013	41.182922363,37.73591397849462,-122.39892827540136	31.162969589,37.73591397849462,-122.39578200280143	19.445474625,37.73591397849462,-122.39263573020149	20.900533676,37.73591397849462,-122.38948945760156	61.692432404,37.73591397849462,-122.38634318500162	52.370819092,37.73591397849462,-122.38319691240169	36.68661499,37.73591397849462,-122.38005063980175
-11.690729141,37.733763440860216,-122.54994689279361	-11.690514565,37.733763440860216,-122.54680071157904	-11.735787392,37.733763440860216,-122.54365453036445	-11.879425049,37.733763440860216,-122.54050834914987	-11.949273109,37.733763440860216,-122.5373621679353	-12.012420654,37.733763440860216,-122.53421598672072	-12.117128372,37.733763440860216,-122.53106980550614	-12.010224342,37.733763440860216,-122.52792362429156	-12.259651184,37.733763440860216,-122.52477744307699	-11.924103737,37.733763440860216,-122.52163126186241	-11.582602501,37.733763440860216,-122.51848508064782	-9.563298225,37.733763440860216,-122.51533889943325	-4.976820946,37.733763440860216,-122.51219271821867	-1.2e-08,37.733763440860216,-122.5090465370041	5.659903526,37.733763440860216,-122.5059003557895	6.001817703,37.733763440860216,-122.50275417457493	8.207803726,37.733763440860216,-122.49960799336036	25.605979919,37.733763440860216,-122.49646181214578	34.437740326,37.733763440860216,-122.49331563093119	36.214698792,37.733763440860216,-122.49016944971662	37.056545258,37.733763440860216,-122.48702326850204	45.340118408,37.733763440860216,-122.48387708728747	54.016490936,37.733763440860216,-122.48073090607288	61.471698761,37.733763440860216,-122.4775847248583	71.084205627,37.733763440860216,-122.47443854364373	83.540649414,37.733763440860216,-122.47129236242915	102.218307495,37.733763440860216,-122.46814618121456	117.941589355,37.733763440860216,-122.46499999999999	164.429031372,37.733763440860216,-122.46185381878541	159.259902954,37.733763440860216,-122.45870763757082	157.024032593,37.733763440860216,-122.45556145635625	149.612319946,37.733763440860216,-122.45241527514168	120.544235229,37.733763440860216,-122.4492690939271	140.395477295,37.733763440860216,-122.44612291271251	131.373519897,37.733763440860216,-122.44297673149794	117.034210205,37.733763440860216,-122.43983055028336	69.537117004,37.733763440860216,-122.43668436906879	52.484054565,37.733763440860216,-122.4335381878542	58.837219238,37.733763440860216,-122.43039200663962	49.853149414,37.733763440860216,-122.42724582542505	50.661621094,37.733763440860216,-122.42409964421047	48.885566711,37.733763440860216,-122.42095346299588	46.034046173,37.733763440860216,-122.41780728178131	30.31485939,37.733763440860216,-122.41466110056673	9.475626945,37.733763440860216,-122.41151491935216	13.69950676,37.733763440860216,-122.40836873813757	22.115379333,37.733763440860216,-122.405222556923	31.589260101,37.733763440860216,-122.40207637570842	52.963855743,37.733763440860216,-122.39893019449384	67.555023193,37.733763440860216,-122.39578401327925	34.592365265,37.733763440860216,-122.39263783206468	30.708740234,37.733763440860216,-122.3894916508501	60.681919098,37.733763440860216,-122.38634546963553	82.164772034,37.733763440860216,-122.38319928842094	34.82490921,37.733763440860216,-122.38005310720636
-11.821622849,37.73161290322581,-122.549944425652	-11.897237778,37.73161290322581,-122.54679833581304	-11.841352463,37.73161290322581,-122.54365224597407	-11.945281029,37.73161290322581,-122.54050615613511	-12.014182091,37.73161290322581,-122.53736006629615	-12.13653183,37.73161290322581,-122.53421397645718	-12.135293961,37.73161290322581,-122.53106788661822	-12.238172531,37.73161290322581,-122.52792179677925	-12.217884064,37.73161290322581,-122.52477570694029	-12.19630909,37.73161290322581,-122.52162961710133	-11.777971268,37.73161290322581,-122.51848352726236	-9.981287956,37.73161290322581,-122.5153374374234	-5.524205208,37.73161290322581,-122.51219134758445	-1.760663748,37.73161290322581,-122.50904525774548	6.059790134,37.73161290322581,-122.50589916790652	8.219167709,37.73161290322581,-122.50275307806756	13.705378532,37.73161290322581,-122.49960698822859	17.860311508,37.73161290322581,-122.49646089838963	23.665300369,37.73161290322581,-122.49331480855066	29.654094696,37.73161290322581,-122.4901687187117	34.998859406,37.73161290322581,-122.48702262887274	40.539218903,37.73161290322581,-122.48387653903377	47.024036407,37.73161290322581,-122.48073044919481	57.76675415,37.73161290322581,-122.47758435935584	68.225990295,37.73161290322581,-122.47443826951688	79.379188538,37.73161290322581,-122.47129217967792	96.86630249,37.73161290322581,-122.46814608983895	119.447608948,37.73161290322581,-122.46499999999999	158.221923828,37.73161290322581,-122.46185391016103	142.947631836,37.73161290322581,-122.45870782032206	131.743301392,37.73161290322581,-122.4555617304831	114.454063416,37.73161290322581,-122.45241564064413	101.687042236,37.73161290322581,-122.44926955080517	85.971855164,37.73161290322581,-122.4461234609662	84.264892578,37.73161290322581,-122.44297737112724	73.759422302,37.73161290322581,-122.43983128128828	66.068962097,37.73161290322581,-122.43668519144933	53.063461304,37.73161290322581,-122.43353910161036	32.376846313,37.73161290322581,-122.4303930117714	30.851846695,37.73161290322581,-122.42724692193244	26.890581131,37.73161290322581,-122.42410083209347	27.392297745,37.73161290322581,-122.42095474225451	26.787725449,37.73161290322581,-122.41780865241554	23.858869553,37.73161290322581,-122.41466256257658	29.580389023,37.73161290322581,-122.41151647273762	24.711265564,37.73161290322581,-122.40837038289865	23.406068802,37.73161290322581,-122.40522429305969	20.345470428,37.73161290322581,-122.40207820322073	26.06943512,37.73161290322581,-122.39893211338176	37.388679504,37.73161290322581,-122.3957860235428	32.473712921,37.73161290322581,-122.39263993370383	25.287290573,37.73161290322581,-122.38949384386487	40.00409317,37.73161290322581,-122.3863477540259	61.195884705,37.73161290322581,-122.38320166418694	71.938491821,37.73161290322581,-122.38005557434798
-12.039199829,37.729462365591395,-122.54994195877336	-12.0642519,37.729462365591395,-122.54679596030027	-12.073660851,37.729462365591395,-122.54364996182719	-12.029203415,37.729462365591395,-122.5405039633541	-12.106220245,37.729462365591395,-122.53735796488101	-12.089650154,37.729462365591395,-122.53421196640792	-12.139560699,37.729462365591395,-122.53106596793484	-12.216358185,37.729462365591395,-122.52791996946175	-12.309488297,37.729462365591395,-122.52477397098866	-12.207109451,37.729462365591395,-122.52162797251557	-11.871907234,37.729462365591395,-122.51848197404249	-10.336985588,37.729462365591395,-122.5153359755694	-6.003180027,37.729462365591395,-122.51218997709631	-2.538170815,37.729462365591395,-122.50904397862323	16.511060715,37.729462365591395,-122.50589798015014	20.138715744,37.729462365591395,-122.50275198167705	5.550000191,37.729462365591395,-122.49960598320396	18.654375076,37.729462365591395,-122.49645998473088	22.129613876,37.729462365591395,-122.49331398625779	12.087673187,37.729462365591395,-122.4901679877847	28.928384781,37.729462365591395,-122.48702198931161	26.393028259,37.729462365591395,-122.48387599083853	28.987075806,37.729462365591395,-122.48072999236544	45.330444336,37.729462365591395,-122.47758399389235	57.838531494,37.729462365591395,-122.47443799541927	69.53881073,37.729462365591395,-122.47129199694618	86.944854736,37.729462365591395,-122.46814599847309	110.386421204,37.729462365591395,-122.465	146.208496094,37.729462365591395,-122.46185400152692	115.807884216,37.729462365591395,-122.45870800305383	109.999389648,37.729462365591395,-122.45556200458074	104.258659363,37.729462365591395,-122.45241600610765	99.030281067,37.729462365591395,-122.44927000763457	72.286499023,37.729462365591395,-122.44612400916148	58.267536163,37.729462365591395,-122.44297801068839	48.673389435,37.729462365591395,-122.4398320122153	40.84173584,37.729462365591395,-122.43668601374222	39.528568268,37.729462365591395,-122.43354001526913	46.145423889,37.729462365591395,-122.43039401679603	52.603702545,37.729462365591395,-122.42724801832294	49.762134552,37.729462365591395,-122.42410201984985	58.11100769,37.729462365591395,-122.42095602137677	75.716888428,37.729462365591395,-122.41781002290368	56.208896637,37.729462365591395,-122.41466402443059	40.333778381,37.729462365591395,-122.4115180259575	31.466840744,37.729462365591395,-122.40837202748442	24.439067841,37.729462365591395,-122.40522602901133	18.464258194,37.729462365591395,-122.40208003053824	16.279098511,37.729462365591395,-122.39893403206516	14.397812843,37.729462365591395,-122.39578803359207	16.034700394,37.729462365591395,-122.39264203511898	13.862848282,37.729462365591395,-122.3894960366459	16.788576126,37.729462365591395,-122.38635003817281	19.123872757,37.729462365591395,-122.38320403969972	29.353021622,37.729462365591395,-122.38005804122663
-12.197185516,37.72731182795699,-122.54993949215765	-12.289363861,37.72731182795699,-122.5467935850407	-12.30302906,37.72731182795699,-122.54364767792374	-12.250535965,37.72731182795699,-122.5405017708068	-12.372415543,37.72731182795699,-122.53735586368985	-12.357010841,37.72731182795699,-122.5342099565729	-12.252603531,37.72731182795699,-122.53106404945595	-12.321490288,37.72731182795699,-122.527918142339	-12.227237701,37.72731182795699,-122.52477223522204	-12.060757637,37.72731182795699,-122.5216263281051	-11.592652321,37.72731182795699,-122.51848042098815	-10.561243057,37.72731182795699,-122.5153345138712	-6.334972382,37.72731182795699,-122.51218860675425	-2.852587223,37.72731182795699,-122.50904269963729	16.233139038,37.72731182795699,-122.50589679252035	28.652353287,37.72731182795699,-122.5027508854034	5.550000191,37.72731182795699,-122.49960497828644	5.550000191,37.72731182795699,-122.4964590711695	7.148211479,37.72731182795699,-122.49331316405255	5.550000191,37.72731182795699,-122.49016725693559	5.550000191,37.72731182795699,-122.48702134981865	24.807445526,37.72731182795699,-122.4838754427017	37.791233063,37.72731182795699,-122.48072953558474	49.919090271,37.72731182795699,-122.4775836284678	56.7318573,37.72731182795699,-122.47443772135085	70.06199646,37.72731182795699,-122.4712918142339	90.415420532,37.72731182795699,-122.46814590711695	89.297729492,37.72731182795699,-122.465	111.526023865,37.72731182795699,-122.46185409288304	97.517478943,37.72731182795699,-122.4587081857661	98.639663696,37.72731182795699,-122.45556227864915	98.063308716,37.72731182795699,-122.4524163715322	85.594528198,37.72731182795699,-122.44927046441525	78.150444031,37.72731182795699,-122.4461245572983	58.89919281,37.72731182795699,-122.44297865018135	46.362773895,37.72731182795699,-122.4398327430644	39.11208725,37.72731182795699,-122.43668683594744	51.730155945,37.72731182795699,-122.4335409288305	59.993652344,37.72731182795699,-122.43039502171355	81.446662903,37.72731182795699,-122.42724911459659	97.659042358,37.72731182795699,-122.42410320747965	88.581130981,37.72731182795699,-122.4209573003627	73.552619934,37.72731182795699,-122.41781139324574	54.673664093,37.72731182795699,-122.4146654861288	50.564750671,37.72731182795699,-122.41151957901185	33.530231476,37.72731182795699,-122.40837367189489	23.667833328,37.72731182795699,-122.40522776477795	17.331882477,37.72731182795699,-122.402081857661	12.268588066,37.72731182795699,-122.39893595054404	7.730278015,37.72731182795699,-122.3957900434271	7.614791393,37.72731182795699,-122.39264413631015	5.220240593,37.72731182795699,-122.3894982291932	7.169828892,37.72731182795699,-122.38635232207625	6.510948181,37.72731182795699,-122.3832064149593	5.818586349,37.72731182795699,-122.38006050784234
-12.63675499,37.72516129032258,-122.54993702580484	-12.558335304,37.72516129032258,-122.54679121003429	-12.489754677,37.72516129032258,-122.54364539426373	-12.548336029,37.72516129032258,-122.54049957849318	-12.555943489,37.72516129032258,-122.53735376272263	-12.925851822,37.72516129032258,-122.5342079469521	-12.578298569,37.72516129032258,-122.53106213118154	-12.321462631,37.72516129032258,-122.52791631541099	-12.430109978,37.72516129032258,-122.52477049964044	-11.937488556,37.72516129032258,-122.52162468386989	-11.192092896,37.72516129032258,-122.51847886809934	-10.465431213,37.72516129032258,-122.51533305232878	-7.15629673,37.72516129032258,-122.51218723655823	-2.769702673,37.72516129032258,-122.5090414207877	20.917863846,37.72516129032258,-122.50589560501714	9.660581589,37.72516129032258,-122.5027497892466	5.559999943,37.72516129032258,-122.49960397347604	5.550000191,37.72516129032258,-122.49645815770549	17.364439011,37.72516129032258,-122.49331234193494	23.608955383,37.72516129032258,-122.49016652616439	25.915618896,37.72516129032258,-122.48702071039384	13.32317543,37.72516129032258,-122.48387489462328	15.761844635,37.72516129032258,-122.48072907885275	29.95145607,37.72516129032258,-122.4775832630822	48.585102081,37.72516129032258,-122.47443744731164	55.283718109,37.72516129032258,-122.47129163154109	63.257148743,37.72516129032258,-122.46814581577054	70.883659363,37.72516129032258,-122.46499999999999	76.264823914,37.72516129032258,-122.46185418422944	83.614929199,37.72516129032258,-122.45870836845889	96.117507935,37.72516129032258,-122.45556255268835	95.718818665,37.72516129032258,-122.4524167369178	88.736312866,37.72516129032258,-122.44927092114725	65.264297485,37.72516129032258,-122.4461251053767	54.694232941,37.72516129032258,-122.44297928960614	44.561206818,37.72516129032258,-122.43983347383559	48.857479095,37.72516129032258,-122.43668765806504	60.090900421,37.72516129032258,-122.43354184229449	72.433334351,37.72516129032258,-122.43039602652394	106.368667603,37.72516129032258,-122.4272502107534	135.823348999,37.72516129032258,-122.42410439498285	115.019203186,37.72516129032258,-122.4209585792123	80.769065857,37.72516129032258,-122.41781276344175	63.18378067,37.72516129032258,-122.4146669476712	56.636146545,37.72516129032258,-122.41152113190064	33.85150528,37.72516129032258,-122.40837531613009	22.871107101,37.72516129032258,-122.40522950035954	20.553144455,37.72516129032258,-122.402083684589	13.840249062,37.72516129032258,-122.39893786881845	7.571062565,37.72516129032258,-122.3957920530479	5.37335968,37.72516129032258,-122.39264623727735	4.350195408,37.72516129032258,-122.3895004215068	3.634726763,37.72516129032258,-122.38635460573624	9.589822769,37.72516129032258,-122.38320878996569	4.911324978,37.72516129032258,-122.38006297419514
-13.067349434,37.723010752688175,-122.54993455971491	-12.991549492,37.723010752688175,-122.54678883528102	-12.912164688,37.723010752688175,-122.54364311084714	-12.716326714,37.723010752688175,-122.54049738641325	-12.859740257,37.723010752688175,-122.53735166197937	-12.649448395,37.723010752688175,-122.53420593754548	-12.667391777,37.723010752688175,-122.5310602131116	-12.660295486,37.723010752688175,-122.52791448867771	-12.622655869,37.723010752688175,-122.52476876424383	-11.608794212,37.723010752688175,-122.52162303980994	-11.182264328,37.723010752688175,-122.51847731537606	-10.751717567,37.723010752688175,-122.51533159094217	-8.012150764,37.723010752688175,-122.51218586650829	-2.591475964,37.723010752688175,-122.5090401420744	2.63885951,37.723010752688175,-122.5058944176405	19.504524231,37.723010752688175,-122.50274869320663	5.559999943,37.723010752688175,-122.49960296877273	13.134352684,37.723010752688175,-122.49645724433886	16.766014099,37.723010752688175,-122.49331151990496	21.767765045,37.723010752688175,-122.49016579547109	27.249538422,37.723010752688175,-122.4870200710372	29.211559296,37.723010752688175,-122.48387434660332	32.919902802,37.723010752688175,-122.48072862216942	40.272449493,37.723010752688175,-122.47758289773554	50.112236023,37.723010752688175,-122.47443717330165	62.436222076,37.723010752688175,-122.47129144886776	71.668907166,37.723010752688175,-122.46814572443388	73.605560303,37.723010752688175,-122.46499999999999	80.046928406,37.723010752688175,-122.46185427556611	87.617286682,37.723010752688175,-122.45870855113222	92.298416138,37.723010752688175,-122.45556282669834	92.295158386,37.723010752688175,-122.45241710226445	78.604324341,37.723010752688175,-122.44927137783057	63.223758698,37.723010752688175,-122.44612565339668	54.652519226,37.723010752688175,-122.4429799289628	46.657844543,37.723010752688175,-122.4398342045289	52.250602722,37.723010752688175,-122.43668848009503	65.578781128,37.723010752688175,-122.43354275566114	80.255729675,37.723010752688175,-122.43039703122724	107.191253662,37.723010752688175,-122.42725130679337	152.761291504,37.723010752688175,-122.42410558235947	108.53440094,37.723010752688175,-122.4209598579256	73.39995575,37.723010752688175,-122.4178141334917	60.285251617,37.723010752688175,-122.41466840905782	45.67874527,37.723010752688175,-122.41152268462393	44.555534363,37.723010752688175,-122.40837696019005	66.358123779,37.723010752688175,-122.40523123575616	25.821557999,37.723010752688175,-122.40208551132228	21.525499344,37.723010752688175,-122.39893978688839	10.497471809,37.723010752688175,-122.39579406245451	6.201220512,37.723010752688175,-122.39264833802062	4.38663435,37.723010752688175,-122.38950261358673	3.058764219,37.723010752688175,-122.38635688915285	2.0157969,37.723010752688175,-122.38321116471896	1.173280239,37.723010752688175,-122.38006544028508
-13.452395439,37.72086021505376,-122.54993209388783	-13.451067924,37.72086021505376,-122.54678646078088	-13.374249458,37.72086021505376,-122.54364082767393	-13.220602989,37.72086021505376,-122.54049519456696	-13.128768921,37.72086021505376,-122.53734956146	-12.966732979,37.72086021505376,-122.53420392835305	-12.820838928,37.72086021505376,-122.5310582952461	-13.076398849,37.72086021505376,-122.52791266213913	-13.13629818,37.72086021505376,-122.52476702903218	-12.396464348,37.72086021505376,-122.52162139592522	-11.980965614,37.72086021505376,-122.51847576281827	-11.276603699,37.72086021505376,-122.5153301297113	-9.102239609,37.72086021505376,-122.51218449660435	-2.586265802,37.72086021505376,-122.5090388634974	1.089185238,37.72086021505376,-122.50589323039044	39.430164337,37.72086021505376,-122.50274759728347	5.85696888,37.72086021505376,-122.49960196417652	5.559999943,37.72086021505376,-122.49645633106957	5.559999943,37.72086021505376,-122.49331069796261	23.600353241,37.72086021505376,-122.49016506485565	26.109048843,37.72086021505376,-122.48701943174869	32.712097168,37.72086021505376,-122.48387379864174	36.247383118,37.72086021505376,-122.48072816553479	44.486377716,37.72086021505376,-122.47758253242782	55.330413818,37.72086021505376,-122.47443689932086	70.435554504,37.72086021505376,-122.47129126621391	81.699966431,37.72086021505376,-122.46814563310696	92.354858398,37.72086021505376,-122.46499999999999	95.797157288,37.72086021505376,-122.46185436689304	97.892204285,37.72086021505376,-122.45870873378608	101.605575562,37.72086021505376,-122.45556310067913	109.650283813,37.72086021505376,-122.45241746757216	80.26890564,37.72086021505376,-122.44927183446521	66.041885376,37.72086021505376,-122.44612620135825	50.379272461,37.72086021505376,-122.4429805682513	48.038898468,37.72086021505376,-122.43983493514433	58.990394592,37.72086021505376,-122.43668930203738	70.537063599,37.72086021505376,-122.43354366893043	83.052093506,37.72086021505376,-122.43039803582347	99.644630432,37.72086021505376,-122.4272524027165	137.196868896,37.72086021505376,-122.42410676960955	128.346389771,37.72086021505376,-122.4209611365026	107.283592224,37.72086021505376,-122.41781550339564	81.197853088,37.72086021505376,-122.41466987028869	93.536186218,37.72086021505376,-122.41152423718172	89.077301025,37.72086021505376,-122.40837860407477	83.2579422,37.72086021505376,-122.40523297096782	57.959125519,37.72086021505376,-122.40208733786086	26.700500488,37.72086021505376,-122.3989417047539	12.477176666,37.72086021505376,-122.39579607164694	10.068518639,37.72086021505376,-122.39265043853999	7.562630177,37.72086021505376,-122.38950480543303	10.63966465,37.72086021505376,-122.38635917232607	1.346402407,37.72086021505376,-122.38321353921911	0.0,37.72086021505376,-122.38006790611216
-14.162743568,37.718709677419355,-122.54992962832357	-13.940243721,37.718709677419355,-122.5467840865338	-13.851279259,37.718709677419355,-122.54363854474404	-13.792084694,37.718709677419355,-122.54049300295428	-13.531430244,37.718709677419355,-122.53734746116452	-13.460124969,37.718709677419355,-122.53420191937475	-14.38822937,37.718709677419355,-122.531056377585	-13.57381916,37.718709677419355,-122.52791083579524	-13.221323013,37.718709677419355,-122.52476529400548	-13.051768303,37.718709677419355,-122.52161975221571	-12.544654846,37.718709677419355,-122.51847421042595	-11.808310509,37.718709677419355,-122.51532866863619	-9.835281372,37.718709677419355,-122.51218312684642	-3.59159708,37.718709677419355,-122.50903758505666	0.364969373,37.718709677419355,-122.5058920432669	54.918731689,37.718709677419355,-122.50274650147713	20.579730988,37.718709677419355,-122.49960095968737	5.559999943,37.718709677419355,-122.49645541789761	5.559999943,37.718709677419355,-122.49330987610786	6.202614784,37.718709677419355,-122.4901643343181	30.167154312,37.718709677419355,-122.48701879252833	34.411575317,37.718709677419355,-122.48387325073857	39.947689056,37.718709677419355,-122.4807277089488	45.944591522,37.718709677419355,-122.47758216715904	60.469242096,37.718709677419355,-122.47443662536928	78.774406433,37.718709677419355,-122.47129108357952	112.450942993,37.718709677419355,-122.46814554178975	122.106193542,37.718709677419355,-122.46499999999999	146.352233887,37.718709677419355,-122.46185445821023	122.37878418,37.718709677419355,-122.45870891642046	125.610244751,37.718709677419355,-122.45556337463071	123.332710266,37.718709677419355,-122.45241783284095	92.805664062,37.718709677419355,-122.44927229105119	63.775238037,37.718709677419355,-122.44612674926142	55.012493134,37.718709677419355,-122.44298120747166	53.145050049,37.718709677419355,-122.4398356656819	80.109672546,37.718709677419355,-122.43669012389213	89.92817688,37.718709677419355,-122.43354458210237	86.923744202,37.718709677419355,-122.43039904031261	98.715919495,37.718709677419355,-122.42725349852284	123.205680847,37.718709677419355,-122.42410795673308	144.89805603,37.718709677419355,-122.42096241494333	128.806289673,37.718709677419355,-122.41781687315357	111.274505615,37.718709677419355,-122.4146713313638	118.510696411,37.718709677419355,-122.41152578957404	108.144508362,37.718709677419355,-122.40838024778428	88.246032715,37.718709677419355,-122.40523470599452	79.294616699,37.718709677419355,-122.40208916420475	39.96761322,37.718709677419355,-122.39894362241499	40.613265991,37.718709677419355,-122.39579808062523	27.47196579,37.718709677419355,-122.39265253883546	7.99434185,37.718709677419355,-122.3895069970457	6.193356037,37.718709677419355,-122.38636145525594	5.50719595,37.718709677419355,-122.38321591346619	0.120607562,37.718709677419355,-122.38007037167642
-15.06719017,37.71655913978495,-122.54992716302209	-14.849671364,37.71655913978495,-122.5467817125398	-14.550769806,37.71655913978495,-122.54363626205749	-14.381113052,37.71655913978495,-122.5404908115752	-14.272258759,37.71655913978495,-122.53734536109289	-14.036214828,37.71655913978495,-122.5341999106106	-13.851448059,37.71655913978495,-122.53105446012829	-13.682470322,37.71655913978495,-122.527909009646	-13.621792793,37.71655913978495,-122.52476355916369	-13.352045059,37.71655913978495,-122.5216181086814	-12.824799538,37.71655913978495,-122.51847265819909	-12.177731514,37.71655913978495,-122.5153272077168	-10.695101738,37.71655913978495,-122.51218175723449	-5.137027264,37.71655913978495,-122.5090363067522	0.0,37.71655913978495,-122.50589085626989	58.13640976,37.71655913978495,-122.50274540578759	44.742580414,37.71655913978495,-122.49959995530529	14.343234062,37.71655913978495,-122.49645450482299	5.559999943,37.71655913978495,-122.49330905434068	5.559999943,37.71655913978495,-122.49016360385839	5.559999943,37.71655913978495,-122.4870181533761	36.28327179,37.71655913978495,-122.48387270289379	41.011131287,37.71655913978495,-122.4807272524115	48.820102692,37.71655913978495,-122.47758180192919	58.867801666,37.71655913978495,-122.4744363514469	76.297660828,37.71655913978495,-122.47129090096459	119.217376709,37.71655913978495,-122.4681454504823	124.402961731,37.71655913978495,-122.46499999999999	124.354179382,37.71655913978495,-122.4618545495177	116.161941528,37.71655913978495,-122.45870909903539	130.863891602,37.71655913978495,-122.4555636485531	111.28717041,37.71655913978495,-122.45241819807079	81.07484436,37.71655913978495,-122.4492727475885	56.193840027,37.71655913978495,-122.44612729710619	65.132553101,37.71655913978495,-122.4429818466239	59.973426819,37.71655913978495,-122.43983639614159	74.751052856,37.71655913978495,-122.4366909456593	76.05430603,37.71655913978495,-122.43354549517699	81.814682007,37.71655913978495,-122.4304000446947	105.378845215,37.71655913978495,-122.42725459421239	99.707115173,37.71655913978495,-122.42410914373009	85.450241089,37.71655913978495,-122.4209636932478	76.036071777,37.71655913978495,-122.41781824276549	80.279808044,37.71655913978495,-122.4146727922832	82.982757568,37.71655913978495,-122.41152734180089	64.031646729,37.71655913978495,-122.4083818913186	59.615921021,37.71655913978495,-122.40523644083629	70.861991882,37.71655913978495,-122.402090990354	42.805473328,37.71655913978495,-122.39894553987169	85.198860168,37.71655913978495,-122.3958000893894	71.580825806,37.71655913978495,-122.39265463890709	30.353136063,37.71655913978495,-122.3895091884248	7.298743248,37.71655913978495,-122.38636373794249	4.153866768,37.71655913978495,-122.3832182874602	5.200631142,37.71655913978495,-122.38007283697789
-15.841738701,37.714408602150534,-122.54992469798337	-15.521712303,37.714408602150534,-122.5467793387988	-15.342153549,37.714408602150534,-122.54363397961423	-15.213256836,37.714408602150534,-122.54048862042966	-14.979791641,37.714408602150534,-122.5373432612451	-14.543560028,37.714408602150534,-122.53419790206053	-14.292666435,37.714408602150534,-122.53105254287595	-14.1920681,37.714408602150534,-122.52790718369138	-14.190596581,37.714408602150534,-122.52476182450681	-13.81227684,37.714408602150534,-122.52161646532224	-13.312665939,37.714408602150534,-122.51847110613768	-12.582204819,37.714408602150534,-122.51532574695311	-11.353815079,37.714408602150534,-122.51218038776854	-6.846178532,37.714408602150534,-122.50903502858397	0.0,37.714408602150534,-122.5058896693994	55.540496826,37.714408602150534,-122.50274431021482	58.847270966,37.714408602150534,-122.49959895103025	36.87505722,37.714408602150534,-122.4964535918457	13.642565727,37.714408602150534,-122.49330823266112	5.559999943,37.714408602150534,-122.49016287347655	5.559999943,37.714408602150534,-122.48701751429198	14.088504791,37.714408602150534,-122.4838721551074	19.789773941,37.714408602150534,-122.48072679592283	23.028251648,37.714408602150534,-122.47758143673828	49.326725006,37.714408602150534,-122.4744360775537	65.007873535,37.714408602150534,-122.47129071836913	81.220016479,37.714408602150534,-122.46814535918456	93.720329285,37.714408602150534,-122.46499999999999	95.142990112,37.714408602150534,-122.46185464081542	100.144165039,37.714408602150534,-122.45870928163085	101.217903137,37.714408602150534,-122.45556392244629	104.366859436,37.714408602150534,-122.45241856326172	63.870956421,37.714408602150534,-122.44927320407714	70.459381104,37.714408602150534,-122.44612784489257	71.390068054,37.714408602150534,-122.442982485708	73.219047546,37.714408602150534,-122.43983712652343	70.152900696,37.714408602150534,-122.43669176733887	75.285697937,37.714408602150534,-122.4335464081543	74.738510132,37.714408602150534,-122.43040104896973	83.099006653,37.714408602150534,-122.42725568978516	70.088653564,37.714408602150534,-122.42411033060058	55.050079346,37.714408602150534,-122.42096497141601	47.237873077,37.714408602150534,-122.41781961223144	46.279254913,37.714408602150534,-122.41467425304688	50.107967377,37.714408602150534,-122.41152889386231	34.468860626,37.714408602150534,-122.40838353467774	35.829025269,37.714408602150534,-122.40523817549317	40.045154572,37.714408602150534,-122.4020928163086	52.180454254,37.714408602150534,-122.39894745712402	68.103866577,37.714408602150534,-122.39580209793945	114.075424194,37.714408602150534,-122.3926567387549	60.625377655,37.714408602150534,-122.38951137957032	8.725691795,37.714408602150534,-122.38636602038575	9.352869034,37.714408602150534,-122.38322066120118	5.504099369,37.714408602150534,-122.3800753020166
-16.61015892,37.71225806451613,-122.54992223320738	-16.575437546,37.71225806451613,-122.54677696531081	-16.073740005,37.71225806451613,-122.54363169741424	-15.89921093,37.71225806451613,-122.54048642951767	-15.615663528,37.71225806451613,-122.5373411616211	-15.499550819,37.71225806451613,-122.53419589372453	-15.141853333,37.71225806451613,-122.53105062582796	-14.956043243,37.71225806451613,-122.52790535793139	-14.571014404,37.71225806451613,-122.52476009003482	-14.183080673,37.71225806451613,-122.52161482213825	-13.597324371,37.71225806451613,-122.51846955424168	-12.870423317,37.71225806451613,-122.51532428634512	-11.484360695,37.71225806451613,-122.51217901844855	-8.424235344,37.71225806451613,-122.50903375055198	-3.062913895,37.71225806451613,-122.50588848265541	13.205803871,37.71225806451613,-122.50274321475884	58.222576141,37.71225806451613,-122.49959794686227	58.232280731,37.71225806451613,-122.4964526789657	21.871904373,37.71225806451613,-122.49330741106913	9.836097717,37.71225806451613,-122.49016214317255	5.570000172,37.71225806451613,-122.48701687527598	26.075235367,37.71225806451613,-122.48387160737941	37.865638733,37.71225806451613,-122.48072633948284	47.417381287,37.71225806451613,-122.47758107158627	54.028301239,37.71225806451613,-122.4744358036897	59.433223724,37.71225806451613,-122.47129053579313	63.265724182,37.71225806451613,-122.46814526789656	73.553733826,37.71225806451613,-122.46499999999999	83.297332764,37.71225806451613,-122.46185473210342	92.22026825,37.71225806451613,-122.45870946420685	91.641983032,37.71225806451613,-122.45556419631028	79.436698914,37.71225806451613,-122.4524189284137	84.829536438,37.71225806451613,-122.44927366051714	86.989189148,37.71225806451613,-122.44612839262058	92.79283905,37.71225806451613,-122.44298312472401	91.735389709,37.71225806451613,-122.43983785682744	85.160881042,37.71225806451613,-122.43669258893087	84.44644928,37.71225806451613,-122.4335473210343	74.694694519,37.71225806451613,-122.43040205313773	66.17414856,37.71225806451613,-122.42725678524116	88.13835907,37.71225806451613,-122.42411151734458	53.642757416,37.71225806451613,-122.42096624944801	32.119758606,37.71225806451613,-122.41782098155144	28.923843384,37.71225806451613,-122.41467571365487	24.598213196,37.71225806451613,-122.4115304457583	22.212867737,37.71225806451613,-122.40838517786173	17.755184174,37.71225806451613,-122.40523990996516	19.769617081,37.71225806451613,-122.40209464206859	20.250926971,37.71225806451613,-122.39894937417202	26.305112839,37.71225806451613,-122.39580410627545	25.078208923,37.71225806451613,-122.39265883837888	54.865989685,37.71225806451613,-122.38951357048231	10.695362091,37.71225806451613,-122.38636830258574	11.058363914,37.71225806451613,-122.38322303468917	5.138108253,37.71225806451613,-122.3800777667926
-17.572008133,37.71010752688172,-122.5499197686941	-17.179924011,37.71010752688172,-122.54677459207579	-16.899246216,37.71010752688172,-122.5436294154575	-16.76086998,37.71010752688172,-122.5404842388392	-16.470018387,37.71010752688172,-122.5373390622209	-16.236358643,37.71010752688172,-122.53419388560259	-15.775797844,37.71010752688172,-122.5310487089843	-15.655394554,37.71010752688172,-122.527903532366	-15.282367706,37.71010752688172,-122.5247583557477	-14.808677673,37.71010752688172,-122.5216131791294	-14.025214195,37.71010752688172,-122.5184680025111	-13.17893219,37.71010752688172,-122.5153228258928	-11.78219986,37.71010752688172,-122.51217764927449	-9.721160889,37.71010752688172,-122.5090324726562	-3.450939894,37.71010752688172,-122.5058872960379	3.853692532,37.71010752688172,-122.5027421194196	66.822883606,37.71010752688172,-122.4995969428013	69.96711731,37.71010752688172,-122.496451766183	36.60591507,37.71010752688172,-122.4933065895647	19.869829178,37.71010752688172,-122.49016141294639	5.570000172,37.71010752688172,-122.4870162363281	27.912471771,37.71010752688172,-122.4838710597098	37.724025726,37.71010752688172,-122.4807258830915	44.702877045,37.71010752688172,-122.4775807064732	53.461524963,37.71010752688172,-122.4744355298549	65.903259277,37.71010752688172,-122.4712903532366	76.247451782,37.71010752688172,-122.4681451766183	86.774360657,37.71010752688172,-122.465	94.900840759,37.71010752688172,-122.4618548233817	93.573547363,37.71010752688172,-122.4587096467634	92.923866272,37.71010752688172,-122.45556447014509	89.742141724,37.71010752688172,-122.4524192935268	94.454605103,37.71010752688172,-122.4492741169085	97.156356812,37.71010752688172,-122.4461289402902	103.377754211,37.71010752688172,-122.4429837636719	115.5286026,37.71010752688172,-122.4398385870536	103.651000977,37.71010752688172,-122.4366934104353	95.828277588,37.71010752688172,-122.43354823381699	97.612327576,37.71010752688172,-122.4304030571987	98.492279053,37.71010752688172,-122.4272578805804	51.026176453,37.71010752688172,-122.4241127039621	46.597740173,37.71010752688172,-122.4209675273438	27.664464951,37.71010752688172,-122.4178223507255	19.977212906,37.71010752688172,-122.4146771741072	15.999791145,37.71010752688172,-122.4115319974889	12.599165916,37.71010752688172,-122.4083868208706	9.265144348,37.71010752688172,-122.4052416442523	8.885648727,37.71010752688172,-122.402096467634	17.908802032,37.71010752688172,-122.3989512910157	9.096414566,37.71010752688172,-122.3958061143974	10.248055458,37.71010752688172,-122.3926609377791	6.629293442,37.71010752688172,-122.3895157611608	2.775154591,37.71010752688172,-122.3863705845425	2.963671207,37.71010752688172,-122.3832254079242	5.870129585,37.71010752688172,-122.3800802313059
-18.444803238,37.707956989247315,-122.54991730444347	-18.128252029,37.707956989247315,-122.54677221909371	-17.921998978,37.707956989247315,-122.54362713374395	-17.547111511,37.707956989247315,-122.5404820483942	-17.301597595,37.707956989247315,-122.53733696304444	-16.983522415,37.707956989247315,-122.53419187769468	-16.638648987,37.707956989247315,-122.53104679234492	-16.227046967,37.707956989247315,-122.52790170699517	-15.771947861,37.707956989247315,-122.52475662164541	-15.329441071,37.707956989247315,-122.52161153629564	-14.529334068,37.707956989247315,-122.51846645094588	-13.494420052,37.707956989247315,-122.51532136559612	-12.246738434,37.707956989247315,-122.51217628024636	-10.471164703,37.707956989247315,-122.50903119489661	-4.93906641,37.707956989247315,-122.50588610954685	1.721021056,37.707956989247315,-122.50274102419709	64.431404114,37.707956989247315,-122.49959593884734	65.709060669,37.707956989247315,-122.49645085349758	39.474136353,37.707956989247315,-122.49330576814782	24.374288559,37.707956989247315,-122.49016068279806	18.522838593,37.707956989247315,-122.4870155974483	11.468753815,37.707956989247315,-122.48387051209855	17.144002914,37.707956989247315,-122.48072542674879	34.520915985,37.707956989247315,-122.47758034139903	53.736446381,37.707956989247315,-122.47443525604928	70.244117737,37.707956989247315,-122.47129017069952	82.822471619,37.707956989247315,-122.46814508534975	116.077949524,37.707956989247315,-122.46499999999999	121.809715271,37.707956989247315,-122.46185491465023	104.561973572,37.707956989247315,-122.45870982930047	104.098152161,37.707956989247315,-122.45556474395072	103.624740601,37.707956989247315,-122.45241965860096	106.963447571,37.707956989247315,-122.4492745732512	117.746398926,37.707956989247315,-122.44612948790144	128.992492676,37.707956989247315,-122.44298440255169	144.698669434,37.707956989247315,-122.43983931720193	145.59286499,37.707956989247315,-122.43669423185217	117.021209717,37.707956989247315,-122.43354914650241	129.388092041,37.707956989247315,-122.43040406115266	97.623672485,37.707956989247315,-122.4272589758029	60.183643341,37.707956989247315,-122.42411389045314	40.376277924,37.707956989247315,-122.42096880510339	32.519332886,37.707956989247315,-122.41782371975363	18.732591629,37.707956989247315,-122.41467863440386	9.525291443,37.707956989247315,-122.4115335490541	5.874402523,37.707956989247315,-122.40838846370434	4.524775982,37.707956989247315,-122.40524337835458	5.91917181,37.707956989247315,-122.40209829300483	7.748538017,37.707956989247315,-122.39895320765507	7.634595871,37.707956989247315,-122.39580812230531	-0.479999989,37.707956989247315,-122.39266303695555	0.0,37.707956989247315,-122.3895179516058	0.0,37.707956989247315,-122.38637286625604	0.0,37.707956989247315,-122.38322778090628	-1.070000052,37.707956989247315,-122.38008269555652
-19.143526077,37.7058064516129,-122.54991484045549	-18.935506821,37.7058064516129,-122.54676984636454	-18.744102478,37.7058064516129,-122.5436248522736	-18.478919983,37.7058064516129,-122.54047985818265	-18.111068726,37.7058064516129,-122.5373348640917	-17.682596207,37.7058064516129,-122.53418987000076	-17.303604126,37.7058064516129,-122.53104487590983	-16.911645889,37.7058064516129,-122.52789988181888	-16.371580124,37.7058064516129,-122.52475488772794	-15.851209641,37.7058064516129,-122.52160989363699	-14.98436451,37.7058064516129,-122.51846489954605	-13.923771858,37.7058064516129,-122.5153199054551	-12.613881111,37.7058064516129,-122.51217491136416	-11.011027336,37.7058064516129,-122.50902991727321	-6.434073448,37.7058064516129,-122.50588492318226	1.0,37.7058064516129,-122.50273992909132	32.983695984,37.7058064516129,-122.49959493500039	68.863037109,37.7058064516129,-122.49644994090944	61.804821014,37.7058064516129,-122.4933049468185	44.856056213,37.7058064516129,-122.49015995272755	25.428194046,37.7058064516129,-122.4870149586366	13.215894699,37.7058064516129,-122.48386996454566	28.9031353,37.7058064516129,-122.48072497045472	40.242595673,37.7058064516129,-122.47757997636377	53.560127258,37.7058064516129,-122.47443498227283	65.77922821,37.7058064516129,-122.47128998818188	87.018089294,37.7058064516129,-122.46814499409095	101.747673035,37.7058064516129,-122.465	124.220932007,37.7058064516129,-122.46185500590906	117.613502502,37.7058064516129,-122.45871001181811	118.149925232,37.7058064516129,-122.45556501772717	117.272399902,37.7058064516129,-122.45242002363622	127.042472839,37.7058064516129,-122.44927502954528	148.949188232,37.7058064516129,-122.44613003545433	157.403106689,37.7058064516129,-122.44298504136339	162.618713379,37.7058064516129,-122.43984004727244	182.244155884,37.7058064516129,-122.43669505318151	174.000183105,37.7058064516129,-122.43355005909056	178.603713989,37.7058064516129,-122.43040506499962	127.662086487,37.7058064516129,-122.42726007090867	66.478164673,37.7058064516129,-122.42411507681773	35.244853973,37.7058064516129,-122.42097008272678	26.075670242,37.7058064516129,-122.41782508863584	16.491539001,37.7058064516129,-122.41468009454489	10.75003624,37.7058064516129,-122.41153510045395	6.297041416,37.7058064516129,-122.408390106363	3.664703846,37.7058064516129,-122.40524511227207	5.152800083,37.7058064516129,-122.40210011818112	5.424493313,37.7058064516129,-122.39895512409018	7.252792835,37.7058064516129,-122.39581012999923	1.469367623,37.7058064516129,-122.39266513590829	-1.147493601,37.7058064516129,-122.38952014181734	-1.536907792,37.7058064516129,-122.3863751477264	-1.660395503,37.7058064516129,-122.38323015363545	-1.776232958,37.7058064516129,-122.3800851595445
-20.109508514,37.703655913978494,-122.5499123767301	-19.768815994,37.703655913978494,-122.54676747388825	-19.360441208,37.703655913978494,-122.5436225710464	-18.954547882,37.703655913978494,-122.54047766820453	-18.780723572,37.703655913978494,-122.53733276536268	-18.362041473,37.703655913978494,-122.53418786252082	-17.777921677,37.703655913978494,-122.53104295967897	-17.436826706,37.703655913978494,-122.52789805683712	-16.902084351,37.703655913978494,-122.52475315399526	-16.472061157,37.703655913978494,-122.5216082511534	-15.659162521,37.703655913978494,-122.51846334831154	-14.35569191,37.703655913978494,-122.51531844546969	-12.999908447,37.703655913978494,-122.51217354262783	-11.350858688,37.703655913978494,-122.50902863978598	-7.774151325,37.703655913978494,-122.50588373694413	0.0,37.703655913978494,-122.50273883410226	38.755764008,37.703655913978494,-122.4995939312604	71.409561157,37.703655913978494,-122.49644902841855	64.228912354,37.703655913978494,-122.4933041255767	47.789894104,37.703655913978494,-122.49015922273485	29.698274612,37.703655913978494,-122.48701431989299	14.937365532,37.703655913978494,-122.48386941705112	29.582122803,37.703655913978494,-122.48072451420927	37.85030365,37.703655913978494,-122.47757961136742	53.79114151,37.703655913978494,-122.47443470852556	61.755413055,37.703655913978494,-122.47128980568371	86.094856262,37.703655913978494,-122.46814490284186	101.487747192,37.703655913978494,-122.46499999999999	128.922668457,37.703655913978494,-122.46185509715814	146.668518066,37.703655913978494,-122.45871019431628	142.324661255,37.703655913978494,-122.45556529147443	144.85546875,37.703655913978494,-122.45242038863258	174.747695923,37.703655913978494,-122.44927548579072	194.355102539,37.703655913978494,-122.44613058294885	199.117614746,37.703655913978494,-122.442985680107	218.497055054,37.703655913978494,-122.43984077726515	232.828689575,37.703655913978494,-122.4366958744233	241.70690918,37.703655913978494,-122.43355097158144	244.082641602,37.703655913978494,-122.43040606873959	139.47492981,37.703655913978494,-122.42726116589772	71.888671875,37.703655913978494,-122.42411626305586	37.464969635,37.703655913978494,-122.42097136021401	18.924528122,37.703655913978494,-122.41782645737216	9.640078545,37.703655913978494,-122.4146815545303	5.941531181,37.703655913978494,-122.41153665168845	3.591809511,37.703655913978494,-122.40839174884658	3.626873493,37.703655913978494,-122.40524684600473	4.761282444,37.703655913978494,-122.40210194316288	6.440036774,37.703655913978494,-122.39895704032102	12.692011833,37.703655913978494,-122.39581213747917	-0.479999989,37.703655913978494,-122.39266723463732	-1.289917707,37.703655913978494,-122.38952233179545	-1.550012112,37.703655913978494,-122.3863774289536	-1.650003552,37.703655913978494,-122.38323252611174	-1.673146129,37.703655913978494,-122.38008762326989
-20.935949326,37.70150537634409,-122.54990991326731	-20.536449432,37.70150537634409,-122.54676510166482	-20.157102585,37.70150537634409,-122.54362029006232	-19.629308701,37.70150537634409,-122.54047547845984	-19.19080162,37.70150537634409,-122.53733066685734	-18.867202759,37.70150537634409,-122.53418585525485	-18.23976326,37.70150537634409,-122.53104104365235	-17.982200623,37.70150537634409,-122.52789623204987	-17.462440491,37.70150537634409,-122.52475142044737	-17.242177963,37.70150537634409,-122.52160660884488	-16.433080673,37.70150537634409,-122.51846179724238	-14.750008583,37.70150537634409,-122.51531698563988	-13.289873123,37.70150537634409,-122.5121721740374	-11.703195572,37.70150537634409,-122.5090273624349	-9.066937447,37.70150537634409,-122.50588255083241	-3.055586338,37.70150537634409,-122.50273773922991	31.012329102,37.70150537634409,-122.49959292762743	70.488540649,37.70150537634409,-122.49644811602494	63.226596832,37.70150537634409,-122.49330330442244	50.874099731,37.70150537634409,-122.49015849281994	34.102859497,37.70150537634409,-122.48701368121745	25.865301132,37.70150537634409,-122.48386886961497	29.198884964,37.70150537634409,-122.48072405801247	37.826915741,37.70150537634409,-122.47757924640997	43.315734863,37.70150537634409,-122.47443443480748	59.718955994,37.70150537634409,-122.47128962320498	70.863754272,37.70150537634409,-122.4681448116025	98.71282196,37.70150537634409,-122.465	124.712348938,37.70150537634409,-122.46185518839751	189.386779785,37.70150537634409,-122.45871037679501	200.257080078,37.70150537634409,-122.45556556519253	196.728439331,37.70150537634409,-122.45242075359003	134.191802979,37.70150537634409,-122.44927594198754	167.77532959,37.70150537634409,-122.44613113038504	198.35848999,37.70150537634409,-122.44298631878254	221.298019409,37.70150537634409,-122.43984150718006	216.251525879,37.70150537634409,-122.43669669557757	231.442047119,37.70150537634409,-122.43355188397507	256.038665771,37.70150537634409,-122.43040707237257	192.651351929,37.70150537634409,-122.42726226077009	91.36894989,37.70150537634409,-122.4241174491676	64.240600586,37.70150537634409,-122.4209726375651	40.311656952,37.70150537634409,-122.4178278259626	16.286380768,37.70150537634409,-122.41468301436011	8.228074074,37.70150537634409,-122.41153820275763	3.123645544,37.70150537634409,-122.40839339115513	3.404760361,37.70150537634409,-122.40524857955263	4.118775368,37.70150537634409,-122.40210376795014	15.030329704,37.70150537634409,-122.39895895634766	10.76276207,37.70150537634409,-122.39581414474516	-0.479999989,37.70150537634409,-122.39266933314266	-1.329770565,37.70150537634409,-122.38952452154017	-1.533457041,37.70150537634409,-122.38637970993767	-1.57659018,37.70150537634409,-122.38323489833519	-1.677381039,37.70150537634409,-122.3800900867327
-21.737264633,37.69935483870968,-122.54990745006705	-21.251579285,37.69935483870968,-122.5467627296942	-20.726373672,37.69935483870968,-122.54361800932135	-20.311460495,37.69935483870968,-122.54047328894849	-19.920669556,37.69935483870968,-122.53732856857563	-19.388395309,37.69935483870968,-122.53418384820279	-18.76543045,37.69935483870968,-122.53103912782993	-18.30201149,37.69935483870968,-122.52789440745707	-17.664150238,37.69935483870968,-122.52474968708422	-17.562063217,37.69935483870968,-122.52160496671137	-17.081920624,37.69935483870968,-122.5184602463385	-15.406963348,37.69935483870968,-122.51531552596566	-13.660896301,37.69935483870968,-122.5121708055928	-11.897613525,37.69935483870968,-122.50902608521994	-9.937800407,37.69935483870968,-122.5058813648471	-4.372466564,37.69935483870968,-122.50273664447424	3.388148785,37.69935483870968,-122.49959192410138	66.871955872,37.69935483870968,-122.49644720372854	64.489318848,37.69935483870968,-122.49330248335568	56.288742065,37.69935483870968,-122.49015776298282	44.934883118,37.69935483870968,-122.48701304260997	28.795257568,37.69935483870968,-122.48386832223711	31.290964127,37.69935483870968,-122.48072360186426	41.889770508,37.69935483870968,-122.47757888149141	55.565559387,37.69935483870968,-122.47443416111855	59.399917603,37.69935483870968,-122.4712894407457	80.809562683,37.69935483870968,-122.46814472037285	96.789382935,37.69935483870968,-122.46499999999999	119.442153931,37.69935483870968,-122.46185527962713	168.455703735,37.69935483870968,-122.45871055925429	205.846588135,37.69935483870968,-122.45556583888143	192.304244995,37.69935483870968,-122.45242111850858	145.09375,37.69935483870968,-122.44927639813572	189.142150879,37.69935483870968,-122.44613167776286	155.485702515,37.69935483870968,-122.44298695739002	193.737121582,37.69935483870968,-122.43984223701716	198.945373535,37.69935483870968,-122.4366975166443	225.505630493,37.69935483870968,-122.43355279627146	205.592956543,37.69935483870968,-122.4304080758986	226.661499023,37.69935483870968,-122.42726335552574	182.178909302,37.69935483870968,-122.4241186351529	125.828392029,37.69935483870968,-122.42097391478003	86.67829895,37.69935483870968,-122.41782919440718	48.952487946,37.69935483870968,-122.41468447403433	51.713897705,37.69935483870968,-122.41153975366147	6.17387104,37.69935483870968,-122.40839503328861	2.972805738,37.69935483870968,-122.40525031291577	3.440999508,37.69935483870968,-122.40210559254291	20.960361481,37.69935483870968,-122.39896087217005	17.66475296,37.69935483870968,-122.3958161517972	4.365419865,37.69935483870968,-122.39267143142435	-1.563546062,37.69935483870968,-122.38952671105149	-1.509991169,37.69935483870968,-122.38638199067864	-1.603823304,37.69935483870968,-122.38323727030578	-1.649243236,37.69935483870968,-122.38009254993293
-22.524875641,37.69720430107527,-122.54990498712932	-21.974168777,37.69720430107527,-122.54676035797638	-21.551025391,37.69720430107527,-122.54361572882345	-21.047798157,37.69720430107527,-122.54047109967051	-20.39059639,37.69720430107527,-122.53732647051757	-19.890897751,37.69720430107527,-122.53418184136463	-19.261730194,37.69720430107527,-122.5310372122117	-18.625425339,37.69720430107527,-122.52789258305876	-17.938453674,37.69720430107527,-122.52474795390582	-17.601940155,37.69720430107527,-122.52160332475287	-17.008476257,37.69720430107527,-122.51845869559995	-15.923836708,37.69720430107527,-122.515314066447	-14.134506226,37.69720430107527,-122.51216943729406	-12.206525803,37.69720430107527,-122.50902480814112	-10.718941689,37.69720430107527,-122.50588017898819	-5.587294579,37.69720430107527,-122.50273554983525	1.0,37.69720430107527,-122.49959092068231	58.611213684,37.69720430107527,-122.49644629152938	70.999992371,37.69720430107527,-122.49330166237644	60.002883911,37.69720430107527,-122.4901570332235	45.601650238,37.69720430107527,-122.48701240407055	34.846000671,37.69720430107527,-122.48386777491763	34.015602112,37.69720430107527,-122.48072314576469	48.399887085,37.69720430107527,-122.47757851661174	51.493133545,37.69720430107527,-122.4744338874588	58.475891113,37.69720430107527,-122.47128925830587	75.377464294,37.69720430107527,-122.46814462915293	88.33316803,37.69720430107527,-122.46499999999999	109.008247375,37.69720430107527,-122.46185537084706	133.039093018,37.69720430107527,-122.45871074169412	132.820678711,37.69720430107527,-122.45556611254118	113.423408508,37.69720430107527,-122.45242148338824	158.916976929,37.69720430107527,-122.44927685423531	226.188156128,37.69720430107527,-122.44613222508237	209.343048096,37.69720430107527,-122.44298759592942	180.949295044,37.69720430107527,-122.43984296677648	193.785140991,37.69720430107527,-122.43669833762355	207.980453491,37.69720430107527,-122.43355370847061	173.287063599,37.69720430107527,-122.43040907931767	181.830886841,37.69720430107527,-122.42726445016473	169.244750977,37.69720430107527,-122.4241198210118	102.455871582,37.69720430107527,-122.42097519185886	115.100669861,37.69720430107527,-122.41783056270592	104.496795654,37.69720430107527,-122.41468593355299	106.604598999,37.69720430107527,-122.41154130440005	36.045898438,37.69720430107527,-122.4083966752471	3.476744413,37.69720430107527,-122.40525204609416	3.461156607,37.69720430107527,-122.40210741694123	19.882005692,37.69720430107527,-122.39896278778829	8.267571449,37.69720430107527,-122.39581815863535	4.183314323,37.69720430107527,-122.39267352948241	-1.402821422,37.69720430107527,-122.38952890032948	-1.587314129,37.69720430107527,-122.38638427117654	-1.550009608,37.69720430107527,-122.3832396420236	-1.549999833,37.69720430107527,-122.38009501287065
-23.303913116,37.69505376344086,-122.54990252445408	-22.699209213,37.69505376344086,-122.54675798651134	-21.974279404,37.69505376344086,-122.54361344856859	-21.369392395,37.69505376344086,-122.54046891062585	-20.663421631,37.69505376344086,-122.5373243726831	-20.062339783,37.69505376344086,-122.53417983474036	-19.419794083,37.69505376344086,-122.53103529679763	-18.786546707,37.69505376344086,-122.52789075885488	-18.227214813,37.69505376344086,-122.52474622091214	-17.552118301,37.69505376344086,-122.52160168296939	-17.009607315,37.69505376344086,-122.51845714502664	-16.07673645,37.69505376344086,-122.5153126070839	-14.396889687,37.69505376344086,-122.51216806914115	-12.513098717,37.69505376344086,-122.50902353119841	-11.048707962,37.69505376344086,-122.50587899325566	-6.751701355,37.69505376344086,-122.50273445531292	1.0,37.69505376344086,-122.49958991737017	66.783615112,37.69505376344086,-122.49644537942743	72.636619568,37.69505376344086,-122.4933008414847	59.119598389,37.69505376344086,-122.49015630354195	43.045181274,37.69505376344086,-122.4870117655992	38.602859497,37.69505376344086,-122.48386722765646	33.914527893,37.69505376344086,-122.48072268971372	46.797855377,37.69505376344086,-122.47757815177097	51.054283142,37.69505376344086,-122.47443361382823	59.586360931,37.69505376344086,-122.47128907588548	70.357772827,37.69505376344086,-122.46814453794273	81.900695801,37.69505376344086,-122.46499999999999	95.065101624,37.69505376344086,-122.46185546205724	92.909065247,37.69505376344086,-122.4587109241145	80.230499268,37.69505376344086,-122.45556638617177	115.452125549,37.69505376344086,-122.45242184822902	222.218276978,37.69505376344086,-122.44927731028628	206.962097168,37.69505376344086,-122.44613277234353	247.573501587,37.69505376344086,-122.44298823440079	249.135910034,37.69505376344086,-122.43984369645804	222.962631226,37.69505376344086,-122.4366991585153	220.68951416,37.69505376344086,-122.43355462057255	213.887481689,37.69505376344086,-122.4304100826298	116.428688049,37.69505376344086,-122.42726554468706	136.198608398,37.69505376344086,-122.42412100674431	78.330947876,37.69505376344086,-122.42097646880157	100.541069031,37.69505376344086,-122.41783193085884	109.051612854,37.69505376344086,-122.4146873929161	132.523696899,37.69505376344086,-122.41154285497335	52.06729126,37.69505376344086,-122.4083983170306	6.908836842,37.69505376344086,-122.40525377908786	4.008032322,37.69505376344086,-122.40210924114511	4.480582714,37.69505376344086,-122.39896470320237	13.93235302,37.69505376344086,-122.39582016525962	5.156062126,37.69505376344086,-122.39267562731688	1.9e-08,37.69505376344086,-122.38953108937413	-1.560165048,37.69505376344086,-122.38638655143139	-1.441682935,37.69505376344086,-122.38324201348864	-1.512650967,37.69505376344086,-122.38009747554591
-23.53036499,37.692903225806454,-122.5499000620413	-22.913061142,37.692903225806454,-122.54675561529903	-22.38196373,37.692903225806454,-122.54361116855677	-21.679704666,37.692903225806454,-122.5404667218145	-21.098676682,37.692903225806454,-122.53732227507221	-20.339633942,37.692903225806454,-122.53417782832994	-19.502067566,37.692903225806454,-122.53103338158768	-18.819498062,37.692903225806454,-122.52788893484541	-18.426456451,37.692903225806454,-122.52474448810314	-17.870117188,37.692903225806454,-122.52160004136087	-17.05679512,37.692903225806454,-122.5184555946186	-16.054956436,37.692903225806454,-122.51531114787633	-14.523816109,37.692903225806454,-122.51216670113405	-12.808300018,37.692903225806454,-122.50902225439178	-11.34348011,37.692903225806454,-122.50587780764951	-7.360283852,37.692903225806454,-122.50273336090724	1.0,37.692903225806454,-122.49958891416497	99.318519592,37.692903225806454,-122.4964444674227	83.973297119,37.692903225806454,-122.49330002068044	81.585723877,37.692903225806454,-122.49015557393815	83.558067322,37.692903225806454,-122.48701112719588	60.785751343,37.692903225806454,-122.48386668045362	47.942234039,37.692903225806454,-122.48072223371135	35.845012665,37.692903225806454,-122.47757778696908	49.838100433,37.692903225806454,-122.47443334022681	56.659629822,37.692903225806454,-122.47128889348454	61.983573914,37.692903225806454,-122.46814444674226	71.968040466,37.692903225806454,-122.46499999999999	80.547737122,37.692903225806454,-122.46185555325772	74.124191284,37.692903225806454,-122.45871110651545	72.780197144,37.692903225806454,-122.45556665977318	161.724273682,37.692903225806454,-122.45242221303091	260.235656738,37.692903225806454,-122.44927776628865	257.558288574,37.692903225806454,-122.44613331954638	239.821777344,37.692903225806454,-122.4429888728041	298.60546875,37.692903225806454,-122.43984442606182	279.050231934,37.692903225806454,-122.43669997931956	268.164367676,37.692903225806454,-122.43355553257729	217.313644409,37.692903225806454,-122.43041108583502	87.248313904,37.692903225806454,-122.42726663909275	63.550003052,37.692903225806454,-122.42412219235048	44.001823425,37.692903225806454,-122.4209777456082	58.916759491,37.692903225806454,-122.41783329886593	45.357456207,37.692903225806454,-122.41468885212366	91.189201355,37.692903225806454,-122.41154440538139	71.161216736,37.692903225806454,-122.40839995863912	28.84986496,37.692903225806454,-122.40525551189685	4.750073433,37.692903225806454,-122.40211106515459	5.0353055,37.692903225806454,-122.39896661841232	16.006235123,37.692903225806454,-122.39582217167003	7.450909138,37.692903225806454,-122.39267772492776	0.0,37.692903225806454,-122.3895332781855	-1.372629762,37.692903225806454,-122.38638883144323	-1.461974978,37.692903225806454,-122.38324438470096	-1.382131457,37.692903225806454,-122.38009993795869
-23.63189888,37.69075268817204,-122.54989759989095	-23.121051788,37.69075268817204,-122.54675324433944	-22.561988831,37.69075268817204,-122.54360888878792	-21.781984329,37.69075268817204,-122.5404645332364	-21.163608551,37.69075268817204,-122.53732017768489	-20.376937866,37.69075268817204,-122.53417582213336	-19.490903854,37.69075268817204,-122.53103146658185	-18.697032928,37.69075268817204,-122.52788711103034	-18.61170578,37.69075268817204,-122.52474275547883	-18.052083969,37.69075268817204,-122.5215983999273	-17.201084137,37.69075268817204,-122.51845404437579	-16.194656372,37.69075268817204,-122.51530968882427	-14.769208908,37.69075268817204,-122.51216533327275	-13.206398964,37.69075268817204,-122.50902097772124	-11.452338219,37.69075268817204,-122.50587662216972	-8.872138023,37.69075268817204,-122.5027322666182	-1.2e-08,37.69075268817204,-122.49958791106668	95.431388855,37.69075268817204,-122.49644355551517	103.864730835,37.69075268817204,-122.49329919996364	103.930252075,37.69075268817204,-122.49015484441213	113.003517151,37.69075268817204,-122.48701048886062	88.971817017,37.69075268817204,-122.48386613330909	49.443443298,37.69075268817204,-122.48072177775758	49.961715698,37.69075268817204,-122.47757742220607	46.53125,37.69075268817204,-122.47443306665456	49.606616974,37.69075268817204,-122.47128871110303	59.975269318,37.69075268817204,-122.46814435555152	66.245071411,37.69075268817204,-122.465	58.612140656,37.69075268817204,-122.46185564444848	56.630004883,37.69075268817204,-122.45871128889696	73.917434692,37.69075268817204,-122.45556693334545	111.322868347,37.69075268817204,-122.45242257779393	198.805709839,37.69075268817204,-122.44927822224241	261.202056885,37.69075268817204,-122.4461338666909	305.212249756,37.69075268817204,-122.44298951113937	306.183258057,37.69075268817204,-122.43984515558786	315.566070557,37.69075268817204,-122.43670080003635	319.169311523,37.69075268817204,-122.43355644448482	214.431381226,37.69075268817204,-122.43041208893331	151.498855591,37.69075268817204,-122.4272677333818	89.038108826,37.69075268817204,-122.42412337783028	42.556800842,37.69075268817204,-122.42097902227876	33.926193237,37.69075268817204,-122.41783466672725	26.751886368,37.69075268817204,-122.41469031117573	30.971721649,37.69075268817204,-122.4115459556242	52.060535431,37.69075268817204,-122.4084016000727	30.00296402,37.69075268817204,-122.40525724452118	14.201730728,37.69075268817204,-122.40211288896965	5.418665886,37.69075268817204,-122.39896853341814	22.875785828,37.69075268817204,-122.39582417786663	5.737010479,37.69075268817204,-122.3926798223151	-0.479999989,37.69075268817204,-122.38953546676359	-1.469319224,37.69075268817204,-122.38639111121208	-1.455743432,37.69075268817204,-122.38324675566055	-1.378799915,37.69075268817204,-122.38010240010904
-23.682310104,37.68860215053763,-122.549895138003	-23.122436523,37.68860215053763,-122.54675087363252	-22.524997711,37.68860215053763,-122.54360660926203	-21.972261429,37.68860215053763,-122.54046234489155	-21.131919861,37.68860215053763,-122.53731808052108	-20.494098663,37.68860215053763,-122.53417381615058	-19.565315247,37.68860215053763,-122.53102955178011	-18.803625107,37.68860215053763,-122.52788528740962	-18.626588821,37.68860215053763,-122.52474102303914	-18.100931168,37.68860215053763,-122.52159675866866	-17.182231903,37.68860215053763,-122.51845249429817	-16.317939758,37.68860215053763,-122.5153082299277	-15.122821808,37.68860215053763,-122.51216396555722	-13.506724358,37.68860215053763,-122.50901970118673	-11.650927544,37.68860215053763,-122.50587543681625	-9.174127579,37.68860215053763,-122.50273117244576	-3.450116158,37.68860215053763,-122.49958690807529	50.993782043,37.68860215053763,-122.49644264370481	131.408050537,37.68860215053763,-122.49329837933432	126.754638672,37.68860215053763,-122.49015411496384	123.719230652,37.68860215053763,-122.48700985059337	90.245864868,37.68860215053763,-122.48386558622288	57.786746979,37.68860215053763,-122.4807213218524	55.580978394,37.68860215053763,-122.47757705748192	56.077060699,37.68860215053763,-122.47443279311143	54.246723175,37.68860215053763,-122.47128852874096	58.887176514,37.68860215053763,-122.46814426437047	58.037597656,37.68860215053763,-122.46499999999999	52.907714844,37.68860215053763,-122.46185573562951	68.37399292,37.68860215053763,-122.45871147125902	80.29094696,37.68860215053763,-122.45556720688855	103.929046631,37.68860215053763,-122.45242294251807	125.448028564,37.68860215053763,-122.44927867814758	165.914398193,37.68860215053763,-122.4461344137771	217.095443726,37.68860215053763,-122.44299014940661	330.262359619,37.68860215053763,-122.43984588503614	369.852539062,37.68860215053763,-122.43670162066566	309.168426514,37.68860215053763,-122.43355735629517	272.170837402,37.68860215053763,-122.43041309192469	175.693511963,37.68860215053763,-122.42726882755422	102.439369202,37.68860215053763,-122.42412456318372	91.923362732,37.68860215053763,-122.42098029881325	41.060436249,37.68860215053763,-122.41783603444277	23.259601593,37.68860215053763,-122.41469177007228	18.201440811,37.68860215053763,-122.4115475057018	10.496814728,37.68860215053763,-122.40840324133131	4.955582619,37.68860215053763,-122.40525897696084	12.374159813,37.68860215053763,-122.40211471259036	3.940537214,37.68860215053763,-122.39897044821987	5.373328209,37.68860215053763,-122.3958261838494	2.910693645,37.68860215053763,-122.39268191947892	-0.479999989,37.68860215053763,-122.38953765510843	-1.486436844,37.68860215053763,-122.38639339073795	-1.562066555,37.68860215053763,-122.38324912636746	-1.412526727,37.68860215053763,-122.38010486199698
-23.694316864,37.68645161290323,-122.54989267637743	-23.06902504,37.68645161290323,-122.54674850317826	-22.592350006,37.68645161290323,-122.5436043299791	-22.026618958,37.68645161290323,-122.54046015677993	-21.340637207,37.68645161290323,-122.53731598358077	-20.672113419,37.68645161290323,-122.53417181038161	-19.748985291,37.68645161290323,-122.53102763718245	-18.995044708,37.68645161290323,-122.52788346398327	-18.708370209,37.68645161290323,-122.52473929078411	-18.11942482,37.68645161290323,-122.52159511758495	-17.227836609,37.68645161290323,-122.51845094438579	-16.347528458,37.68645161290323,-122.51530677118662	-15.36473465,37.68645161290323,-122.51216259798746	-13.727794647,37.68645161290323,-122.5090184247883	-11.778909683,37.68645161290323,-122.50587425158913	-9.723978043,37.68645161290323,-122.50273007838997	-4.70290041,37.68645161290323,-122.4995859051908	32.29441452,37.68645161290323,-122.49644173199164	154.032699585,37.68645161290323,-122.49329755879248	141.920730591,37.68645161290323,-122.49015338559332	134.717102051,37.68645161290323,-122.48700921239414	123.528068542,37.68645161290323,-122.48386503919498	112.352958679,37.68645161290323,-122.48072086599582	77.486495972,37.68645161290323,-122.47757669279666	65.208702087,37.68645161290323,-122.4744325195975	50.890777588,37.68645161290323,-122.47128834639832	54.033744812,37.68645161290323,-122.46814417319916	46.107051849,37.68645161290323,-122.465	60.376468658,37.68645161290323,-122.46185582680084	70.391288757,37.68645161290323,-122.45871165360167	81.152290344,37.68645161290323,-122.45556748040251	91.991867065,37.68645161290323,-122.45242330720335	109.874237061,37.68645161290323,-122.44927913400419	129.849700928,37.68645161290323,-122.44613496080501	204.226821899,37.68645161290323,-122.44299078760585	285.648101807,37.68645161290323,-122.43984661440669	343.723022461,37.68645161290323,-122.43670244120753	321.577819824,37.68645161290323,-122.43355826800837	286.922546387,37.68645161290323,-122.4304140948092	237.586502075,37.68645161290323,-122.42726992161003	185.708312988,37.68645161290323,-122.42412574841087	83.126220703,37.68645161290323,-122.42098157521171	67.582313538,37.68645161290323,-122.41783740201254	33.385116577,37.68645161290323,-122.41469322881338	17.968605042,37.68645161290323,-122.41154905561422	32.912418365,37.68645161290323,-122.40840488241506	5.655664444,37.68645161290323,-122.4052607092159	3.767230034,37.68645161290323,-122.40211653601672	4.664058685,37.68645161290323,-122.39897236281756	0.99000001,37.68645161290323,-122.3958281896184	0.99000001,37.68645161290323,-122.39268401641924	1.376739979,37.68645161290323,-122.38953984322006	-1.428977489,37.68645161290323,-122.3863956700209	-1.476858735,37.68645161290323,-122.38325149682174	-1.458748698,37.68645161290323,-122.38010732362258
-23.787096024,37.68430107526882,-122.54989021501417	-23.201803207,37.68430107526882,-122.54674613297661	-22.595956802,37.68430107526882,-122.54360205093904	-22.141393661,37.68430107526882,-122.54045796890149	-21.463607788,37.68430107526882,-122.53731388686393	-20.693639755,37.68430107526882,-122.53416980482636	-19.959543228,37.68430107526882,-122.5310257227888	-19.229753494,37.68430107526882,-122.52788164075123	-18.838264465,37.68430107526882,-122.52473755871368	-18.167510986,37.68430107526882,-122.52159347667612	-17.240098953,37.68430107526882,-122.51844939463855	-16.259912491,37.68430107526882,-122.51530531260099	-15.286968231,37.68430107526882,-122.51216123056342	-13.521568298,37.68430107526882,-122.50901714852586	-11.940469742,37.68430107526882,-122.5058730664883	-10.254398346,37.68430107526882,-122.50272898445074	-4.578943729,37.68430107526882,-122.49958490241318	2.882585049,37.68430107526882,-122.49644082037561	148.941680908,37.68430107526882,-122.49329673833805	146.07170105,37.68430107526882,-122.4901526563005	145.0597229,37.68430107526882,-122.48700857426293	139.988983154,37.68430107526882,-122.48386449222536	124.151229858,37.68430107526882,-122.4807204101878	105.496292114,37.68430107526882,-122.47757632815023	85.003013611,37.68430107526882,-122.47443224611268	59.205821991,37.68430107526882,-122.47128816407512	56.053722382,37.68430107526882,-122.46814408203755	48.764205933,37.68430107526882,-122.46499999999999	59.941432953,37.68430107526882,-122.46185591796242	65.992073059,37.68430107526882,-122.45871183592486	75.981742859,37.68430107526882,-122.45556775388731	83.778678894,37.68430107526882,-122.45242367184974	103.983894348,37.68430107526882,-122.44927958981218	131.648635864,37.68430107526882,-122.44613550777461	158.267745972,37.68430107526882,-122.44299142573705	234.330993652,37.68430107526882,-122.4398473436995	309.112640381,37.68430107526882,-122.43670326166193	341.280517578,37.68430107526882,-122.43355917962437	356.281311035,37.68430107526882,-122.4304150975868	273.202392578,37.68430107526882,-122.42727101554924	138.639907837,37.68430107526882,-122.42412693351169	117.444786072,37.68430107526882,-122.42098285147412	114.533699036,37.68430107526882,-122.41783876943656	87.817588806,37.68430107526882,-122.41469468739899	51.270236969,37.68430107526882,-122.41155060536143	86.788665771,37.68430107526882,-122.40840652332386	33.786659241,37.68430107526882,-122.40526244128631	4.992840767,37.68430107526882,-122.40211835924875	33.606723785,37.68430107526882,-122.39897427721118	0.99000001,37.68430107526882,-122.39583019517362	0.99000001,37.68430107526882,-122.39268611313605	4.897569656,37.68430107526882,-122.3895420310985	0.0,37.68430107526882,-122.38639794906094	-1.502497911,37.68430107526882,-122.38325386702337	-1.529786468,37.68430107526882,-122.3801097849858
-23.729454041,37.682150537634406,-122.54988775391325	-23.298566818,37.682150537634406,-122.54674376302758	-22.720294952,37.682150537634406,-122.5435997721419	-22.143518448,37.682150537634406,-122.54045578125623	-21.592082977,37.682150537634406,-122.53731179037055	-20.766885757,37.682150537634406,-122.53416779948488	-20.108146667,37.682150537634406,-122.5310238085992	-19.373762131,37.682150537634406,-122.52787981771353	-19.037891388,37.682150537634406,-122.52473582682785	-18.388832092,37.682150537634406,-122.52159183594217	-17.32645607,37.682150537634406,-122.5184478450565	-16.159805298,37.682150537634406,-122.51530385417082	-15.120676994,37.682150537634406,-122.51215986328513	-13.593665123,37.682150537634406,-122.50901587239946	-12.088148117,37.682150537634406,-122.50587188151378	-10.455765724,37.682150537634406,-122.50272789062811	-6.219175339,37.682150537634406,-122.49958389974243	1.0,37.682150537634406,-122.49643990885676	85.804244995,37.682150537634406,-122.49329591797108	143.745391846,37.682150537634406,-122.4901519270854	138.336898804,37.682150537634406,-122.48700793619973	138.675827026,37.682150537634406,-122.48386394531406	123.462532043,37.682150537634406,-122.48071995442838	123.911979675,37.682150537634406,-122.4775759635427	98.977279663,37.682150537634406,-122.47443197265703	68.602577209,37.682150537634406,-122.47128798177135	62.130344391,37.682150537634406,-122.46814399088568	42.293476105,37.682150537634406,-122.465	54.375865936,37.682150537634406,-122.46185600911433	60.909801483,37.682150537634406,-122.45871201822865	66.222137451,37.682150537634406,-122.45556802734298	76.645042419,37.682150537634406,-122.4524240364573	91.666481018,37.682150537634406,-122.44928004557163	109.399131775,37.682150537634406,-122.44613605468595	147.540603638,37.682150537634406,-122.44299206380026	168.229019165,37.682150537634406,-122.43984807291459	253.789932251,37.682150537634406,-122.43670408202891	295.349029541,37.682150537634406,-122.43356009114324	309.413879395,37.682150537634406,-122.43041610025756	302.460388184,37.682150537634406,-122.42727210937188	210.686050415,37.682150537634406,-122.42412811848621	150.112045288,37.682150537634406,-122.42098412760053	160.662384033,37.682150537634406,-122.41784013671486	139.921127319,37.682150537634406,-122.41469614582918	104.94884491,37.682150537634406,-122.41155215494351	110.741004944,37.682150537634406,-122.40840816405783	41.270088196,37.682150537634406,-122.40526417317216	15.880644798,37.682150537634406,-122.40212018228648	28.194065094,37.682150537634406,-122.3989761914008	29.3695755,37.682150537634406,-122.39583220051513	0.99000001,37.682150537634406,-122.39268820962945	3.104749441,37.682150537634406,-122.38954421874378	0.0,37.682150537634406,-122.3864002278581	-1.416593552,37.682150537634406,-122.38325623697243	-1.610123992,37.682150537634406,-122.38011224608675
-23.812019348,37.68,-122.5498852930746	-23.492214203,37.68,-122.54674139333109	-22.975921631,37.68,-122.54359749358758	-22.335853577,37.68,-122.54045359384408	-21.666452408,37.68,-122.53730969410059	-20.885778427,37.68,-122.53416579435708	-20.251626968,37.68,-122.53102189461357	-19.622079849,37.68,-122.52787799487007	-18.950410843,37.68,-122.52473409512656	-18.372066498,37.68,-122.52159019538306	-17.306470871,37.68,-122.51844629563956	-16.178554535,37.68,-122.51530239589606	-15.151465416,37.68,-122.51215849615255	-13.612147331,37.68,-122.50901459640905	-12.258563995,37.68,-122.50587069666554	-10.602371216,37.68,-122.50272679692203	-5.861018181,37.68,-122.49958289717853	1.0,37.68,-122.49643899743504	149.697601318,37.68,-122.49329509769153	146.299133301,37.68,-122.49015119794802	131.473434448,37.68,-122.48700729820452	129.91960144,37.68,-122.48386339846101	123.5885849,37.68,-122.4807194987175	118.738265991,37.68,-122.47757559897401	124.73790741,37.68,-122.47443169923051	80.62676239,37.68,-122.471287799487	70.093605042,37.68,-122.4681438997435	60.818824768,37.68,-122.46499999999999	38.53232193,37.68,-122.46185610025648	52.513076782,37.68,-122.45871220051298	56.746032715,37.68,-122.45556830076949	72.793167114,37.68,-122.45242440102598	83.627189636,37.68,-122.44928050128247	98.286491394,37.68,-122.44613660153897	134.126541138,37.68,-122.44299270179546	218.747436523,37.68,-122.43984880205196	153.022537231,37.68,-122.43670490230846	204.77003479,37.68,-122.43356100256496	272.834320068,37.68,-122.43041710282145	311.480377197,37.68,-122.42727320307795	309.269165039,37.68,-122.42412930333444	293.357879639,37.68,-122.42098540359093	215.794052124,37.68,-122.41784150384743	222.035293579,37.68,-122.41469760410394	192.961807251,37.68,-122.41155370436043	124.498184204,37.68,-122.40840980461692	68.200370789,37.68,-122.40526590487342	64.13885498,37.68,-122.40212200512991	42.13376236,37.68,-122.3989781053864	35.279525757,37.68,-122.39583420564291	4.221851349,37.68,-122.39269030589941	0.99000001,37.68,-122.3895464061559	0.0,37.68,-122.3864025064124	-1.366617322,37.68,-122.38325860666889	-1.637482047,37.68,-122.38011470692538
-data:
